# Blender 5.1.1
# www.blender.org
o EAT
v 18.500000 0.000000 0.000292
v 18.282452 0.000000 -0.756566
v 17.816317 0.000000 -1.323368
v 17.137970 0.000000 -1.740567
v 16.283787 0.000000 -2.048615
v 15.290147 0.000000 -2.287966
v 14.193425 0.000000 -2.499071
v 13.030000 0.000000 -2.722388
v 11.836246 0.000000 -2.998366
v 10.648542 0.000000 -3.367458
v 9.503266 0.000000 -3.870117
v 8.436792 0.000000 -4.546796
v 7.485500 0.000000 -5.437950
v 6.931818 0.000000 -6.617694
v 6.617896 0.000000 -7.840763
v 6.493969 0.000000 -9.085066
v 6.510272 0.000000 -10.328513
v 6.617040 0.000000 -11.549014
v 6.764505 0.000000 -12.724481
v 6.902906 0.000000 -13.832818
v 6.982472 0.000000 -14.851940
v 6.953439 0.000000 -15.759756
v 6.766042 0.000000 -16.534174
v 6.370514 0.000000 -17.153103
v 5.717092 0.000000 -17.594456
v 4.930051 0.000000 -17.621437
v 4.246947 0.000000 -17.353268
v 3.640546 0.000000 -16.837042
v 3.083618 0.000000 -16.119858
v 2.548931 0.000000 -15.248814
v 2.009251 0.000000 -14.271005
v 1.437346 0.000000 -13.233530
v 0.805986 0.000000 -12.183485
v 0.087938 0.000000 -11.167968
v -0.744030 0.000000 -10.234075
v -1.717148 0.000000 -9.428904
v -2.858651 0.000000 -8.799553
v -4.151752 0.000000 -8.637530
v -5.411966 0.000000 -8.716922
v -6.633664 0.000000 -8.983571
v -7.811214 0.000000 -9.383323
v -8.938988 0.000000 -9.862020
v -10.011353 0.000000 -10.365508
v -11.022676 0.000000 -10.839629
v -11.967332 0.000000 -11.230227
v -12.839687 0.000000 -11.483146
v -13.634112 0.000000 -11.544229
v -14.344974 0.000000 -11.359320
v -14.966642 0.000000 -10.874264
v -15.235514 0.000000 -10.134081
v -15.191559 0.000000 -9.401541
v -14.887988 0.000000 -8.665298
v -14.378006 0.000000 -7.914005
v -13.714821 0.000000 -7.136320
v -12.951639 0.000000 -6.320895
v -12.141671 0.000000 -5.456383
v -11.338120 0.000000 -4.531442
v -10.594194 0.000000 -3.534726
v -9.963101 0.000000 -2.454889
v -9.498049 0.000000 -1.280587
v -9.252244 0.000000 -0.000473
v -9.497742 0.000000 1.279406
v -9.962675 0.000000 2.453409
v -10.593799 0.000000 3.532913
v -11.337869 0.000000 4.529300
v -12.141638 0.000000 5.453950
v -12.951861 0.000000 6.318244
v -13.715295 0.000000 7.133559
v -14.378691 0.000000 7.911278
v -14.888802 0.000000 8.662782
v -15.192387 0.000000 9.399448
v -15.236196 0.000000 10.132658
v -14.966986 0.000000 10.873791
v -14.346116 0.000000 11.358231
v -13.635847 0.000000 11.542795
v -12.841829 0.000000 11.481594
v -11.969714 0.000000 11.228734
v -11.025156 0.000000 10.838326
v -10.013804 0.000000 10.364477
v -8.941312 0.000000 9.861300
v -7.813329 0.000000 9.382900
v -6.635510 0.000000 8.983387
v -5.413506 0.000000 8.716870
v -4.152969 0.000000 8.637458
v -2.859550 0.000000 8.799260
v -1.718176 0.000000 9.428247
v -0.745306 0.000000 10.233212
v 0.086336 0.000000 11.167031
v 0.804027 0.000000 12.182585
v 1.435043 0.000000 13.232747
v 2.006662 0.000000 14.270397
v 2.546159 0.000000 15.248411
v 3.080813 0.000000 16.119667
v 3.637902 0.000000 16.837038
v 4.244701 0.000000 17.353407
v 4.928487 0.000000 17.621647
v 5.716537 0.000000 17.594635
v 6.369126 0.000000 17.153854
v 6.764143 0.000000 16.535381
v 6.951302 0.000000 15.761312
v 6.980316 0.000000 14.853745
v 6.900900 0.000000 13.834773
v 6.762768 0.000000 12.726494
v 6.615636 0.000000 11.551002
v 6.509216 0.000000 10.330393
v 6.493223 0.000000 9.086764
v 6.617371 0.000000 7.842211
v 6.931373 0.000000 6.618829
v 7.484944 0.000000 5.438715
v 8.435850 0.000000 4.547571
v 9.502051 0.000000 3.871064
v 10.647158 0.000000 3.368692
v 11.834785 0.000000 2.999951
v 13.028543 0.000000 2.724337
v 14.192047 0.000000 2.501346
v 15.288907 0.000000 2.290478
v 16.282738 0.000000 2.051224
v 17.137150 0.000000 1.743081
v 17.815756 0.000000 1.325547
v 18.282167 0.000000 0.758119
v 18.500000 4.400000 0.000292
v 18.282452 4.400000 -0.756566
v 17.816317 4.400000 -1.323368
v 17.137970 4.400000 -1.740567
v 16.283787 4.400000 -2.048615
v 15.290147 4.400000 -2.287966
v 14.193425 4.400000 -2.499071
v 13.030000 4.400000 -2.722388
v 11.836246 4.400000 -2.998366
v 10.648542 4.400000 -3.367458
v 9.503266 4.400000 -3.870117
v 8.436792 4.400000 -4.546796
v 7.485500 4.400000 -5.437950
v 6.931818 4.400000 -6.617694
v 6.617896 4.400000 -7.840763
v 6.493969 4.400000 -9.085066
v 6.510272 4.400000 -10.328513
v 6.617040 4.400000 -11.549014
v 6.764505 4.400000 -12.724481
v 6.902906 4.400000 -13.832818
v 6.982472 4.400000 -14.851940
v 6.953439 4.400000 -15.759756
v 6.766042 4.400000 -16.534174
v 6.370514 4.400000 -17.153103
v 5.717092 4.400000 -17.594456
v 4.930051 4.400000 -17.621437
v 4.246947 4.400000 -17.353268
v 3.640546 4.400000 -16.837042
v 3.083618 4.400000 -16.119858
v 2.548931 4.400000 -15.248814
v 2.009251 4.400000 -14.271005
v 1.437346 4.400000 -13.233530
v 0.805986 4.400000 -12.183485
v 0.087938 4.400000 -11.167968
v -0.744030 4.400000 -10.234075
v -1.717148 4.400000 -9.428904
v -2.858651 4.400000 -8.799553
v -4.151752 4.400000 -8.637530
v -5.411966 4.400000 -8.716922
v -6.633664 4.400000 -8.983571
v -7.811214 4.400000 -9.383323
v -8.938988 4.400000 -9.862020
v -10.011353 4.400000 -10.365508
v -11.022676 4.400000 -10.839629
v -11.967332 4.400000 -11.230227
v -12.839687 4.400000 -11.483146
v -13.634112 4.400000 -11.544229
v -14.344974 4.400000 -11.359320
v -14.966642 4.400000 -10.874264
v -15.235514 4.400000 -10.134081
v -15.191559 4.400000 -9.401541
v -14.887988 4.400000 -8.665298
v -14.378006 4.400000 -7.914005
v -13.714821 4.400000 -7.136320
v -12.951639 4.400000 -6.320895
v -12.141671 4.400000 -5.456383
v -11.338120 4.400000 -4.531442
v -10.594194 4.400000 -3.534726
v -9.963101 4.400000 -2.454889
v -9.498049 4.400000 -1.280587
v -9.252244 4.400000 -0.000473
v -9.497742 4.400000 1.279406
v -9.962675 4.400000 2.453409
v -10.593799 4.400000 3.532913
v -11.337869 4.400000 4.529300
v -12.141638 4.400000 5.453950
v -12.951861 4.400000 6.318244
v -13.715295 4.400000 7.133559
v -14.378691 4.400000 7.911278
v -14.888802 4.400000 8.662782
v -15.192387 4.400000 9.399448
v -15.236196 4.400000 10.132658
v -14.966986 4.400000 10.873791
v -14.346116 4.400000 11.358231
v -13.635847 4.400000 11.542795
v -12.841829 4.400000 11.481594
v -11.969714 4.400000 11.228734
v -11.025156 4.400000 10.838326
v -10.013804 4.400000 10.364477
v -8.941312 4.400000 9.861300
v -7.813329 4.400000 9.382900
v -6.635510 4.400000 8.983387
v -5.413506 4.400000 8.716870
v -4.152969 4.400000 8.637458
v -2.859550 4.400000 8.799260
v -1.718176 4.400000 9.428247
v -0.745306 4.400000 10.233212
v 0.086336 4.400000 11.167031
v 0.804027 4.400000 12.182585
v 1.435043 4.400000 13.232747
v 2.006662 4.400000 14.270397
v 2.546159 4.400000 15.248411
v 3.080813 4.400000 16.119667
v 3.637902 4.400000 16.837038
v 4.244701 4.400000 17.353407
v 4.928487 4.400000 17.621647
v 5.716537 4.400000 17.594635
v 6.369126 4.400000 17.153854
v 6.764143 4.400000 16.535381
v 6.951302 4.400000 15.761312
v 6.980316 4.400000 14.853745
v 6.900900 4.400000 13.834773
v 6.762768 4.400000 12.726494
v 6.615636 4.400000 11.551002
v 6.509216 4.400000 10.330393
v 6.493223 4.400000 9.086764
v 6.617371 4.400000 7.842211
v 6.931373 4.400000 6.618829
v 7.484944 4.400000 5.438715
v 8.435850 4.400000 4.547571
v 9.502051 4.400000 3.871064
v 10.647158 4.400000 3.368692
v 11.834785 4.400000 2.999951
v 13.028543 4.400000 2.724337
v 14.192047 4.400000 2.501346
v 15.288907 4.400000 2.290478
v 16.282738 4.400000 2.051224
v 17.137150 4.400000 1.743081
v 17.815756 4.400000 1.325547
v 18.282167 4.400000 0.758119
v 18.500000 8.800000 0.000292
v 18.282452 8.800000 -0.756566
v 17.816317 8.800000 -1.323368
v 17.137970 8.800000 -1.740567
v 16.283787 8.800000 -2.048615
v 15.290147 8.800000 -2.287966
v 14.193425 8.800000 -2.499071
v 13.030000 8.800000 -2.722388
v 11.836246 8.800000 -2.998366
v 10.648542 8.800000 -3.367458
v 9.503266 8.800000 -3.870117
v 8.436792 8.800000 -4.546796
v 7.485500 8.800000 -5.437950
v 6.931818 8.800000 -6.617694
v 6.617896 8.800000 -7.840763
v 6.493969 8.800000 -9.085066
v 6.510272 8.800000 -10.328513
v 6.617040 8.800000 -11.549014
v 6.764505 8.800000 -12.724481
v 6.902906 8.800000 -13.832818
v 6.982472 8.800000 -14.851940
v 6.953439 8.800000 -15.759756
v 6.766042 8.800000 -16.534174
v 6.370514 8.800000 -17.153103
v 5.717092 8.800000 -17.594456
v 4.930051 8.800000 -17.621437
v 4.246947 8.800000 -17.353268
v 3.640546 8.800000 -16.837042
v 3.083618 8.800000 -16.119858
v 2.548931 8.800000 -15.248814
v 2.009251 8.800000 -14.271005
v 1.437346 8.800000 -13.233530
v 0.805986 8.800000 -12.183485
v 0.087938 8.800000 -11.167968
v -0.744030 8.800000 -10.234075
v -1.717148 8.800000 -9.428904
v -2.858651 8.800000 -8.799553
v -4.151752 8.800000 -8.637530
v -5.411966 8.800000 -8.716922
v -6.633664 8.800000 -8.983571
v -7.811214 8.800000 -9.383323
v -8.938988 8.800000 -9.862020
v -10.011353 8.800000 -10.365508
v -11.022676 8.800000 -10.839629
v -11.967332 8.800000 -11.230227
v -12.839687 8.800000 -11.483146
v -13.634112 8.800000 -11.544229
v -14.344974 8.800000 -11.359320
v -14.966642 8.800000 -10.874264
v -15.235514 8.800000 -10.134081
v -15.191559 8.800000 -9.401541
v -14.887988 8.800000 -8.665298
v -14.378006 8.800000 -7.914005
v -13.714821 8.800000 -7.136320
v -12.951639 8.800000 -6.320895
v -12.141671 8.800000 -5.456383
v -11.338120 8.800000 -4.531442
v -10.594194 8.800000 -3.534726
v -9.963101 8.800000 -2.454889
v -9.498049 8.800000 -1.280587
v -9.252244 8.800000 -0.000473
v -9.497742 8.800000 1.279406
v -9.962675 8.800000 2.453409
v -10.593799 8.800000 3.532913
v -11.337869 8.800000 4.529300
v -12.141638 8.800000 5.453950
v -12.951861 8.800000 6.318244
v -13.715295 8.800000 7.133559
v -14.378691 8.800000 7.911278
v -14.888802 8.800000 8.662782
v -15.192387 8.800000 9.399448
v -15.236196 8.800000 10.132658
v -14.966986 8.800000 10.873791
v -14.346116 8.800000 11.358231
v -13.635847 8.800000 11.542795
v -12.841829 8.800000 11.481594
v -11.969714 8.800000 11.228734
v -11.025156 8.800000 10.838326
v -10.013804 8.800000 10.364477
v -8.941312 8.800000 9.861300
v -7.813329 8.800000 9.382900
v -6.635510 8.800000 8.983387
v -5.413506 8.800000 8.716870
v -4.152969 8.800000 8.637458
v -2.859550 8.800000 8.799260
v -1.718176 8.800000 9.428247
v -0.745306 8.800000 10.233212
v 0.086336 8.800000 11.167031
v 0.804027 8.800000 12.182585
v 1.435043 8.800000 13.232747
v 2.006662 8.800000 14.270397
v 2.546159 8.800000 15.248411
v 3.080813 8.800000 16.119667
v 3.637902 8.800000 16.837038
v 4.244701 8.800000 17.353407
v 4.928487 8.800000 17.621647
v 5.716537 8.800000 17.594635
v 6.369126 8.800000 17.153854
v 6.764143 8.800000 16.535381
v 6.951302 8.800000 15.761312
v 6.980316 8.800000 14.853745
v 6.900900 8.800000 13.834773
v 6.762768 8.800000 12.726494
v 6.615636 8.800000 11.551002
v 6.509216 8.800000 10.330393
v 6.493223 8.800000 9.086764
v 6.617371 8.800000 7.842211
v 6.931373 8.800000 6.618829
v 7.484944 8.800000 5.438715
v 8.435850 8.800000 4.547571
v 9.502051 8.800000 3.871064
v 10.647158 8.800000 3.368692
v 11.834785 8.800000 2.999951
v 13.028543 8.800000 2.724337
v 14.192047 8.800000 2.501346
v 15.288907 8.800000 2.290478
v 16.282738 8.800000 2.051224
v 17.137150 8.800000 1.743081
v 17.815756 8.800000 1.325547
v 18.282167 8.800000 0.758119
v 18.500000 13.200000 0.000292
v 18.282452 13.200000 -0.756566
v 17.816317 13.200000 -1.323368
v 17.137970 13.200000 -1.740567
v 16.283787 13.200000 -2.048615
v 15.290147 13.200000 -2.287966
v 14.193425 13.200000 -2.499071
v 13.030000 13.200000 -2.722388
v 11.836246 13.200000 -2.998366
v 10.648542 13.200000 -3.367458
v 9.503266 13.200000 -3.870117
v 8.436792 13.200000 -4.546796
v 7.485500 13.200000 -5.437950
v 6.931818 13.200000 -6.617694
v 6.617896 13.200000 -7.840763
v 6.493969 13.200000 -9.085066
v 6.510272 13.200000 -10.328513
v 6.617040 13.200000 -11.549014
v 6.764505 13.200000 -12.724481
v 6.902906 13.200000 -13.832818
v 6.982472 13.200000 -14.851940
v 6.953439 13.200000 -15.759756
v 6.766042 13.200000 -16.534174
v 6.370514 13.200000 -17.153103
v 5.717092 13.200000 -17.594456
v 4.930051 13.200000 -17.621437
v 4.246947 13.200000 -17.353268
v 3.640546 13.200000 -16.837042
v 3.083618 13.200000 -16.119858
v 2.548931 13.200000 -15.248814
v 2.009251 13.200000 -14.271005
v 1.437346 13.200000 -13.233530
v 0.805986 13.200000 -12.183485
v 0.087938 13.200000 -11.167968
v -0.744030 13.200000 -10.234075
v -1.717148 13.200000 -9.428904
v -2.858651 13.200000 -8.799553
v -4.151752 13.200000 -8.637530
v -5.411966 13.200000 -8.716922
v -6.633664 13.200000 -8.983571
v -7.811214 13.200000 -9.383323
v -8.938988 13.200000 -9.862020
v -10.011353 13.200000 -10.365508
v -11.022676 13.200000 -10.839629
v -11.967332 13.200000 -11.230227
v -12.839687 13.200000 -11.483146
v -13.634112 13.200000 -11.544229
v -14.344974 13.200000 -11.359320
v -14.966642 13.200000 -10.874264
v -15.235514 13.200000 -10.134081
v -15.191559 13.200000 -9.401541
v -14.887988 13.200000 -8.665298
v -14.378006 13.200000 -7.914005
v -13.714821 13.200000 -7.136320
v -12.951639 13.200000 -6.320895
v -12.141671 13.200000 -5.456383
v -11.338120 13.200000 -4.531442
v -10.594194 13.200000 -3.534726
v -9.963101 13.200000 -2.454889
v -9.498049 13.200000 -1.280587
v -9.252244 13.200000 -0.000473
v -9.497742 13.200000 1.279406
v -9.962675 13.200000 2.453409
v -10.593799 13.200000 3.532913
v -11.337869 13.200000 4.529300
v -12.141638 13.200000 5.453950
v -12.951861 13.200000 6.318244
v -13.715295 13.200000 7.133559
v -14.378691 13.200000 7.911278
v -14.888802 13.200000 8.662782
v -15.192387 13.200000 9.399448
v -15.236196 13.200000 10.132658
v -14.966986 13.200000 10.873791
v -14.346116 13.200000 11.358231
v -13.635847 13.200000 11.542795
v -12.841829 13.200000 11.481594
v -11.969714 13.200000 11.228734
v -11.025156 13.200000 10.838326
v -10.013804 13.200000 10.364477
v -8.941312 13.200000 9.861300
v -7.813329 13.200000 9.382900
v -6.635510 13.200000 8.983387
v -5.413506 13.200000 8.716870
v -4.152969 13.200000 8.637458
v -2.859550 13.200000 8.799260
v -1.718176 13.200000 9.428247
v -0.745306 13.200000 10.233212
v 0.086336 13.200000 11.167031
v 0.804027 13.200000 12.182585
v 1.435043 13.200000 13.232747
v 2.006662 13.200000 14.270397
v 2.546159 13.200000 15.248411
v 3.080813 13.200000 16.119667
v 3.637902 13.200000 16.837038
v 4.244701 13.200000 17.353407
v 4.928487 13.200000 17.621647
v 5.716537 13.200000 17.594635
v 6.369126 13.200000 17.153854
v 6.764143 13.200000 16.535381
v 6.951302 13.200000 15.761312
v 6.980316 13.200000 14.853745
v 6.900900 13.200000 13.834773
v 6.762768 13.200000 12.726494
v 6.615636 13.200000 11.551002
v 6.509216 13.200000 10.330393
v 6.493223 13.200000 9.086764
v 6.617371 13.200000 7.842211
v 6.931373 13.200000 6.618829
v 7.484944 13.200000 5.438715
v 8.435850 13.200000 4.547571
v 9.502051 13.200000 3.871064
v 10.647158 13.200000 3.368692
v 11.834785 13.200000 2.999951
v 13.028543 13.200000 2.724337
v 14.192047 13.200000 2.501346
v 15.288907 13.200000 2.290478
v 16.282738 13.200000 2.051224
v 17.137150 13.200000 1.743081
v 17.815756 13.200000 1.325547
v 18.282167 13.200000 0.758119
v 18.500000 17.600000 0.000292
v 18.282452 17.600000 -0.756566
v 17.816317 17.600000 -1.323368
v 17.137970 17.600000 -1.740567
v 16.283787 17.600000 -2.048615
v 15.290147 17.600000 -2.287966
v 14.193425 17.600000 -2.499071
v 13.030000 17.600000 -2.722388
v 11.836246 17.600000 -2.998366
v 10.648542 17.600000 -3.367458
v 9.503266 17.600000 -3.870117
v 8.436792 17.600000 -4.546796
v 7.485500 17.600000 -5.437950
v 6.931818 17.600000 -6.617694
v 6.617896 17.600000 -7.840763
v 6.493969 17.600000 -9.085066
v 6.510272 17.600000 -10.328513
v 6.617040 17.600000 -11.549014
v 6.764505 17.600000 -12.724481
v 6.902906 17.600000 -13.832818
v 6.982472 17.600000 -14.851940
v 6.953439 17.600000 -15.759756
v 6.766042 17.600000 -16.534174
v 6.370514 17.600000 -17.153103
v 5.717092 17.600000 -17.594456
v 4.930051 17.600000 -17.621437
v 4.246947 17.600000 -17.353268
v 3.640546 17.600000 -16.837042
v 3.083618 17.600000 -16.119858
v 2.548931 17.600000 -15.248814
v 2.009251 17.600000 -14.271005
v 1.437346 17.600000 -13.233530
v 0.805986 17.600000 -12.183485
v 0.087938 17.600000 -11.167968
v -0.744030 17.600000 -10.234075
v -1.717148 17.600000 -9.428904
v -2.858651 17.600000 -8.799553
v -4.151752 17.600000 -8.637530
v -5.411966 17.600000 -8.716922
v -6.633664 17.600000 -8.983571
v -7.811214 17.600000 -9.383323
v -8.938988 17.600000 -9.862020
v -10.011353 17.600000 -10.365508
v -11.022676 17.600000 -10.839629
v -11.967332 17.600000 -11.230227
v -12.839687 17.600000 -11.483146
v -13.634112 17.600000 -11.544229
v -14.344974 17.600000 -11.359320
v -14.966642 17.600000 -10.874264
v -15.235514 17.600000 -10.134081
v -15.191559 17.600000 -9.401541
v -14.887988 17.600000 -8.665298
v -14.378006 17.600000 -7.914005
v -13.714821 17.600000 -7.136320
v -12.951639 17.600000 -6.320895
v -12.141671 17.600000 -5.456383
v -11.338120 17.600000 -4.531442
v -10.594194 17.600000 -3.534726
v -9.963101 17.600000 -2.454889
v -9.498049 17.600000 -1.280587
v -9.252244 17.600000 -0.000473
v -9.497742 17.600000 1.279406
v -9.962675 17.600000 2.453409
v -10.593799 17.600000 3.532913
v -11.337869 17.600000 4.529300
v -12.141638 17.600000 5.453950
v -12.951861 17.600000 6.318244
v -13.715295 17.600000 7.133559
v -14.378691 17.600000 7.911278
v -14.888802 17.600000 8.662782
v -15.192387 17.600000 9.399448
v -15.236196 17.600000 10.132658
v -14.966986 17.600000 10.873791
v -14.346116 17.600000 11.358231
v -13.635847 17.600000 11.542795
v -12.841829 17.600000 11.481594
v -11.969714 17.600000 11.228734
v -11.025156 17.600000 10.838326
v -10.013804 17.600000 10.364477
v -8.941312 17.600000 9.861300
v -7.813329 17.600000 9.382900
v -6.635510 17.600000 8.983387
v -5.413506 17.600000 8.716870
v -4.152969 17.600000 8.637458
v -2.859550 17.600000 8.799260
v -1.718176 17.600000 9.428247
v -0.745306 17.600000 10.233212
v 0.086336 17.600000 11.167031
v 0.804027 17.600000 12.182585
v 1.435043 17.600000 13.232747
v 2.006662 17.600000 14.270397
v 2.546159 17.600000 15.248411
v 3.080813 17.600000 16.119667
v 3.637902 17.600000 16.837038
v 4.244701 17.600000 17.353407
v 4.928487 17.600000 17.621647
v 5.716537 17.600000 17.594635
v 6.369126 17.600000 17.153854
v 6.764143 17.600000 16.535381
v 6.951302 17.600000 15.761312
v 6.980316 17.600000 14.853745
v 6.900900 17.600000 13.834773
v 6.762768 17.600000 12.726494
v 6.615636 17.600000 11.551002
v 6.509216 17.600000 10.330393
v 6.493223 17.600000 9.086764
v 6.617371 17.600000 7.842211
v 6.931373 17.600000 6.618829
v 7.484944 17.600000 5.438715
v 8.435850 17.600000 4.547571
v 9.502051 17.600000 3.871064
v 10.647158 17.600000 3.368692
v 11.834785 17.600000 2.999951
v 13.028543 17.600000 2.724337
v 14.192047 17.600000 2.501346
v 15.288907 17.600000 2.290478
v 16.282738 17.600000 2.051224
v 17.137150 17.600000 1.743081
v 17.815756 17.600000 1.325547
v 18.282167 17.600000 0.758119
v 18.500000 22.000000 0.000292
v 18.282452 22.000000 -0.756566
v 17.816317 22.000000 -1.323368
v 17.137970 22.000000 -1.740567
v 16.283787 22.000000 -2.048615
v 15.290147 22.000000 -2.287966
v 14.193425 22.000000 -2.499071
v 13.030000 22.000000 -2.722388
v 11.836246 22.000000 -2.998366
v 10.648542 22.000000 -3.367458
v 9.503266 22.000000 -3.870117
v 8.436792 22.000000 -4.546796
v 7.485500 22.000000 -5.437950
v 6.931818 22.000000 -6.617694
v 6.617896 22.000000 -7.840763
v 6.493969 22.000000 -9.085066
v 6.510272 22.000000 -10.328513
v 6.617040 22.000000 -11.549014
v 6.764505 22.000000 -12.724481
v 6.902906 22.000000 -13.832818
v 6.982472 22.000000 -14.851940
v 6.953439 22.000000 -15.759756
v 6.766042 22.000000 -16.534174
v 6.370514 22.000000 -17.153103
v 5.717092 22.000000 -17.594456
v 4.930051 22.000000 -17.621437
v 4.246947 22.000000 -17.353268
v 3.640546 22.000000 -16.837042
v 3.083618 22.000000 -16.119858
v 2.548931 22.000000 -15.248814
v 2.009251 22.000000 -14.271005
v 1.437346 22.000000 -13.233530
v 0.805986 22.000000 -12.183485
v 0.087938 22.000000 -11.167968
v -0.744030 22.000000 -10.234075
v -1.717148 22.000000 -9.428904
v -2.858651 22.000000 -8.799553
v -4.151752 22.000000 -8.637530
v -5.411966 22.000000 -8.716922
v -6.633664 22.000000 -8.983571
v -7.811214 22.000000 -9.383323
v -8.938988 22.000000 -9.862020
v -10.011353 22.000000 -10.365508
v -11.022676 22.000000 -10.839629
v -11.967332 22.000000 -11.230227
v -12.839687 22.000000 -11.483146
v -13.634112 22.000000 -11.544229
v -14.344974 22.000000 -11.359320
v -14.966642 22.000000 -10.874264
v -15.235514 22.000000 -10.134081
v -15.191559 22.000000 -9.401541
v -14.887988 22.000000 -8.665298
v -14.378006 22.000000 -7.914005
v -13.714821 22.000000 -7.136320
v -12.951639 22.000000 -6.320895
v -12.141671 22.000000 -5.456383
v -11.338120 22.000000 -4.531442
v -10.594194 22.000000 -3.534726
v -9.963101 22.000000 -2.454889
v -9.498049 22.000000 -1.280587
v -9.252244 22.000000 -0.000473
v -9.497742 22.000000 1.279406
v -9.962675 22.000000 2.453409
v -10.593799 22.000000 3.532913
v -11.337869 22.000000 4.529300
v -12.141638 22.000000 5.453950
v -12.951861 22.000000 6.318244
v -13.715295 22.000000 7.133559
v -14.378691 22.000000 7.911278
v -14.888802 22.000000 8.662782
v -15.192387 22.000000 9.399448
v -15.236196 22.000000 10.132658
v -14.966986 22.000000 10.873791
v -14.346116 22.000000 11.358231
v -13.635847 22.000000 11.542795
v -12.841829 22.000000 11.481594
v -11.969714 22.000000 11.228734
v -11.025156 22.000000 10.838326
v -10.013804 22.000000 10.364477
v -8.941312 22.000000 9.861300
v -7.813329 22.000000 9.382900
v -6.635510 22.000000 8.983387
v -5.413506 22.000000 8.716870
v -4.152969 22.000000 8.637458
v -2.859550 22.000000 8.799260
v -1.718176 22.000000 9.428247
v -0.745306 22.000000 10.233212
v 0.086336 22.000000 11.167031
v 0.804027 22.000000 12.182585
v 1.435043 22.000000 13.232747
v 2.006662 22.000000 14.270397
v 2.546159 22.000000 15.248411
v 3.080813 22.000000 16.119667
v 3.637902 22.000000 16.837038
v 4.244701 22.000000 17.353407
v 4.928487 22.000000 17.621647
v 5.716537 22.000000 17.594635
v 6.369126 22.000000 17.153854
v 6.764143 22.000000 16.535381
v 6.951302 22.000000 15.761312
v 6.980316 22.000000 14.853745
v 6.900900 22.000000 13.834773
v 6.762768 22.000000 12.726494
v 6.615636 22.000000 11.551002
v 6.509216 22.000000 10.330393
v 6.493223 22.000000 9.086764
v 6.617371 22.000000 7.842211
v 6.931373 22.000000 6.618829
v 7.484944 22.000000 5.438715
v 8.435850 22.000000 4.547571
v 9.502051 22.000000 3.871064
v 10.647158 22.000000 3.368692
v 11.834785 22.000000 2.999951
v 13.028543 22.000000 2.724337
v 14.192047 22.000000 2.501346
v 15.288907 22.000000 2.290478
v 16.282738 22.000000 2.051224
v 17.137150 22.000000 1.743081
v 17.815756 22.000000 1.325547
v 18.282167 22.000000 0.758119
v 18.500000 26.400000 0.000292
v 18.282452 26.400000 -0.756566
v 17.816317 26.400000 -1.323368
v 17.137970 26.400000 -1.740567
v 16.283787 26.400000 -2.048615
v 15.290147 26.400000 -2.287966
v 14.193425 26.400000 -2.499071
v 13.030000 26.400000 -2.722388
v 11.836246 26.400000 -2.998366
v 10.648542 26.400000 -3.367458
v 9.503266 26.400000 -3.870117
v 8.436792 26.400000 -4.546796
v 7.485500 26.400000 -5.437950
v 6.931818 26.400000 -6.617694
v 6.617896 26.400000 -7.840763
v 6.493969 26.400000 -9.085066
v 6.510272 26.400000 -10.328513
v 6.617040 26.400000 -11.549014
v 6.764505 26.400000 -12.724481
v 6.902906 26.400000 -13.832818
v 6.982472 26.400000 -14.851940
v 6.953439 26.400000 -15.759756
v 6.766042 26.400000 -16.534174
v 6.370514 26.400000 -17.153103
v 5.717092 26.400000 -17.594456
v 4.930051 26.400000 -17.621437
v 4.246947 26.400000 -17.353268
v 3.640546 26.400000 -16.837042
v 3.083618 26.400000 -16.119858
v 2.548931 26.400000 -15.248814
v 2.009251 26.400000 -14.271005
v 1.437346 26.400000 -13.233530
v 0.805986 26.400000 -12.183485
v 0.087938 26.400000 -11.167968
v -0.744030 26.400000 -10.234075
v -1.717148 26.400000 -9.428904
v -2.858651 26.400000 -8.799553
v -4.151752 26.400000 -8.637530
v -5.411966 26.400000 -8.716922
v -6.633664 26.400000 -8.983571
v -7.811214 26.400000 -9.383323
v -8.938988 26.400000 -9.862020
v -10.011353 26.400000 -10.365508
v -11.022676 26.400000 -10.839629
v -11.967332 26.400000 -11.230227
v -12.839687 26.400000 -11.483146
v -13.634112 26.400000 -11.544229
v -14.344974 26.400000 -11.359320
v -14.966642 26.400000 -10.874264
v -15.235514 26.400000 -10.134081
v -15.191559 26.400000 -9.401541
v -14.887988 26.400000 -8.665298
v -14.378006 26.400000 -7.914005
v -13.714821 26.400000 -7.136320
v -12.951639 26.400000 -6.320895
v -12.141671 26.400000 -5.456383
v -11.338120 26.400000 -4.531442
v -10.594194 26.400000 -3.534726
v -9.963101 26.400000 -2.454889
v -9.498049 26.400000 -1.280587
v -9.252244 26.400000 -0.000473
v -9.497742 26.400000 1.279406
v -9.962675 26.400000 2.453409
v -10.593799 26.400000 3.532913
v -11.337869 26.400000 4.529300
v -12.141638 26.400000 5.453950
v -12.951861 26.400000 6.318244
v -13.715295 26.400000 7.133559
v -14.378691 26.400000 7.911278
v -14.888802 26.400000 8.662782
v -15.192387 26.400000 9.399448
v -15.236196 26.400000 10.132658
v -14.966986 26.400000 10.873791
v -14.346116 26.400000 11.358231
v -13.635847 26.400000 11.542795
v -12.841829 26.400000 11.481594
v -11.969714 26.400000 11.228734
v -11.025156 26.400000 10.838326
v -10.013804 26.400000 10.364477
v -8.941312 26.400000 9.861300
v -7.813329 26.400000 9.382900
v -6.635510 26.400000 8.983387
v -5.413506 26.400000 8.716870
v -4.152969 26.400000 8.637458
v -2.859550 26.400000 8.799260
v -1.718176 26.400000 9.428247
v -0.745306 26.400000 10.233212
v 0.086336 26.400000 11.167031
v 0.804027 26.400000 12.182585
v 1.435043 26.400000 13.232747
v 2.006662 26.400000 14.270397
v 2.546159 26.400000 15.248411
v 3.080813 26.400000 16.119667
v 3.637902 26.400000 16.837038
v 4.244701 26.400000 17.353407
v 4.928487 26.400000 17.621647
v 5.716537 26.400000 17.594635
v 6.369126 26.400000 17.153854
v 6.764143 26.400000 16.535381
v 6.951302 26.400000 15.761312
v 6.980316 26.400000 14.853745
v 6.900900 26.400000 13.834773
v 6.762768 26.400000 12.726494
v 6.615636 26.400000 11.551002
v 6.509216 26.400000 10.330393
v 6.493223 26.400000 9.086764
v 6.617371 26.400000 7.842211
v 6.931373 26.400000 6.618829
v 7.484944 26.400000 5.438715
v 8.435850 26.400000 4.547571
v 9.502051 26.400000 3.871064
v 10.647158 26.400000 3.368692
v 11.834785 26.400000 2.999951
v 13.028543 26.400000 2.724337
v 14.192047 26.400000 2.501346
v 15.288907 26.400000 2.290478
v 16.282738 26.400000 2.051224
v 17.137150 26.400000 1.743081
v 17.815756 26.400000 1.325547
v 18.282167 26.400000 0.758119
v 18.500000 30.799999 0.000292
v 18.282452 30.799999 -0.756566
v 17.816317 30.799999 -1.323368
v 17.137970 30.799999 -1.740567
v 16.283787 30.799999 -2.048615
v 15.290147 30.799999 -2.287966
v 14.193425 30.799999 -2.499071
v 13.030000 30.799999 -2.722388
v 11.836246 30.799999 -2.998366
v 10.648542 30.799999 -3.367458
v 9.503266 30.799999 -3.870117
v 8.436792 30.799999 -4.546796
v 7.485500 30.799999 -5.437950
v 6.931818 30.799999 -6.617694
v 6.617896 30.799999 -7.840763
v 6.493969 30.799999 -9.085066
v 6.510272 30.799999 -10.328513
v 6.617040 30.799999 -11.549014
v 6.764505 30.799999 -12.724481
v 6.902906 30.799999 -13.832818
v 6.982472 30.799999 -14.851940
v 6.953439 30.799999 -15.759756
v 6.766042 30.799999 -16.534174
v 6.370514 30.799999 -17.153103
v 5.717092 30.799999 -17.594456
v 4.930051 30.799999 -17.621437
v 4.246947 30.799999 -17.353268
v 3.640546 30.799999 -16.837042
v 3.083618 30.799999 -16.119858
v 2.548931 30.799999 -15.248814
v 2.009251 30.799999 -14.271005
v 1.437346 30.799999 -13.233530
v 0.805986 30.799999 -12.183485
v 0.087938 30.799999 -11.167968
v -0.744030 30.799999 -10.234075
v -1.717148 30.799999 -9.428904
v -2.858651 30.799999 -8.799553
v -4.151752 30.799999 -8.637530
v -5.411966 30.799999 -8.716922
v -6.633664 30.799999 -8.983571
v -7.811214 30.799999 -9.383323
v -8.938988 30.799999 -9.862020
v -10.011353 30.799999 -10.365508
v -11.022676 30.799999 -10.839629
v -11.967332 30.799999 -11.230227
v -12.839687 30.799999 -11.483146
v -13.634112 30.799999 -11.544229
v -14.344974 30.799999 -11.359320
v -14.966642 30.799999 -10.874264
v -15.235514 30.799999 -10.134081
v -15.191559 30.799999 -9.401541
v -14.887988 30.799999 -8.665298
v -14.378006 30.799999 -7.914005
v -13.714821 30.799999 -7.136320
v -12.951639 30.799999 -6.320895
v -12.141671 30.799999 -5.456383
v -11.338120 30.799999 -4.531442
v -10.594194 30.799999 -3.534726
v -9.963101 30.799999 -2.454889
v -9.498049 30.799999 -1.280587
v -9.252244 30.799999 -0.000473
v -9.497742 30.799999 1.279406
v -9.962675 30.799999 2.453409
v -10.593799 30.799999 3.532913
v -11.337869 30.799999 4.529300
v -12.141638 30.799999 5.453950
v -12.951861 30.799999 6.318244
v -13.715295 30.799999 7.133559
v -14.378691 30.799999 7.911278
v -14.888802 30.799999 8.662782
v -15.192387 30.799999 9.399448
v -15.236196 30.799999 10.132658
v -14.966986 30.799999 10.873791
v -14.346116 30.799999 11.358231
v -13.635847 30.799999 11.542795
v -12.841829 30.799999 11.481594
v -11.969714 30.799999 11.228734
v -11.025156 30.799999 10.838326
v -10.013804 30.799999 10.364477
v -8.941312 30.799999 9.861300
v -7.813329 30.799999 9.382900
v -6.635510 30.799999 8.983387
v -5.413506 30.799999 8.716870
v -4.152969 30.799999 8.637458
v -2.859550 30.799999 8.799260
v -1.718176 30.799999 9.428247
v -0.745306 30.799999 10.233212
v 0.086336 30.799999 11.167031
v 0.804027 30.799999 12.182585
v 1.435043 30.799999 13.232747
v 2.006662 30.799999 14.270397
v 2.546159 30.799999 15.248411
v 3.080813 30.799999 16.119667
v 3.637902 30.799999 16.837038
v 4.244701 30.799999 17.353407
v 4.928487 30.799999 17.621647
v 5.716537 30.799999 17.594635
v 6.369126 30.799999 17.153854
v 6.764143 30.799999 16.535381
v 6.951302 30.799999 15.761312
v 6.980316 30.799999 14.853745
v 6.900900 30.799999 13.834773
v 6.762768 30.799999 12.726494
v 6.615636 30.799999 11.551002
v 6.509216 30.799999 10.330393
v 6.493223 30.799999 9.086764
v 6.617371 30.799999 7.842211
v 6.931373 30.799999 6.618829
v 7.484944 30.799999 5.438715
v 8.435850 30.799999 4.547571
v 9.502051 30.799999 3.871064
v 10.647158 30.799999 3.368692
v 11.834785 30.799999 2.999951
v 13.028543 30.799999 2.724337
v 14.192047 30.799999 2.501346
v 15.288907 30.799999 2.290478
v 16.282738 30.799999 2.051224
v 17.137150 30.799999 1.743081
v 17.815756 30.799999 1.325547
v 18.282167 30.799999 0.758119
v 18.500000 35.200001 0.000292
v 18.282452 35.200001 -0.756566
v 17.816317 35.200001 -1.323368
v 17.137970 35.200001 -1.740567
v 16.283787 35.200001 -2.048615
v 15.290147 35.200001 -2.287966
v 14.193425 35.200001 -2.499071
v 13.030000 35.200001 -2.722388
v 11.836246 35.200001 -2.998366
v 10.648542 35.200001 -3.367458
v 9.503266 35.200001 -3.870117
v 8.436792 35.200001 -4.546796
v 7.485500 35.200001 -5.437950
v 6.931818 35.200001 -6.617694
v 6.617896 35.200001 -7.840763
v 6.493969 35.200001 -9.085066
v 6.510272 35.200001 -10.328513
v 6.617040 35.200001 -11.549014
v 6.764505 35.200001 -12.724481
v 6.902906 35.200001 -13.832818
v 6.982472 35.200001 -14.851940
v 6.953439 35.200001 -15.759756
v 6.766042 35.200001 -16.534174
v 6.370514 35.200001 -17.153103
v 5.717092 35.200001 -17.594456
v 4.930051 35.200001 -17.621437
v 4.246947 35.200001 -17.353268
v 3.640546 35.200001 -16.837042
v 3.083618 35.200001 -16.119858
v 2.548931 35.200001 -15.248814
v 2.009251 35.200001 -14.271005
v 1.437346 35.200001 -13.233530
v 0.805986 35.200001 -12.183485
v 0.087938 35.200001 -11.167968
v -0.744030 35.200001 -10.234075
v -1.717148 35.200001 -9.428904
v -2.858651 35.200001 -8.799553
v -4.151752 35.200001 -8.637530
v -5.411966 35.200001 -8.716922
v -6.633664 35.200001 -8.983571
v -7.811214 35.200001 -9.383323
v -8.938988 35.200001 -9.862020
v -10.011353 35.200001 -10.365508
v -11.022676 35.200001 -10.839629
v -11.967332 35.200001 -11.230227
v -12.839687 35.200001 -11.483146
v -13.634112 35.200001 -11.544229
v -14.344974 35.200001 -11.359320
v -14.966642 35.200001 -10.874264
v -15.235514 35.200001 -10.134081
v -15.191559 35.200001 -9.401541
v -14.887988 35.200001 -8.665298
v -14.378006 35.200001 -7.914005
v -13.714821 35.200001 -7.136320
v -12.951639 35.200001 -6.320895
v -12.141671 35.200001 -5.456383
v -11.338120 35.200001 -4.531442
v -10.594194 35.200001 -3.534726
v -9.963101 35.200001 -2.454889
v -9.498049 35.200001 -1.280587
v -9.252244 35.200001 -0.000473
v -9.497742 35.200001 1.279406
v -9.962675 35.200001 2.453409
v -10.593799 35.200001 3.532913
v -11.337869 35.200001 4.529300
v -12.141638 35.200001 5.453950
v -12.951861 35.200001 6.318244
v -13.715295 35.200001 7.133559
v -14.378691 35.200001 7.911278
v -14.888802 35.200001 8.662782
v -15.192387 35.200001 9.399448
v -15.236196 35.200001 10.132658
v -14.966986 35.200001 10.873791
v -14.346116 35.200001 11.358231
v -13.635847 35.200001 11.542795
v -12.841829 35.200001 11.481594
v -11.969714 35.200001 11.228734
v -11.025156 35.200001 10.838326
v -10.013804 35.200001 10.364477
v -8.941312 35.200001 9.861300
v -7.813329 35.200001 9.382900
v -6.635510 35.200001 8.983387
v -5.413506 35.200001 8.716870
v -4.152969 35.200001 8.637458
v -2.859550 35.200001 8.799260
v -1.718176 35.200001 9.428247
v -0.745306 35.200001 10.233212
v 0.086336 35.200001 11.167031
v 0.804027 35.200001 12.182585
v 1.435043 35.200001 13.232747
v 2.006662 35.200001 14.270397
v 2.546159 35.200001 15.248411
v 3.080813 35.200001 16.119667
v 3.637902 35.200001 16.837038
v 4.244701 35.200001 17.353407
v 4.928487 35.200001 17.621647
v 5.716537 35.200001 17.594635
v 6.369126 35.200001 17.153854
v 6.764143 35.200001 16.535381
v 6.951302 35.200001 15.761312
v 6.980316 35.200001 14.853745
v 6.900900 35.200001 13.834773
v 6.762768 35.200001 12.726494
v 6.615636 35.200001 11.551002
v 6.509216 35.200001 10.330393
v 6.493223 35.200001 9.086764
v 6.617371 35.200001 7.842211
v 6.931373 35.200001 6.618829
v 7.484944 35.200001 5.438715
v 8.435850 35.200001 4.547571
v 9.502051 35.200001 3.871064
v 10.647158 35.200001 3.368692
v 11.834785 35.200001 2.999951
v 13.028543 35.200001 2.724337
v 14.192047 35.200001 2.501346
v 15.288907 35.200001 2.290478
v 16.282738 35.200001 2.051224
v 17.137150 35.200001 1.743081
v 17.815756 35.200001 1.325547
v 18.282167 35.200001 0.758119
v 18.500000 39.599998 0.000292
v 18.282452 39.599998 -0.756566
v 17.816317 39.599998 -1.323368
v 17.137970 39.599998 -1.740567
v 16.283787 39.599998 -2.048615
v 15.290147 39.599998 -2.287966
v 14.193425 39.599998 -2.499071
v 13.030000 39.599998 -2.722388
v 11.836246 39.599998 -2.998366
v 10.648542 39.599998 -3.367458
v 9.503266 39.599998 -3.870117
v 8.436792 39.599998 -4.546796
v 7.485500 39.599998 -5.437950
v 6.931818 39.599998 -6.617694
v 6.617896 39.599998 -7.840763
v 6.493969 39.599998 -9.085066
v 6.510272 39.599998 -10.328513
v 6.617040 39.599998 -11.549014
v 6.764505 39.599998 -12.724481
v 6.902906 39.599998 -13.832818
v 6.982472 39.599998 -14.851940
v 6.953439 39.599998 -15.759756
v 6.766042 39.599998 -16.534174
v 6.370514 39.599998 -17.153103
v 5.717092 39.599998 -17.594456
v 4.930051 39.599998 -17.621437
v 4.246947 39.599998 -17.353268
v 3.640546 39.599998 -16.837042
v 3.083618 39.599998 -16.119858
v 2.548931 39.599998 -15.248814
v 2.009251 39.599998 -14.271005
v 1.437346 39.599998 -13.233530
v 0.805986 39.599998 -12.183485
v 0.087938 39.599998 -11.167968
v -0.744030 39.599998 -10.234075
v -1.717148 39.599998 -9.428904
v -2.858651 39.599998 -8.799553
v -4.151752 39.599998 -8.637530
v -5.411966 39.599998 -8.716922
v -6.633664 39.599998 -8.983571
v -7.811214 39.599998 -9.383323
v -8.938988 39.599998 -9.862020
v -10.011353 39.599998 -10.365508
v -11.022676 39.599998 -10.839629
v -11.967332 39.599998 -11.230227
v -12.839687 39.599998 -11.483146
v -13.634112 39.599998 -11.544229
v -14.344974 39.599998 -11.359320
v -14.966642 39.599998 -10.874264
v -15.235514 39.599998 -10.134081
v -15.191559 39.599998 -9.401541
v -14.887988 39.599998 -8.665298
v -14.378006 39.599998 -7.914005
v -13.714821 39.599998 -7.136320
v -12.951639 39.599998 -6.320895
v -12.141671 39.599998 -5.456383
v -11.338120 39.599998 -4.531442
v -10.594194 39.599998 -3.534726
v -9.963101 39.599998 -2.454889
v -9.498049 39.599998 -1.280587
v -9.252244 39.599998 -0.000473
v -9.497742 39.599998 1.279406
v -9.962675 39.599998 2.453409
v -10.593799 39.599998 3.532913
v -11.337869 39.599998 4.529300
v -12.141638 39.599998 5.453950
v -12.951861 39.599998 6.318244
v -13.715295 39.599998 7.133559
v -14.378691 39.599998 7.911278
v -14.888802 39.599998 8.662782
v -15.192387 39.599998 9.399448
v -15.236196 39.599998 10.132658
v -14.966986 39.599998 10.873791
v -14.346116 39.599998 11.358231
v -13.635847 39.599998 11.542795
v -12.841829 39.599998 11.481594
v -11.969714 39.599998 11.228734
v -11.025156 39.599998 10.838326
v -10.013804 39.599998 10.364477
v -8.941312 39.599998 9.861300
v -7.813329 39.599998 9.382900
v -6.635510 39.599998 8.983387
v -5.413506 39.599998 8.716870
v -4.152969 39.599998 8.637458
v -2.859550 39.599998 8.799260
v -1.718176 39.599998 9.428247
v -0.745306 39.599998 10.233212
v 0.086336 39.599998 11.167031
v 0.804027 39.599998 12.182585
v 1.435043 39.599998 13.232747
v 2.006662 39.599998 14.270397
v 2.546159 39.599998 15.248411
v 3.080813 39.599998 16.119667
v 3.637902 39.599998 16.837038
v 4.244701 39.599998 17.353407
v 4.928487 39.599998 17.621647
v 5.716537 39.599998 17.594635
v 6.369126 39.599998 17.153854
v 6.764143 39.599998 16.535381
v 6.951302 39.599998 15.761312
v 6.980316 39.599998 14.853745
v 6.900900 39.599998 13.834773
v 6.762768 39.599998 12.726494
v 6.615636 39.599998 11.551002
v 6.509216 39.599998 10.330393
v 6.493223 39.599998 9.086764
v 6.617371 39.599998 7.842211
v 6.931373 39.599998 6.618829
v 7.484944 39.599998 5.438715
v 8.435850 39.599998 4.547571
v 9.502051 39.599998 3.871064
v 10.647158 39.599998 3.368692
v 11.834785 39.599998 2.999951
v 13.028543 39.599998 2.724337
v 14.192047 39.599998 2.501346
v 15.288907 39.599998 2.290478
v 16.282738 39.599998 2.051224
v 17.137150 39.599998 1.743081
v 17.815756 39.599998 1.325547
v 18.282167 39.599998 0.758119
v 18.500000 44.000000 0.000292
v 18.282452 44.000000 -0.756566
v 17.816317 44.000000 -1.323368
v 17.137970 44.000000 -1.740567
v 16.283787 44.000000 -2.048615
v 15.290147 44.000000 -2.287966
v 14.193425 44.000000 -2.499071
v 13.030000 44.000000 -2.722388
v 11.836246 44.000000 -2.998366
v 10.648542 44.000000 -3.367458
v 9.503266 44.000000 -3.870117
v 8.436792 44.000000 -4.546796
v 7.485500 44.000000 -5.437950
v 6.931818 44.000000 -6.617694
v 6.617896 44.000000 -7.840763
v 6.493969 44.000000 -9.085066
v 6.510272 44.000000 -10.328513
v 6.617040 44.000000 -11.549014
v 6.764505 44.000000 -12.724481
v 6.902906 44.000000 -13.832818
v 6.982472 44.000000 -14.851940
v 6.953439 44.000000 -15.759756
v 6.766042 44.000000 -16.534174
v 6.370514 44.000000 -17.153103
v 5.717092 44.000000 -17.594456
v 4.930051 44.000000 -17.621437
v 4.246947 44.000000 -17.353268
v 3.640546 44.000000 -16.837042
v 3.083618 44.000000 -16.119858
v 2.548931 44.000000 -15.248814
v 2.009251 44.000000 -14.271005
v 1.437346 44.000000 -13.233530
v 0.805986 44.000000 -12.183485
v 0.087938 44.000000 -11.167968
v -0.744030 44.000000 -10.234075
v -1.717148 44.000000 -9.428904
v -2.858651 44.000000 -8.799553
v -4.151752 44.000000 -8.637530
v -5.411966 44.000000 -8.716922
v -6.633664 44.000000 -8.983571
v -7.811214 44.000000 -9.383323
v -8.938988 44.000000 -9.862020
v -10.011353 44.000000 -10.365508
v -11.022676 44.000000 -10.839629
v -11.967332 44.000000 -11.230227
v -12.839687 44.000000 -11.483146
v -13.634112 44.000000 -11.544229
v -14.344974 44.000000 -11.359320
v -14.966642 44.000000 -10.874264
v -15.235514 44.000000 -10.134081
v -15.191559 44.000000 -9.401541
v -14.887988 44.000000 -8.665298
v -14.378006 44.000000 -7.914005
v -13.714821 44.000000 -7.136320
v -12.951639 44.000000 -6.320895
v -12.141671 44.000000 -5.456383
v -11.338120 44.000000 -4.531442
v -10.594194 44.000000 -3.534726
v -9.963101 44.000000 -2.454889
v -9.498049 44.000000 -1.280587
v -9.252244 44.000000 -0.000473
v -9.497742 44.000000 1.279406
v -9.962675 44.000000 2.453409
v -10.593799 44.000000 3.532913
v -11.337869 44.000000 4.529300
v -12.141638 44.000000 5.453950
v -12.951861 44.000000 6.318244
v -13.715295 44.000000 7.133559
v -14.378691 44.000000 7.911278
v -14.888802 44.000000 8.662782
v -15.192387 44.000000 9.399448
v -15.236196 44.000000 10.132658
v -14.966986 44.000000 10.873791
v -14.346116 44.000000 11.358231
v -13.635847 44.000000 11.542795
v -12.841829 44.000000 11.481594
v -11.969714 44.000000 11.228734
v -11.025156 44.000000 10.838326
v -10.013804 44.000000 10.364477
v -8.941312 44.000000 9.861300
v -7.813329 44.000000 9.382900
v -6.635510 44.000000 8.983387
v -5.413506 44.000000 8.716870
v -4.152969 44.000000 8.637458
v -2.859550 44.000000 8.799260
v -1.718176 44.000000 9.428247
v -0.745306 44.000000 10.233212
v 0.086336 44.000000 11.167031
v 0.804027 44.000000 12.182585
v 1.435043 44.000000 13.232747
v 2.006662 44.000000 14.270397
v 2.546159 44.000000 15.248411
v 3.080813 44.000000 16.119667
v 3.637902 44.000000 16.837038
v 4.244701 44.000000 17.353407
v 4.928487 44.000000 17.621647
v 5.716537 44.000000 17.594635
v 6.369126 44.000000 17.153854
v 6.764143 44.000000 16.535381
v 6.951302 44.000000 15.761312
v 6.980316 44.000000 14.853745
v 6.900900 44.000000 13.834773
v 6.762768 44.000000 12.726494
v 6.615636 44.000000 11.551002
v 6.509216 44.000000 10.330393
v 6.493223 44.000000 9.086764
v 6.617371 44.000000 7.842211
v 6.931373 44.000000 6.618829
v 7.484944 44.000000 5.438715
v 8.435850 44.000000 4.547571
v 9.502051 44.000000 3.871064
v 10.647158 44.000000 3.368692
v 11.834785 44.000000 2.999951
v 13.028543 44.000000 2.724337
v 14.192047 44.000000 2.501346
v 15.288907 44.000000 2.290478
v 16.282738 44.000000 2.051224
v 17.137150 44.000000 1.743081
v 17.815756 44.000000 1.325547
v 18.282167 44.000000 0.758119
v 16.650000 45.743561 0.000263
v 16.454206 45.743561 -0.680910
v 16.034685 45.743561 -1.191031
v 15.424172 45.743561 -1.566510
v 14.655408 45.743561 -1.843754
v 13.761132 45.743561 -2.059169
v 12.774082 45.743561 -2.249164
v 11.727000 45.743561 -2.450149
v 10.652621 45.743561 -2.698529
v 9.583689 45.743561 -3.030712
v 8.552939 45.743561 -3.483106
v 7.593113 45.743561 -4.092117
v 6.736950 45.743561 -4.894155
v 6.238636 45.743561 -5.955925
v 5.956107 45.743561 -7.056687
v 5.844572 45.743561 -8.176558
v 5.859245 45.743561 -9.295662
v 5.955336 45.743561 -10.394113
v 6.088055 45.743561 -11.452032
v 6.212615 45.743561 -12.449536
v 6.284225 45.743561 -13.366746
v 6.258095 45.743561 -14.183780
v 6.089437 45.743561 -14.880757
v 5.733463 45.743561 -15.437794
v 5.145383 45.743561 -15.835010
v 4.437046 45.743561 -15.859294
v 3.822252 45.743561 -15.617941
v 3.276491 45.743561 -15.153338
v 2.775256 45.743561 -14.507873
v 2.294038 45.743561 -13.723932
v 1.808326 45.743561 -12.843904
v 1.293612 45.743561 -11.910177
v 0.725387 45.743561 -10.965137
v 0.079144 45.743561 -10.051171
v -0.669627 45.743561 -9.210668
v -1.545433 45.743561 -8.486013
v -2.572786 45.743561 -7.919597
v -3.736576 45.743561 -7.773777
v -4.870770 45.743561 -7.845230
v -5.970297 45.743561 -8.085214
v -7.030093 45.743561 -8.444990
v -8.045089 45.743561 -8.875818
v -9.010218 45.743561 -9.328957
v -9.920409 45.743561 -9.755667
v -10.770598 45.743561 -10.107205
v -11.555719 45.743561 -10.334831
v -12.270701 45.743561 -10.389806
v -12.910477 45.743561 -10.223388
v -13.469978 45.743561 -9.786838
v -13.711962 45.743561 -9.120673
v -13.672403 45.743561 -8.461387
v -13.399190 45.743561 -7.798768
v -12.940206 45.743561 -7.122605
v -12.343339 45.743561 -6.422688
v -11.656475 45.743561 -5.688805
v -10.927504 45.743561 -4.910745
v -10.204308 45.743561 -4.078298
v -9.534775 45.743561 -3.181253
v -8.966791 45.743561 -2.209400
v -8.548244 45.743561 -1.152528
v -8.327019 45.743561 -0.000426
v -8.547968 45.743561 1.151466
v -8.966408 45.743561 2.208068
v -9.534419 45.743561 3.179622
v -10.204082 45.743561 4.076370
v -10.927474 45.743561 4.908556
v -11.656675 45.743561 5.686420
v -12.343765 45.743561 6.420203
v -12.940822 45.743561 7.120150
v -13.399921 45.743561 7.796504
v -13.673148 45.743561 8.459504
v -13.712576 45.743561 9.119392
v -13.470287 45.743561 9.786412
v -12.911505 45.743561 10.222408
v -12.272263 45.743561 10.388516
v -11.557646 45.743561 10.333435
v -10.772743 45.743561 10.105861
v -9.922641 45.743561 9.754493
v -9.012424 45.743561 9.328030
v -8.047180 45.743561 8.875170
v -7.031996 45.743561 8.444610
v -5.971959 45.743561 8.085049
v -4.872155 45.743561 7.845183
v -3.737672 45.743561 7.773712
v -2.573595 45.743561 7.919334
v -1.546358 45.743561 8.485423
v -0.670775 45.743561 9.209891
v 0.077703 45.743561 10.050328
v 0.723624 45.743561 10.964326
v 1.291539 45.743561 11.909472
v 1.805996 45.743561 12.843358
v 2.291543 45.743561 13.723571
v 2.772731 45.743561 14.507700
v 3.274112 45.743561 15.153335
v 3.820231 45.743561 15.618067
v 4.435638 45.743561 15.859482
v 5.144883 45.743561 15.835173
v 5.732213 45.743561 15.438468
v 6.087728 45.743561 14.881843
v 6.256171 45.743561 14.185182
v 6.282284 45.743561 13.368370
v 6.210810 45.743561 12.451296
v 6.086491 45.743561 11.453844
v 5.954072 45.743561 10.395902
v 5.858295 45.743561 9.297354
v 5.843901 45.743561 8.178088
v 5.955634 45.743561 7.057990
v 6.238235 45.743561 5.956946
v 6.736450 45.743561 4.894844
v 7.592266 45.743561 4.092814
v 8.551846 45.743561 3.483958
v 9.582441 45.743561 3.031823
v 10.651306 45.743561 2.699956
v 11.725689 45.743561 2.451903
v 12.772842 45.743561 2.251212
v 13.760016 45.743561 2.061430
v 14.654464 45.743561 1.846102
v 15.423434 45.743561 1.568773
v 16.034180 45.743561 1.192992
v 16.453951 45.743561 0.682307
v 14.800000 46.400002 0.000234
v 14.625962 46.400002 -0.605253
v 14.253054 46.400002 -1.058694
v 13.710376 46.400002 -1.392454
v 13.027030 46.400002 -1.638892
v 12.232118 46.400002 -1.830372
v 11.354740 46.400002 -1.999257
v 10.424000 46.400002 -2.177911
v 9.468997 46.400002 -2.398693
v 8.518834 46.400002 -2.693966
v 7.602612 46.400002 -3.096094
v 6.749434 46.400002 -3.637437
v 5.988400 46.400002 -4.350360
v 5.545455 46.400002 -5.294155
v 5.294317 46.400002 -6.272610
v 5.195175 46.400002 -7.268053
v 5.208218 46.400002 -8.262811
v 5.293632 46.400002 -9.239211
v 5.411604 46.400002 -10.179585
v 5.522325 46.400002 -11.066255
v 5.585978 46.400002 -11.881552
v 5.562751 46.400002 -12.607804
v 5.412833 46.400002 -13.227340
v 5.096412 46.400002 -13.722483
v 4.573674 46.400002 -14.075564
v 3.944041 46.400002 -14.097150
v 3.397557 46.400002 -13.882614
v 2.912437 46.400002 -13.469634
v 2.466894 46.400002 -12.895886
v 2.039145 46.400002 -12.199051
v 1.607401 46.400002 -11.416804
v 1.149877 46.400002 -10.586824
v 0.644789 46.400002 -9.746788
v 0.070350 46.400002 -8.934374
v -0.595224 46.400002 -8.187260
v -1.373719 46.400002 -7.543123
v -2.286921 46.400002 -7.039642
v -3.321401 46.400002 -6.910025
v -4.329573 46.400002 -6.973538
v -5.306931 46.400002 -7.186857
v -6.248972 46.400002 -7.506658
v -7.151190 46.400002 -7.889616
v -8.009082 46.400002 -8.292406
v -8.818142 46.400002 -8.671703
v -9.573866 46.400002 -8.984182
v -10.271750 46.400002 -9.186517
v -10.907290 46.400002 -9.235383
v -11.475979 46.400002 -9.087456
v -11.973314 46.400002 -8.699410
v -12.188411 46.400002 -8.107265
v -12.153248 46.400002 -7.521233
v -11.910391 46.400002 -6.932238
v -11.502405 46.400002 -6.331204
v -10.971857 46.400002 -5.709056
v -10.361312 46.400002 -5.056715
v -9.713337 46.400002 -4.365107
v -9.070496 46.400002 -3.625154
v -8.475355 46.400002 -2.827780
v -7.970481 46.400002 -1.963911
v -7.598439 46.400002 -1.024469
v -7.401795 46.400002 -0.000378
v -7.598193 46.400002 1.023525
v -7.970140 46.400002 1.962727
v -8.475039 46.400002 2.826330
v -9.070294 46.400002 3.623440
v -9.713310 46.400002 4.363161
v -10.361489 46.400002 5.054595
v -10.972236 46.400002 5.706847
v -11.502953 46.400002 6.329022
v -11.911041 46.400002 6.930225
v -12.153910 46.400002 7.519559
v -12.188957 46.400002 8.106127
v -11.973589 46.400002 8.699033
v -11.476893 46.400002 9.086585
v -10.908677 46.400002 9.234237
v -10.273463 46.400002 9.185275
v -9.575771 46.400002 8.982987
v -8.820125 46.400002 8.670661
v -8.011044 46.400002 8.291582
v -7.153049 46.400002 7.889040
v -6.250663 46.400002 7.506320
v -5.308408 46.400002 7.186709
v -4.330804 46.400002 6.973496
v -3.322375 46.400002 6.909966
v -2.287640 46.400002 7.039408
v -1.374541 46.400002 7.542598
v -0.596244 46.400002 8.186570
v 0.069069 46.400002 8.933625
v 0.643221 46.400002 9.746067
v 1.148034 46.400002 10.586198
v 1.605330 46.400002 11.416318
v 2.036927 46.400002 12.198730
v 2.464650 46.400002 12.895733
v 2.910321 46.400002 13.469631
v 3.395761 46.400002 13.882726
v 3.942790 46.400002 14.097318
v 4.573229 46.400002 14.075708
v 5.095301 46.400002 13.723083
v 5.411314 46.400002 13.228305
v 5.561041 46.400002 12.609050
v 5.584252 46.400002 11.882996
v 5.520720 46.400002 11.067819
v 5.410214 46.400002 10.181195
v 5.292509 46.400002 9.240802
v 5.207373 46.400002 8.264315
v 5.194579 46.400002 7.269412
v 5.293897 46.400002 6.273769
v 5.545098 46.400002 5.295063
v 5.987956 46.400002 4.350972
v 6.748681 46.400002 3.638057
v 7.601641 46.400002 3.096851
v 8.517726 46.400002 2.694954
v 9.467827 46.400002 2.399961
v 10.422834 46.400002 2.179469
v 11.353638 46.400002 2.001077
v 12.231126 46.400002 1.832382
v 13.026190 46.400002 1.640979
v 13.709720 46.400002 1.394465
v 14.252605 46.400002 1.060438
v 14.625734 46.400002 0.606495
v 12.950000 46.856571 0.000204
v 12.797717 46.856571 -0.529596
v 12.471422 46.856571 -0.926358
v 11.996578 46.856571 -1.218397
v 11.398651 46.856571 -1.434031
v 10.703103 46.856571 -1.601576
v 9.935397 46.856571 -1.749350
v 9.121000 46.856571 -1.905672
v 8.285373 46.856571 -2.098856
v 7.453980 46.856571 -2.357220
v 6.652286 46.856571 -2.709082
v 5.905755 46.856571 -3.182758
v 5.239850 46.856571 -3.806565
v 4.852273 46.856571 -4.632386
v 4.632527 46.856571 -5.488534
v 4.545778 46.856571 -6.359546
v 4.557190 46.856571 -7.229959
v 4.631927 46.856571 -8.084310
v 4.735154 46.856571 -8.907136
v 4.832034 46.856571 -9.682973
v 4.887731 46.856571 -10.396358
v 4.867407 46.856571 -11.031829
v 4.736229 46.856571 -11.573922
v 4.459360 46.856571 -12.007173
v 4.001965 46.856571 -12.316118
v 3.451036 46.856571 -12.335006
v 2.972863 46.856571 -12.147287
v 2.548382 46.856571 -11.785930
v 2.158533 46.856571 -11.283901
v 1.784251 46.856571 -10.674170
v 1.406476 46.856571 -9.989703
v 1.006142 46.856571 -9.263472
v 0.564190 46.856571 -8.528440
v 0.061557 46.856571 -7.817577
v -0.520821 46.856571 -7.163853
v -1.202004 46.856571 -6.600233
v -2.001055 46.856571 -6.159687
v -2.906226 46.856571 -6.046271
v -3.788377 46.856571 -6.101846
v -4.643565 46.856571 -6.288500
v -5.467850 46.856571 -6.568326
v -6.257291 46.856571 -6.903414
v -7.007947 46.856571 -7.255856
v -7.715874 46.856571 -7.587741
v -8.377132 46.856571 -7.861159
v -8.987782 46.856571 -8.038202
v -9.543879 46.856571 -8.080960
v -10.041482 46.856571 -7.951524
v -10.476650 46.856571 -7.611984
v -10.664860 46.856571 -7.093857
v -10.634091 46.856571 -6.581079
v -10.421592 46.856571 -6.065708
v -10.064605 46.856571 -5.539804
v -9.600374 46.856571 -4.995424
v -9.066148 46.856571 -4.424626
v -8.499169 46.856571 -3.819468
v -7.936684 46.856571 -3.172009
v -7.415936 46.856571 -2.474308
v -6.974171 46.856571 -1.718422
v -6.648634 46.856571 -0.896411
v -6.476571 46.856571 -0.000331
v -6.648419 46.856571 0.895584
v -6.973873 46.856571 1.717386
v -7.415659 46.856571 2.473039
v -7.936508 46.856571 3.170510
v -8.499146 46.856571 3.817765
v -9.066303 46.856571 4.422771
v -9.600706 46.856571 4.993491
v -10.065084 46.856571 5.537894
v -10.422161 46.856571 6.063947
v -10.634670 46.856571 6.579614
v -10.665338 46.856571 7.092861
v -10.476891 46.856571 7.611654
v -10.042281 46.856571 7.950762
v -9.545093 46.856571 8.079957
v -8.989280 46.856571 8.037116
v -8.378800 46.856571 7.860114
v -7.717609 46.856571 7.586828
v -7.009663 46.856571 7.255134
v -6.258918 46.856571 6.902910
v -5.469330 46.856571 6.568030
v -4.644857 46.856571 6.288371
v -3.789454 46.856571 6.101809
v -2.907078 46.856571 6.046220
v -2.001685 46.856571 6.159482
v -1.202723 46.856571 6.599773
v -0.521714 46.856571 7.163249
v 0.060435 46.856571 7.816922
v 0.562819 46.856571 8.527809
v 1.004530 46.856571 9.262923
v 1.404663 46.856571 9.989278
v 1.782311 46.856571 10.673888
v 2.156569 46.856571 11.283767
v 2.546531 46.856571 11.785927
v 2.971291 46.856571 12.147386
v 3.449941 46.856571 12.335153
v 4.001575 46.856571 12.316245
v 4.458388 46.856571 12.007698
v 4.734900 46.856571 11.574767
v 4.865911 46.856571 11.032919
v 4.886221 46.856571 10.397621
v 4.830630 46.856571 9.684341
v 4.733937 46.856571 8.908545
v 4.630945 46.856571 8.085701
v 4.556452 46.856571 7.231275
v 4.545257 46.856571 6.360735
v 4.632160 46.856571 5.489548
v 4.851961 46.856571 4.633181
v 5.239461 46.856571 3.807101
v 5.905096 46.856571 3.183300
v 6.651436 46.856571 2.709745
v 7.453010 46.856571 2.358084
v 8.284348 46.856571 2.099966
v 9.119980 46.856571 1.907036
v 9.934433 46.856571 1.750942
v 10.702235 46.856571 1.603334
v 11.397916 46.856571 1.435857
v 11.996004 46.856571 1.220157
v 12.471029 46.856571 0.927883
v 12.797518 46.856571 0.530683
v 11.100000 47.200001 0.000175
v 10.969472 47.200001 -0.453940
v 10.689790 47.200001 -0.794021
v 10.282782 47.200001 -1.044340
v 9.770272 47.200001 -1.229169
v 9.174088 47.200001 -1.372779
v 8.516055 47.200001 -1.499443
v 7.818000 47.200001 -1.633433
v 7.101748 47.200001 -1.799019
v 6.389126 47.200001 -2.020475
v 5.701960 47.200001 -2.322070
v 5.062076 47.200001 -2.728078
v 4.491300 47.200001 -3.262770
v 4.159091 47.200001 -3.970616
v 3.970738 47.200001 -4.704458
v 3.896381 47.200001 -5.451039
v 3.906163 47.200001 -6.197108
v 3.970224 47.200001 -6.929409
v 4.058703 47.200001 -7.634688
v 4.141744 47.200001 -8.299691
v 4.189484 47.200001 -8.911164
v 4.172063 47.200001 -9.455853
v 4.059625 47.200001 -9.920505
v 3.822309 47.200001 -10.291862
v 3.430255 47.200001 -10.556673
v 2.958031 47.200001 -10.572863
v 2.548168 47.200001 -10.411961
v 2.184328 47.200001 -10.102225
v 1.850171 47.200001 -9.671915
v 1.529358 47.200001 -9.149288
v 1.205551 47.200001 -8.562603
v 0.862408 47.200001 -7.940118
v 0.483592 47.200001 -7.310091
v 0.052763 47.200001 -6.700780
v -0.446418 47.200001 -6.140445
v -1.030289 47.200001 -5.657342
v -1.715190 47.200001 -5.279732
v -2.491051 47.200001 -5.182518
v -3.247180 47.200001 -5.230154
v -3.980198 47.200001 -5.390143
v -4.686729 47.200001 -5.629993
v -5.363393 47.200001 -5.917212
v -6.006812 47.200001 -6.219305
v -6.613606 47.200001 -6.503778
v -7.180399 47.200001 -6.738137
v -7.703813 47.200001 -6.889887
v -8.180468 47.200001 -6.926538
v -8.606984 47.200001 -6.815592
v -8.979985 47.200001 -6.524558
v -9.141308 47.200001 -6.080449
v -9.114936 47.200001 -5.640924
v -8.932793 47.200001 -5.199178
v -8.626803 47.200001 -4.748403
v -8.228892 47.200001 -4.281792
v -7.770984 47.200001 -3.792537
v -7.285003 47.200001 -3.273830
v -6.802872 47.200001 -2.718865
v -6.356516 47.200001 -2.120835
v -5.977861 47.200001 -1.472933
v -5.698829 47.200001 -0.768352
v -5.551346 47.200001 -0.000284
v -5.698645 47.200001 0.767644
v -5.977605 47.200001 1.472045
v -6.356279 47.200001 2.119748
v -6.802721 47.200001 2.717580
v -7.284983 47.200001 3.272370
v -7.771117 47.200001 3.790946
v -8.229177 47.200001 4.280135
v -8.627214 47.200001 4.746767
v -8.933281 47.200001 5.197669
v -9.115432 47.200001 5.639669
v -9.141718 47.200001 6.079595
v -8.980191 47.200001 6.524274
v -8.607670 47.200001 6.814939
v -8.181508 47.200001 6.925677
v -7.705097 47.200001 6.888957
v -7.181829 47.200001 6.737241
v -6.615094 47.200001 6.502995
v -6.008283 47.200001 6.218686
v -5.364787 47.200001 5.916780
v -4.687997 47.200001 5.629740
v -3.981306 47.200001 5.390032
v -3.248103 47.200001 5.230122
v -2.491781 47.200001 5.182475
v -1.715730 47.200001 5.279556
v -1.030905 47.200001 5.656949
v -0.447183 47.200001 6.139927
v 0.051802 47.200001 6.700219
v 0.482416 47.200001 7.309551
v 0.861026 47.200001 7.939648
v 1.203997 47.200001 8.562239
v 1.527695 47.200001 9.149047
v 1.848488 47.200001 9.671800
v 2.182741 47.200001 10.102223
v 2.546821 47.200001 10.412045
v 2.957092 47.200001 10.572989
v 3.429922 47.200001 10.556782
v 3.821476 47.200001 10.292313
v 4.058486 47.200001 9.921228
v 4.170781 47.200001 9.456788
v 4.188190 47.200001 8.912247
v 4.140540 47.200001 8.300864
v 4.057661 47.200001 7.635896
v 3.969382 47.200001 6.930601
v 3.905530 47.200001 6.198236
v 3.895934 47.200001 5.452058
v 3.970423 47.200001 4.705327
v 4.158823 47.200001 3.971298
v 4.490967 47.200001 3.263229
v 5.061511 47.200001 2.728543
v 5.701231 47.200001 2.322639
v 6.388295 47.200001 2.021215
v 7.100871 47.200001 1.799971
v 7.817126 47.200001 1.634602
v 8.515228 47.200001 1.500808
v 9.173345 47.200001 1.374287
v 9.769642 47.200001 1.230734
v 10.282290 47.200001 1.045848
v 10.689454 47.200001 0.795328
v 10.969301 47.200001 0.454871
v 9.250000 47.464100 0.000146
v 9.141226 47.464100 -0.378283
v 8.908158 47.464100 -0.661684
v 8.568985 47.464100 -0.870284
v 8.141893 47.464100 -1.024308
v 7.645073 47.464100 -1.143983
v 7.096713 47.464100 -1.249536
v 6.515000 47.464100 -1.361194
v 5.918123 47.464100 -1.499183
v 5.324271 47.464100 -1.683729
v 4.751633 47.464100 -1.935059
v 4.218396 47.464100 -2.273398
v 3.742750 47.464100 -2.718975
v 3.465909 47.464100 -3.308847
v 3.308948 47.464100 -3.920382
v 3.246984 47.464100 -4.542533
v 3.255136 47.464100 -5.164257
v 3.308520 47.464100 -5.774507
v 3.382253 47.464100 -6.362240
v 3.451453 47.464100 -6.916409
v 3.491236 47.464100 -7.425970
v 3.476719 47.464100 -7.879878
v 3.383021 47.464100 -8.267087
v 3.185257 47.464100 -8.576551
v 2.858546 47.464100 -8.797228
v 2.465026 47.464100 -8.810719
v 2.123473 47.464100 -8.676634
v 1.820273 47.464100 -8.418521
v 1.541809 47.464100 -8.059929
v 1.274465 47.464100 -7.624407
v 1.004626 47.464100 -7.135502
v 0.718673 47.464100 -6.616765
v 0.402993 47.464100 -6.091743
v 0.043969 47.464100 -5.583984
v -0.372015 47.464100 -5.117037
v -0.858574 47.464100 -4.714452
v -1.429325 47.464100 -4.399776
v -2.075876 47.464100 -4.318765
v -2.705983 47.464100 -4.358461
v -3.316832 47.464100 -4.491786
v -3.905607 47.464100 -4.691661
v -4.469494 47.464100 -4.931010
v -5.005676 47.464100 -5.182754
v -5.511338 47.464100 -5.419815
v -5.983666 47.464100 -5.615114
v -6.419844 47.464100 -5.741573
v -6.817056 47.464100 -5.772114
v -7.172487 47.464100 -5.679660
v -7.483321 47.464100 -5.437132
v -7.617757 47.464100 -5.067040
v -7.595779 47.464100 -4.700770
v -7.443994 47.464100 -4.332649
v -7.189003 47.464100 -3.957003
v -6.857410 47.464100 -3.568160
v -6.475820 47.464100 -3.160447
v -6.070836 47.464100 -2.728192
v -5.669060 47.464100 -2.265721
v -5.297097 47.464100 -1.767363
v -4.981551 47.464100 -1.227444
v -4.749024 47.464100 -0.640293
v -4.626122 47.464100 -0.000236
v -4.748871 47.464100 0.639703
v -4.981338 47.464100 1.226704
v -5.296899 47.464100 1.766457
v -5.668934 47.464100 2.264650
v -6.070819 47.464100 2.726975
v -6.475931 47.464100 3.159122
v -6.857647 47.464100 3.566779
v -7.189345 47.464100 3.955639
v -7.444401 47.464100 4.331391
v -7.596193 47.464100 4.699724
v -7.618098 47.464100 5.066329
v -7.483493 47.464100 5.436895
v -7.173058 47.464100 5.679115
v -6.817924 47.464100 5.771398
v -6.420915 47.464100 5.740797
v -5.984857 47.464100 5.614367
v -5.512578 47.464100 5.419163
v -5.006902 47.464100 5.182239
v -4.470656 47.464100 4.930650
v -3.906665 47.464100 4.691450
v -3.317755 47.464100 4.491693
v -2.706753 47.464100 4.358435
v -2.076484 47.464100 4.318729
v -1.429775 47.464100 4.399630
v -0.859088 47.464100 4.714124
v -0.372653 47.464100 5.116606
v 0.043168 47.464100 5.583516
v 0.402013 47.464100 6.091292
v 0.717521 47.464100 6.616374
v 1.003331 47.464100 7.135199
v 1.273079 47.464100 7.624206
v 1.540406 47.464100 8.059834
v 1.818951 47.464100 8.418519
v 2.122350 47.464100 8.676703
v 2.464243 47.464100 8.810823
v 2.858268 47.464100 8.797318
v 3.184563 47.464100 8.576927
v 3.382071 47.464100 8.267691
v 3.475651 47.464100 7.880656
v 3.490158 47.464100 7.426872
v 3.450450 47.464100 6.917387
v 3.381384 47.464100 6.363247
v 3.307818 47.464100 5.775501
v 3.254608 47.464100 5.165196
v 3.246612 47.464100 4.543382
v 3.308686 47.464100 3.921105
v 3.465686 47.464100 3.309415
v 3.742472 47.464100 2.719357
v 4.217925 47.464100 2.273786
v 4.751026 47.464100 1.935532
v 5.323579 47.464100 1.684346
v 5.917392 47.464100 1.499975
v 6.514271 47.464100 1.362168
v 7.096024 47.464100 1.250673
v 7.644454 47.464100 1.145239
v 8.141369 47.464100 1.025612
v 8.568575 47.464100 0.871540
v 8.907878 47.464100 0.662774
v 9.141084 47.464100 0.379059
v 7.400000 47.666061 0.000117
v 7.312981 47.666061 -0.302627
v 7.126527 47.666061 -0.529347
v 6.855188 47.666061 -0.696227
v 6.513515 47.666061 -0.819446
v 6.116059 47.666061 -0.915186
v 5.677370 47.666061 -0.999629
v 5.212000 47.666061 -1.088955
v 4.734499 47.666061 -1.199346
v 4.259417 47.666061 -1.346983
v 3.801306 47.666061 -1.548047
v 3.374717 47.666061 -1.818719
v 2.994200 47.666061 -2.175180
v 2.772727 47.666061 -2.647078
v 2.647158 47.666061 -3.136305
v 2.597588 47.666061 -3.634026
v 2.604109 47.666061 -4.131405
v 2.646816 47.666061 -4.619606
v 2.705802 47.666061 -5.089792
v 2.761162 47.666061 -5.533127
v 2.792989 47.666061 -5.940776
v 2.781375 47.666061 -6.303902
v 2.706417 47.666061 -6.613670
v 2.548206 47.666061 -6.861241
v 2.286837 47.666061 -7.037782
v 1.972021 47.666061 -7.048575
v 1.698779 47.666061 -6.941307
v 1.456218 47.666061 -6.734817
v 1.233447 47.666061 -6.447943
v 1.019572 47.666061 -6.099525
v 0.803701 47.666061 -5.708402
v 0.574939 47.666061 -5.293412
v 0.322394 47.666061 -4.873394
v 0.035175 47.666061 -4.467187
v -0.297612 47.666061 -4.093630
v -0.686859 47.666061 -3.771562
v -1.143460 47.666061 -3.519821
v -1.660701 47.666061 -3.455012
v -2.164787 47.666061 -3.486769
v -2.653466 47.666061 -3.593428
v -3.124486 47.666061 -3.753329
v -3.575595 47.666061 -3.944808
v -4.004541 47.666061 -4.146203
v -4.409071 47.666061 -4.335852
v -4.786933 47.666061 -4.492091
v -5.135875 47.666061 -4.593258
v -5.453645 47.666061 -4.617692
v -5.737989 47.666061 -4.543728
v -5.986657 47.666061 -4.349705
v -6.094205 47.666061 -4.053632
v -6.076624 47.666061 -3.760616
v -5.955195 47.666061 -3.466119
v -5.751203 47.666061 -3.165602
v -5.485929 47.666061 -2.854528
v -5.180656 47.666061 -2.528358
v -4.856668 47.666061 -2.182553
v -4.535248 47.666061 -1.812577
v -4.237678 47.666061 -1.413890
v -3.985241 47.666061 -0.981956
v -3.799219 47.666061 -0.512235
v -3.700897 47.666061 -0.000189
v -3.799097 47.666061 0.511763
v -3.985070 47.666061 0.981363
v -4.237520 47.666061 1.413165
v -4.535147 47.666061 1.811720
v -4.856655 47.666061 2.181580
v -5.180745 47.666061 2.527298
v -5.486118 47.666061 2.853424
v -5.751476 47.666061 3.164511
v -5.955521 47.666061 3.465113
v -6.076955 47.666061 3.759779
v -6.094479 47.666061 4.053063
v -5.986794 47.666061 4.349516
v -5.738447 47.666061 4.543293
v -5.454339 47.666061 4.617118
v -5.136732 47.666061 4.592638
v -4.787886 47.666061 4.491494
v -4.410062 47.666061 4.335330
v -4.005522 47.666061 4.145791
v -3.576525 47.666061 3.944520
v -3.125332 47.666061 3.753160
v -2.654204 47.666061 3.593355
v -2.165402 47.666061 3.486748
v -1.661187 47.666061 3.454983
v -1.143820 47.666061 3.519704
v -0.687270 47.666061 3.771299
v -0.298122 47.666061 4.093285
v 0.034534 47.666061 4.466813
v 0.321611 47.666061 4.873034
v 0.574017 47.666061 5.293099
v 0.802665 47.666061 5.708159
v 1.018463 47.666061 6.099365
v 1.232325 47.666061 6.447866
v 1.455161 47.666061 6.734816
v 1.697881 47.666061 6.941363
v 1.971395 47.666061 7.048659
v 2.286615 47.666061 7.037854
v 2.547650 47.666061 6.861541
v 2.705657 47.666061 6.614152
v 2.780521 47.666061 6.304525
v 2.792126 47.666061 5.941498
v 2.760360 47.666061 5.533909
v 2.705107 47.666061 5.090598
v 2.646255 47.666061 4.620401
v 2.603687 47.666061 4.132157
v 2.597289 47.666061 3.634706
v 2.646948 47.666061 3.136884
v 2.772549 47.666061 2.647532
v 2.993978 47.666061 2.175486
v 3.374340 47.666061 1.819028
v 3.800820 47.666061 1.548426
v 4.258863 47.666061 1.347477
v 4.733913 47.666061 1.199980
v 5.211417 47.666061 1.089735
v 5.676819 47.666061 1.000539
v 6.115563 47.666061 0.916191
v 6.513095 47.666061 0.820490
v 6.854860 47.666061 0.697232
v 7.126303 47.666061 0.530219
v 7.312867 47.666061 0.303248
v 5.550000 47.815758 0.000088
v 5.484736 47.815758 -0.226970
v 5.344895 47.815758 -0.397010
v 5.141391 47.815758 -0.522170
v 4.885136 47.815758 -0.614585
v 4.587044 47.815758 -0.686390
v 4.258028 47.815758 -0.749721
v 3.909000 47.815758 -0.816716
v 3.550874 47.815758 -0.899510
v 3.194563 47.815758 -1.010237
v 2.850980 47.815758 -1.161035
v 2.531038 47.815758 -1.364039
v 2.245650 47.815758 -1.631385
v 2.079545 47.815758 -1.985308
v 1.985369 47.815758 -2.352229
v 1.948191 47.815758 -2.725520
v 1.953082 47.815758 -3.098554
v 1.985112 47.815758 -3.464704
v 2.029352 47.815758 -3.817344
v 2.070872 47.815758 -4.149846
v 2.094742 47.815758 -4.455582
v 2.086032 47.815758 -4.727927
v 2.029813 47.815758 -4.960252
v 1.911154 47.815758 -5.145931
v 1.715128 47.815758 -5.278337
v 1.479015 47.815758 -5.286431
v 1.274084 47.815758 -5.205980
v 1.092164 47.815758 -5.051113
v 0.925085 47.815758 -4.835958
v 0.764679 47.815758 -4.574644
v 0.602775 47.815758 -4.281301
v 0.431204 47.815758 -3.970059
v 0.241796 47.815758 -3.655046
v 0.026381 47.815758 -3.350390
v -0.223209 47.815758 -3.070222
v -0.515144 47.815758 -2.828671
v -0.857595 47.815758 -2.639866
v -1.245525 47.815758 -2.591259
v -1.623590 47.815758 -2.615077
v -1.990099 47.815758 -2.695071
v -2.343364 47.815758 -2.814997
v -2.681696 47.815758 -2.958606
v -3.003406 47.815758 -3.109652
v -3.306803 47.815758 -3.251889
v -3.590199 47.815758 -3.369068
v -3.851906 47.815758 -3.444944
v -4.090234 47.815758 -3.463269
v -4.303492 47.815758 -3.407796
v -4.489993 47.815758 -3.262279
v -4.570654 47.815758 -3.040224
v -4.557468 47.815758 -2.820462
v -4.466396 47.815758 -2.599589
v -4.313402 47.815758 -2.374202
v -4.114446 47.815758 -2.140896
v -3.885492 47.815758 -1.896268
v -3.642501 47.815758 -1.636915
v -3.401436 47.815758 -1.359433
v -3.178258 47.815758 -1.060418
v -2.988930 47.815758 -0.736467
v -2.849415 47.815758 -0.384176
v -2.775673 47.815758 -0.000142
v -2.849323 47.815758 0.383822
v -2.988803 47.815758 0.736023
v -3.178140 47.815758 1.059874
v -3.401361 47.815758 1.358790
v -3.642491 47.815758 1.636185
v -3.885559 47.815758 1.895473
v -4.114588 47.815758 2.140068
v -4.313607 47.815758 2.373383
v -4.466640 47.815758 2.598835
v -4.557716 47.815758 2.819834
v -4.570859 47.815758 3.039797
v -4.490096 47.815758 3.262137
v -4.303835 47.815758 3.407469
v -4.090754 47.815758 3.462839
v -3.852549 47.815758 3.444478
v -3.590914 47.815758 3.368620
v -3.307547 47.815758 3.251498
v -3.004141 47.815758 3.109343
v -2.682394 47.815758 2.958390
v -2.343999 47.815758 2.814870
v -1.990653 47.815758 2.695016
v -1.624052 47.815758 2.615061
v -1.245891 47.815758 2.591237
v -0.857865 47.815758 2.639778
v -0.515453 47.815758 2.828474
v -0.223592 47.815758 3.069964
v 0.025901 47.815758 3.350110
v 0.241208 47.815758 3.654775
v 0.430513 47.815758 3.969824
v 0.601999 47.815758 4.281119
v 0.763848 47.815758 4.574523
v 0.924244 47.815758 4.835900
v 1.091371 47.815758 5.051112
v 1.273410 47.815758 5.206022
v 1.478546 47.815758 5.286494
v 1.714961 47.815758 5.278391
v 1.910738 47.815758 5.146156
v 2.029243 47.815758 4.960614
v 2.085391 47.815758 4.728394
v 2.094095 47.815758 4.456123
v 2.070270 47.815758 4.150432
v 2.028830 47.815758 3.817948
v 1.984691 47.815758 3.465301
v 1.952765 47.815758 3.099118
v 1.947967 47.815758 2.726029
v 1.985211 47.815758 2.352663
v 2.079412 47.815758 1.985649
v 2.245483 47.815758 1.631614
v 2.530755 47.815758 1.364271
v 2.850615 47.815758 1.161319
v 3.194147 47.815758 1.010608
v 3.550435 47.815758 0.899985
v 3.908563 47.815758 0.817301
v 4.257614 47.815758 0.750404
v 4.586672 47.815758 0.687143
v 4.884821 47.815758 0.615367
v 5.141145 47.815758 0.522924
v 5.344727 47.815758 0.397664
v 5.484651 47.815758 0.227436
v 3.700000 47.919182 0.000058
v 3.656491 47.919182 -0.151313
v 3.563263 47.919182 -0.264674
v 3.427594 47.919182 -0.348113
v 3.256757 47.919182 -0.409723
v 3.058029 47.919182 -0.457593
v 2.838685 47.919182 -0.499814
v 2.606000 47.919182 -0.544478
v 2.367249 47.919182 -0.599673
v 2.129709 47.919182 -0.673492
v 1.900653 47.919182 -0.774023
v 1.687358 47.919182 -0.909359
v 1.497100 47.919182 -1.087590
v 1.386364 47.919182 -1.323539
v 1.323579 47.919182 -1.568153
v 1.298794 47.919182 -1.817013
v 1.302054 47.919182 -2.065703
v 1.323408 47.919182 -2.309803
v 1.352901 47.919182 -2.544896
v 1.380581 47.919182 -2.766564
v 1.396495 47.919182 -2.970388
v 1.390688 47.919182 -3.151951
v 1.353208 47.919182 -3.306835
v 1.274103 47.919182 -3.430621
v 1.143418 47.919182 -3.518891
v 0.986010 47.919182 -3.524287
v 0.849389 47.919182 -3.470654
v 0.728109 47.919182 -3.367409
v 0.616724 47.919182 -3.223972
v 0.509786 47.919182 -3.049763
v 0.401850 47.919182 -2.854201
v 0.287469 47.919182 -2.646706
v 0.161197 47.919182 -2.436697
v 0.017588 47.919182 -2.233593
v -0.148806 47.919182 -2.046815
v -0.343430 47.919182 -1.885781
v -0.571730 47.919182 -1.759911
v -0.830350 47.919182 -1.727506
v -1.082393 47.919182 -1.743384
v -1.326733 47.919182 -1.796714
v -1.562243 47.919182 -1.876665
v -1.787798 47.919182 -1.972404
v -2.002270 47.919182 -2.073102
v -2.204535 47.919182 -2.167926
v -2.393466 47.919182 -2.246046
v -2.567938 47.919182 -2.296629
v -2.726822 47.919182 -2.308846
v -2.868995 47.919182 -2.271864
v -2.993329 47.919182 -2.174853
v -3.047103 47.919182 -2.026816
v -3.038312 47.919182 -1.880308
v -2.977598 47.919182 -1.733059
v -2.875601 47.919182 -1.582801
v -2.742964 47.919182 -1.427264
v -2.590328 47.919182 -1.264179
v -2.428334 47.919182 -1.091277
v -2.267624 47.919182 -0.906288
v -2.118839 47.919182 -0.706945
v -1.992620 47.919182 -0.490978
v -1.899610 47.919182 -0.256117
v -1.850449 47.919182 -0.000095
v -1.899548 47.919182 0.255881
v -1.992535 47.919182 0.490682
v -2.118760 47.919182 0.706583
v -2.267574 47.919182 0.905860
v -2.428328 47.919182 1.090790
v -2.590372 47.919182 1.263649
v -2.743059 47.919182 1.426712
v -2.875738 47.919182 1.582256
v -2.977760 47.919182 1.732556
v -3.038477 47.919182 1.879890
v -3.047239 47.919182 2.026532
v -2.993397 47.919182 2.174758
v -2.869223 47.919182 2.271646
v -2.727169 47.919182 2.308559
v -2.568366 47.919182 2.296319
v -2.393943 47.919182 2.245747
v -2.205031 47.919182 2.167665
v -2.002761 47.919182 2.072896
v -1.788262 47.919182 1.972260
v -1.562666 47.919182 1.876580
v -1.327102 47.919182 1.796677
v -1.082701 47.919182 1.743374
v -0.830594 47.919182 1.727492
v -0.571910 47.919182 1.759852
v -0.343635 47.919182 1.885649
v -0.149061 47.919182 2.046643
v 0.017267 47.919182 2.233406
v 0.160805 47.919182 2.436517
v 0.287009 47.919182 2.646549
v 0.401332 47.919182 2.854079
v 0.509232 47.919182 3.049682
v 0.616163 47.919182 3.223933
v 0.727580 47.919182 3.367408
v 0.848940 47.919182 3.470681
v 0.985697 47.919182 3.524329
v 1.143307 47.919182 3.518927
v 1.273825 47.919182 3.430771
v 1.352829 47.919182 3.307076
v 1.390260 47.919182 3.152262
v 1.396063 47.919182 2.970749
v 1.380180 47.919182 2.766955
v 1.352553 47.919182 2.545299
v 1.323127 47.919182 2.310200
v 1.301843 47.919182 2.066079
v 1.298645 47.919182 1.817353
v 1.323474 47.919182 1.568442
v 1.386275 47.919182 1.323766
v 1.496989 47.919182 1.087743
v 1.687170 47.919182 0.909514
v 1.900410 47.919182 0.774213
v 2.129431 47.919182 0.673738
v 2.366957 47.919182 0.599990
v 2.605709 47.919182 0.544867
v 2.838409 47.919182 0.500269
v 3.057781 47.919182 0.458096
v 3.256547 47.919182 0.410245
v 3.427430 47.919182 0.348616
v 3.563151 47.919182 0.265109
v 3.656434 47.919182 0.151624
v 1.850000 47.979950 0.000029
v 1.828245 47.979950 -0.075657
v 1.781632 47.979950 -0.132337
v 1.713797 47.979950 -0.174057
v 1.628379 47.979950 -0.204862
v 1.529015 47.979950 -0.228797
v 1.419343 47.979950 -0.249907
v 1.303000 47.979950 -0.272239
v 1.183625 47.979950 -0.299837
v 1.064854 47.979950 -0.336746
v 0.950327 47.979950 -0.387012
v 0.843679 47.979950 -0.454680
v 0.748550 47.979950 -0.543795
v 0.693182 47.979950 -0.661769
v 0.661790 47.979950 -0.784076
v 0.649397 47.979950 -0.908507
v 0.651027 47.979950 -1.032851
v 0.661704 47.979950 -1.154901
v 0.676451 47.979950 -1.272448
v 0.690291 47.979950 -1.383282
v 0.698247 47.979950 -1.485194
v 0.695344 47.979950 -1.575976
v 0.676604 47.979950 -1.653417
v 0.637051 47.979950 -1.715310
v 0.571709 47.979950 -1.759446
v 0.493005 47.979950 -1.762144
v 0.424695 47.979950 -1.735327
v 0.364055 47.979950 -1.683704
v 0.308362 47.979950 -1.611986
v 0.254893 47.979950 -1.524881
v 0.200925 47.979950 -1.427101
v 0.143735 47.979950 -1.323353
v 0.080599 47.979950 -1.218349
v 0.008794 47.979950 -1.116797
v -0.074403 47.979950 -1.023407
v -0.171715 47.979950 -0.942890
v -0.285865 47.979950 -0.879955
v -0.415175 47.979950 -0.863753
v -0.541197 47.979950 -0.871692
v -0.663366 47.979950 -0.898357
v -0.781121 47.979950 -0.938332
v -0.893899 47.979950 -0.986202
v -1.001135 47.979950 -1.036551
v -1.102268 47.979950 -1.083963
v -1.196733 47.979950 -1.123023
v -1.283969 47.979950 -1.148315
v -1.363411 47.979950 -1.154423
v -1.434497 47.979950 -1.135932
v -1.496664 47.979950 -1.087426
v -1.523551 47.979950 -1.013408
v -1.519156 47.979950 -0.940154
v -1.488799 47.979950 -0.866530
v -1.437801 47.979950 -0.791401
v -1.371482 47.979950 -0.713632
v -1.295164 47.979950 -0.632089
v -1.214167 47.979950 -0.545638
v -1.133812 47.979950 -0.453144
v -1.059419 47.979950 -0.353473
v -0.996310 47.979950 -0.245489
v -0.949805 47.979950 -0.128059
v -0.925224 47.979950 -0.000047
v -0.949774 47.979950 0.127941
v -0.996268 47.979950 0.245341
v -1.059380 47.979950 0.353291
v -1.133787 47.979950 0.452930
v -1.214164 47.979950 0.545395
v -1.295186 47.979950 0.631824
v -1.371529 47.979950 0.713356
v -1.437869 47.979950 0.791128
v -1.488880 47.979950 0.866278
v -1.519239 47.979950 0.939945
v -1.523620 47.979950 1.013266
v -1.496699 47.979950 1.087379
v -1.434612 47.979950 1.135823
v -1.363585 47.979950 1.154280
v -1.284183 47.979950 1.148159
v -1.196971 47.979950 1.122873
v -1.102516 47.979950 1.083833
v -1.001380 47.979950 1.036448
v -0.894131 47.979950 0.986130
v -0.781333 47.979950 0.938290
v -0.663551 47.979950 0.898339
v -0.541351 47.979950 0.871687
v -0.415297 47.979950 0.863746
v -0.285955 47.979950 0.879926
v -0.171818 47.979950 0.942825
v -0.074531 47.979950 1.023321
v 0.008634 47.979950 1.116703
v 0.080403 47.979950 1.218258
v 0.143504 47.979950 1.323275
v 0.200666 47.979950 1.427040
v 0.254616 47.979950 1.524841
v 0.308081 47.979950 1.611967
v 0.363790 47.979950 1.683704
v 0.424470 47.979950 1.735341
v 0.492849 47.979950 1.762165
v 0.571654 47.979950 1.759464
v 0.636913 47.979950 1.715385
v 0.676414 47.979950 1.653538
v 0.695130 47.979950 1.576131
v 0.698032 47.979950 1.485374
v 0.690090 47.979950 1.383477
v 0.676277 47.979950 1.272649
v 0.661564 47.979950 1.155100
v 0.650922 47.979950 1.033039
v 0.649322 47.979950 0.908676
v 0.661737 47.979950 0.784221
v 0.693137 47.979950 0.661883
v 0.748494 47.979950 0.543871
v 0.843585 47.979950 0.454757
v 0.950205 47.979950 0.387106
v 1.064716 47.979950 0.336869
v 1.183478 47.979950 0.299995
v 1.302854 47.979950 0.272434
v 1.419205 47.979950 0.250135
v 1.528891 47.979950 0.229048
v 1.628274 47.979950 0.205122
v 1.713715 47.979950 0.174308
v 1.781576 47.979950 0.132555
v 1.828217 47.979950 0.075812
v 0.000000 48.000000 0.000000
vn 0.7600 -0.6499 -0.0000
vn 0.6617 -0.6642 -0.3479
vn 0.4867 -0.6718 -0.5584
vn 0.3162 -0.6848 -0.6566
vn 0.2065 -0.6950 -0.6888
vn 0.1507 -0.7019 -0.6961
vn 0.1335 -0.7070 -0.6945
vn 0.1454 -0.7114 -0.6876
vn 0.1825 -0.7155 -0.6743
vn 0.2428 -0.7200 -0.6502
vn 0.3240 -0.7246 -0.6083
vn 0.4193 -0.7288 -0.5413
vn 0.5332 -0.7521 -0.3874
vn 0.6444 -0.7288 -0.2316
vn 0.6786 -0.7246 -0.1202
vn 0.6934 -0.7200 -0.0299
vn 0.6977 -0.7155 0.0350
vn 0.6989 -0.7114 0.0744
vn 0.7017 -0.7070 0.0878
vn 0.7086 -0.7019 0.0719
vn 0.7189 -0.6950 0.0165
vn 0.7222 -0.6847 -0.0979
vn 0.6814 -0.6718 -0.2905
vn 0.5353 -0.6642 -0.5218
vn 0.2349 -0.6499 -0.7228
vn -0.1264 -0.6642 -0.7368
vn -0.3806 -0.6718 -0.6355
vn -0.5268 -0.6848 -0.5036
vn -0.5912 -0.6950 -0.4092
vn -0.6154 -0.7019 -0.3585
vn -0.6192 -0.7070 -0.3415
vn -0.6090 -0.7114 -0.3508
vn -0.5849 -0.7155 -0.3819
vn -0.5433 -0.7200 -0.4318
vn -0.4784 -0.7246 -0.4961
vn -0.3852 -0.7288 -0.5661
vn -0.2037 -0.7521 -0.6268
vn -0.0211 -0.7288 -0.6844
vn 0.0954 -0.7246 -0.6825
vn 0.1858 -0.7200 -0.6687
vn 0.2489 -0.7155 -0.6527
vn 0.2867 -0.7114 -0.6417
vn 0.3004 -0.7070 -0.6402
vn 0.2873 -0.7019 -0.6517
vn 0.2379 -0.6949 -0.6786
vn 0.1301 -0.6847 -0.7171
vn -0.0657 -0.6718 -0.7378
vn -0.3309 -0.6642 -0.6703
vn -0.6149 -0.6499 -0.4467
vn -0.7398 -0.6642 -0.1075
vn -0.7220 -0.6718 0.1656
vn -0.6417 -0.6848 0.3454
vn -0.5719 -0.6950 0.4359
vn -0.5311 -0.7019 0.4745
vn -0.5162 -0.7070 0.4834
vn -0.5218 -0.7114 0.4708
vn -0.5440 -0.7155 0.4383
vn -0.5786 -0.7200 0.3833
vn -0.6197 -0.7246 0.3016
vn -0.6574 -0.7288 0.1915
vn -0.6591 -0.7521 0.0001
vn -0.6574 -0.7288 -0.1914
vn -0.6196 -0.7246 -0.3017
vn -0.5785 -0.7200 -0.3834
vn -0.5438 -0.7155 -0.4384
vn -0.5217 -0.7114 -0.4710
vn -0.5161 -0.7070 -0.4835
vn -0.5310 -0.7019 -0.4747
vn -0.5719 -0.6950 -0.4359
vn -0.6418 -0.6847 -0.3453
vn -0.7220 -0.6718 -0.1655
vn -0.7398 -0.6642 0.1076
vn -0.6149 -0.6499 0.4467
vn -0.3308 -0.6642 0.6704
vn -0.0656 -0.6718 0.7378
vn 0.1302 -0.6848 0.7171
vn 0.2378 -0.6950 0.6786
vn 0.2872 -0.7019 0.6518
vn 0.3002 -0.7070 0.6403
vn 0.2865 -0.7114 0.6418
vn 0.2487 -0.7155 0.6528
vn 0.1857 -0.7200 0.6687
vn 0.0954 -0.7246 0.6826
vn -0.0211 -0.7288 0.6844
vn -0.2036 -0.7521 0.6268
vn -0.3852 -0.7288 0.5661
vn -0.4784 -0.7246 0.4961
vn -0.5434 -0.7200 0.4317
vn -0.5850 -0.7155 0.3817
vn -0.6091 -0.7114 0.3506
vn -0.6193 -0.7070 0.3414
vn -0.6155 -0.7019 0.3584
vn -0.5913 -0.6950 0.4092
vn -0.5267 -0.6847 0.5037
vn -0.3805 -0.6718 0.6355
vn -0.1263 -0.6642 0.7368
vn 0.2349 -0.6499 0.7228
vn 0.5353 -0.6642 0.5218
vn 0.6814 -0.6718 0.2904
vn 0.7222 -0.6848 0.0978
vn 0.7189 -0.6950 -0.0165
vn 0.7086 -0.7019 -0.0717
vn 0.7017 -0.7070 -0.0876
vn 0.6989 -0.7114 -0.0742
vn 0.6977 -0.7155 -0.0349
vn 0.6934 -0.7200 0.0300
vn 0.6786 -0.7246 0.1202
vn 0.6444 -0.7288 0.2315
vn 0.5332 -0.7521 0.3873
vn 0.4194 -0.7288 0.5413
vn 0.3240 -0.7246 0.6083
vn 0.2427 -0.7200 0.6502
vn 0.1823 -0.7155 0.6744
vn 0.1452 -0.7114 0.6877
vn 0.1333 -0.7070 0.6945
vn 0.1506 -0.7019 0.6961
vn 0.2064 -0.6950 0.6888
vn 0.3162 -0.6847 0.6566
vn 0.4869 -0.6718 0.5583
vn 0.6617 -0.6642 0.3478
vn 1.0000 -0.0000 -0.0000
vn 0.8851 -0.0000 -0.4654
vn 0.6571 -0.0000 -0.7538
vn 0.4338 -0.0000 -0.9010
vn 0.2871 -0.0000 -0.9579
vn 0.2117 -0.0000 -0.9773
vn 0.1888 -0.0000 -0.9820
vn 0.2069 -0.0000 -0.9784
vn 0.2612 -0.0000 -0.9653
vn 0.3499 -0.0000 -0.9368
vn 0.4702 -0.0000 -0.8826
vn 0.6124 -0.0000 -0.7906
vn 0.8090 -0.0000 -0.5879
vn 0.9411 -0.0000 -0.3382
vn 0.9847 -0.0000 -0.1744
vn 0.9991 -0.0000 -0.0431
vn 0.9987 -0.0000 0.0502
vn 0.9944 -0.0000 0.1058
vn 0.9923 -0.0000 0.1242
vn 0.9949 -0.0000 0.1009
vn 0.9997 -0.0000 0.0230
vn 0.9909 -0.0000 -0.1343
vn 0.9199 -0.0000 -0.3922
vn 0.7160 -0.0000 -0.6981
vn 0.3090 -0.0000 -0.9511
vn -0.1691 -0.0000 -0.9856
vn -0.5139 -0.0000 -0.8579
vn -0.7228 -0.0000 -0.6910
vn -0.8223 -0.0000 -0.5691
vn -0.8641 -0.0000 -0.5033
vn -0.8756 -0.0000 -0.4830
vn -0.8665 -0.0000 -0.4991
vn -0.8373 -0.0000 -0.5467
vn -0.7828 -0.0000 -0.6222
vn -0.6941 -0.0000 -0.7199
vn -0.5626 -0.0000 -0.8267
vn -0.3091 -0.0000 -0.9510
vn -0.0309 -0.0000 -0.9995
vn 0.1385 -0.0000 -0.9904
vn 0.2678 -0.0000 -0.9635
vn 0.3563 -0.0000 -0.9344
vn 0.4079 -0.0000 -0.9130
vn 0.4247 -0.0000 -0.9053
vn 0.4034 -0.0000 -0.9150
vn 0.3308 -0.0000 -0.9437
vn 0.1785 -0.0000 -0.9839
vn -0.0888 -0.0000 -0.9961
vn -0.4426 -0.0000 -0.8967
vn -0.8090 -0.0000 -0.5878
vn -0.9896 -0.0000 -0.1437
vn -0.9747 -0.0000 0.2236
vn -0.8806 -0.0000 0.4739
vn -0.7953 -0.0000 0.6062
vn -0.7457 -0.0000 0.6663
vn -0.7299 -0.0000 0.6835
vn -0.7425 -0.0000 0.6699
vn -0.7787 -0.0000 0.6274
vn -0.8337 -0.0000 0.5522
vn -0.8991 -0.0000 0.4377
vn -0.9601 -0.0000 0.2796
vn -1.0000 -0.0000 0.0001
vn -0.9601 -0.0000 -0.2795
vn -0.8991 -0.0000 -0.4377
vn -0.8336 -0.0000 -0.5524
vn -0.7785 -0.0000 -0.6276
vn -0.7423 -0.0000 -0.6701
vn -0.7298 -0.0000 -0.6837
vn -0.7456 -0.0000 -0.6664
vn -0.7953 -0.0000 -0.6062
vn -0.8806 -0.0000 -0.4738
vn -0.9747 -0.0000 -0.2234
vn -0.9896 -0.0000 0.1439
vn -0.8090 -0.0000 0.5878
vn -0.4425 -0.0000 0.8968
vn -0.0885 -0.0000 0.9961
vn 0.1786 -0.0000 0.9839
vn 0.3307 -0.0000 0.9437
vn 0.4032 -0.0000 0.9151
vn 0.4245 -0.0000 0.9054
vn 0.4077 -0.0000 0.9131
vn 0.3561 -0.0000 0.9345
vn 0.2676 -0.0000 0.9635
vn 0.1384 -0.0000 0.9904
vn -0.0308 -0.0000 0.9995
vn -0.3089 -0.0000 0.9511
vn -0.5625 -0.0000 0.8268
vn -0.6941 -0.0000 0.7198
vn -0.7830 -0.0000 0.6221
vn -0.8375 -0.0000 0.5465
vn -0.8667 -0.0000 0.4989
vn -0.8758 -0.0000 0.4828
vn -0.8642 -0.0000 0.5032
vn -0.8223 -0.0000 0.5690
vn -0.7228 -0.0000 0.6911
vn -0.5137 -0.0000 0.8580
vn -0.1690 -0.0000 0.9856
vn 0.3090 -0.0000 0.9511
vn 0.7161 -0.0000 0.6980
vn 0.9200 -0.0000 0.3920
vn 0.9910 -0.0000 0.1342
vn 0.9997 -0.0000 -0.0229
vn 0.9949 -0.0000 -0.1007
vn 0.9923 -0.0000 -0.1239
vn 0.9944 -0.0000 -0.1055
vn 0.9988 -0.0000 -0.0499
vn 0.9991 -0.0000 0.0433
vn 0.9847 -0.0000 0.1744
vn 0.9411 -0.0000 0.3381
vn 0.8091 -0.0000 0.5877
vn 0.6125 -0.0000 0.7905
vn 0.4701 -0.0000 0.8826
vn 0.3497 -0.0000 0.9369
vn 0.2609 -0.0000 0.9654
vn 0.2066 -0.0000 0.9784
vn 0.1885 -0.0000 0.9821
vn 0.2115 -0.0000 0.9774
vn 0.2871 -0.0000 0.9579
vn 0.4339 -0.0000 0.9009
vn 0.6573 -0.0000 0.7537
vn 0.8852 -0.0000 0.4653
vn 0.9278 0.3730 -0.0000
vn 0.8324 0.3585 -0.4225
vn 0.6400 0.3109 -0.7027
vn 0.4367 0.2450 -0.8656
vn 0.2925 0.1882 -0.9376
vn 0.2137 0.1548 -0.9646
vn 0.1869 0.1427 -0.9720
vn 0.2013 0.1466 -0.9685
vn 0.2519 0.1618 -0.9541
vn 0.3367 0.1846 -0.9233
vn 0.4528 0.2103 -0.8665
vn 0.5911 0.2328 -0.7723
vn 0.7836 0.2486 -0.5694
vn 0.9171 0.2328 -0.3236
vn 0.9640 0.2103 -0.1628
vn 0.9822 0.1845 -0.0347
vn 0.9853 0.1618 0.0555
vn 0.9833 0.1465 0.1081
vn 0.9821 0.1427 0.1229
vn 0.9834 0.1548 0.0950
vn 0.9821 0.1882 0.0116
vn 0.9582 0.2450 -0.1479
vn 0.8660 0.3110 -0.3917
vn 0.6590 0.3585 -0.6612
vn 0.2867 0.3730 -0.8824
vn -0.1446 0.3585 -0.9223
vn -0.4705 0.3109 -0.8258
vn -0.6883 0.2450 -0.6828
vn -0.8013 0.1882 -0.5679
vn -0.8513 0.1548 -0.5013
vn -0.8666 0.1427 -0.4781
vn -0.8589 0.1466 -0.4907
vn -0.8296 0.1618 -0.5344
vn -0.7741 0.1846 -0.6056
vn -0.6841 0.2103 -0.6984
vn -0.5518 0.2328 -0.8008
vn -0.2994 0.2486 -0.9212
vn -0.0243 0.2328 -0.9722
vn 0.1430 0.2103 -0.9671
vn 0.2705 0.1845 -0.9449
vn 0.3573 0.1618 -0.9199
vn 0.4067 0.1465 -0.9018
vn 0.4203 0.1427 -0.8961
vn 0.3942 0.1548 -0.9059
vn 0.3145 0.1882 -0.9304
vn 0.1554 0.2450 -0.9570
vn -0.1049 0.3110 -0.9446
vn -0.4252 0.3585 -0.8311
vn -0.7506 0.3730 -0.5454
vn -0.9218 0.3585 -0.1475
vn -0.9308 0.3109 0.1923
vn -0.8621 0.2450 0.4436
vn -0.7877 0.1882 0.5866
vn -0.7398 0.1548 0.6547
vn -0.7225 0.1427 0.6765
vn -0.7321 0.1466 0.6652
vn -0.7646 0.1618 0.6238
vn -0.8151 0.1846 0.5491
vn -0.8756 0.2103 0.4348
vn -0.9321 0.2328 0.2774
vn -0.9686 0.2486 0.0001
vn -0.9322 0.2328 -0.2773
vn -0.8756 0.2103 -0.4349
vn -0.8150 0.1845 -0.5493
vn -0.7645 0.1618 -0.6240
vn -0.7320 0.1465 -0.6654
vn -0.7223 0.1427 -0.6767
vn -0.7397 0.1548 -0.6549
vn -0.7877 0.1882 -0.5866
vn -0.8621 0.2450 -0.4435
vn -0.9308 0.3110 -0.1921
vn -0.9218 0.3585 0.1475
vn -0.7506 0.3730 0.5454
vn -0.4251 0.3585 0.8311
vn -0.1047 0.3109 0.9447
vn 0.1555 0.2450 0.9570
vn 0.3145 0.1882 0.9304
vn 0.3941 0.1548 0.9060
vn 0.4201 0.1427 0.8962
vn 0.4064 0.1466 0.9019
vn 0.3570 0.1618 0.9200
vn 0.2703 0.1846 0.9449
vn 0.1430 0.2103 0.9671
vn -0.0242 0.2328 0.9722
vn -0.2992 0.2486 0.9212
vn -0.5518 0.2328 0.8009
vn -0.6842 0.2103 0.6983
vn -0.7742 0.1845 0.6054
vn -0.8297 0.1618 0.5342
vn -0.8590 0.1465 0.4905
vn -0.8668 0.1427 0.4779
vn -0.8514 0.1548 0.5012
vn -0.8013 0.1882 0.5678
vn -0.6882 0.2450 0.6829
vn -0.4704 0.3110 0.8259
vn -0.1445 0.3585 0.9223
vn 0.2867 0.3730 0.8824
vn 0.6591 0.3585 0.6611
vn 0.8661 0.3109 0.3915
vn 0.9582 0.2450 0.1478
vn 0.9821 0.1882 -0.0116
vn 0.9834 0.1548 -0.0948
vn 0.9821 0.1427 -0.1226
vn 0.9833 0.1466 -0.1078
vn 0.9853 0.1618 -0.0552
vn 0.9822 0.1846 0.0349
vn 0.9640 0.2103 0.1629
vn 0.9172 0.2328 0.3235
vn 0.7837 0.2486 0.5693
vn 0.5911 0.2328 0.7722
vn 0.4527 0.2103 0.8665
vn 0.3365 0.1845 0.9234
vn 0.2517 0.1618 0.9542
vn 0.2010 0.1465 0.9686
vn 0.1866 0.1427 0.9720
vn 0.2135 0.1548 0.9646
vn 0.2924 0.1882 0.9376
vn 0.4368 0.2450 0.8656
vn 0.6401 0.3110 0.7025
vn 0.8325 0.3585 0.4225
vn 0.5469 0.8372 -0.0000
vn 0.5090 0.8136 -0.2809
vn 0.4280 0.7447 -0.5120
vn 0.3257 0.6469 -0.6895
vn 0.2397 0.5500 -0.8000
vn 0.1862 0.4829 -0.8557
vn 0.1679 0.4574 -0.8733
vn 0.1815 0.4690 -0.8643
vn 0.2229 0.5065 -0.8329
vn 0.2878 0.5570 -0.7791
vn 0.3708 0.6078 -0.7022
vn 0.4651 0.6474 -0.6038
vn 0.5976 0.6741 -0.4342
vn 0.7179 0.6474 -0.2559
vn 0.7824 0.6078 -0.1356
vn 0.8299 0.5569 -0.0328
vn 0.8611 0.5064 0.0456
vn 0.8782 0.4689 0.0947
vn 0.8824 0.4573 0.1104
vn 0.8713 0.4829 0.0875
vn 0.8349 0.5501 0.0193
vn 0.7563 0.6470 -0.0967
vn 0.6191 0.7448 -0.2490
vn 0.4244 0.8137 -0.3973
vn 0.1690 0.8372 -0.5202
vn -0.1099 0.8136 -0.5709
vn -0.3547 0.7447 -0.5653
vn -0.5552 0.6469 -0.5228
vn -0.6868 0.5500 -0.4752
vn -0.7562 0.4829 -0.4415
vn -0.7787 0.4574 -0.4295
vn -0.7659 0.4690 -0.4397
vn -0.7233 0.5065 -0.4694
vn -0.6520 0.5570 -0.5144
vn -0.5532 0.6078 -0.5696
vn -0.4305 0.6474 -0.6290
vn -0.2283 0.6741 -0.7025
vn -0.0215 0.6474 -0.7619
vn 0.1128 0.6078 -0.7860
vn 0.2253 0.5569 -0.7994
vn 0.3095 0.5064 -0.8049
vn 0.3615 0.4689 -0.8059
vn 0.3777 0.4573 -0.8051
vn 0.3524 0.4829 -0.8016
vn 0.2764 0.5501 -0.7881
vn 0.1417 0.6470 -0.7492
vn -0.0455 0.7448 -0.6657
vn -0.2468 0.8137 -0.5264
vn -0.4425 0.8372 -0.3215
vn -0.5769 0.8136 -0.0719
vn -0.6473 0.7447 0.1626
vn -0.6688 0.6469 0.3664
vn -0.6642 0.5500 0.5064
vn -0.6536 0.4829 0.5828
vn -0.6491 0.4574 0.6078
vn -0.6549 0.4690 0.5926
vn -0.6699 0.5065 0.5428
vn -0.6907 0.5570 0.4611
vn -0.7127 0.6078 0.3501
vn -0.7312 0.6474 0.2151
vn -0.7387 0.6741 0.0001
vn -0.7312 0.6474 -0.2150
vn -0.7127 0.6078 -0.3502
vn -0.6907 0.5569 -0.4613
vn -0.6698 0.5064 -0.5430
vn -0.6548 0.4689 -0.5928
vn -0.6490 0.4573 -0.6080
vn -0.6535 0.4829 -0.5829
vn -0.6641 0.5501 -0.5064
vn -0.6687 0.6470 -0.3663
vn -0.6472 0.7448 -0.1625
vn -0.5769 0.8137 0.0720
vn -0.4425 0.8372 0.3215
vn -0.2467 0.8136 0.5265
vn -0.0453 0.7447 0.6658
vn 0.1418 0.6469 0.7493
vn 0.2764 0.5500 0.7881
vn 0.3523 0.4829 0.8017
vn 0.3775 0.4574 0.8052
vn 0.3612 0.4690 0.8059
vn 0.3092 0.5065 0.8049
vn 0.2251 0.5570 0.7994
vn 0.1128 0.6078 0.7860
vn -0.0214 0.6474 0.7619
vn -0.2282 0.6741 0.7025
vn -0.4304 0.6474 0.6290
vn -0.5533 0.6078 0.5696
vn -0.6521 0.5569 0.5143
vn -0.7235 0.5064 0.4692
vn -0.7661 0.4689 0.4395
vn -0.7788 0.4573 0.4293
vn -0.7563 0.4829 0.4414
vn -0.6868 0.5501 0.4751
vn -0.5550 0.6470 0.5228
vn -0.3545 0.7448 0.5653
vn -0.1098 0.8137 0.5709
vn 0.1690 0.8372 0.5202
vn 0.4245 0.8136 0.3973
vn 0.6192 0.7447 0.2489
vn 0.7564 0.6469 0.0967
vn 0.8349 0.5500 -0.0193
vn 0.8713 0.4829 -0.0873
vn 0.8824 0.4574 -0.1102
vn 0.8781 0.4690 -0.0945
vn 0.8610 0.5065 -0.0454
vn 0.8299 0.5570 0.0330
vn 0.7824 0.6078 0.1357
vn 0.7180 0.6474 0.2558
vn 0.5976 0.6741 0.4341
vn 0.4652 0.6474 0.6037
vn 0.3707 0.6078 0.7022
vn 0.2876 0.5569 0.7792
vn 0.2227 0.5064 0.8330
vn 0.1813 0.4689 0.8645
vn 0.1677 0.4573 0.8734
vn 0.1861 0.4829 0.8557
vn 0.2396 0.5501 0.8000
vn 0.3257 0.6470 0.6894
vn 0.4281 0.7448 0.5119
vn 0.5090 0.8137 0.2808
vn 0.2954 0.9554 -0.0000
vn 0.2862 0.9447 -0.1600
vn 0.2629 0.9095 -0.3220
vn 0.2235 0.8443 -0.4870
vn 0.1804 0.7661 -0.6168
vn 0.1488 0.7062 -0.6922
vn 0.1376 0.6844 -0.7160
vn 0.1480 0.6995 -0.6992
vn 0.1763 0.7373 -0.6521
vn 0.2177 0.7819 -0.5841
vn 0.2678 0.8212 -0.5039
vn 0.3238 0.8483 -0.4189
vn 0.4086 0.8631 -0.2969
vn 0.4985 0.8483 -0.1786
vn 0.5620 0.8212 -0.0989
vn 0.6229 0.7819 -0.0265
vn 0.6748 0.7372 0.0340
vn 0.7108 0.6993 0.0755
vn 0.7236 0.6843 0.0906
vn 0.7043 0.7061 0.0725
vn 0.6423 0.7662 0.0191
vn 0.5321 0.8444 -0.0621
vn 0.3873 0.9096 -0.1505
vn 0.2405 0.9447 -0.2227
vn 0.0913 0.9554 -0.2809
vn -0.0637 0.9447 -0.3216
vn -0.2250 0.9095 -0.3495
vn -0.3941 0.8443 -0.3631
vn -0.5309 0.7661 -0.3622
vn -0.6124 0.7062 -0.3554
vn -0.6384 0.6844 -0.3521
vn -0.6192 0.6995 -0.3568
vn -0.5657 0.7373 -0.3692
vn -0.4882 0.7819 -0.3876
vn -0.3965 0.8212 -0.4104
vn -0.2984 0.8483 -0.4375
vn -0.1561 0.8631 -0.4803
vn -0.0158 0.8483 -0.5293
vn 0.0796 0.8212 -0.5651
vn 0.1673 0.7819 -0.6006
vn 0.2408 0.7372 -0.6312
vn 0.2915 0.6993 -0.6527
vn 0.3097 0.6843 -0.6602
vn 0.2866 0.7061 -0.6474
vn 0.2166 0.7662 -0.6050
vn 0.1054 0.8444 -0.5253
vn -0.0235 0.9096 -0.4149
vn -0.1375 0.9447 -0.2976
vn -0.2390 0.9554 -0.1736
vn -0.3256 0.9447 -0.0388
vn -0.4019 0.9095 0.1060
vn -0.4671 0.8443 0.2626
vn -0.5085 0.7661 0.3930
vn -0.5272 0.7062 0.4726
vn -0.5322 0.6844 0.4984
vn -0.5307 0.6995 0.4787
vn -0.5260 0.7373 0.4239
vn -0.5195 0.7819 0.3446
vn -0.5129 0.8212 0.2503
vn -0.5082 0.8483 0.1486
vn -0.5051 0.8631 0.0001
vn -0.5082 0.8483 -0.1485
vn -0.5129 0.8212 -0.2503
vn -0.5195 0.7819 -0.3447
vn -0.5259 0.7372 -0.4241
vn -0.5306 0.6993 -0.4789
vn -0.5321 0.6843 -0.4986
vn -0.5272 0.7061 -0.4727
vn -0.5084 0.7662 -0.3930
vn -0.4670 0.8444 -0.2625
vn -0.4018 0.9096 -0.1059
vn -0.3255 0.9447 0.0388
vn -0.2390 0.9554 0.1736
vn -0.1375 0.9447 0.2976
vn -0.0234 0.9095 0.4150
vn 0.1054 0.8443 0.5254
vn 0.2166 0.7661 0.6051
vn 0.2865 0.7062 0.6475
vn 0.3095 0.6844 0.6602
vn 0.2912 0.6995 0.6526
vn 0.2406 0.7373 0.6312
vn 0.1672 0.7819 0.6005
vn 0.0796 0.8212 0.5651
vn -0.0158 0.8483 0.5293
vn -0.1560 0.8631 0.4804
vn -0.2983 0.8483 0.4375
vn -0.3966 0.8212 0.4104
vn -0.4884 0.7819 0.3875
vn -0.5659 0.7372 0.3691
vn -0.6194 0.6993 0.3567
vn -0.6386 0.6843 0.3520
vn -0.6125 0.7061 0.3553
vn -0.5309 0.7662 0.3621
vn -0.3940 0.8444 0.3630
vn -0.2249 0.9096 0.3495
vn -0.0637 0.9447 0.3216
vn 0.0913 0.9554 0.2809
vn 0.2406 0.9447 0.2227
vn 0.3875 0.9095 0.1505
vn 0.5323 0.8443 0.0621
vn 0.6424 0.7661 -0.0190
vn 0.7043 0.7062 -0.0724
vn 0.7235 0.6844 -0.0904
vn 0.7107 0.6995 -0.0753
vn 0.6747 0.7373 -0.0338
vn 0.6228 0.7819 0.0266
vn 0.5620 0.8212 0.0990
vn 0.4985 0.8483 0.1785
vn 0.4087 0.8631 0.2968
vn 0.3239 0.8483 0.4189
vn 0.2678 0.8212 0.5040
vn 0.2176 0.7819 0.5842
vn 0.1762 0.7372 0.6522
vn 0.1478 0.6993 0.6993
vn 0.1375 0.6843 0.7161
vn 0.1487 0.7061 0.6923
vn 0.1803 0.7662 0.6168
vn 0.2235 0.8444 0.4869
vn 0.2629 0.9096 0.3218
vn 0.2862 0.9447 0.1599
vn 0.2161 0.9764 -0.0000
vn 0.2109 0.9704 -0.1180
vn 0.1976 0.9497 -0.2428
vn 0.1738 0.9081 -0.3810
vn 0.1456 0.8532 -0.5009
vn 0.1235 0.8078 -0.5764
vn 0.1155 0.7910 -0.6008
vn 0.1234 0.8037 -0.5821
vn 0.1444 0.8333 -0.5336
vn 0.1746 0.8661 -0.4683
vn 0.2109 0.8934 -0.3968
vn 0.2518 0.9113 -0.3258
vn 0.3159 0.9206 -0.2296
vn 0.3876 0.9113 -0.1388
vn 0.4426 0.8934 -0.0779
vn 0.4994 0.8661 -0.0213
vn 0.5522 0.8333 0.0277
vn 0.5919 0.8036 0.0628
vn 0.6071 0.7909 0.0760
vn 0.5864 0.8078 0.0608
vn 0.5213 0.8532 0.0163
vn 0.4159 0.9082 -0.0476
vn 0.2919 0.9498 -0.1129
vn 0.1774 0.9704 -0.1641
vn 0.0668 0.9764 -0.2055
vn -0.0470 0.9704 -0.2371
vn -0.1699 0.9497 -0.2629
vn -0.3086 0.9081 -0.2830
vn -0.4314 0.8532 -0.2933
vn -0.5100 0.8078 -0.2956
vn -0.5357 0.7910 -0.2955
vn -0.5155 0.8037 -0.2972
vn -0.4628 0.8333 -0.3023
vn -0.3914 0.8661 -0.3108
vn -0.3122 0.8934 -0.3232
vn -0.2320 0.9113 -0.3401
vn -0.1207 0.9206 -0.3714
vn -0.0123 0.9113 -0.4115
vn 0.0627 0.8933 -0.4450
vn 0.1341 0.8661 -0.4815
vn 0.1970 0.8332 -0.5166
vn 0.2426 0.8036 -0.5435
vn 0.2599 0.7909 -0.5539
vn 0.2390 0.8078 -0.5389
vn 0.1766 0.8532 -0.4907
vn 0.0833 0.9082 -0.4102
vn -0.0172 0.9498 -0.3125
vn -0.1013 0.9704 -0.2194
vn -0.1748 0.9764 -0.1270
vn -0.2400 0.9704 -0.0285
vn -0.3026 0.9497 0.0803
vn -0.3645 0.9081 0.2061
vn -0.4122 0.8532 0.3196
vn -0.4387 0.8078 0.3937
vn -0.4465 0.7910 0.4182
vn -0.4420 0.8037 0.3984
vn -0.4305 0.8333 0.3468
vn -0.4165 0.8661 0.2762
vn -0.4038 0.8934 0.1971
vn -0.3952 0.9113 0.1155
vn -0.3905 0.9206 -0.0000
vn -0.3952 0.9113 -0.1155
vn -0.4038 0.8933 -0.1971
vn -0.4165 0.8661 -0.2763
vn -0.4305 0.8332 -0.3470
vn -0.4420 0.8036 -0.3987
vn -0.4465 0.7909 -0.4184
vn -0.4387 0.8078 -0.3938
vn -0.4122 0.8532 -0.3196
vn -0.3644 0.9082 -0.2060
vn -0.3025 0.9498 -0.0802
vn -0.2400 0.9704 0.0285
vn -0.1748 0.9764 0.1270
vn -0.1013 0.9704 0.2194
vn -0.0171 0.9497 0.3126
vn 0.0833 0.9081 0.4104
vn 0.1766 0.8532 0.4908
vn 0.2389 0.8078 0.5389
vn 0.2597 0.7910 0.5539
vn 0.2424 0.8037 0.5435
vn 0.1968 0.8333 0.5166
vn 0.1340 0.8661 0.4815
vn 0.0626 0.8934 0.4450
vn -0.0122 0.9113 0.4116
vn -0.1206 0.9206 0.3714
vn -0.2320 0.9113 0.3402
vn -0.3122 0.8933 0.3232
vn -0.3915 0.8661 0.3108
vn -0.4630 0.8333 0.3022
vn -0.5157 0.8036 0.2971
vn -0.5359 0.7909 0.2954
vn -0.5101 0.8078 0.2955
vn -0.4313 0.8532 0.2932
vn -0.3085 0.9082 0.2829
vn -0.1698 0.9498 0.2629
vn -0.0470 0.9704 0.2370
vn 0.0668 0.9764 0.2055
vn 0.1774 0.9704 0.1641
vn 0.2920 0.9497 0.1129
vn 0.4160 0.9081 0.0475
vn 0.5214 0.8532 -0.0163
vn 0.5863 0.8078 -0.0606
vn 0.6071 0.7910 -0.0758
vn 0.5918 0.8037 -0.0626
vn 0.5521 0.8333 -0.0275
vn 0.4993 0.8661 0.0214
vn 0.4425 0.8934 0.0779
vn 0.3876 0.9113 0.1388
vn 0.3160 0.9206 0.2295
vn 0.2518 0.9113 0.3257
vn 0.2109 0.8933 0.3968
vn 0.1746 0.8661 0.4684
vn 0.1443 0.8332 0.5337
vn 0.1232 0.8036 0.5823
vn 0.1153 0.7909 0.6009
vn 0.1234 0.8078 0.5764
vn 0.1456 0.8532 0.5008
vn 0.1738 0.9082 0.3808
vn 0.1976 0.9498 0.2427
vn 0.2109 0.9704 0.1180
vn 0.1656 0.9862 -0.0000
vn 0.1621 0.9826 -0.0908
vn 0.1533 0.9700 -0.1888
vn 0.1373 0.9433 -0.3022
vn 0.1177 0.9060 -0.4065
vn 0.1017 0.8737 -0.4758
vn 0.0958 0.8616 -0.4985
vn 0.1018 0.8712 -0.4802
vn 0.1178 0.8928 -0.4349
vn 0.1405 0.9157 -0.3766
vn 0.1677 0.9340 -0.3156
vn 0.1988 0.9457 -0.2572
vn 0.2485 0.9516 -0.1806
vn 0.3060 0.9457 -0.1096
vn 0.3520 0.9340 -0.0620
vn 0.4016 0.9156 -0.0172
vn 0.4501 0.8927 0.0225
vn 0.4883 0.8711 0.0517
vn 0.5038 0.8615 0.0631
vn 0.4839 0.8737 0.0504
vn 0.4230 0.9060 0.0137
vn 0.3297 0.9433 -0.0372
vn 0.2269 0.9700 -0.0875
vn 0.1364 0.9826 -0.1261
vn 0.0512 0.9862 -0.1575
vn -0.0362 0.9826 -0.1822
vn -0.1322 0.9700 -0.2042
vn -0.2450 0.9433 -0.2240
vn -0.3503 0.9060 -0.2376
vn -0.4210 0.8737 -0.2438
vn -0.4445 0.8616 -0.2452
vn -0.4253 0.8712 -0.2453
vn -0.3772 0.8928 -0.2464
vn -0.3147 0.9157 -0.2500
vn -0.2483 0.9340 -0.2570
vn -0.1832 0.9457 -0.2686
vn -0.0950 0.9516 -0.2922
vn -0.0097 0.9457 -0.3249
vn 0.0498 0.9340 -0.3539
vn 0.1078 0.9156 -0.3873
vn 0.1605 0.8927 -0.4211
vn 0.2001 0.8711 -0.4484
vn 0.2157 0.8615 -0.4597
vn 0.1974 0.8737 -0.4447
vn 0.1437 0.9060 -0.3980
vn 0.0665 0.9433 -0.3251
vn -0.0131 0.9700 -0.2428
vn -0.0778 0.9826 -0.1687
vn -0.1340 0.9862 -0.0973
vn -0.1845 0.9826 -0.0218
vn -0.2350 0.9700 0.0627
vn -0.2887 0.9433 0.1638
vn -0.3342 0.9060 0.2597
vn -0.3619 0.8737 0.3251
vn -0.3705 0.8616 0.3470
vn -0.3647 0.8712 0.3287
vn -0.3509 0.8928 0.2826
vn -0.3350 0.9157 0.2221
vn -0.3212 0.9340 0.1567
vn -0.3120 0.9457 0.0912
vn -0.3072 0.9516 -0.0000
vn -0.3120 0.9457 -0.0912
vn -0.3212 0.9340 -0.1567
vn -0.3350 0.9156 -0.2222
vn -0.3509 0.8927 -0.2827
vn -0.3647 0.8711 -0.3289
vn -0.3705 0.8615 -0.3471
vn -0.3619 0.8737 -0.3252
vn -0.3341 0.9060 -0.2597
vn -0.2886 0.9433 -0.1637
vn -0.2350 0.9700 -0.0626
vn -0.1845 0.9826 0.0219
vn -0.1340 0.9862 0.0973
vn -0.0778 0.9826 0.1687
vn -0.0130 0.9700 0.2429
vn 0.0666 0.9433 0.3252
vn 0.1437 0.9060 0.3981
vn 0.1973 0.8737 0.4447
vn 0.2155 0.8616 0.4596
vn 0.1999 0.8712 0.4484
vn 0.1603 0.8928 0.4210
vn 0.1077 0.9157 0.3872
vn 0.0498 0.9340 0.3539
vn -0.0097 0.9457 0.3249
vn -0.0949 0.9516 0.2922
vn -0.1831 0.9457 0.2686
vn -0.2483 0.9340 0.2570
vn -0.3148 0.9156 0.2500
vn -0.3773 0.8927 0.2464
vn -0.4254 0.8711 0.2452
vn -0.4447 0.8615 0.2451
vn -0.4211 0.8737 0.2437
vn -0.3502 0.9060 0.2375
vn -0.2449 0.9433 0.2239
vn -0.1321 0.9700 0.2041
vn -0.0362 0.9826 0.1822
vn 0.0512 0.9862 0.1575
vn 0.1364 0.9826 0.1261
vn 0.2270 0.9700 0.0874
vn 0.3298 0.9433 0.0372
vn 0.4230 0.9060 -0.0137
vn 0.4839 0.8737 -0.0503
vn 0.5037 0.8616 -0.0629
vn 0.4882 0.8712 -0.0515
vn 0.4500 0.8928 -0.0224
vn 0.4016 0.9157 0.0172
vn 0.3520 0.9340 0.0620
vn 0.3060 0.9457 0.1096
vn 0.2486 0.9516 0.1806
vn 0.1988 0.9457 0.2572
vn 0.1677 0.9340 0.3156
vn 0.1404 0.9156 0.3767
vn 0.1177 0.8927 0.4350
vn 0.1017 0.8711 0.4804
vn 0.0957 0.8615 0.4986
vn 0.1016 0.8737 0.4758
vn 0.1177 0.9060 0.4065
vn 0.1373 0.9433 0.3021
vn 0.1533 0.9700 0.1888
vn 0.1621 0.9826 0.0907
vn 0.1278 0.9918 -0.0000
vn 0.1253 0.9896 -0.0703
vn 0.1191 0.9819 -0.1472
vn 0.1079 0.9652 -0.2383
vn 0.0939 0.9409 -0.3254
vn 0.0822 0.9192 -0.3852
vn 0.0778 0.9110 -0.4049
vn 0.0824 0.9178 -0.3883
vn 0.0945 0.9325 -0.3485
vn 0.1116 0.9477 -0.2990
vn 0.1323 0.9595 -0.2487
vn 0.1560 0.9669 -0.2017
vn 0.1945 0.9707 -0.1413
vn 0.2401 0.9669 -0.0861
vn 0.2774 0.9595 -0.0489
vn 0.3189 0.9477 -0.0137
vn 0.3607 0.9325 0.0179
vn 0.3949 0.9178 0.0417
vn 0.4093 0.9110 0.0512
vn 0.3917 0.9192 0.0409
vn 0.3384 0.9409 0.0113
vn 0.2599 0.9652 -0.0290
vn 0.1767 0.9819 -0.0679
vn 0.1056 0.9896 -0.0975
vn 0.0395 0.9918 -0.1216
vn -0.0281 0.9896 -0.1409
vn -0.1031 0.9819 -0.1588
vn -0.1933 0.9652 -0.1762
vn -0.2804 0.9409 -0.1898
vn -0.3409 0.9192 -0.1972
vn -0.3611 0.9110 -0.1991
vn -0.3438 0.9178 -0.1984
vn -0.3022 0.9325 -0.1976
vn -0.2499 0.9477 -0.1986
vn -0.1956 0.9595 -0.2027
vn -0.1437 0.9669 -0.2107
vn -0.0743 0.9707 -0.2286
vn -0.0077 0.9669 -0.2549
vn 0.0392 0.9595 -0.2790
vn 0.0855 0.9477 -0.3075
vn 0.1285 0.9325 -0.3375
vn 0.1617 0.9178 -0.3626
vn 0.1752 0.9110 -0.3734
vn 0.1600 0.9192 -0.3599
vn 0.1153 0.9409 -0.3183
vn 0.0528 0.9652 -0.2561
vn -0.0099 0.9819 -0.1890
vn -0.0601 0.9896 -0.1305
vn -0.1034 0.9918 -0.0751
vn -0.1427 0.9896 -0.0168
vn -0.1829 0.9819 0.0490
vn -0.2273 0.9652 0.1294
vn -0.2672 0.9409 0.2081
vn -0.2929 0.9192 0.2633
vn -0.3010 0.9110 0.2818
vn -0.2949 0.9178 0.2657
vn -0.2813 0.9325 0.2264
vn -0.2661 0.9477 0.1763
vn -0.2532 0.9595 0.1234
vn -0.2448 0.9669 0.0715
vn -0.2404 0.9707 -0.0000
vn -0.2448 0.9669 -0.0715
vn -0.2532 0.9595 -0.1235
vn -0.2661 0.9477 -0.1763
vn -0.2813 0.9325 -0.2265
vn -0.2949 0.9178 -0.2659
vn -0.3010 0.9110 -0.2820
vn -0.2929 0.9192 -0.2634
vn -0.2671 0.9409 -0.2081
vn -0.2273 0.9652 -0.1293
vn -0.1828 0.9819 -0.0490
vn -0.1427 0.9896 0.0168
vn -0.1034 0.9918 0.0751
vn -0.0601 0.9896 0.1305
vn -0.0099 0.9819 0.1891
vn 0.0528 0.9652 0.2562
vn 0.1153 0.9409 0.3184
vn 0.1599 0.9192 0.3599
vn 0.1750 0.9110 0.3733
vn 0.1616 0.9178 0.3626
vn 0.1284 0.9325 0.3375
vn 0.0854 0.9477 0.3075
vn 0.0392 0.9595 0.2790
vn -0.0076 0.9669 0.2549
vn -0.0743 0.9707 0.2286
vn -0.1436 0.9669 0.2107
vn -0.1957 0.9595 0.2026
vn -0.2499 0.9477 0.1985
vn -0.3024 0.9325 0.1975
vn -0.3440 0.9178 0.1983
vn -0.3612 0.9110 0.1991
vn -0.3410 0.9192 0.1971
vn -0.2804 0.9409 0.1898
vn -0.1932 0.9652 0.1762
vn -0.1031 0.9819 0.1588
vn -0.0281 0.9896 0.1409
vn 0.0395 0.9918 0.1216
vn 0.1056 0.9896 0.0975
vn 0.1768 0.9819 0.0678
vn 0.2600 0.9652 0.0289
vn 0.3384 0.9409 -0.0113
vn 0.3917 0.9192 -0.0409
vn 0.4092 0.9110 -0.0511
vn 0.3948 0.9178 -0.0416
vn 0.3606 0.9325 -0.0178
vn 0.3189 0.9477 0.0138
vn 0.2774 0.9595 0.0490
vn 0.2401 0.9669 0.0860
vn 0.1945 0.9707 0.1413
vn 0.1560 0.9669 0.2017
vn 0.1323 0.9595 0.2487
vn 0.1116 0.9477 0.2991
vn 0.0944 0.9325 0.3486
vn 0.0823 0.9178 0.3884
vn 0.0777 0.9110 0.4050
vn 0.0821 0.9192 0.3852
vn 0.0938 0.9409 0.3253
vn 0.1078 0.9652 0.2382
vn 0.1191 0.9819 0.1471
vn 0.1253 0.9896 0.0703
vn 0.0971 0.9953 -0.0000
vn 0.0952 0.9940 -0.0535
vn 0.0907 0.9895 -0.1125
vn 0.0827 0.9795 -0.1835
vn 0.0726 0.9648 -0.2529
vn 0.0642 0.9513 -0.3016
vn 0.0610 0.9463 -0.3176
vn 0.0645 0.9507 -0.3033
vn 0.0735 0.9599 -0.2704
vn 0.0862 0.9693 -0.2304
vn 0.1016 0.9764 -0.1907
vn 0.1194 0.9808 -0.1542
vn 0.1484 0.9830 -0.1078
vn 0.1835 0.9808 -0.0659
vn 0.2127 0.9764 -0.0377
vn 0.2458 0.9693 -0.0107
vn 0.2799 0.9599 0.0138
vn 0.3085 0.9507 0.0325
vn 0.3210 0.9462 0.0402
vn 0.3067 0.9513 0.0322
vn 0.2629 0.9648 0.0091
vn 0.2000 0.9796 -0.0219
vn 0.1350 0.9895 -0.0515
vn 0.0803 0.9940 -0.0740
vn 0.0300 0.9953 -0.0923
vn -0.0215 0.9940 -0.1071
vn -0.0789 0.9895 -0.1211
vn -0.1490 0.9795 -0.1353
vn -0.2181 0.9648 -0.1472
vn -0.2670 0.9513 -0.1542
vn -0.2832 0.9463 -0.1562
vn -0.2685 0.9507 -0.1551
vn -0.2344 0.9599 -0.1534
vn -0.1925 0.9693 -0.1532
vn -0.1500 0.9764 -0.1555
vn -0.1098 0.9808 -0.1612
vn -0.0567 0.9830 -0.1744
vn -0.0059 0.9808 -0.1949
vn 0.0299 0.9764 -0.2140
vn 0.0658 0.9693 -0.2371
vn 0.0996 0.9599 -0.2620
vn 0.1262 0.9507 -0.2833
vn 0.1374 0.9462 -0.2928
vn 0.1254 0.9513 -0.2817
vn 0.0899 0.9648 -0.2472
vn 0.0409 0.9796 -0.1970
vn -0.0073 0.9895 -0.1443
vn -0.0456 0.9940 -0.0992
vn -0.0785 0.9953 -0.0571
vn -0.1085 0.9940 -0.0126
vn -0.1395 0.9895 0.0377
vn -0.1747 0.9795 0.0999
vn -0.2074 0.9648 0.1619
vn -0.2292 0.9513 0.2063
vn -0.2361 0.9463 0.2211
vn -0.2305 0.9507 0.2075
vn -0.2183 0.9599 0.1756
vn -0.2052 0.9693 0.1357
vn -0.1943 0.9764 0.0946
vn -0.1872 0.9808 0.0546
vn -0.1834 0.9830 -0.0000
vn -0.1872 0.9808 -0.0546
vn -0.1943 0.9764 -0.0946
vn -0.2052 0.9693 -0.1358
vn -0.2184 0.9599 -0.1757
vn -0.2305 0.9507 -0.2076
vn -0.2361 0.9462 -0.2212
vn -0.2292 0.9513 -0.2063
vn -0.2074 0.9648 -0.1619
vn -0.1747 0.9796 -0.0998
vn -0.1395 0.9895 -0.0376
vn -0.1085 0.9940 0.0127
vn -0.0785 0.9953 0.0571
vn -0.0455 0.9940 0.0993
vn -0.0073 0.9895 0.1444
vn 0.0410 0.9795 0.1970
vn 0.0899 0.9648 0.2473
vn 0.1253 0.9513 0.2817
vn 0.1373 0.9463 0.2928
vn 0.1261 0.9507 0.2833
vn 0.0995 0.9599 0.2619
vn 0.0657 0.9693 0.2371
vn 0.0299 0.9764 0.2140
vn -0.0059 0.9808 0.1949
vn -0.0566 0.9830 0.1744
vn -0.1097 0.9808 0.1612
vn -0.1500 0.9764 0.1555
vn -0.1926 0.9693 0.1532
vn -0.2346 0.9599 0.1534
vn -0.2687 0.9507 0.1550
vn -0.2833 0.9462 0.1562
vn -0.2670 0.9513 0.1542
vn -0.2181 0.9648 0.1472
vn -0.1489 0.9796 0.1353
vn -0.0789 0.9895 0.1210
vn -0.0215 0.9940 0.1071
vn 0.0300 0.9953 0.0923
vn 0.0803 0.9940 0.0740
vn 0.1350 0.9895 0.0515
vn 0.2001 0.9795 0.0219
vn 0.2630 0.9648 -0.0091
vn 0.3066 0.9513 -0.0321
vn 0.3209 0.9463 -0.0401
vn 0.3084 0.9507 -0.0324
vn 0.2798 0.9599 -0.0137
vn 0.2458 0.9693 0.0108
vn 0.2127 0.9764 0.0377
vn 0.1835 0.9808 0.0659
vn 0.1484 0.9830 0.1078
vn 0.1194 0.9808 0.1542
vn 0.1016 0.9764 0.1907
vn 0.0862 0.9693 0.2305
vn 0.0734 0.9599 0.2705
vn 0.0644 0.9507 0.3034
vn 0.0610 0.9462 0.3177
vn 0.0641 0.9513 0.3016
vn 0.0726 0.9648 0.2529
vn 0.0827 0.9796 0.1834
vn 0.0907 0.9895 0.1124
vn 0.0952 0.9940 0.0535
vn 0.0704 0.9975 -0.0000
vn 0.0690 0.9969 -0.0390
vn 0.0659 0.9944 -0.0822
vn 0.0602 0.9891 -0.1345
vn 0.0532 0.9811 -0.1863
vn 0.0473 0.9737 -0.2229
vn 0.0451 0.9710 -0.2347
vn 0.0476 0.9736 -0.2232
vn 0.0540 0.9787 -0.1979
vn 0.0630 0.9838 -0.1678
vn 0.0739 0.9876 -0.1384
vn 0.0866 0.9900 -0.1117
vn 0.1072 0.9912 -0.0779
vn 0.1330 0.9900 -0.0479
vn 0.1545 0.9876 -0.0275
vn 0.1791 0.9838 -0.0080
vn 0.2050 0.9787 0.0099
vn 0.2271 0.9736 0.0238
vn 0.2372 0.9710 0.0297
vn 0.2266 0.9737 0.0240
vn 0.1936 0.9811 0.0070
vn 0.1464 0.9891 -0.0157
vn 0.0984 0.9944 -0.0373
vn 0.0584 0.9969 -0.0536
vn 0.0218 0.9975 -0.0670
vn -0.0158 0.9969 -0.0777
vn -0.0578 0.9944 -0.0880
vn -0.1093 0.9891 -0.0988
vn -0.1607 0.9811 -0.1081
vn -0.1974 0.9737 -0.1138
vn -0.2093 0.9710 -0.1154
vn -0.1976 0.9736 -0.1142
vn -0.1715 0.9787 -0.1125
vn -0.1401 0.9838 -0.1118
vn -0.1088 0.9876 -0.1131
vn -0.0795 0.9900 -0.1169
vn -0.0410 0.9912 -0.1260
vn -0.0044 0.9900 -0.1413
vn 0.0215 0.9876 -0.1554
vn 0.0477 0.9838 -0.1728
vn 0.0727 0.9787 -0.1919
vn 0.0928 0.9736 -0.2086
vn 0.1015 0.9710 -0.2164
vn 0.0928 0.9737 -0.2081
vn 0.0665 0.9811 -0.1819
vn 0.0304 0.9891 -0.1441
vn -0.0050 0.9944 -0.1051
vn -0.0329 0.9969 -0.0721
vn -0.0570 0.9975 -0.0414
vn -0.0788 0.9969 -0.0090
vn -0.1016 0.9944 0.0278
vn -0.1277 0.9891 0.0734
vn -0.1525 0.9811 0.1195
vn -0.1693 0.9737 0.1526
vn -0.1744 0.9710 0.1633
vn -0.1697 0.9736 0.1526
vn -0.1600 0.9787 0.1284
vn -0.1496 0.9838 0.0987
vn -0.1411 0.9876 0.0685
vn -0.1357 0.9900 0.0394
vn -0.1325 0.9912 -0.0000
vn -0.1357 0.9900 -0.0394
vn -0.1411 0.9876 -0.0685
vn -0.1496 0.9838 -0.0988
vn -0.1600 0.9787 -0.1285
vn -0.1697 0.9736 -0.1527
vn -0.1744 0.9710 -0.1634
vn -0.1693 0.9737 -0.1526
vn -0.1525 0.9811 -0.1195
vn -0.1277 0.9891 -0.0734
vn -0.1015 0.9944 -0.0277
vn -0.0787 0.9969 0.0090
vn -0.0570 0.9975 0.0414
vn -0.0329 0.9969 0.0721
vn -0.0050 0.9944 0.1052
vn 0.0304 0.9891 0.1442
vn 0.0665 0.9811 0.1819
vn 0.0928 0.9737 0.2081
vn 0.1014 0.9710 0.2164
vn 0.0927 0.9736 0.2086
vn 0.0727 0.9787 0.1918
vn 0.0477 0.9838 0.1728
vn 0.0215 0.9876 0.1554
vn -0.0044 0.9900 0.1413
vn -0.0409 0.9912 0.1261
vn -0.0794 0.9900 0.1169
vn -0.1088 0.9876 0.1131
vn -0.1402 0.9838 0.1118
vn -0.1716 0.9787 0.1125
vn -0.1977 0.9736 0.1142
vn -0.2093 0.9710 0.1154
vn -0.1975 0.9737 0.1138
vn -0.1607 0.9811 0.1081
vn -0.1093 0.9891 0.0988
vn -0.0578 0.9944 0.0880
vn -0.0157 0.9969 0.0777
vn 0.0218 0.9975 0.0670
vn 0.0584 0.9969 0.0536
vn 0.0985 0.9944 0.0372
vn 0.1465 0.9891 0.0157
vn 0.1936 0.9811 -0.0070
vn 0.2266 0.9737 -0.0239
vn 0.2371 0.9710 -0.0296
vn 0.2270 0.9736 -0.0237
vn 0.2049 0.9787 -0.0098
vn 0.1791 0.9838 0.0081
vn 0.1545 0.9876 0.0276
vn 0.1330 0.9900 0.0479
vn 0.1072 0.9912 0.0779
vn 0.0866 0.9900 0.1117
vn 0.0739 0.9876 0.1384
vn 0.0630 0.9838 0.1679
vn 0.0539 0.9787 0.1980
vn 0.0475 0.9736 0.2233
vn 0.0451 0.9710 0.2348
vn 0.0472 0.9737 0.2230
vn 0.0531 0.9811 0.1863
vn 0.0602 0.9891 0.1344
vn 0.0659 0.9944 0.0821
vn 0.0690 0.9969 0.0390
vn 0.0464 0.9989 -0.0000
vn 0.0453 0.9986 -0.0258
vn 0.0432 0.9976 -0.0545
vn 0.0394 0.9952 -0.0892
vn 0.0348 0.9917 -0.1236
vn 0.0311 0.9885 -0.1477
vn 0.0298 0.9875 -0.1549
vn 0.0314 0.9887 -0.1465
vn 0.0355 0.9910 -0.1292
vn 0.0413 0.9932 -0.1091
vn 0.0483 0.9948 -0.0897
vn 0.0564 0.9958 -0.0724
vn 0.0692 0.9963 -0.0503
vn 0.0862 0.9958 -0.0312
vn 0.1003 0.9948 -0.0182
vn 0.1165 0.9932 -0.0055
vn 0.1339 0.9910 0.0062
vn 0.1491 0.9887 0.0155
vn 0.1565 0.9875 0.0196
vn 0.1501 0.9885 0.0161
vn 0.1283 0.9917 0.0051
vn 0.0970 0.9952 -0.0099
vn 0.0651 0.9976 -0.0242
vn 0.0386 0.9986 -0.0351
vn 0.0143 0.9989 -0.0441
vn -0.0106 0.9986 -0.0510
vn -0.0385 0.9976 -0.0579
vn -0.0727 0.9952 -0.0650
vn -0.1068 0.9917 -0.0713
vn -0.1308 0.9885 -0.0752
vn -0.1381 0.9875 -0.0762
vn -0.1296 0.9887 -0.0751
vn -0.1119 0.9910 -0.0737
vn -0.0910 0.9932 -0.0730
vn -0.0704 0.9948 -0.0736
vn -0.0514 0.9958 -0.0760
vn -0.0265 0.9963 -0.0814
vn -0.0031 0.9958 -0.0917
vn 0.0137 0.9948 -0.1010
vn 0.0308 0.9932 -0.1126
vn 0.0472 0.9910 -0.1254
vn 0.0608 0.9887 -0.1370
vn 0.0670 0.9875 -0.1428
vn 0.0617 0.9885 -0.1377
vn 0.0445 0.9917 -0.1204
vn 0.0206 0.9952 -0.0953
vn -0.0029 0.9976 -0.0694
vn -0.0214 0.9986 -0.0475
vn -0.0375 0.9989 -0.0273
vn -0.0518 0.9986 -0.0057
vn -0.0670 0.9976 0.0187
vn -0.0843 0.9952 0.0490
vn -0.1008 0.9917 0.0795
vn -0.1119 0.9886 0.1012
vn -0.1151 0.9875 0.1078
vn -0.1115 0.9887 0.1001
vn -0.1047 0.9910 0.0837
vn -0.0975 0.9932 0.0640
vn -0.0918 0.9948 0.0442
vn -0.0881 0.9958 0.0254
vn -0.0856 0.9963 -0.0000
vn -0.0881 0.9958 -0.0254
vn -0.0918 0.9948 -0.0442
vn -0.0975 0.9932 -0.0640
vn -0.1047 0.9910 -0.0837
vn -0.1115 0.9887 -0.1001
vn -0.1151 0.9875 -0.1079
vn -0.1119 0.9885 -0.1012
vn -0.1008 0.9917 -0.0795
vn -0.0843 0.9952 -0.0490
vn -0.0669 0.9976 -0.0187
vn -0.0518 0.9986 0.0057
vn -0.0375 0.9989 0.0273
vn -0.0214 0.9986 0.0475
vn -0.0029 0.9976 0.0695
vn 0.0206 0.9952 0.0953
vn 0.0445 0.9917 0.1204
vn 0.0616 0.9885 0.1377
vn 0.0670 0.9875 0.1428
vn 0.0607 0.9887 0.1370
vn 0.0472 0.9910 0.1254
vn 0.0307 0.9932 0.1125
vn 0.0137 0.9948 0.1010
vn -0.0031 0.9958 0.0917
vn -0.0264 0.9963 0.0814
vn -0.0514 0.9958 0.0760
vn -0.0705 0.9948 0.0736
vn -0.0910 0.9932 0.0730
vn -0.1120 0.9910 0.0737
vn -0.1297 0.9887 0.0751
vn -0.1381 0.9875 0.0761
vn -0.1309 0.9885 0.0752
vn -0.1068 0.9917 0.0713
vn -0.0726 0.9952 0.0650
vn -0.0385 0.9976 0.0579
vn -0.0106 0.9986 0.0510
vn 0.0143 0.9989 0.0441
vn 0.0386 0.9986 0.0351
vn 0.0652 0.9976 0.0242
vn 0.0970 0.9952 0.0099
vn 0.1283 0.9917 -0.0051
vn 0.1500 0.9886 -0.0161
vn 0.1565 0.9875 -0.0196
vn 0.1491 0.9887 -0.0154
vn 0.1339 0.9910 -0.0062
vn 0.1165 0.9932 0.0056
vn 0.1003 0.9948 0.0182
vn 0.0862 0.9958 0.0312
vn 0.0693 0.9963 0.0503
vn 0.0564 0.9958 0.0723
vn 0.0483 0.9948 0.0897
vn 0.0413 0.9932 0.1091
vn 0.0355 0.9910 0.1293
vn 0.0314 0.9887 0.1466
vn 0.0297 0.9875 0.1549
vn 0.0311 0.9885 0.1477
vn 0.0348 0.9917 0.1236
vn 0.0394 0.9952 0.0892
vn 0.0432 0.9976 0.0545
vn 0.0453 0.9986 0.0258
vn 0.0238 0.9997 -0.0000
vn 0.0230 0.9996 -0.0135
vn 0.0217 0.9994 -0.0285
vn 0.0196 0.9987 -0.0462
vn 0.0172 0.9979 -0.0632
vn 0.0154 0.9971 -0.0745
vn 0.0148 0.9969 -0.0770
vn 0.0157 0.9973 -0.0719
vn 0.0177 0.9979 -0.0628
vn 0.0205 0.9984 -0.0528
vn 0.0238 0.9988 -0.0433
vn 0.0276 0.9990 -0.0349
vn 0.0331 0.9992 -0.0241
vn 0.0417 0.9990 -0.0154
vn 0.0485 0.9988 -0.0092
vn 0.0565 0.9984 -0.0032
vn 0.0653 0.9979 0.0026
vn 0.0733 0.9973 0.0073
vn 0.0777 0.9969 0.0097
vn 0.0756 0.9971 0.0084
vn 0.0654 0.9979 0.0032
vn 0.0500 0.9987 -0.0044
vn 0.0338 0.9994 -0.0119
vn 0.0199 0.9996 -0.0177
vn 0.0073 0.9997 -0.0226
vn -0.0057 0.9996 -0.0260
vn -0.0203 0.9994 -0.0295
vn -0.0379 0.9987 -0.0329
vn -0.0548 0.9979 -0.0359
vn -0.0662 0.9971 -0.0376
vn -0.0686 0.9969 -0.0379
vn -0.0636 0.9973 -0.0371
vn -0.0543 0.9979 -0.0363
vn -0.0439 0.9984 -0.0358
vn -0.0339 0.9988 -0.0360
vn -0.0247 0.9990 -0.0370
vn -0.0127 0.9992 -0.0390
vn -0.0018 0.9990 -0.0445
vn 0.0062 0.9988 -0.0490
vn 0.0145 0.9984 -0.0547
vn 0.0226 0.9979 -0.0613
vn 0.0296 0.9973 -0.0674
vn 0.0333 0.9969 -0.0710
vn 0.0314 0.9971 -0.0693
vn 0.0232 0.9979 -0.0613
vn 0.0113 0.9987 -0.0489
vn -0.0009 0.9994 -0.0358
vn -0.0107 0.9996 -0.0244
vn -0.0192 0.9997 -0.0140
vn -0.0265 0.9996 -0.0026
vn -0.0343 0.9994 0.0102
vn -0.0430 0.9987 0.0258
vn -0.0511 0.9979 0.0410
vn -0.0563 0.9971 0.0513
vn -0.0572 0.9969 0.0536
vn -0.0549 0.9973 0.0490
vn -0.0513 0.9979 0.0404
vn -0.0476 0.9984 0.0307
vn -0.0447 0.9988 0.0211
vn -0.0428 0.9990 0.0121
vn -0.0410 0.9992 -0.0000
vn -0.0428 0.9990 -0.0120
vn -0.0447 0.9988 -0.0211
vn -0.0476 0.9984 -0.0307
vn -0.0513 0.9979 -0.0405
vn -0.0549 0.9973 -0.0490
vn -0.0572 0.9969 -0.0536
vn -0.0562 0.9971 -0.0513
vn -0.0511 0.9979 -0.0410
vn -0.0430 0.9987 -0.0258
vn -0.0343 0.9994 -0.0102
vn -0.0265 0.9996 0.0026
vn -0.0193 0.9997 0.0140
vn -0.0107 0.9996 0.0244
vn -0.0009 0.9994 0.0358
vn 0.0113 0.9987 0.0489
vn 0.0232 0.9979 0.0613
vn 0.0314 0.9971 0.0693
vn 0.0333 0.9969 0.0710
vn 0.0296 0.9973 0.0674
vn 0.0226 0.9979 0.0612
vn 0.0145 0.9984 0.0547
vn 0.0062 0.9988 0.0490
vn -0.0018 0.9990 0.0445
vn -0.0127 0.9992 0.0390
vn -0.0247 0.9990 0.0370
vn -0.0339 0.9988 0.0360
vn -0.0439 0.9984 0.0358
vn -0.0543 0.9979 0.0363
vn -0.0636 0.9973 0.0371
vn -0.0686 0.9969 0.0378
vn -0.0661 0.9971 0.0376
vn -0.0549 0.9978 0.0359
vn -0.0379 0.9987 0.0329
vn -0.0203 0.9994 0.0295
vn -0.0057 0.9996 0.0260
vn 0.0074 0.9997 0.0226
vn 0.0200 0.9996 0.0177
vn 0.0338 0.9994 0.0119
vn 0.0500 0.9987 0.0044
vn 0.0654 0.9979 -0.0032
vn 0.0756 0.9971 -0.0084
vn 0.0778 0.9969 -0.0097
vn 0.0732 0.9973 -0.0073
vn 0.0652 0.9979 -0.0026
vn 0.0565 0.9984 0.0032
vn 0.0486 0.9988 0.0092
vn 0.0417 0.9990 0.0154
vn 0.0331 0.9992 0.0241
vn 0.0276 0.9990 0.0349
vn 0.0238 0.9988 0.0433
vn 0.0205 0.9984 0.0528
vn 0.0177 0.9979 0.0629
vn 0.0157 0.9973 0.0719
vn 0.0148 0.9969 0.0770
vn 0.0153 0.9971 0.0745
vn 0.0172 0.9979 0.0632
vn 0.0196 0.9987 0.0462
vn 0.0217 0.9994 0.0284
vn 0.0230 0.9996 0.0135
vn -0.0000 1.0000 -0.0000
s 1
f 1//1 2//2 122//122 121//121
f 2//2 3//3 123//123 122//122
f 3//3 4//4 124//124 123//123
f 4//4 5//5 125//125 124//124
f 5//5 6//6 126//126 125//125
f 6//6 7//7 127//127 126//126
f 7//7 8//8 128//128 127//127
f 8//8 9//9 129//129 128//128
f 9//9 10//10 130//130 129//129
f 10//10 11//11 131//131 130//130
f 11//11 12//12 132//132 131//131
f 12//12 13//13 133//133 132//132
f 13//13 14//14 134//134 133//133
f 14//14 15//15 135//135 134//134
f 15//15 16//16 136//136 135//135
f 16//16 17//17 137//137 136//136
f 17//17 18//18 138//138 137//137
f 18//18 19//19 139//139 138//138
f 19//19 20//20 140//140 139//139
f 20//20 21//21 141//141 140//140
f 21//21 22//22 142//142 141//141
f 22//22 23//23 143//143 142//142
f 23//23 24//24 144//144 143//143
f 24//24 25//25 145//145 144//144
f 25//25 26//26 146//146 145//145
f 26//26 27//27 147//147 146//146
f 27//27 28//28 148//148 147//147
f 28//28 29//29 149//149 148//148
f 29//29 30//30 150//150 149//149
f 30//30 31//31 151//151 150//150
f 31//31 32//32 152//152 151//151
f 32//32 33//33 153//153 152//152
f 33//33 34//34 154//154 153//153
f 34//34 35//35 155//155 154//154
f 35//35 36//36 156//156 155//155
f 36//36 37//37 157//157 156//156
f 37//37 38//38 158//158 157//157
f 38//38 39//39 159//159 158//158
f 39//39 40//40 160//160 159//159
f 40//40 41//41 161//161 160//160
f 41//41 42//42 162//162 161//161
f 42//42 43//43 163//163 162//162
f 43//43 44//44 164//164 163//163
f 44//44 45//45 165//165 164//164
f 45//45 46//46 166//166 165//165
f 46//46 47//47 167//167 166//166
f 47//47 48//48 168//168 167//167
f 48//48 49//49 169//169 168//168
f 49//49 50//50 170//170 169//169
f 50//50 51//51 171//171 170//170
f 51//51 52//52 172//172 171//171
f 52//52 53//53 173//173 172//172
f 53//53 54//54 174//174 173//173
f 54//54 55//55 175//175 174//174
f 55//55 56//56 176//176 175//175
f 56//56 57//57 177//177 176//176
f 57//57 58//58 178//178 177//177
f 58//58 59//59 179//179 178//178
f 59//59 60//60 180//180 179//179
f 60//60 61//61 181//181 180//180
f 61//61 62//62 182//182 181//181
f 62//62 63//63 183//183 182//182
f 63//63 64//64 184//184 183//183
f 64//64 65//65 185//185 184//184
f 65//65 66//66 186//186 185//185
f 66//66 67//67 187//187 186//186
f 67//67 68//68 188//188 187//187
f 68//68 69//69 189//189 188//188
f 69//69 70//70 190//190 189//189
f 70//70 71//71 191//191 190//190
f 71//71 72//72 192//192 191//191
f 72//72 73//73 193//193 192//192
f 73//73 74//74 194//194 193//193
f 74//74 75//75 195//195 194//194
f 75//75 76//76 196//196 195//195
f 76//76 77//77 197//197 196//196
f 77//77 78//78 198//198 197//197
f 78//78 79//79 199//199 198//198
f 79//79 80//80 200//200 199//199
f 80//80 81//81 201//201 200//200
f 81//81 82//82 202//202 201//201
f 82//82 83//83 203//203 202//202
f 83//83 84//84 204//204 203//203
f 84//84 85//85 205//205 204//204
f 85//85 86//86 206//206 205//205
f 86//86 87//87 207//207 206//206
f 87//87 88//88 208//208 207//207
f 88//88 89//89 209//209 208//208
f 89//89 90//90 210//210 209//209
f 90//90 91//91 211//211 210//210
f 91//91 92//92 212//212 211//211
f 92//92 93//93 213//213 212//212
f 93//93 94//94 214//214 213//213
f 94//94 95//95 215//215 214//214
f 95//95 96//96 216//216 215//215
f 96//96 97//97 217//217 216//216
f 97//97 98//98 218//218 217//217
f 98//98 99//99 219//219 218//218
f 99//99 100//100 220//220 219//219
f 100//100 101//101 221//221 220//220
f 101//101 102//102 222//222 221//221
f 102//102 103//103 223//223 222//222
f 103//103 104//104 224//224 223//223
f 104//104 105//105 225//225 224//224
f 105//105 106//106 226//226 225//225
f 106//106 107//107 227//227 226//226
f 107//107 108//108 228//228 227//227
f 108//108 109//109 229//229 228//228
f 109//109 110//110 230//230 229//229
f 110//110 111//111 231//231 230//230
f 111//111 112//112 232//232 231//231
f 112//112 113//113 233//233 232//232
f 113//113 114//114 234//234 233//233
f 114//114 115//115 235//235 234//234
f 115//115 116//116 236//236 235//235
f 116//116 117//117 237//237 236//236
f 117//117 118//118 238//238 237//237
f 118//118 119//119 239//239 238//238
f 119//119 120//120 240//240 239//239
f 120//120 1//1 121//121 240//240
f 121//121 122//122 242//122 241//121
f 122//122 123//123 243//123 242//122
f 123//123 124//124 244//124 243//123
f 124//124 125//125 245//125 244//124
f 125//125 126//126 246//126 245//125
f 126//126 127//127 247//127 246//126
f 127//127 128//128 248//128 247//127
f 128//128 129//129 249//129 248//128
f 129//129 130//130 250//130 249//129
f 130//130 131//131 251//131 250//130
f 131//131 132//132 252//132 251//131
f 132//132 133//133 253//133 252//132
f 133//133 134//134 254//134 253//133
f 134//134 135//135 255//135 254//134
f 135//135 136//136 256//136 255//135
f 136//136 137//137 257//137 256//136
f 137//137 138//138 258//138 257//137
f 138//138 139//139 259//139 258//138
f 139//139 140//140 260//140 259//139
f 140//140 141//141 261//141 260//140
f 141//141 142//142 262//142 261//141
f 142//142 143//143 263//143 262//142
f 143//143 144//144 264//144 263//143
f 144//144 145//145 265//145 264//144
f 145//145 146//146 266//146 265//145
f 146//146 147//147 267//147 266//146
f 147//147 148//148 268//148 267//147
f 148//148 149//149 269//149 268//148
f 149//149 150//150 270//150 269//149
f 150//150 151//151 271//151 270//150
f 151//151 152//152 272//152 271//151
f 152//152 153//153 273//153 272//152
f 153//153 154//154 274//154 273//153
f 154//154 155//155 275//155 274//154
f 155//155 156//156 276//156 275//155
f 156//156 157//157 277//157 276//156
f 157//157 158//158 278//158 277//157
f 158//158 159//159 279//159 278//158
f 159//159 160//160 280//160 279//159
f 160//160 161//161 281//161 280//160
f 161//161 162//162 282//162 281//161
f 162//162 163//163 283//163 282//162
f 163//163 164//164 284//164 283//163
f 164//164 165//165 285//165 284//164
f 165//165 166//166 286//166 285//165
f 166//166 167//167 287//167 286//166
f 167//167 168//168 288//168 287//167
f 168//168 169//169 289//169 288//168
f 169//169 170//170 290//170 289//169
f 170//170 171//171 291//171 290//170
f 171//171 172//172 292//172 291//171
f 172//172 173//173 293//173 292//172
f 173//173 174//174 294//174 293//173
f 174//174 175//175 295//175 294//174
f 175//175 176//176 296//176 295//175
f 176//176 177//177 297//177 296//176
f 177//177 178//178 298//178 297//177
f 178//178 179//179 299//179 298//178
f 179//179 180//180 300//180 299//179
f 180//180 181//181 301//181 300//180
f 181//181 182//182 302//182 301//181
f 182//182 183//183 303//183 302//182
f 183//183 184//184 304//184 303//183
f 184//184 185//185 305//185 304//184
f 185//185 186//186 306//186 305//185
f 186//186 187//187 307//187 306//186
f 187//187 188//188 308//188 307//187
f 188//188 189//189 309//189 308//188
f 189//189 190//190 310//190 309//189
f 190//190 191//191 311//191 310//190
f 191//191 192//192 312//192 311//191
f 192//192 193//193 313//193 312//192
f 193//193 194//194 314//194 313//193
f 194//194 195//195 315//195 314//194
f 195//195 196//196 316//196 315//195
f 196//196 197//197 317//197 316//196
f 197//197 198//198 318//198 317//197
f 198//198 199//199 319//199 318//198
f 199//199 200//200 320//200 319//199
f 200//200 201//201 321//201 320//200
f 201//201 202//202 322//202 321//201
f 202//202 203//203 323//203 322//202
f 203//203 204//204 324//204 323//203
f 204//204 205//205 325//205 324//204
f 205//205 206//206 326//206 325//205
f 206//206 207//207 327//207 326//206
f 207//207 208//208 328//208 327//207
f 208//208 209//209 329//209 328//208
f 209//209 210//210 330//210 329//209
f 210//210 211//211 331//211 330//210
f 211//211 212//212 332//212 331//211
f 212//212 213//213 333//213 332//212
f 213//213 214//214 334//214 333//213
f 214//214 215//215 335//215 334//214
f 215//215 216//216 336//216 335//215
f 216//216 217//217 337//217 336//216
f 217//217 218//218 338//218 337//217
f 218//218 219//219 339//219 338//218
f 219//219 220//220 340//220 339//219
f 220//220 221//221 341//221 340//220
f 221//221 222//222 342//222 341//221
f 222//222 223//223 343//223 342//222
f 223//223 224//224 344//224 343//223
f 224//224 225//225 345//225 344//224
f 225//225 226//226 346//226 345//225
f 226//226 227//227 347//227 346//226
f 227//227 228//228 348//228 347//227
f 228//228 229//229 349//229 348//228
f 229//229 230//230 350//230 349//229
f 230//230 231//231 351//231 350//230
f 231//231 232//232 352//232 351//231
f 232//232 233//233 353//233 352//232
f 233//233 234//234 354//234 353//233
f 234//234 235//235 355//235 354//234
f 235//235 236//236 356//236 355//235
f 236//236 237//237 357//237 356//236
f 237//237 238//238 358//238 357//237
f 238//238 239//239 359//239 358//238
f 239//239 240//240 360//240 359//239
f 240//240 121//121 241//121 360//240
f 241//121 242//122 362//122 361//121
f 242//122 243//123 363//123 362//122
f 243//123 244//124 364//124 363//123
f 244//124 245//125 365//125 364//124
f 245//125 246//126 366//126 365//125
f 246//126 247//127 367//127 366//126
f 247//127 248//128 368//128 367//127
f 248//128 249//129 369//129 368//128
f 249//129 250//130 370//130 369//129
f 250//130 251//131 371//131 370//130
f 251//131 252//132 372//132 371//131
f 252//132 253//133 373//133 372//132
f 253//133 254//134 374//134 373//133
f 254//134 255//135 375//135 374//134
f 255//135 256//136 376//136 375//135
f 256//136 257//137 377//137 376//136
f 257//137 258//138 378//138 377//137
f 258//138 259//139 379//139 378//138
f 259//139 260//140 380//140 379//139
f 260//140 261//141 381//141 380//140
f 261//141 262//142 382//142 381//141
f 262//142 263//143 383//143 382//142
f 263//143 264//144 384//144 383//143
f 264//144 265//145 385//145 384//144
f 265//145 266//146 386//146 385//145
f 266//146 267//147 387//147 386//146
f 267//147 268//148 388//148 387//147
f 268//148 269//149 389//149 388//148
f 269//149 270//150 390//150 389//149
f 270//150 271//151 391//151 390//150
f 271//151 272//152 392//152 391//151
f 272//152 273//153 393//153 392//152
f 273//153 274//154 394//154 393//153
f 274//154 275//155 395//155 394//154
f 275//155 276//156 396//156 395//155
f 276//156 277//157 397//157 396//156
f 277//157 278//158 398//158 397//157
f 278//158 279//159 399//159 398//158
f 279//159 280//160 400//160 399//159
f 280//160 281//161 401//161 400//160
f 281//161 282//162 402//162 401//161
f 282//162 283//163 403//163 402//162
f 283//163 284//164 404//164 403//163
f 284//164 285//165 405//165 404//164
f 285//165 286//166 406//166 405//165
f 286//166 287//167 407//167 406//166
f 287//167 288//168 408//168 407//167
f 288//168 289//169 409//169 408//168
f 289//169 290//170 410//170 409//169
f 290//170 291//171 411//171 410//170
f 291//171 292//172 412//172 411//171
f 292//172 293//173 413//173 412//172
f 293//173 294//174 414//174 413//173
f 294//174 295//175 415//175 414//174
f 295//175 296//176 416//176 415//175
f 296//176 297//177 417//177 416//176
f 297//177 298//178 418//178 417//177
f 298//178 299//179 419//179 418//178
f 299//179 300//180 420//180 419//179
f 300//180 301//181 421//181 420//180
f 301//181 302//182 422//182 421//181
f 302//182 303//183 423//183 422//182
f 303//183 304//184 424//184 423//183
f 304//184 305//185 425//185 424//184
f 305//185 306//186 426//186 425//185
f 306//186 307//187 427//187 426//186
f 307//187 308//188 428//188 427//187
f 308//188 309//189 429//189 428//188
f 309//189 310//190 430//190 429//189
f 310//190 311//191 431//191 430//190
f 311//191 312//192 432//192 431//191
f 312//192 313//193 433//193 432//192
f 313//193 314//194 434//194 433//193
f 314//194 315//195 435//195 434//194
f 315//195 316//196 436//196 435//195
f 316//196 317//197 437//197 436//196
f 317//197 318//198 438//198 437//197
f 318//198 319//199 439//199 438//198
f 319//199 320//200 440//200 439//199
f 320//200 321//201 441//201 440//200
f 321//201 322//202 442//202 441//201
f 322//202 323//203 443//203 442//202
f 323//203 324//204 444//204 443//203
f 324//204 325//205 445//205 444//204
f 325//205 326//206 446//206 445//205
f 326//206 327//207 447//207 446//206
f 327//207 328//208 448//208 447//207
f 328//208 329//209 449//209 448//208
f 329//209 330//210 450//210 449//209
f 330//210 331//211 451//211 450//210
f 331//211 332//212 452//212 451//211
f 332//212 333//213 453//213 452//212
f 333//213 334//214 454//214 453//213
f 334//214 335//215 455//215 454//214
f 335//215 336//216 456//216 455//215
f 336//216 337//217 457//217 456//216
f 337//217 338//218 458//218 457//217
f 338//218 339//219 459//219 458//218
f 339//219 340//220 460//220 459//219
f 340//220 341//221 461//221 460//220
f 341//221 342//222 462//222 461//221
f 342//222 343//223 463//223 462//222
f 343//223 344//224 464//224 463//223
f 344//224 345//225 465//225 464//224
f 345//225 346//226 466//226 465//225
f 346//226 347//227 467//227 466//226
f 347//227 348//228 468//228 467//227
f 348//228 349//229 469//229 468//228
f 349//229 350//230 470//230 469//229
f 350//230 351//231 471//231 470//230
f 351//231 352//232 472//232 471//231
f 352//232 353//233 473//233 472//232
f 353//233 354//234 474//234 473//233
f 354//234 355//235 475//235 474//234
f 355//235 356//236 476//236 475//235
f 356//236 357//237 477//237 476//236
f 357//237 358//238 478//238 477//237
f 358//238 359//239 479//239 478//238
f 359//239 360//240 480//240 479//239
f 360//240 241//121 361//121 480//240
f 361//121 362//122 482//122 481//121
f 362//122 363//123 483//123 482//122
f 363//123 364//124 484//124 483//123
f 364//124 365//125 485//125 484//124
f 365//125 366//126 486//126 485//125
f 366//126 367//127 487//127 486//126
f 367//127 368//128 488//128 487//127
f 368//128 369//129 489//129 488//128
f 369//129 370//130 490//130 489//129
f 370//130 371//131 491//131 490//130
f 371//131 372//132 492//132 491//131
f 372//132 373//133 493//133 492//132
f 373//133 374//134 494//134 493//133
f 374//134 375//135 495//135 494//134
f 375//135 376//136 496//136 495//135
f 376//136 377//137 497//137 496//136
f 377//137 378//138 498//138 497//137
f 378//138 379//139 499//139 498//138
f 379//139 380//140 500//140 499//139
f 380//140 381//141 501//141 500//140
f 381//141 382//142 502//142 501//141
f 382//142 383//143 503//143 502//142
f 383//143 384//144 504//144 503//143
f 384//144 385//145 505//145 504//144
f 385//145 386//146 506//146 505//145
f 386//146 387//147 507//147 506//146
f 387//147 388//148 508//148 507//147
f 388//148 389//149 509//149 508//148
f 389//149 390//150 510//150 509//149
f 390//150 391//151 511//151 510//150
f 391//151 392//152 512//152 511//151
f 392//152 393//153 513//153 512//152
f 393//153 394//154 514//154 513//153
f 394//154 395//155 515//155 514//154
f 395//155 396//156 516//156 515//155
f 396//156 397//157 517//157 516//156
f 397//157 398//158 518//158 517//157
f 398//158 399//159 519//159 518//158
f 399//159 400//160 520//160 519//159
f 400//160 401//161 521//161 520//160
f 401//161 402//162 522//162 521//161
f 402//162 403//163 523//163 522//162
f 403//163 404//164 524//164 523//163
f 404//164 405//165 525//165 524//164
f 405//165 406//166 526//166 525//165
f 406//166 407//167 527//167 526//166
f 407//167 408//168 528//168 527//167
f 408//168 409//169 529//169 528//168
f 409//169 410//170 530//170 529//169
f 410//170 411//171 531//171 530//170
f 411//171 412//172 532//172 531//171
f 412//172 413//173 533//173 532//172
f 413//173 414//174 534//174 533//173
f 414//174 415//175 535//175 534//174
f 415//175 416//176 536//176 535//175
f 416//176 417//177 537//177 536//176
f 417//177 418//178 538//178 537//177
f 418//178 419//179 539//179 538//178
f 419//179 420//180 540//180 539//179
f 420//180 421//181 541//181 540//180
f 421//181 422//182 542//182 541//181
f 422//182 423//183 543//183 542//182
f 423//183 424//184 544//184 543//183
f 424//184 425//185 545//185 544//184
f 425//185 426//186 546//186 545//185
f 426//186 427//187 547//187 546//186
f 427//187 428//188 548//188 547//187
f 428//188 429//189 549//189 548//188
f 429//189 430//190 550//190 549//189
f 430//190 431//191 551//191 550//190
f 431//191 432//192 552//192 551//191
f 432//192 433//193 553//193 552//192
f 433//193 434//194 554//194 553//193
f 434//194 435//195 555//195 554//194
f 435//195 436//196 556//196 555//195
f 436//196 437//197 557//197 556//196
f 437//197 438//198 558//198 557//197
f 438//198 439//199 559//199 558//198
f 439//199 440//200 560//200 559//199
f 440//200 441//201 561//201 560//200
f 441//201 442//202 562//202 561//201
f 442//202 443//203 563//203 562//202
f 443//203 444//204 564//204 563//203
f 444//204 445//205 565//205 564//204
f 445//205 446//206 566//206 565//205
f 446//206 447//207 567//207 566//206
f 447//207 448//208 568//208 567//207
f 448//208 449//209 569//209 568//208
f 449//209 450//210 570//210 569//209
f 450//210 451//211 571//211 570//210
f 451//211 452//212 572//212 571//211
f 452//212 453//213 573//213 572//212
f 453//213 454//214 574//214 573//213
f 454//214 455//215 575//215 574//214
f 455//215 456//216 576//216 575//215
f 456//216 457//217 577//217 576//216
f 457//217 458//218 578//218 577//217
f 458//218 459//219 579//219 578//218
f 459//219 460//220 580//220 579//219
f 460//220 461//221 581//221 580//220
f 461//221 462//222 582//222 581//221
f 462//222 463//223 583//223 582//222
f 463//223 464//224 584//224 583//223
f 464//224 465//225 585//225 584//224
f 465//225 466//226 586//226 585//225
f 466//226 467//227 587//227 586//226
f 467//227 468//228 588//228 587//227
f 468//228 469//229 589//229 588//228
f 469//229 470//230 590//230 589//229
f 470//230 471//231 591//231 590//230
f 471//231 472//232 592//232 591//231
f 472//232 473//233 593//233 592//232
f 473//233 474//234 594//234 593//233
f 474//234 475//235 595//235 594//234
f 475//235 476//236 596//236 595//235
f 476//236 477//237 597//237 596//236
f 477//237 478//238 598//238 597//237
f 478//238 479//239 599//239 598//238
f 479//239 480//240 600//240 599//239
f 480//240 361//121 481//121 600//240
f 481//121 482//122 602//122 601//121
f 482//122 483//123 603//123 602//122
f 483//123 484//124 604//124 603//123
f 484//124 485//125 605//125 604//124
f 485//125 486//126 606//126 605//125
f 486//126 487//127 607//127 606//126
f 487//127 488//128 608//128 607//127
f 488//128 489//129 609//129 608//128
f 489//129 490//130 610//130 609//129
f 490//130 491//131 611//131 610//130
f 491//131 492//132 612//132 611//131
f 492//132 493//133 613//133 612//132
f 493//133 494//134 614//134 613//133
f 494//134 495//135 615//135 614//134
f 495//135 496//136 616//136 615//135
f 496//136 497//137 617//137 616//136
f 497//137 498//138 618//138 617//137
f 498//138 499//139 619//139 618//138
f 499//139 500//140 620//140 619//139
f 500//140 501//141 621//141 620//140
f 501//141 502//142 622//142 621//141
f 502//142 503//143 623//143 622//142
f 503//143 504//144 624//144 623//143
f 504//144 505//145 625//145 624//144
f 505//145 506//146 626//146 625//145
f 506//146 507//147 627//147 626//146
f 507//147 508//148 628//148 627//147
f 508//148 509//149 629//149 628//148
f 509//149 510//150 630//150 629//149
f 510//150 511//151 631//151 630//150
f 511//151 512//152 632//152 631//151
f 512//152 513//153 633//153 632//152
f 513//153 514//154 634//154 633//153
f 514//154 515//155 635//155 634//154
f 515//155 516//156 636//156 635//155
f 516//156 517//157 637//157 636//156
f 517//157 518//158 638//158 637//157
f 518//158 519//159 639//159 638//158
f 519//159 520//160 640//160 639//159
f 520//160 521//161 641//161 640//160
f 521//161 522//162 642//162 641//161
f 522//162 523//163 643//163 642//162
f 523//163 524//164 644//164 643//163
f 524//164 525//165 645//165 644//164
f 525//165 526//166 646//166 645//165
f 526//166 527//167 647//167 646//166
f 527//167 528//168 648//168 647//167
f 528//168 529//169 649//169 648//168
f 529//169 530//170 650//170 649//169
f 530//170 531//171 651//171 650//170
f 531//171 532//172 652//172 651//171
f 532//172 533//173 653//173 652//172
f 533//173 534//174 654//174 653//173
f 534//174 535//175 655//175 654//174
f 535//175 536//176 656//176 655//175
f 536//176 537//177 657//177 656//176
f 537//177 538//178 658//178 657//177
f 538//178 539//179 659//179 658//178
f 539//179 540//180 660//180 659//179
f 540//180 541//181 661//181 660//180
f 541//181 542//182 662//182 661//181
f 542//182 543//183 663//183 662//182
f 543//183 544//184 664//184 663//183
f 544//184 545//185 665//185 664//184
f 545//185 546//186 666//186 665//185
f 546//186 547//187 667//187 666//186
f 547//187 548//188 668//188 667//187
f 548//188 549//189 669//189 668//188
f 549//189 550//190 670//190 669//189
f 550//190 551//191 671//191 670//190
f 551//191 552//192 672//192 671//191
f 552//192 553//193 673//193 672//192
f 553//193 554//194 674//194 673//193
f 554//194 555//195 675//195 674//194
f 555//195 556//196 676//196 675//195
f 556//196 557//197 677//197 676//196
f 557//197 558//198 678//198 677//197
f 558//198 559//199 679//199 678//198
f 559//199 560//200 680//200 679//199
f 560//200 561//201 681//201 680//200
f 561//201 562//202 682//202 681//201
f 562//202 563//203 683//203 682//202
f 563//203 564//204 684//204 683//203
f 564//204 565//205 685//205 684//204
f 565//205 566//206 686//206 685//205
f 566//206 567//207 687//207 686//206
f 567//207 568//208 688//208 687//207
f 568//208 569//209 689//209 688//208
f 569//209 570//210 690//210 689//209
f 570//210 571//211 691//211 690//210
f 571//211 572//212 692//212 691//211
f 572//212 573//213 693//213 692//212
f 573//213 574//214 694//214 693//213
f 574//214 575//215 695//215 694//214
f 575//215 576//216 696//216 695//215
f 576//216 577//217 697//217 696//216
f 577//217 578//218 698//218 697//217
f 578//218 579//219 699//219 698//218
f 579//219 580//220 700//220 699//219
f 580//220 581//221 701//221 700//220
f 581//221 582//222 702//222 701//221
f 582//222 583//223 703//223 702//222
f 583//223 584//224 704//224 703//223
f 584//224 585//225 705//225 704//224
f 585//225 586//226 706//226 705//225
f 586//226 587//227 707//227 706//226
f 587//227 588//228 708//228 707//227
f 588//228 589//229 709//229 708//228
f 589//229 590//230 710//230 709//229
f 590//230 591//231 711//231 710//230
f 591//231 592//232 712//232 711//231
f 592//232 593//233 713//233 712//232
f 593//233 594//234 714//234 713//233
f 594//234 595//235 715//235 714//234
f 595//235 596//236 716//236 715//235
f 596//236 597//237 717//237 716//236
f 597//237 598//238 718//238 717//237
f 598//238 599//239 719//239 718//238
f 599//239 600//240 720//240 719//239
f 600//240 481//121 601//121 720//240
f 601//121 602//122 722//122 721//121
f 602//122 603//123 723//123 722//122
f 603//123 604//124 724//124 723//123
f 604//124 605//125 725//125 724//124
f 605//125 606//126 726//126 725//125
f 606//126 607//127 727//127 726//126
f 607//127 608//128 728//128 727//127
f 608//128 609//129 729//129 728//128
f 609//129 610//130 730//130 729//129
f 610//130 611//131 731//131 730//130
f 611//131 612//132 732//132 731//131
f 612//132 613//133 733//133 732//132
f 613//133 614//134 734//134 733//133
f 614//134 615//135 735//135 734//134
f 615//135 616//136 736//136 735//135
f 616//136 617//137 737//137 736//136
f 617//137 618//138 738//138 737//137
f 618//138 619//139 739//139 738//138
f 619//139 620//140 740//140 739//139
f 620//140 621//141 741//141 740//140
f 621//141 622//142 742//142 741//141
f 622//142 623//143 743//143 742//142
f 623//143 624//144 744//144 743//143
f 624//144 625//145 745//145 744//144
f 625//145 626//146 746//146 745//145
f 626//146 627//147 747//147 746//146
f 627//147 628//148 748//148 747//147
f 628//148 629//149 749//149 748//148
f 629//149 630//150 750//150 749//149
f 630//150 631//151 751//151 750//150
f 631//151 632//152 752//152 751//151
f 632//152 633//153 753//153 752//152
f 633//153 634//154 754//154 753//153
f 634//154 635//155 755//155 754//154
f 635//155 636//156 756//156 755//155
f 636//156 637//157 757//157 756//156
f 637//157 638//158 758//158 757//157
f 638//158 639//159 759//159 758//158
f 639//159 640//160 760//160 759//159
f 640//160 641//161 761//161 760//160
f 641//161 642//162 762//162 761//161
f 642//162 643//163 763//163 762//162
f 643//163 644//164 764//164 763//163
f 644//164 645//165 765//165 764//164
f 645//165 646//166 766//166 765//165
f 646//166 647//167 767//167 766//166
f 647//167 648//168 768//168 767//167
f 648//168 649//169 769//169 768//168
f 649//169 650//170 770//170 769//169
f 650//170 651//171 771//171 770//170
f 651//171 652//172 772//172 771//171
f 652//172 653//173 773//173 772//172
f 653//173 654//174 774//174 773//173
f 654//174 655//175 775//175 774//174
f 655//175 656//176 776//176 775//175
f 656//176 657//177 777//177 776//176
f 657//177 658//178 778//178 777//177
f 658//178 659//179 779//179 778//178
f 659//179 660//180 780//180 779//179
f 660//180 661//181 781//181 780//180
f 661//181 662//182 782//182 781//181
f 662//182 663//183 783//183 782//182
f 663//183 664//184 784//184 783//183
f 664//184 665//185 785//185 784//184
f 665//185 666//186 786//186 785//185
f 666//186 667//187 787//187 786//186
f 667//187 668//188 788//188 787//187
f 668//188 669//189 789//189 788//188
f 669//189 670//190 790//190 789//189
f 670//190 671//191 791//191 790//190
f 671//191 672//192 792//192 791//191
f 672//192 673//193 793//193 792//192
f 673//193 674//194 794//194 793//193
f 674//194 675//195 795//195 794//194
f 675//195 676//196 796//196 795//195
f 676//196 677//197 797//197 796//196
f 677//197 678//198 798//198 797//197
f 678//198 679//199 799//199 798//198
f 679//199 680//200 800//200 799//199
f 680//200 681//201 801//201 800//200
f 681//201 682//202 802//202 801//201
f 682//202 683//203 803//203 802//202
f 683//203 684//204 804//204 803//203
f 684//204 685//205 805//205 804//204
f 685//205 686//206 806//206 805//205
f 686//206 687//207 807//207 806//206
f 687//207 688//208 808//208 807//207
f 688//208 689//209 809//209 808//208
f 689//209 690//210 810//210 809//209
f 690//210 691//211 811//211 810//210
f 691//211 692//212 812//212 811//211
f 692//212 693//213 813//213 812//212
f 693//213 694//214 814//214 813//213
f 694//214 695//215 815//215 814//214
f 695//215 696//216 816//216 815//215
f 696//216 697//217 817//217 816//216
f 697//217 698//218 818//218 817//217
f 698//218 699//219 819//219 818//218
f 699//219 700//220 820//220 819//219
f 700//220 701//221 821//221 820//220
f 701//221 702//222 822//222 821//221
f 702//222 703//223 823//223 822//222
f 703//223 704//224 824//224 823//223
f 704//224 705//225 825//225 824//224
f 705//225 706//226 826//226 825//225
f 706//226 707//227 827//227 826//226
f 707//227 708//228 828//228 827//227
f 708//228 709//229 829//229 828//228
f 709//229 710//230 830//230 829//229
f 710//230 711//231 831//231 830//230
f 711//231 712//232 832//232 831//231
f 712//232 713//233 833//233 832//232
f 713//233 714//234 834//234 833//233
f 714//234 715//235 835//235 834//234
f 715//235 716//236 836//236 835//235
f 716//236 717//237 837//237 836//236
f 717//237 718//238 838//238 837//237
f 718//238 719//239 839//239 838//238
f 719//239 720//240 840//240 839//239
f 720//240 601//121 721//121 840//240
f 721//121 722//122 842//122 841//121
f 722//122 723//123 843//123 842//122
f 723//123 724//124 844//124 843//123
f 724//124 725//125 845//125 844//124
f 725//125 726//126 846//126 845//125
f 726//126 727//127 847//127 846//126
f 727//127 728//128 848//128 847//127
f 728//128 729//129 849//129 848//128
f 729//129 730//130 850//130 849//129
f 730//130 731//131 851//131 850//130
f 731//131 732//132 852//132 851//131
f 732//132 733//133 853//133 852//132
f 733//133 734//134 854//134 853//133
f 734//134 735//135 855//135 854//134
f 735//135 736//136 856//136 855//135
f 736//136 737//137 857//137 856//136
f 737//137 738//138 858//138 857//137
f 738//138 739//139 859//139 858//138
f 739//139 740//140 860//140 859//139
f 740//140 741//141 861//141 860//140
f 741//141 742//142 862//142 861//141
f 742//142 743//143 863//143 862//142
f 743//143 744//144 864//144 863//143
f 744//144 745//145 865//145 864//144
f 745//145 746//146 866//146 865//145
f 746//146 747//147 867//147 866//146
f 747//147 748//148 868//148 867//147
f 748//148 749//149 869//149 868//148
f 749//149 750//150 870//150 869//149
f 750//150 751//151 871//151 870//150
f 751//151 752//152 872//152 871//151
f 752//152 753//153 873//153 872//152
f 753//153 754//154 874//154 873//153
f 754//154 755//155 875//155 874//154
f 755//155 756//156 876//156 875//155
f 756//156 757//157 877//157 876//156
f 757//157 758//158 878//158 877//157
f 758//158 759//159 879//159 878//158
f 759//159 760//160 880//160 879//159
f 760//160 761//161 881//161 880//160
f 761//161 762//162 882//162 881//161
f 762//162 763//163 883//163 882//162
f 763//163 764//164 884//164 883//163
f 764//164 765//165 885//165 884//164
f 765//165 766//166 886//166 885//165
f 766//166 767//167 887//167 886//166
f 767//167 768//168 888//168 887//167
f 768//168 769//169 889//169 888//168
f 769//169 770//170 890//170 889//169
f 770//170 771//171 891//171 890//170
f 771//171 772//172 892//172 891//171
f 772//172 773//173 893//173 892//172
f 773//173 774//174 894//174 893//173
f 774//174 775//175 895//175 894//174
f 775//175 776//176 896//176 895//175
f 776//176 777//177 897//177 896//176
f 777//177 778//178 898//178 897//177
f 778//178 779//179 899//179 898//178
f 779//179 780//180 900//180 899//179
f 780//180 781//181 901//181 900//180
f 781//181 782//182 902//182 901//181
f 782//182 783//183 903//183 902//182
f 783//183 784//184 904//184 903//183
f 784//184 785//185 905//185 904//184
f 785//185 786//186 906//186 905//185
f 786//186 787//187 907//187 906//186
f 787//187 788//188 908//188 907//187
f 788//188 789//189 909//189 908//188
f 789//189 790//190 910//190 909//189
f 790//190 791//191 911//191 910//190
f 791//191 792//192 912//192 911//191
f 792//192 793//193 913//193 912//192
f 793//193 794//194 914//194 913//193
f 794//194 795//195 915//195 914//194
f 795//195 796//196 916//196 915//195
f 796//196 797//197 917//197 916//196
f 797//197 798//198 918//198 917//197
f 798//198 799//199 919//199 918//198
f 799//199 800//200 920//200 919//199
f 800//200 801//201 921//201 920//200
f 801//201 802//202 922//202 921//201
f 802//202 803//203 923//203 922//202
f 803//203 804//204 924//204 923//203
f 804//204 805//205 925//205 924//204
f 805//205 806//206 926//206 925//205
f 806//206 807//207 927//207 926//206
f 807//207 808//208 928//208 927//207
f 808//208 809//209 929//209 928//208
f 809//209 810//210 930//210 929//209
f 810//210 811//211 931//211 930//210
f 811//211 812//212 932//212 931//211
f 812//212 813//213 933//213 932//212
f 813//213 814//214 934//214 933//213
f 814//214 815//215 935//215 934//214
f 815//215 816//216 936//216 935//215
f 816//216 817//217 937//217 936//216
f 817//217 818//218 938//218 937//217
f 818//218 819//219 939//219 938//218
f 819//219 820//220 940//220 939//219
f 820//220 821//221 941//221 940//220
f 821//221 822//222 942//222 941//221
f 822//222 823//223 943//223 942//222
f 823//223 824//224 944//224 943//223
f 824//224 825//225 945//225 944//224
f 825//225 826//226 946//226 945//225
f 826//226 827//227 947//227 946//226
f 827//227 828//228 948//228 947//227
f 828//228 829//229 949//229 948//228
f 829//229 830//230 950//230 949//229
f 830//230 831//231 951//231 950//230
f 831//231 832//232 952//232 951//231
f 832//232 833//233 953//233 952//232
f 833//233 834//234 954//234 953//233
f 834//234 835//235 955//235 954//234
f 835//235 836//236 956//236 955//235
f 836//236 837//237 957//237 956//236
f 837//237 838//238 958//238 957//237
f 838//238 839//239 959//239 958//238
f 839//239 840//240 960//240 959//239
f 840//240 721//121 841//121 960//240
f 841//121 842//122 962//122 961//121
f 842//122 843//123 963//123 962//122
f 843//123 844//124 964//124 963//123
f 844//124 845//125 965//125 964//124
f 845//125 846//126 966//126 965//125
f 846//126 847//127 967//127 966//126
f 847//127 848//128 968//128 967//127
f 848//128 849//129 969//129 968//128
f 849//129 850//130 970//130 969//129
f 850//130 851//131 971//131 970//130
f 851//131 852//132 972//132 971//131
f 852//132 853//133 973//133 972//132
f 853//133 854//134 974//134 973//133
f 854//134 855//135 975//135 974//134
f 855//135 856//136 976//136 975//135
f 856//136 857//137 977//137 976//136
f 857//137 858//138 978//138 977//137
f 858//138 859//139 979//139 978//138
f 859//139 860//140 980//140 979//139
f 860//140 861//141 981//141 980//140
f 861//141 862//142 982//142 981//141
f 862//142 863//143 983//143 982//142
f 863//143 864//144 984//144 983//143
f 864//144 865//145 985//145 984//144
f 865//145 866//146 986//146 985//145
f 866//146 867//147 987//147 986//146
f 867//147 868//148 988//148 987//147
f 868//148 869//149 989//149 988//148
f 869//149 870//150 990//150 989//149
f 870//150 871//151 991//151 990//150
f 871//151 872//152 992//152 991//151
f 872//152 873//153 993//153 992//152
f 873//153 874//154 994//154 993//153
f 874//154 875//155 995//155 994//154
f 875//155 876//156 996//156 995//155
f 876//156 877//157 997//157 996//156
f 877//157 878//158 998//158 997//157
f 878//158 879//159 999//159 998//158
f 879//159 880//160 1000//160 999//159
f 880//160 881//161 1001//161 1000//160
f 881//161 882//162 1002//162 1001//161
f 882//162 883//163 1003//163 1002//162
f 883//163 884//164 1004//164 1003//163
f 884//164 885//165 1005//165 1004//164
f 885//165 886//166 1006//166 1005//165
f 886//166 887//167 1007//167 1006//166
f 887//167 888//168 1008//168 1007//167
f 888//168 889//169 1009//169 1008//168
f 889//169 890//170 1010//170 1009//169
f 890//170 891//171 1011//171 1010//170
f 891//171 892//172 1012//172 1011//171
f 892//172 893//173 1013//173 1012//172
f 893//173 894//174 1014//174 1013//173
f 894//174 895//175 1015//175 1014//174
f 895//175 896//176 1016//176 1015//175
f 896//176 897//177 1017//177 1016//176
f 897//177 898//178 1018//178 1017//177
f 898//178 899//179 1019//179 1018//178
f 899//179 900//180 1020//180 1019//179
f 900//180 901//181 1021//181 1020//180
f 901//181 902//182 1022//182 1021//181
f 902//182 903//183 1023//183 1022//182
f 903//183 904//184 1024//184 1023//183
f 904//184 905//185 1025//185 1024//184
f 905//185 906//186 1026//186 1025//185
f 906//186 907//187 1027//187 1026//186
f 907//187 908//188 1028//188 1027//187
f 908//188 909//189 1029//189 1028//188
f 909//189 910//190 1030//190 1029//189
f 910//190 911//191 1031//191 1030//190
f 911//191 912//192 1032//192 1031//191
f 912//192 913//193 1033//193 1032//192
f 913//193 914//194 1034//194 1033//193
f 914//194 915//195 1035//195 1034//194
f 915//195 916//196 1036//196 1035//195
f 916//196 917//197 1037//197 1036//196
f 917//197 918//198 1038//198 1037//197
f 918//198 919//199 1039//199 1038//198
f 919//199 920//200 1040//200 1039//199
f 920//200 921//201 1041//201 1040//200
f 921//201 922//202 1042//202 1041//201
f 922//202 923//203 1043//203 1042//202
f 923//203 924//204 1044//204 1043//203
f 924//204 925//205 1045//205 1044//204
f 925//205 926//206 1046//206 1045//205
f 926//206 927//207 1047//207 1046//206
f 927//207 928//208 1048//208 1047//207
f 928//208 929//209 1049//209 1048//208
f 929//209 930//210 1050//210 1049//209
f 930//210 931//211 1051//211 1050//210
f 931//211 932//212 1052//212 1051//211
f 932//212 933//213 1053//213 1052//212
f 933//213 934//214 1054//214 1053//213
f 934//214 935//215 1055//215 1054//214
f 935//215 936//216 1056//216 1055//215
f 936//216 937//217 1057//217 1056//216
f 937//217 938//218 1058//218 1057//217
f 938//218 939//219 1059//219 1058//218
f 939//219 940//220 1060//220 1059//219
f 940//220 941//221 1061//221 1060//220
f 941//221 942//222 1062//222 1061//221
f 942//222 943//223 1063//223 1062//222
f 943//223 944//224 1064//224 1063//223
f 944//224 945//225 1065//225 1064//224
f 945//225 946//226 1066//226 1065//225
f 946//226 947//227 1067//227 1066//226
f 947//227 948//228 1068//228 1067//227
f 948//228 949//229 1069//229 1068//228
f 949//229 950//230 1070//230 1069//229
f 950//230 951//231 1071//231 1070//230
f 951//231 952//232 1072//232 1071//231
f 952//232 953//233 1073//233 1072//232
f 953//233 954//234 1074//234 1073//233
f 954//234 955//235 1075//235 1074//234
f 955//235 956//236 1076//236 1075//235
f 956//236 957//237 1077//237 1076//236
f 957//237 958//238 1078//238 1077//237
f 958//238 959//239 1079//239 1078//238
f 959//239 960//240 1080//240 1079//239
f 960//240 841//121 961//121 1080//240
f 961//121 962//122 1082//122 1081//121
f 962//122 963//123 1083//123 1082//122
f 963//123 964//124 1084//124 1083//123
f 964//124 965//125 1085//125 1084//124
f 965//125 966//126 1086//126 1085//125
f 966//126 967//127 1087//127 1086//126
f 967//127 968//128 1088//128 1087//127
f 968//128 969//129 1089//129 1088//128
f 969//129 970//130 1090//130 1089//129
f 970//130 971//131 1091//131 1090//130
f 971//131 972//132 1092//132 1091//131
f 972//132 973//133 1093//133 1092//132
f 973//133 974//134 1094//134 1093//133
f 974//134 975//135 1095//135 1094//134
f 975//135 976//136 1096//136 1095//135
f 976//136 977//137 1097//137 1096//136
f 977//137 978//138 1098//138 1097//137
f 978//138 979//139 1099//139 1098//138
f 979//139 980//140 1100//140 1099//139
f 980//140 981//141 1101//141 1100//140
f 981//141 982//142 1102//142 1101//141
f 982//142 983//143 1103//143 1102//142
f 983//143 984//144 1104//144 1103//143
f 984//144 985//145 1105//145 1104//144
f 985//145 986//146 1106//146 1105//145
f 986//146 987//147 1107//147 1106//146
f 987//147 988//148 1108//148 1107//147
f 988//148 989//149 1109//149 1108//148
f 989//149 990//150 1110//150 1109//149
f 990//150 991//151 1111//151 1110//150
f 991//151 992//152 1112//152 1111//151
f 992//152 993//153 1113//153 1112//152
f 993//153 994//154 1114//154 1113//153
f 994//154 995//155 1115//155 1114//154
f 995//155 996//156 1116//156 1115//155
f 996//156 997//157 1117//157 1116//156
f 997//157 998//158 1118//158 1117//157
f 998//158 999//159 1119//159 1118//158
f 999//159 1000//160 1120//160 1119//159
f 1000//160 1001//161 1121//161 1120//160
f 1001//161 1002//162 1122//162 1121//161
f 1002//162 1003//163 1123//163 1122//162
f 1003//163 1004//164 1124//164 1123//163
f 1004//164 1005//165 1125//165 1124//164
f 1005//165 1006//166 1126//166 1125//165
f 1006//166 1007//167 1127//167 1126//166
f 1007//167 1008//168 1128//168 1127//167
f 1008//168 1009//169 1129//169 1128//168
f 1009//169 1010//170 1130//170 1129//169
f 1010//170 1011//171 1131//171 1130//170
f 1011//171 1012//172 1132//172 1131//171
f 1012//172 1013//173 1133//173 1132//172
f 1013//173 1014//174 1134//174 1133//173
f 1014//174 1015//175 1135//175 1134//174
f 1015//175 1016//176 1136//176 1135//175
f 1016//176 1017//177 1137//177 1136//176
f 1017//177 1018//178 1138//178 1137//177
f 1018//178 1019//179 1139//179 1138//178
f 1019//179 1020//180 1140//180 1139//179
f 1020//180 1021//181 1141//181 1140//180
f 1021//181 1022//182 1142//182 1141//181
f 1022//182 1023//183 1143//183 1142//182
f 1023//183 1024//184 1144//184 1143//183
f 1024//184 1025//185 1145//185 1144//184
f 1025//185 1026//186 1146//186 1145//185
f 1026//186 1027//187 1147//187 1146//186
f 1027//187 1028//188 1148//188 1147//187
f 1028//188 1029//189 1149//189 1148//188
f 1029//189 1030//190 1150//190 1149//189
f 1030//190 1031//191 1151//191 1150//190
f 1031//191 1032//192 1152//192 1151//191
f 1032//192 1033//193 1153//193 1152//192
f 1033//193 1034//194 1154//194 1153//193
f 1034//194 1035//195 1155//195 1154//194
f 1035//195 1036//196 1156//196 1155//195
f 1036//196 1037//197 1157//197 1156//196
f 1037//197 1038//198 1158//198 1157//197
f 1038//198 1039//199 1159//199 1158//198
f 1039//199 1040//200 1160//200 1159//199
f 1040//200 1041//201 1161//201 1160//200
f 1041//201 1042//202 1162//202 1161//201
f 1042//202 1043//203 1163//203 1162//202
f 1043//203 1044//204 1164//204 1163//203
f 1044//204 1045//205 1165//205 1164//204
f 1045//205 1046//206 1166//206 1165//205
f 1046//206 1047//207 1167//207 1166//206
f 1047//207 1048//208 1168//208 1167//207
f 1048//208 1049//209 1169//209 1168//208
f 1049//209 1050//210 1170//210 1169//209
f 1050//210 1051//211 1171//211 1170//210
f 1051//211 1052//212 1172//212 1171//211
f 1052//212 1053//213 1173//213 1172//212
f 1053//213 1054//214 1174//214 1173//213
f 1054//214 1055//215 1175//215 1174//214
f 1055//215 1056//216 1176//216 1175//215
f 1056//216 1057//217 1177//217 1176//216
f 1057//217 1058//218 1178//218 1177//217
f 1058//218 1059//219 1179//219 1178//218
f 1059//219 1060//220 1180//220 1179//219
f 1060//220 1061//221 1181//221 1180//220
f 1061//221 1062//222 1182//222 1181//221
f 1062//222 1063//223 1183//223 1182//222
f 1063//223 1064//224 1184//224 1183//223
f 1064//224 1065//225 1185//225 1184//224
f 1065//225 1066//226 1186//226 1185//225
f 1066//226 1067//227 1187//227 1186//226
f 1067//227 1068//228 1188//228 1187//227
f 1068//228 1069//229 1189//229 1188//228
f 1069//229 1070//230 1190//230 1189//229
f 1070//230 1071//231 1191//231 1190//230
f 1071//231 1072//232 1192//232 1191//231
f 1072//232 1073//233 1193//233 1192//232
f 1073//233 1074//234 1194//234 1193//233
f 1074//234 1075//235 1195//235 1194//234
f 1075//235 1076//236 1196//236 1195//235
f 1076//236 1077//237 1197//237 1196//236
f 1077//237 1078//238 1198//238 1197//237
f 1078//238 1079//239 1199//239 1198//238
f 1079//239 1080//240 1200//240 1199//239
f 1080//240 961//121 1081//121 1200//240
f 1081//121 1082//122 1202//242 1201//241
f 1082//122 1083//123 1203//243 1202//242
f 1083//123 1084//124 1204//244 1203//243
f 1084//124 1085//125 1205//245 1204//244
f 1085//125 1086//126 1206//246 1205//245
f 1086//126 1087//127 1207//247 1206//246
f 1087//127 1088//128 1208//248 1207//247
f 1088//128 1089//129 1209//249 1208//248
f 1089//129 1090//130 1210//250 1209//249
f 1090//130 1091//131 1211//251 1210//250
f 1091//131 1092//132 1212//252 1211//251
f 1092//132 1093//133 1213//253 1212//252
f 1093//133 1094//134 1214//254 1213//253
f 1094//134 1095//135 1215//255 1214//254
f 1095//135 1096//136 1216//256 1215//255
f 1096//136 1097//137 1217//257 1216//256
f 1097//137 1098//138 1218//258 1217//257
f 1098//138 1099//139 1219//259 1218//258
f 1099//139 1100//140 1220//260 1219//259
f 1100//140 1101//141 1221//261 1220//260
f 1101//141 1102//142 1222//262 1221//261
f 1102//142 1103//143 1223//263 1222//262
f 1103//143 1104//144 1224//264 1223//263
f 1104//144 1105//145 1225//265 1224//264
f 1105//145 1106//146 1226//266 1225//265
f 1106//146 1107//147 1227//267 1226//266
f 1107//147 1108//148 1228//268 1227//267
f 1108//148 1109//149 1229//269 1228//268
f 1109//149 1110//150 1230//270 1229//269
f 1110//150 1111//151 1231//271 1230//270
f 1111//151 1112//152 1232//272 1231//271
f 1112//152 1113//153 1233//273 1232//272
f 1113//153 1114//154 1234//274 1233//273
f 1114//154 1115//155 1235//275 1234//274
f 1115//155 1116//156 1236//276 1235//275
f 1116//156 1117//157 1237//277 1236//276
f 1117//157 1118//158 1238//278 1237//277
f 1118//158 1119//159 1239//279 1238//278
f 1119//159 1120//160 1240//280 1239//279
f 1120//160 1121//161 1241//281 1240//280
f 1121//161 1122//162 1242//282 1241//281
f 1122//162 1123//163 1243//283 1242//282
f 1123//163 1124//164 1244//284 1243//283
f 1124//164 1125//165 1245//285 1244//284
f 1125//165 1126//166 1246//286 1245//285
f 1126//166 1127//167 1247//287 1246//286
f 1127//167 1128//168 1248//288 1247//287
f 1128//168 1129//169 1249//289 1248//288
f 1129//169 1130//170 1250//290 1249//289
f 1130//170 1131//171 1251//291 1250//290
f 1131//171 1132//172 1252//292 1251//291
f 1132//172 1133//173 1253//293 1252//292
f 1133//173 1134//174 1254//294 1253//293
f 1134//174 1135//175 1255//295 1254//294
f 1135//175 1136//176 1256//296 1255//295
f 1136//176 1137//177 1257//297 1256//296
f 1137//177 1138//178 1258//298 1257//297
f 1138//178 1139//179 1259//299 1258//298
f 1139//179 1140//180 1260//300 1259//299
f 1140//180 1141//181 1261//301 1260//300
f 1141//181 1142//182 1262//302 1261//301
f 1142//182 1143//183 1263//303 1262//302
f 1143//183 1144//184 1264//304 1263//303
f 1144//184 1145//185 1265//305 1264//304
f 1145//185 1146//186 1266//306 1265//305
f 1146//186 1147//187 1267//307 1266//306
f 1147//187 1148//188 1268//308 1267//307
f 1148//188 1149//189 1269//309 1268//308
f 1149//189 1150//190 1270//310 1269//309
f 1150//190 1151//191 1271//311 1270//310
f 1151//191 1152//192 1272//312 1271//311
f 1152//192 1153//193 1273//313 1272//312
f 1153//193 1154//194 1274//314 1273//313
f 1154//194 1155//195 1275//315 1274//314
f 1155//195 1156//196 1276//316 1275//315
f 1156//196 1157//197 1277//317 1276//316
f 1157//197 1158//198 1278//318 1277//317
f 1158//198 1159//199 1279//319 1278//318
f 1159//199 1160//200 1280//320 1279//319
f 1160//200 1161//201 1281//321 1280//320
f 1161//201 1162//202 1282//322 1281//321
f 1162//202 1163//203 1283//323 1282//322
f 1163//203 1164//204 1284//324 1283//323
f 1164//204 1165//205 1285//325 1284//324
f 1165//205 1166//206 1286//326 1285//325
f 1166//206 1167//207 1287//327 1286//326
f 1167//207 1168//208 1288//328 1287//327
f 1168//208 1169//209 1289//329 1288//328
f 1169//209 1170//210 1290//330 1289//329
f 1170//210 1171//211 1291//331 1290//330
f 1171//211 1172//212 1292//332 1291//331
f 1172//212 1173//213 1293//333 1292//332
f 1173//213 1174//214 1294//334 1293//333
f 1174//214 1175//215 1295//335 1294//334
f 1175//215 1176//216 1296//336 1295//335
f 1176//216 1177//217 1297//337 1296//336
f 1177//217 1178//218 1298//338 1297//337
f 1178//218 1179//219 1299//339 1298//338
f 1179//219 1180//220 1300//340 1299//339
f 1180//220 1181//221 1301//341 1300//340
f 1181//221 1182//222 1302//342 1301//341
f 1182//222 1183//223 1303//343 1302//342
f 1183//223 1184//224 1304//344 1303//343
f 1184//224 1185//225 1305//345 1304//344
f 1185//225 1186//226 1306//346 1305//345
f 1186//226 1187//227 1307//347 1306//346
f 1187//227 1188//228 1308//348 1307//347
f 1188//228 1189//229 1309//349 1308//348
f 1189//229 1190//230 1310//350 1309//349
f 1190//230 1191//231 1311//351 1310//350
f 1191//231 1192//232 1312//352 1311//351
f 1192//232 1193//233 1313//353 1312//352
f 1193//233 1194//234 1314//354 1313//353
f 1194//234 1195//235 1315//355 1314//354
f 1195//235 1196//236 1316//356 1315//355
f 1196//236 1197//237 1317//357 1316//356
f 1197//237 1198//238 1318//358 1317//357
f 1198//238 1199//239 1319//359 1318//358
f 1199//239 1200//240 1320//360 1319//359
f 1200//240 1081//121 1201//241 1320//360
f 1201//241 1202//242 1322//362 1321//361
f 1202//242 1203//243 1323//363 1322//362
f 1203//243 1204//244 1324//364 1323//363
f 1204//244 1205//245 1325//365 1324//364
f 1205//245 1206//246 1326//366 1325//365
f 1206//246 1207//247 1327//367 1326//366
f 1207//247 1208//248 1328//368 1327//367
f 1208//248 1209//249 1329//369 1328//368
f 1209//249 1210//250 1330//370 1329//369
f 1210//250 1211//251 1331//371 1330//370
f 1211//251 1212//252 1332//372 1331//371
f 1212//252 1213//253 1333//373 1332//372
f 1213//253 1214//254 1334//374 1333//373
f 1214//254 1215//255 1335//375 1334//374
f 1215//255 1216//256 1336//376 1335//375
f 1216//256 1217//257 1337//377 1336//376
f 1217//257 1218//258 1338//378 1337//377
f 1218//258 1219//259 1339//379 1338//378
f 1219//259 1220//260 1340//380 1339//379
f 1220//260 1221//261 1341//381 1340//380
f 1221//261 1222//262 1342//382 1341//381
f 1222//262 1223//263 1343//383 1342//382
f 1223//263 1224//264 1344//384 1343//383
f 1224//264 1225//265 1345//385 1344//384
f 1225//265 1226//266 1346//386 1345//385
f 1226//266 1227//267 1347//387 1346//386
f 1227//267 1228//268 1348//388 1347//387
f 1228//268 1229//269 1349//389 1348//388
f 1229//269 1230//270 1350//390 1349//389
f 1230//270 1231//271 1351//391 1350//390
f 1231//271 1232//272 1352//392 1351//391
f 1232//272 1233//273 1353//393 1352//392
f 1233//273 1234//274 1354//394 1353//393
f 1234//274 1235//275 1355//395 1354//394
f 1235//275 1236//276 1356//396 1355//395
f 1236//276 1237//277 1357//397 1356//396
f 1237//277 1238//278 1358//398 1357//397
f 1238//278 1239//279 1359//399 1358//398
f 1239//279 1240//280 1360//400 1359//399
f 1240//280 1241//281 1361//401 1360//400
f 1241//281 1242//282 1362//402 1361//401
f 1242//282 1243//283 1363//403 1362//402
f 1243//283 1244//284 1364//404 1363//403
f 1244//284 1245//285 1365//405 1364//404
f 1245//285 1246//286 1366//406 1365//405
f 1246//286 1247//287 1367//407 1366//406
f 1247//287 1248//288 1368//408 1367//407
f 1248//288 1249//289 1369//409 1368//408
f 1249//289 1250//290 1370//410 1369//409
f 1250//290 1251//291 1371//411 1370//410
f 1251//291 1252//292 1372//412 1371//411
f 1252//292 1253//293 1373//413 1372//412
f 1253//293 1254//294 1374//414 1373//413
f 1254//294 1255//295 1375//415 1374//414
f 1255//295 1256//296 1376//416 1375//415
f 1256//296 1257//297 1377//417 1376//416
f 1257//297 1258//298 1378//418 1377//417
f 1258//298 1259//299 1379//419 1378//418
f 1259//299 1260//300 1380//420 1379//419
f 1260//300 1261//301 1381//421 1380//420
f 1261//301 1262//302 1382//422 1381//421
f 1262//302 1263//303 1383//423 1382//422
f 1263//303 1264//304 1384//424 1383//423
f 1264//304 1265//305 1385//425 1384//424
f 1265//305 1266//306 1386//426 1385//425
f 1266//306 1267//307 1387//427 1386//426
f 1267//307 1268//308 1388//428 1387//427
f 1268//308 1269//309 1389//429 1388//428
f 1269//309 1270//310 1390//430 1389//429
f 1270//310 1271//311 1391//431 1390//430
f 1271//311 1272//312 1392//432 1391//431
f 1272//312 1273//313 1393//433 1392//432
f 1273//313 1274//314 1394//434 1393//433
f 1274//314 1275//315 1395//435 1394//434
f 1275//315 1276//316 1396//436 1395//435
f 1276//316 1277//317 1397//437 1396//436
f 1277//317 1278//318 1398//438 1397//437
f 1278//318 1279//319 1399//439 1398//438
f 1279//319 1280//320 1400//440 1399//439
f 1280//320 1281//321 1401//441 1400//440
f 1281//321 1282//322 1402//442 1401//441
f 1282//322 1283//323 1403//443 1402//442
f 1283//323 1284//324 1404//444 1403//443
f 1284//324 1285//325 1405//445 1404//444
f 1285//325 1286//326 1406//446 1405//445
f 1286//326 1287//327 1407//447 1406//446
f 1287//327 1288//328 1408//448 1407//447
f 1288//328 1289//329 1409//449 1408//448
f 1289//329 1290//330 1410//450 1409//449
f 1290//330 1291//331 1411//451 1410//450
f 1291//331 1292//332 1412//452 1411//451
f 1292//332 1293//333 1413//453 1412//452
f 1293//333 1294//334 1414//454 1413//453
f 1294//334 1295//335 1415//455 1414//454
f 1295//335 1296//336 1416//456 1415//455
f 1296//336 1297//337 1417//457 1416//456
f 1297//337 1298//338 1418//458 1417//457
f 1298//338 1299//339 1419//459 1418//458
f 1299//339 1300//340 1420//460 1419//459
f 1300//340 1301//341 1421//461 1420//460
f 1301//341 1302//342 1422//462 1421//461
f 1302//342 1303//343 1423//463 1422//462
f 1303//343 1304//344 1424//464 1423//463
f 1304//344 1305//345 1425//465 1424//464
f 1305//345 1306//346 1426//466 1425//465
f 1306//346 1307//347 1427//467 1426//466
f 1307//347 1308//348 1428//468 1427//467
f 1308//348 1309//349 1429//469 1428//468
f 1309//349 1310//350 1430//470 1429//469
f 1310//350 1311//351 1431//471 1430//470
f 1311//351 1312//352 1432//472 1431//471
f 1312//352 1313//353 1433//473 1432//472
f 1313//353 1314//354 1434//474 1433//473
f 1314//354 1315//355 1435//475 1434//474
f 1315//355 1316//356 1436//476 1435//475
f 1316//356 1317//357 1437//477 1436//476
f 1317//357 1318//358 1438//478 1437//477
f 1318//358 1319//359 1439//479 1438//478
f 1319//359 1320//360 1440//480 1439//479
f 1320//360 1201//241 1321//361 1440//480
f 1321//361 1322//362 1442//482 1441//481
f 1322//362 1323//363 1443//483 1442//482
f 1323//363 1324//364 1444//484 1443//483
f 1324//364 1325//365 1445//485 1444//484
f 1325//365 1326//366 1446//486 1445//485
f 1326//366 1327//367 1447//487 1446//486
f 1327//367 1328//368 1448//488 1447//487
f 1328//368 1329//369 1449//489 1448//488
f 1329//369 1330//370 1450//490 1449//489
f 1330//370 1331//371 1451//491 1450//490
f 1331//371 1332//372 1452//492 1451//491
f 1332//372 1333//373 1453//493 1452//492
f 1333//373 1334//374 1454//494 1453//493
f 1334//374 1335//375 1455//495 1454//494
f 1335//375 1336//376 1456//496 1455//495
f 1336//376 1337//377 1457//497 1456//496
f 1337//377 1338//378 1458//498 1457//497
f 1338//378 1339//379 1459//499 1458//498
f 1339//379 1340//380 1460//500 1459//499
f 1340//380 1341//381 1461//501 1460//500
f 1341//381 1342//382 1462//502 1461//501
f 1342//382 1343//383 1463//503 1462//502
f 1343//383 1344//384 1464//504 1463//503
f 1344//384 1345//385 1465//505 1464//504
f 1345//385 1346//386 1466//506 1465//505
f 1346//386 1347//387 1467//507 1466//506
f 1347//387 1348//388 1468//508 1467//507
f 1348//388 1349//389 1469//509 1468//508
f 1349//389 1350//390 1470//510 1469//509
f 1350//390 1351//391 1471//511 1470//510
f 1351//391 1352//392 1472//512 1471//511
f 1352//392 1353//393 1473//513 1472//512
f 1353//393 1354//394 1474//514 1473//513
f 1354//394 1355//395 1475//515 1474//514
f 1355//395 1356//396 1476//516 1475//515
f 1356//396 1357//397 1477//517 1476//516
f 1357//397 1358//398 1478//518 1477//517
f 1358//398 1359//399 1479//519 1478//518
f 1359//399 1360//400 1480//520 1479//519
f 1360//400 1361//401 1481//521 1480//520
f 1361//401 1362//402 1482//522 1481//521
f 1362//402 1363//403 1483//523 1482//522
f 1363//403 1364//404 1484//524 1483//523
f 1364//404 1365//405 1485//525 1484//524
f 1365//405 1366//406 1486//526 1485//525
f 1366//406 1367//407 1487//527 1486//526
f 1367//407 1368//408 1488//528 1487//527
f 1368//408 1369//409 1489//529 1488//528
f 1369//409 1370//410 1490//530 1489//529
f 1370//410 1371//411 1491//531 1490//530
f 1371//411 1372//412 1492//532 1491//531
f 1372//412 1373//413 1493//533 1492//532
f 1373//413 1374//414 1494//534 1493//533
f 1374//414 1375//415 1495//535 1494//534
f 1375//415 1376//416 1496//536 1495//535
f 1376//416 1377//417 1497//537 1496//536
f 1377//417 1378//418 1498//538 1497//537
f 1378//418 1379//419 1499//539 1498//538
f 1379//419 1380//420 1500//540 1499//539
f 1380//420 1381//421 1501//541 1500//540
f 1381//421 1382//422 1502//542 1501//541
f 1382//422 1383//423 1503//543 1502//542
f 1383//423 1384//424 1504//544 1503//543
f 1384//424 1385//425 1505//545 1504//544
f 1385//425 1386//426 1506//546 1505//545
f 1386//426 1387//427 1507//547 1506//546
f 1387//427 1388//428 1508//548 1507//547
f 1388//428 1389//429 1509//549 1508//548
f 1389//429 1390//430 1510//550 1509//549
f 1390//430 1391//431 1511//551 1510//550
f 1391//431 1392//432 1512//552 1511//551
f 1392//432 1393//433 1513//553 1512//552
f 1393//433 1394//434 1514//554 1513//553
f 1394//434 1395//435 1515//555 1514//554
f 1395//435 1396//436 1516//556 1515//555
f 1396//436 1397//437 1517//557 1516//556
f 1397//437 1398//438 1518//558 1517//557
f 1398//438 1399//439 1519//559 1518//558
f 1399//439 1400//440 1520//560 1519//559
f 1400//440 1401//441 1521//561 1520//560
f 1401//441 1402//442 1522//562 1521//561
f 1402//442 1403//443 1523//563 1522//562
f 1403//443 1404//444 1524//564 1523//563
f 1404//444 1405//445 1525//565 1524//564
f 1405//445 1406//446 1526//566 1525//565
f 1406//446 1407//447 1527//567 1526//566
f 1407//447 1408//448 1528//568 1527//567
f 1408//448 1409//449 1529//569 1528//568
f 1409//449 1410//450 1530//570 1529//569
f 1410//450 1411//451 1531//571 1530//570
f 1411//451 1412//452 1532//572 1531//571
f 1412//452 1413//453 1533//573 1532//572
f 1413//453 1414//454 1534//574 1533//573
f 1414//454 1415//455 1535//575 1534//574
f 1415//455 1416//456 1536//576 1535//575
f 1416//456 1417//457 1537//577 1536//576
f 1417//457 1418//458 1538//578 1537//577
f 1418//458 1419//459 1539//579 1538//578
f 1419//459 1420//460 1540//580 1539//579
f 1420//460 1421//461 1541//581 1540//580
f 1421//461 1422//462 1542//582 1541//581
f 1422//462 1423//463 1543//583 1542//582
f 1423//463 1424//464 1544//584 1543//583
f 1424//464 1425//465 1545//585 1544//584
f 1425//465 1426//466 1546//586 1545//585
f 1426//466 1427//467 1547//587 1546//586
f 1427//467 1428//468 1548//588 1547//587
f 1428//468 1429//469 1549//589 1548//588
f 1429//469 1430//470 1550//590 1549//589
f 1430//470 1431//471 1551//591 1550//590
f 1431//471 1432//472 1552//592 1551//591
f 1432//472 1433//473 1553//593 1552//592
f 1433//473 1434//474 1554//594 1553//593
f 1434//474 1435//475 1555//595 1554//594
f 1435//475 1436//476 1556//596 1555//595
f 1436//476 1437//477 1557//597 1556//596
f 1437//477 1438//478 1558//598 1557//597
f 1438//478 1439//479 1559//599 1558//598
f 1439//479 1440//480 1560//600 1559//599
f 1440//480 1321//361 1441//481 1560//600
f 1441//481 1442//482 1562//602 1561//601
f 1442//482 1443//483 1563//603 1562//602
f 1443//483 1444//484 1564//604 1563//603
f 1444//484 1445//485 1565//605 1564//604
f 1445//485 1446//486 1566//606 1565//605
f 1446//486 1447//487 1567//607 1566//606
f 1447//487 1448//488 1568//608 1567//607
f 1448//488 1449//489 1569//609 1568//608
f 1449//489 1450//490 1570//610 1569//609
f 1450//490 1451//491 1571//611 1570//610
f 1451//491 1452//492 1572//612 1571//611
f 1452//492 1453//493 1573//613 1572//612
f 1453//493 1454//494 1574//614 1573//613
f 1454//494 1455//495 1575//615 1574//614
f 1455//495 1456//496 1576//616 1575//615
f 1456//496 1457//497 1577//617 1576//616
f 1457//497 1458//498 1578//618 1577//617
f 1458//498 1459//499 1579//619 1578//618
f 1459//499 1460//500 1580//620 1579//619
f 1460//500 1461//501 1581//621 1580//620
f 1461//501 1462//502 1582//622 1581//621
f 1462//502 1463//503 1583//623 1582//622
f 1463//503 1464//504 1584//624 1583//623
f 1464//504 1465//505 1585//625 1584//624
f 1465//505 1466//506 1586//626 1585//625
f 1466//506 1467//507 1587//627 1586//626
f 1467//507 1468//508 1588//628 1587//627
f 1468//508 1469//509 1589//629 1588//628
f 1469//509 1470//510 1590//630 1589//629
f 1470//510 1471//511 1591//631 1590//630
f 1471//511 1472//512 1592//632 1591//631
f 1472//512 1473//513 1593//633 1592//632
f 1473//513 1474//514 1594//634 1593//633
f 1474//514 1475//515 1595//635 1594//634
f 1475//515 1476//516 1596//636 1595//635
f 1476//516 1477//517 1597//637 1596//636
f 1477//517 1478//518 1598//638 1597//637
f 1478//518 1479//519 1599//639 1598//638
f 1479//519 1480//520 1600//640 1599//639
f 1480//520 1481//521 1601//641 1600//640
f 1481//521 1482//522 1602//642 1601//641
f 1482//522 1483//523 1603//643 1602//642
f 1483//523 1484//524 1604//644 1603//643
f 1484//524 1485//525 1605//645 1604//644
f 1485//525 1486//526 1606//646 1605//645
f 1486//526 1487//527 1607//647 1606//646
f 1487//527 1488//528 1608//648 1607//647
f 1488//528 1489//529 1609//649 1608//648
f 1489//529 1490//530 1610//650 1609//649
f 1490//530 1491//531 1611//651 1610//650
f 1491//531 1492//532 1612//652 1611//651
f 1492//532 1493//533 1613//653 1612//652
f 1493//533 1494//534 1614//654 1613//653
f 1494//534 1495//535 1615//655 1614//654
f 1495//535 1496//536 1616//656 1615//655
f 1496//536 1497//537 1617//657 1616//656
f 1497//537 1498//538 1618//658 1617//657
f 1498//538 1499//539 1619//659 1618//658
f 1499//539 1500//540 1620//660 1619//659
f 1500//540 1501//541 1621//661 1620//660
f 1501//541 1502//542 1622//662 1621//661
f 1502//542 1503//543 1623//663 1622//662
f 1503//543 1504//544 1624//664 1623//663
f 1504//544 1505//545 1625//665 1624//664
f 1505//545 1506//546 1626//666 1625//665
f 1506//546 1507//547 1627//667 1626//666
f 1507//547 1508//548 1628//668 1627//667
f 1508//548 1509//549 1629//669 1628//668
f 1509//549 1510//550 1630//670 1629//669
f 1510//550 1511//551 1631//671 1630//670
f 1511//551 1512//552 1632//672 1631//671
f 1512//552 1513//553 1633//673 1632//672
f 1513//553 1514//554 1634//674 1633//673
f 1514//554 1515//555 1635//675 1634//674
f 1515//555 1516//556 1636//676 1635//675
f 1516//556 1517//557 1637//677 1636//676
f 1517//557 1518//558 1638//678 1637//677
f 1518//558 1519//559 1639//679 1638//678
f 1519//559 1520//560 1640//680 1639//679
f 1520//560 1521//561 1641//681 1640//680
f 1521//561 1522//562 1642//682 1641//681
f 1522//562 1523//563 1643//683 1642//682
f 1523//563 1524//564 1644//684 1643//683
f 1524//564 1525//565 1645//685 1644//684
f 1525//565 1526//566 1646//686 1645//685
f 1526//566 1527//567 1647//687 1646//686
f 1527//567 1528//568 1648//688 1647//687
f 1528//568 1529//569 1649//689 1648//688
f 1529//569 1530//570 1650//690 1649//689
f 1530//570 1531//571 1651//691 1650//690
f 1531//571 1532//572 1652//692 1651//691
f 1532//572 1533//573 1653//693 1652//692
f 1533//573 1534//574 1654//694 1653//693
f 1534//574 1535//575 1655//695 1654//694
f 1535//575 1536//576 1656//696 1655//695
f 1536//576 1537//577 1657//697 1656//696
f 1537//577 1538//578 1658//698 1657//697
f 1538//578 1539//579 1659//699 1658//698
f 1539//579 1540//580 1660//700 1659//699
f 1540//580 1541//581 1661//701 1660//700
f 1541//581 1542//582 1662//702 1661//701
f 1542//582 1543//583 1663//703 1662//702
f 1543//583 1544//584 1664//704 1663//703
f 1544//584 1545//585 1665//705 1664//704
f 1545//585 1546//586 1666//706 1665//705
f 1546//586 1547//587 1667//707 1666//706
f 1547//587 1548//588 1668//708 1667//707
f 1548//588 1549//589 1669//709 1668//708
f 1549//589 1550//590 1670//710 1669//709
f 1550//590 1551//591 1671//711 1670//710
f 1551//591 1552//592 1672//712 1671//711
f 1552//592 1553//593 1673//713 1672//712
f 1553//593 1554//594 1674//714 1673//713
f 1554//594 1555//595 1675//715 1674//714
f 1555//595 1556//596 1676//716 1675//715
f 1556//596 1557//597 1677//717 1676//716
f 1557//597 1558//598 1678//718 1677//717
f 1558//598 1559//599 1679//719 1678//718
f 1559//599 1560//600 1680//720 1679//719
f 1560//600 1441//481 1561//601 1680//720
f 1561//601 1562//602 1682//722 1681//721
f 1562//602 1563//603 1683//723 1682//722
f 1563//603 1564//604 1684//724 1683//723
f 1564//604 1565//605 1685//725 1684//724
f 1565//605 1566//606 1686//726 1685//725
f 1566//606 1567//607 1687//727 1686//726
f 1567//607 1568//608 1688//728 1687//727
f 1568//608 1569//609 1689//729 1688//728
f 1569//609 1570//610 1690//730 1689//729
f 1570//610 1571//611 1691//731 1690//730
f 1571//611 1572//612 1692//732 1691//731
f 1572//612 1573//613 1693//733 1692//732
f 1573//613 1574//614 1694//734 1693//733
f 1574//614 1575//615 1695//735 1694//734
f 1575//615 1576//616 1696//736 1695//735
f 1576//616 1577//617 1697//737 1696//736
f 1577//617 1578//618 1698//738 1697//737
f 1578//618 1579//619 1699//739 1698//738
f 1579//619 1580//620 1700//740 1699//739
f 1580//620 1581//621 1701//741 1700//740
f 1581//621 1582//622 1702//742 1701//741
f 1582//622 1583//623 1703//743 1702//742
f 1583//623 1584//624 1704//744 1703//743
f 1584//624 1585//625 1705//745 1704//744
f 1585//625 1586//626 1706//746 1705//745
f 1586//626 1587//627 1707//747 1706//746
f 1587//627 1588//628 1708//748 1707//747
f 1588//628 1589//629 1709//749 1708//748
f 1589//629 1590//630 1710//750 1709//749
f 1590//630 1591//631 1711//751 1710//750
f 1591//631 1592//632 1712//752 1711//751
f 1592//632 1593//633 1713//753 1712//752
f 1593//633 1594//634 1714//754 1713//753
f 1594//634 1595//635 1715//755 1714//754
f 1595//635 1596//636 1716//756 1715//755
f 1596//636 1597//637 1717//757 1716//756
f 1597//637 1598//638 1718//758 1717//757
f 1598//638 1599//639 1719//759 1718//758
f 1599//639 1600//640 1720//760 1719//759
f 1600//640 1601//641 1721//761 1720//760
f 1601//641 1602//642 1722//762 1721//761
f 1602//642 1603//643 1723//763 1722//762
f 1603//643 1604//644 1724//764 1723//763
f 1604//644 1605//645 1725//765 1724//764
f 1605//645 1606//646 1726//766 1725//765
f 1606//646 1607//647 1727//767 1726//766
f 1607//647 1608//648 1728//768 1727//767
f 1608//648 1609//649 1729//769 1728//768
f 1609//649 1610//650 1730//770 1729//769
f 1610//650 1611//651 1731//771 1730//770
f 1611//651 1612//652 1732//772 1731//771
f 1612//652 1613//653 1733//773 1732//772
f 1613//653 1614//654 1734//774 1733//773
f 1614//654 1615//655 1735//775 1734//774
f 1615//655 1616//656 1736//776 1735//775
f 1616//656 1617//657 1737//777 1736//776
f 1617//657 1618//658 1738//778 1737//777
f 1618//658 1619//659 1739//779 1738//778
f 1619//659 1620//660 1740//780 1739//779
f 1620//660 1621//661 1741//781 1740//780
f 1621//661 1622//662 1742//782 1741//781
f 1622//662 1623//663 1743//783 1742//782
f 1623//663 1624//664 1744//784 1743//783
f 1624//664 1625//665 1745//785 1744//784
f 1625//665 1626//666 1746//786 1745//785
f 1626//666 1627//667 1747//787 1746//786
f 1627//667 1628//668 1748//788 1747//787
f 1628//668 1629//669 1749//789 1748//788
f 1629//669 1630//670 1750//790 1749//789
f 1630//670 1631//671 1751//791 1750//790
f 1631//671 1632//672 1752//792 1751//791
f 1632//672 1633//673 1753//793 1752//792
f 1633//673 1634//674 1754//794 1753//793
f 1634//674 1635//675 1755//795 1754//794
f 1635//675 1636//676 1756//796 1755//795
f 1636//676 1637//677 1757//797 1756//796
f 1637//677 1638//678 1758//798 1757//797
f 1638//678 1639//679 1759//799 1758//798
f 1639//679 1640//680 1760//800 1759//799
f 1640//680 1641//681 1761//801 1760//800
f 1641//681 1642//682 1762//802 1761//801
f 1642//682 1643//683 1763//803 1762//802
f 1643//683 1644//684 1764//804 1763//803
f 1644//684 1645//685 1765//805 1764//804
f 1645//685 1646//686 1766//806 1765//805
f 1646//686 1647//687 1767//807 1766//806
f 1647//687 1648//688 1768//808 1767//807
f 1648//688 1649//689 1769//809 1768//808
f 1649//689 1650//690 1770//810 1769//809
f 1650//690 1651//691 1771//811 1770//810
f 1651//691 1652//692 1772//812 1771//811
f 1652//692 1653//693 1773//813 1772//812
f 1653//693 1654//694 1774//814 1773//813
f 1654//694 1655//695 1775//815 1774//814
f 1655//695 1656//696 1776//816 1775//815
f 1656//696 1657//697 1777//817 1776//816
f 1657//697 1658//698 1778//818 1777//817
f 1658//698 1659//699 1779//819 1778//818
f 1659//699 1660//700 1780//820 1779//819
f 1660//700 1661//701 1781//821 1780//820
f 1661//701 1662//702 1782//822 1781//821
f 1662//702 1663//703 1783//823 1782//822
f 1663//703 1664//704 1784//824 1783//823
f 1664//704 1665//705 1785//825 1784//824
f 1665//705 1666//706 1786//826 1785//825
f 1666//706 1667//707 1787//827 1786//826
f 1667//707 1668//708 1788//828 1787//827
f 1668//708 1669//709 1789//829 1788//828
f 1669//709 1670//710 1790//830 1789//829
f 1670//710 1671//711 1791//831 1790//830
f 1671//711 1672//712 1792//832 1791//831
f 1672//712 1673//713 1793//833 1792//832
f 1673//713 1674//714 1794//834 1793//833
f 1674//714 1675//715 1795//835 1794//834
f 1675//715 1676//716 1796//836 1795//835
f 1676//716 1677//717 1797//837 1796//836
f 1677//717 1678//718 1798//838 1797//837
f 1678//718 1679//719 1799//839 1798//838
f 1679//719 1680//720 1800//840 1799//839
f 1680//720 1561//601 1681//721 1800//840
f 1681//721 1682//722 1802//842 1801//841
f 1682//722 1683//723 1803//843 1802//842
f 1683//723 1684//724 1804//844 1803//843
f 1684//724 1685//725 1805//845 1804//844
f 1685//725 1686//726 1806//846 1805//845
f 1686//726 1687//727 1807//847 1806//846
f 1687//727 1688//728 1808//848 1807//847
f 1688//728 1689//729 1809//849 1808//848
f 1689//729 1690//730 1810//850 1809//849
f 1690//730 1691//731 1811//851 1810//850
f 1691//731 1692//732 1812//852 1811//851
f 1692//732 1693//733 1813//853 1812//852
f 1693//733 1694//734 1814//854 1813//853
f 1694//734 1695//735 1815//855 1814//854
f 1695//735 1696//736 1816//856 1815//855
f 1696//736 1697//737 1817//857 1816//856
f 1697//737 1698//738 1818//858 1817//857
f 1698//738 1699//739 1819//859 1818//858
f 1699//739 1700//740 1820//860 1819//859
f 1700//740 1701//741 1821//861 1820//860
f 1701//741 1702//742 1822//862 1821//861
f 1702//742 1703//743 1823//863 1822//862
f 1703//743 1704//744 1824//864 1823//863
f 1704//744 1705//745 1825//865 1824//864
f 1705//745 1706//746 1826//866 1825//865
f 1706//746 1707//747 1827//867 1826//866
f 1707//747 1708//748 1828//868 1827//867
f 1708//748 1709//749 1829//869 1828//868
f 1709//749 1710//750 1830//870 1829//869
f 1710//750 1711//751 1831//871 1830//870
f 1711//751 1712//752 1832//872 1831//871
f 1712//752 1713//753 1833//873 1832//872
f 1713//753 1714//754 1834//874 1833//873
f 1714//754 1715//755 1835//875 1834//874
f 1715//755 1716//756 1836//876 1835//875
f 1716//756 1717//757 1837//877 1836//876
f 1717//757 1718//758 1838//878 1837//877
f 1718//758 1719//759 1839//879 1838//878
f 1719//759 1720//760 1840//880 1839//879
f 1720//760 1721//761 1841//881 1840//880
f 1721//761 1722//762 1842//882 1841//881
f 1722//762 1723//763 1843//883 1842//882
f 1723//763 1724//764 1844//884 1843//883
f 1724//764 1725//765 1845//885 1844//884
f 1725//765 1726//766 1846//886 1845//885
f 1726//766 1727//767 1847//887 1846//886
f 1727//767 1728//768 1848//888 1847//887
f 1728//768 1729//769 1849//889 1848//888
f 1729//769 1730//770 1850//890 1849//889
f 1730//770 1731//771 1851//891 1850//890
f 1731//771 1732//772 1852//892 1851//891
f 1732//772 1733//773 1853//893 1852//892
f 1733//773 1734//774 1854//894 1853//893
f 1734//774 1735//775 1855//895 1854//894
f 1735//775 1736//776 1856//896 1855//895
f 1736//776 1737//777 1857//897 1856//896
f 1737//777 1738//778 1858//898 1857//897
f 1738//778 1739//779 1859//899 1858//898
f 1739//779 1740//780 1860//900 1859//899
f 1740//780 1741//781 1861//901 1860//900
f 1741//781 1742//782 1862//902 1861//901
f 1742//782 1743//783 1863//903 1862//902
f 1743//783 1744//784 1864//904 1863//903
f 1744//784 1745//785 1865//905 1864//904
f 1745//785 1746//786 1866//906 1865//905
f 1746//786 1747//787 1867//907 1866//906
f 1747//787 1748//788 1868//908 1867//907
f 1748//788 1749//789 1869//909 1868//908
f 1749//789 1750//790 1870//910 1869//909
f 1750//790 1751//791 1871//911 1870//910
f 1751//791 1752//792 1872//912 1871//911
f 1752//792 1753//793 1873//913 1872//912
f 1753//793 1754//794 1874//914 1873//913
f 1754//794 1755//795 1875//915 1874//914
f 1755//795 1756//796 1876//916 1875//915
f 1756//796 1757//797 1877//917 1876//916
f 1757//797 1758//798 1878//918 1877//917
f 1758//798 1759//799 1879//919 1878//918
f 1759//799 1760//800 1880//920 1879//919
f 1760//800 1761//801 1881//921 1880//920
f 1761//801 1762//802 1882//922 1881//921
f 1762//802 1763//803 1883//923 1882//922
f 1763//803 1764//804 1884//924 1883//923
f 1764//804 1765//805 1885//925 1884//924
f 1765//805 1766//806 1886//926 1885//925
f 1766//806 1767//807 1887//927 1886//926
f 1767//807 1768//808 1888//928 1887//927
f 1768//808 1769//809 1889//929 1888//928
f 1769//809 1770//810 1890//930 1889//929
f 1770//810 1771//811 1891//931 1890//930
f 1771//811 1772//812 1892//932 1891//931
f 1772//812 1773//813 1893//933 1892//932
f 1773//813 1774//814 1894//934 1893//933
f 1774//814 1775//815 1895//935 1894//934
f 1775//815 1776//816 1896//936 1895//935
f 1776//816 1777//817 1897//937 1896//936
f 1777//817 1778//818 1898//938 1897//937
f 1778//818 1779//819 1899//939 1898//938
f 1779//819 1780//820 1900//940 1899//939
f 1780//820 1781//821 1901//941 1900//940
f 1781//821 1782//822 1902//942 1901//941
f 1782//822 1783//823 1903//943 1902//942
f 1783//823 1784//824 1904//944 1903//943
f 1784//824 1785//825 1905//945 1904//944
f 1785//825 1786//826 1906//946 1905//945
f 1786//826 1787//827 1907//947 1906//946
f 1787//827 1788//828 1908//948 1907//947
f 1788//828 1789//829 1909//949 1908//948
f 1789//829 1790//830 1910//950 1909//949
f 1790//830 1791//831 1911//951 1910//950
f 1791//831 1792//832 1912//952 1911//951
f 1792//832 1793//833 1913//953 1912//952
f 1793//833 1794//834 1914//954 1913//953
f 1794//834 1795//835 1915//955 1914//954
f 1795//835 1796//836 1916//956 1915//955
f 1796//836 1797//837 1917//957 1916//956
f 1797//837 1798//838 1918//958 1917//957
f 1798//838 1799//839 1919//959 1918//958
f 1799//839 1800//840 1920//960 1919//959
f 1800//840 1681//721 1801//841 1920//960
f 1801//841 1802//842 1922//962 1921//961
f 1802//842 1803//843 1923//963 1922//962
f 1803//843 1804//844 1924//964 1923//963
f 1804//844 1805//845 1925//965 1924//964
f 1805//845 1806//846 1926//966 1925//965
f 1806//846 1807//847 1927//967 1926//966
f 1807//847 1808//848 1928//968 1927//967
f 1808//848 1809//849 1929//969 1928//968
f 1809//849 1810//850 1930//970 1929//969
f 1810//850 1811//851 1931//971 1930//970
f 1811//851 1812//852 1932//972 1931//971
f 1812//852 1813//853 1933//973 1932//972
f 1813//853 1814//854 1934//974 1933//973
f 1814//854 1815//855 1935//975 1934//974
f 1815//855 1816//856 1936//976 1935//975
f 1816//856 1817//857 1937//977 1936//976
f 1817//857 1818//858 1938//978 1937//977
f 1818//858 1819//859 1939//979 1938//978
f 1819//859 1820//860 1940//980 1939//979
f 1820//860 1821//861 1941//981 1940//980
f 1821//861 1822//862 1942//982 1941//981
f 1822//862 1823//863 1943//983 1942//982
f 1823//863 1824//864 1944//984 1943//983
f 1824//864 1825//865 1945//985 1944//984
f 1825//865 1826//866 1946//986 1945//985
f 1826//866 1827//867 1947//987 1946//986
f 1827//867 1828//868 1948//988 1947//987
f 1828//868 1829//869 1949//989 1948//988
f 1829//869 1830//870 1950//990 1949//989
f 1830//870 1831//871 1951//991 1950//990
f 1831//871 1832//872 1952//992 1951//991
f 1832//872 1833//873 1953//993 1952//992
f 1833//873 1834//874 1954//994 1953//993
f 1834//874 1835//875 1955//995 1954//994
f 1835//875 1836//876 1956//996 1955//995
f 1836//876 1837//877 1957//997 1956//996
f 1837//877 1838//878 1958//998 1957//997
f 1838//878 1839//879 1959//999 1958//998
f 1839//879 1840//880 1960//1000 1959//999
f 1840//880 1841//881 1961//1001 1960//1000
f 1841//881 1842//882 1962//1002 1961//1001
f 1842//882 1843//883 1963//1003 1962//1002
f 1843//883 1844//884 1964//1004 1963//1003
f 1844//884 1845//885 1965//1005 1964//1004
f 1845//885 1846//886 1966//1006 1965//1005
f 1846//886 1847//887 1967//1007 1966//1006
f 1847//887 1848//888 1968//1008 1967//1007
f 1848//888 1849//889 1969//1009 1968//1008
f 1849//889 1850//890 1970//1010 1969//1009
f 1850//890 1851//891 1971//1011 1970//1010
f 1851//891 1852//892 1972//1012 1971//1011
f 1852//892 1853//893 1973//1013 1972//1012
f 1853//893 1854//894 1974//1014 1973//1013
f 1854//894 1855//895 1975//1015 1974//1014
f 1855//895 1856//896 1976//1016 1975//1015
f 1856//896 1857//897 1977//1017 1976//1016
f 1857//897 1858//898 1978//1018 1977//1017
f 1858//898 1859//899 1979//1019 1978//1018
f 1859//899 1860//900 1980//1020 1979//1019
f 1860//900 1861//901 1981//1021 1980//1020
f 1861//901 1862//902 1982//1022 1981//1021
f 1862//902 1863//903 1983//1023 1982//1022
f 1863//903 1864//904 1984//1024 1983//1023
f 1864//904 1865//905 1985//1025 1984//1024
f 1865//905 1866//906 1986//1026 1985//1025
f 1866//906 1867//907 1987//1027 1986//1026
f 1867//907 1868//908 1988//1028 1987//1027
f 1868//908 1869//909 1989//1029 1988//1028
f 1869//909 1870//910 1990//1030 1989//1029
f 1870//910 1871//911 1991//1031 1990//1030
f 1871//911 1872//912 1992//1032 1991//1031
f 1872//912 1873//913 1993//1033 1992//1032
f 1873//913 1874//914 1994//1034 1993//1033
f 1874//914 1875//915 1995//1035 1994//1034
f 1875//915 1876//916 1996//1036 1995//1035
f 1876//916 1877//917 1997//1037 1996//1036
f 1877//917 1878//918 1998//1038 1997//1037
f 1878//918 1879//919 1999//1039 1998//1038
f 1879//919 1880//920 2000//1040 1999//1039
f 1880//920 1881//921 2001//1041 2000//1040
f 1881//921 1882//922 2002//1042 2001//1041
f 1882//922 1883//923 2003//1043 2002//1042
f 1883//923 1884//924 2004//1044 2003//1043
f 1884//924 1885//925 2005//1045 2004//1044
f 1885//925 1886//926 2006//1046 2005//1045
f 1886//926 1887//927 2007//1047 2006//1046
f 1887//927 1888//928 2008//1048 2007//1047
f 1888//928 1889//929 2009//1049 2008//1048
f 1889//929 1890//930 2010//1050 2009//1049
f 1890//930 1891//931 2011//1051 2010//1050
f 1891//931 1892//932 2012//1052 2011//1051
f 1892//932 1893//933 2013//1053 2012//1052
f 1893//933 1894//934 2014//1054 2013//1053
f 1894//934 1895//935 2015//1055 2014//1054
f 1895//935 1896//936 2016//1056 2015//1055
f 1896//936 1897//937 2017//1057 2016//1056
f 1897//937 1898//938 2018//1058 2017//1057
f 1898//938 1899//939 2019//1059 2018//1058
f 1899//939 1900//940 2020//1060 2019//1059
f 1900//940 1901//941 2021//1061 2020//1060
f 1901//941 1902//942 2022//1062 2021//1061
f 1902//942 1903//943 2023//1063 2022//1062
f 1903//943 1904//944 2024//1064 2023//1063
f 1904//944 1905//945 2025//1065 2024//1064
f 1905//945 1906//946 2026//1066 2025//1065
f 1906//946 1907//947 2027//1067 2026//1066
f 1907//947 1908//948 2028//1068 2027//1067
f 1908//948 1909//949 2029//1069 2028//1068
f 1909//949 1910//950 2030//1070 2029//1069
f 1910//950 1911//951 2031//1071 2030//1070
f 1911//951 1912//952 2032//1072 2031//1071
f 1912//952 1913//953 2033//1073 2032//1072
f 1913//953 1914//954 2034//1074 2033//1073
f 1914//954 1915//955 2035//1075 2034//1074
f 1915//955 1916//956 2036//1076 2035//1075
f 1916//956 1917//957 2037//1077 2036//1076
f 1917//957 1918//958 2038//1078 2037//1077
f 1918//958 1919//959 2039//1079 2038//1078
f 1919//959 1920//960 2040//1080 2039//1079
f 1920//960 1801//841 1921//961 2040//1080
f 1921//961 1922//962 2042//1082 2041//1081
f 1922//962 1923//963 2043//1083 2042//1082
f 1923//963 1924//964 2044//1084 2043//1083
f 1924//964 1925//965 2045//1085 2044//1084
f 1925//965 1926//966 2046//1086 2045//1085
f 1926//966 1927//967 2047//1087 2046//1086
f 1927//967 1928//968 2048//1088 2047//1087
f 1928//968 1929//969 2049//1089 2048//1088
f 1929//969 1930//970 2050//1090 2049//1089
f 1930//970 1931//971 2051//1091 2050//1090
f 1931//971 1932//972 2052//1092 2051//1091
f 1932//972 1933//973 2053//1093 2052//1092
f 1933//973 1934//974 2054//1094 2053//1093
f 1934//974 1935//975 2055//1095 2054//1094
f 1935//975 1936//976 2056//1096 2055//1095
f 1936//976 1937//977 2057//1097 2056//1096
f 1937//977 1938//978 2058//1098 2057//1097
f 1938//978 1939//979 2059//1099 2058//1098
f 1939//979 1940//980 2060//1100 2059//1099
f 1940//980 1941//981 2061//1101 2060//1100
f 1941//981 1942//982 2062//1102 2061//1101
f 1942//982 1943//983 2063//1103 2062//1102
f 1943//983 1944//984 2064//1104 2063//1103
f 1944//984 1945//985 2065//1105 2064//1104
f 1945//985 1946//986 2066//1106 2065//1105
f 1946//986 1947//987 2067//1107 2066//1106
f 1947//987 1948//988 2068//1108 2067//1107
f 1948//988 1949//989 2069//1109 2068//1108
f 1949//989 1950//990 2070//1110 2069//1109
f 1950//990 1951//991 2071//1111 2070//1110
f 1951//991 1952//992 2072//1112 2071//1111
f 1952//992 1953//993 2073//1113 2072//1112
f 1953//993 1954//994 2074//1114 2073//1113
f 1954//994 1955//995 2075//1115 2074//1114
f 1955//995 1956//996 2076//1116 2075//1115
f 1956//996 1957//997 2077//1117 2076//1116
f 1957//997 1958//998 2078//1118 2077//1117
f 1958//998 1959//999 2079//1119 2078//1118
f 1959//999 1960//1000 2080//1120 2079//1119
f 1960//1000 1961//1001 2081//1121 2080//1120
f 1961//1001 1962//1002 2082//1122 2081//1121
f 1962//1002 1963//1003 2083//1123 2082//1122
f 1963//1003 1964//1004 2084//1124 2083//1123
f 1964//1004 1965//1005 2085//1125 2084//1124
f 1965//1005 1966//1006 2086//1126 2085//1125
f 1966//1006 1967//1007 2087//1127 2086//1126
f 1967//1007 1968//1008 2088//1128 2087//1127
f 1968//1008 1969//1009 2089//1129 2088//1128
f 1969//1009 1970//1010 2090//1130 2089//1129
f 1970//1010 1971//1011 2091//1131 2090//1130
f 1971//1011 1972//1012 2092//1132 2091//1131
f 1972//1012 1973//1013 2093//1133 2092//1132
f 1973//1013 1974//1014 2094//1134 2093//1133
f 1974//1014 1975//1015 2095//1135 2094//1134
f 1975//1015 1976//1016 2096//1136 2095//1135
f 1976//1016 1977//1017 2097//1137 2096//1136
f 1977//1017 1978//1018 2098//1138 2097//1137
f 1978//1018 1979//1019 2099//1139 2098//1138
f 1979//1019 1980//1020 2100//1140 2099//1139
f 1980//1020 1981//1021 2101//1141 2100//1140
f 1981//1021 1982//1022 2102//1142 2101//1141
f 1982//1022 1983//1023 2103//1143 2102//1142
f 1983//1023 1984//1024 2104//1144 2103//1143
f 1984//1024 1985//1025 2105//1145 2104//1144
f 1985//1025 1986//1026 2106//1146 2105//1145
f 1986//1026 1987//1027 2107//1147 2106//1146
f 1987//1027 1988//1028 2108//1148 2107//1147
f 1988//1028 1989//1029 2109//1149 2108//1148
f 1989//1029 1990//1030 2110//1150 2109//1149
f 1990//1030 1991//1031 2111//1151 2110//1150
f 1991//1031 1992//1032 2112//1152 2111//1151
f 1992//1032 1993//1033 2113//1153 2112//1152
f 1993//1033 1994//1034 2114//1154 2113//1153
f 1994//1034 1995//1035 2115//1155 2114//1154
f 1995//1035 1996//1036 2116//1156 2115//1155
f 1996//1036 1997//1037 2117//1157 2116//1156
f 1997//1037 1998//1038 2118//1158 2117//1157
f 1998//1038 1999//1039 2119//1159 2118//1158
f 1999//1039 2000//1040 2120//1160 2119//1159
f 2000//1040 2001//1041 2121//1161 2120//1160
f 2001//1041 2002//1042 2122//1162 2121//1161
f 2002//1042 2003//1043 2123//1163 2122//1162
f 2003//1043 2004//1044 2124//1164 2123//1163
f 2004//1044 2005//1045 2125//1165 2124//1164
f 2005//1045 2006//1046 2126//1166 2125//1165
f 2006//1046 2007//1047 2127//1167 2126//1166
f 2007//1047 2008//1048 2128//1168 2127//1167
f 2008//1048 2009//1049 2129//1169 2128//1168
f 2009//1049 2010//1050 2130//1170 2129//1169
f 2010//1050 2011//1051 2131//1171 2130//1170
f 2011//1051 2012//1052 2132//1172 2131//1171
f 2012//1052 2013//1053 2133//1173 2132//1172
f 2013//1053 2014//1054 2134//1174 2133//1173
f 2014//1054 2015//1055 2135//1175 2134//1174
f 2015//1055 2016//1056 2136//1176 2135//1175
f 2016//1056 2017//1057 2137//1177 2136//1176
f 2017//1057 2018//1058 2138//1178 2137//1177
f 2018//1058 2019//1059 2139//1179 2138//1178
f 2019//1059 2020//1060 2140//1180 2139//1179
f 2020//1060 2021//1061 2141//1181 2140//1180
f 2021//1061 2022//1062 2142//1182 2141//1181
f 2022//1062 2023//1063 2143//1183 2142//1182
f 2023//1063 2024//1064 2144//1184 2143//1183
f 2024//1064 2025//1065 2145//1185 2144//1184
f 2025//1065 2026//1066 2146//1186 2145//1185
f 2026//1066 2027//1067 2147//1187 2146//1186
f 2027//1067 2028//1068 2148//1188 2147//1187
f 2028//1068 2029//1069 2149//1189 2148//1188
f 2029//1069 2030//1070 2150//1190 2149//1189
f 2030//1070 2031//1071 2151//1191 2150//1190
f 2031//1071 2032//1072 2152//1192 2151//1191
f 2032//1072 2033//1073 2153//1193 2152//1192
f 2033//1073 2034//1074 2154//1194 2153//1193
f 2034//1074 2035//1075 2155//1195 2154//1194
f 2035//1075 2036//1076 2156//1196 2155//1195
f 2036//1076 2037//1077 2157//1197 2156//1196
f 2037//1077 2038//1078 2158//1198 2157//1197
f 2038//1078 2039//1079 2159//1199 2158//1198
f 2039//1079 2040//1080 2160//1200 2159//1199
f 2040//1080 1921//961 2041//1081 2160//1200
f 2041//1081 2042//1082 2162//1202 2161//1201
f 2042//1082 2043//1083 2163//1203 2162//1202
f 2043//1083 2044//1084 2164//1204 2163//1203
f 2044//1084 2045//1085 2165//1205 2164//1204
f 2045//1085 2046//1086 2166//1206 2165//1205
f 2046//1086 2047//1087 2167//1207 2166//1206
f 2047//1087 2048//1088 2168//1208 2167//1207
f 2048//1088 2049//1089 2169//1209 2168//1208
f 2049//1089 2050//1090 2170//1210 2169//1209
f 2050//1090 2051//1091 2171//1211 2170//1210
f 2051//1091 2052//1092 2172//1212 2171//1211
f 2052//1092 2053//1093 2173//1213 2172//1212
f 2053//1093 2054//1094 2174//1214 2173//1213
f 2054//1094 2055//1095 2175//1215 2174//1214
f 2055//1095 2056//1096 2176//1216 2175//1215
f 2056//1096 2057//1097 2177//1217 2176//1216
f 2057//1097 2058//1098 2178//1218 2177//1217
f 2058//1098 2059//1099 2179//1219 2178//1218
f 2059//1099 2060//1100 2180//1220 2179//1219
f 2060//1100 2061//1101 2181//1221 2180//1220
f 2061//1101 2062//1102 2182//1222 2181//1221
f 2062//1102 2063//1103 2183//1223 2182//1222
f 2063//1103 2064//1104 2184//1224 2183//1223
f 2064//1104 2065//1105 2185//1225 2184//1224
f 2065//1105 2066//1106 2186//1226 2185//1225
f 2066//1106 2067//1107 2187//1227 2186//1226
f 2067//1107 2068//1108 2188//1228 2187//1227
f 2068//1108 2069//1109 2189//1229 2188//1228
f 2069//1109 2070//1110 2190//1230 2189//1229
f 2070//1110 2071//1111 2191//1231 2190//1230
f 2071//1111 2072//1112 2192//1232 2191//1231
f 2072//1112 2073//1113 2193//1233 2192//1232
f 2073//1113 2074//1114 2194//1234 2193//1233
f 2074//1114 2075//1115 2195//1235 2194//1234
f 2075//1115 2076//1116 2196//1236 2195//1235
f 2076//1116 2077//1117 2197//1237 2196//1236
f 2077//1117 2078//1118 2198//1238 2197//1237
f 2078//1118 2079//1119 2199//1239 2198//1238
f 2079//1119 2080//1120 2200//1240 2199//1239
f 2080//1120 2081//1121 2201//1241 2200//1240
f 2081//1121 2082//1122 2202//1242 2201//1241
f 2082//1122 2083//1123 2203//1243 2202//1242
f 2083//1123 2084//1124 2204//1244 2203//1243
f 2084//1124 2085//1125 2205//1245 2204//1244
f 2085//1125 2086//1126 2206//1246 2205//1245
f 2086//1126 2087//1127 2207//1247 2206//1246
f 2087//1127 2088//1128 2208//1248 2207//1247
f 2088//1128 2089//1129 2209//1249 2208//1248
f 2089//1129 2090//1130 2210//1250 2209//1249
f 2090//1130 2091//1131 2211//1251 2210//1250
f 2091//1131 2092//1132 2212//1252 2211//1251
f 2092//1132 2093//1133 2213//1253 2212//1252
f 2093//1133 2094//1134 2214//1254 2213//1253
f 2094//1134 2095//1135 2215//1255 2214//1254
f 2095//1135 2096//1136 2216//1256 2215//1255
f 2096//1136 2097//1137 2217//1257 2216//1256
f 2097//1137 2098//1138 2218//1258 2217//1257
f 2098//1138 2099//1139 2219//1259 2218//1258
f 2099//1139 2100//1140 2220//1260 2219//1259
f 2100//1140 2101//1141 2221//1261 2220//1260
f 2101//1141 2102//1142 2222//1262 2221//1261
f 2102//1142 2103//1143 2223//1263 2222//1262
f 2103//1143 2104//1144 2224//1264 2223//1263
f 2104//1144 2105//1145 2225//1265 2224//1264
f 2105//1145 2106//1146 2226//1266 2225//1265
f 2106//1146 2107//1147 2227//1267 2226//1266
f 2107//1147 2108//1148 2228//1268 2227//1267
f 2108//1148 2109//1149 2229//1269 2228//1268
f 2109//1149 2110//1150 2230//1270 2229//1269
f 2110//1150 2111//1151 2231//1271 2230//1270
f 2111//1151 2112//1152 2232//1272 2231//1271
f 2112//1152 2113//1153 2233//1273 2232//1272
f 2113//1153 2114//1154 2234//1274 2233//1273
f 2114//1154 2115//1155 2235//1275 2234//1274
f 2115//1155 2116//1156 2236//1276 2235//1275
f 2116//1156 2117//1157 2237//1277 2236//1276
f 2117//1157 2118//1158 2238//1278 2237//1277
f 2118//1158 2119//1159 2239//1279 2238//1278
f 2119//1159 2120//1160 2240//1280 2239//1279
f 2120//1160 2121//1161 2241//1281 2240//1280
f 2121//1161 2122//1162 2242//1282 2241//1281
f 2122//1162 2123//1163 2243//1283 2242//1282
f 2123//1163 2124//1164 2244//1284 2243//1283
f 2124//1164 2125//1165 2245//1285 2244//1284
f 2125//1165 2126//1166 2246//1286 2245//1285
f 2126//1166 2127//1167 2247//1287 2246//1286
f 2127//1167 2128//1168 2248//1288 2247//1287
f 2128//1168 2129//1169 2249//1289 2248//1288
f 2129//1169 2130//1170 2250//1290 2249//1289
f 2130//1170 2131//1171 2251//1291 2250//1290
f 2131//1171 2132//1172 2252//1292 2251//1291
f 2132//1172 2133//1173 2253//1293 2252//1292
f 2133//1173 2134//1174 2254//1294 2253//1293
f 2134//1174 2135//1175 2255//1295 2254//1294
f 2135//1175 2136//1176 2256//1296 2255//1295
f 2136//1176 2137//1177 2257//1297 2256//1296
f 2137//1177 2138//1178 2258//1298 2257//1297
f 2138//1178 2139//1179 2259//1299 2258//1298
f 2139//1179 2140//1180 2260//1300 2259//1299
f 2140//1180 2141//1181 2261//1301 2260//1300
f 2141//1181 2142//1182 2262//1302 2261//1301
f 2142//1182 2143//1183 2263//1303 2262//1302
f 2143//1183 2144//1184 2264//1304 2263//1303
f 2144//1184 2145//1185 2265//1305 2264//1304
f 2145//1185 2146//1186 2266//1306 2265//1305
f 2146//1186 2147//1187 2267//1307 2266//1306
f 2147//1187 2148//1188 2268//1308 2267//1307
f 2148//1188 2149//1189 2269//1309 2268//1308
f 2149//1189 2150//1190 2270//1310 2269//1309
f 2150//1190 2151//1191 2271//1311 2270//1310
f 2151//1191 2152//1192 2272//1312 2271//1311
f 2152//1192 2153//1193 2273//1313 2272//1312
f 2153//1193 2154//1194 2274//1314 2273//1313
f 2154//1194 2155//1195 2275//1315 2274//1314
f 2155//1195 2156//1196 2276//1316 2275//1315
f 2156//1196 2157//1197 2277//1317 2276//1316
f 2157//1197 2158//1198 2278//1318 2277//1317
f 2158//1198 2159//1199 2279//1319 2278//1318
f 2159//1199 2160//1200 2280//1320 2279//1319
f 2160//1200 2041//1081 2161//1201 2280//1320
f 2161//1201 2162//1202 2282//1322 2281//1321
f 2162//1202 2163//1203 2283//1323 2282//1322
f 2163//1203 2164//1204 2284//1324 2283//1323
f 2164//1204 2165//1205 2285//1325 2284//1324
f 2165//1205 2166//1206 2286//1326 2285//1325
f 2166//1206 2167//1207 2287//1327 2286//1326
f 2167//1207 2168//1208 2288//1328 2287//1327
f 2168//1208 2169//1209 2289//1329 2288//1328
f 2169//1209 2170//1210 2290//1330 2289//1329
f 2170//1210 2171//1211 2291//1331 2290//1330
f 2171//1211 2172//1212 2292//1332 2291//1331
f 2172//1212 2173//1213 2293//1333 2292//1332
f 2173//1213 2174//1214 2294//1334 2293//1333
f 2174//1214 2175//1215 2295//1335 2294//1334
f 2175//1215 2176//1216 2296//1336 2295//1335
f 2176//1216 2177//1217 2297//1337 2296//1336
f 2177//1217 2178//1218 2298//1338 2297//1337
f 2178//1218 2179//1219 2299//1339 2298//1338
f 2179//1219 2180//1220 2300//1340 2299//1339
f 2180//1220 2181//1221 2301//1341 2300//1340
f 2181//1221 2182//1222 2302//1342 2301//1341
f 2182//1222 2183//1223 2303//1343 2302//1342
f 2183//1223 2184//1224 2304//1344 2303//1343
f 2184//1224 2185//1225 2305//1345 2304//1344
f 2185//1225 2186//1226 2306//1346 2305//1345
f 2186//1226 2187//1227 2307//1347 2306//1346
f 2187//1227 2188//1228 2308//1348 2307//1347
f 2188//1228 2189//1229 2309//1349 2308//1348
f 2189//1229 2190//1230 2310//1350 2309//1349
f 2190//1230 2191//1231 2311//1351 2310//1350
f 2191//1231 2192//1232 2312//1352 2311//1351
f 2192//1232 2193//1233 2313//1353 2312//1352
f 2193//1233 2194//1234 2314//1354 2313//1353
f 2194//1234 2195//1235 2315//1355 2314//1354
f 2195//1235 2196//1236 2316//1356 2315//1355
f 2196//1236 2197//1237 2317//1357 2316//1356
f 2197//1237 2198//1238 2318//1358 2317//1357
f 2198//1238 2199//1239 2319//1359 2318//1358
f 2199//1239 2200//1240 2320//1360 2319//1359
f 2200//1240 2201//1241 2321//1361 2320//1360
f 2201//1241 2202//1242 2322//1362 2321//1361
f 2202//1242 2203//1243 2323//1363 2322//1362
f 2203//1243 2204//1244 2324//1364 2323//1363
f 2204//1244 2205//1245 2325//1365 2324//1364
f 2205//1245 2206//1246 2326//1366 2325//1365
f 2206//1246 2207//1247 2327//1367 2326//1366
f 2207//1247 2208//1248 2328//1368 2327//1367
f 2208//1248 2209//1249 2329//1369 2328//1368
f 2209//1249 2210//1250 2330//1370 2329//1369
f 2210//1250 2211//1251 2331//1371 2330//1370
f 2211//1251 2212//1252 2332//1372 2331//1371
f 2212//1252 2213//1253 2333//1373 2332//1372
f 2213//1253 2214//1254 2334//1374 2333//1373
f 2214//1254 2215//1255 2335//1375 2334//1374
f 2215//1255 2216//1256 2336//1376 2335//1375
f 2216//1256 2217//1257 2337//1377 2336//1376
f 2217//1257 2218//1258 2338//1378 2337//1377
f 2218//1258 2219//1259 2339//1379 2338//1378
f 2219//1259 2220//1260 2340//1380 2339//1379
f 2220//1260 2221//1261 2341//1381 2340//1380
f 2221//1261 2222//1262 2342//1382 2341//1381
f 2222//1262 2223//1263 2343//1383 2342//1382
f 2223//1263 2224//1264 2344//1384 2343//1383
f 2224//1264 2225//1265 2345//1385 2344//1384
f 2225//1265 2226//1266 2346//1386 2345//1385
f 2226//1266 2227//1267 2347//1387 2346//1386
f 2227//1267 2228//1268 2348//1388 2347//1387
f 2228//1268 2229//1269 2349//1389 2348//1388
f 2229//1269 2230//1270 2350//1390 2349//1389
f 2230//1270 2231//1271 2351//1391 2350//1390
f 2231//1271 2232//1272 2352//1392 2351//1391
f 2232//1272 2233//1273 2353//1393 2352//1392
f 2233//1273 2234//1274 2354//1394 2353//1393
f 2234//1274 2235//1275 2355//1395 2354//1394
f 2235//1275 2236//1276 2356//1396 2355//1395
f 2236//1276 2237//1277 2357//1397 2356//1396
f 2237//1277 2238//1278 2358//1398 2357//1397
f 2238//1278 2239//1279 2359//1399 2358//1398
f 2239//1279 2240//1280 2360//1400 2359//1399
f 2240//1280 2241//1281 2361//1401 2360//1400
f 2241//1281 2242//1282 2362//1402 2361//1401
f 2242//1282 2243//1283 2363//1403 2362//1402
f 2243//1283 2244//1284 2364//1404 2363//1403
f 2244//1284 2245//1285 2365//1405 2364//1404
f 2245//1285 2246//1286 2366//1406 2365//1405
f 2246//1286 2247//1287 2367//1407 2366//1406
f 2247//1287 2248//1288 2368//1408 2367//1407
f 2248//1288 2249//1289 2369//1409 2368//1408
f 2249//1289 2250//1290 2370//1410 2369//1409
f 2250//1290 2251//1291 2371//1411 2370//1410
f 2251//1291 2252//1292 2372//1412 2371//1411
f 2252//1292 2253//1293 2373//1413 2372//1412
f 2253//1293 2254//1294 2374//1414 2373//1413
f 2254//1294 2255//1295 2375//1415 2374//1414
f 2255//1295 2256//1296 2376//1416 2375//1415
f 2256//1296 2257//1297 2377//1417 2376//1416
f 2257//1297 2258//1298 2378//1418 2377//1417
f 2258//1298 2259//1299 2379//1419 2378//1418
f 2259//1299 2260//1300 2380//1420 2379//1419
f 2260//1300 2261//1301 2381//1421 2380//1420
f 2261//1301 2262//1302 2382//1422 2381//1421
f 2262//1302 2263//1303 2383//1423 2382//1422
f 2263//1303 2264//1304 2384//1424 2383//1423
f 2264//1304 2265//1305 2385//1425 2384//1424
f 2265//1305 2266//1306 2386//1426 2385//1425
f 2266//1306 2267//1307 2387//1427 2386//1426
f 2267//1307 2268//1308 2388//1428 2387//1427
f 2268//1308 2269//1309 2389//1429 2388//1428
f 2269//1309 2270//1310 2390//1430 2389//1429
f 2270//1310 2271//1311 2391//1431 2390//1430
f 2271//1311 2272//1312 2392//1432 2391//1431
f 2272//1312 2273//1313 2393//1433 2392//1432
f 2273//1313 2274//1314 2394//1434 2393//1433
f 2274//1314 2275//1315 2395//1435 2394//1434
f 2275//1315 2276//1316 2396//1436 2395//1435
f 2276//1316 2277//1317 2397//1437 2396//1436
f 2277//1317 2278//1318 2398//1438 2397//1437
f 2278//1318 2279//1319 2399//1439 2398//1438
f 2279//1319 2280//1320 2400//1440 2399//1439
f 2280//1320 2161//1201 2281//1321 2400//1440
f 2281//1321 2282//1322 2401//1441
f 2282//1322 2283//1323 2401//1441
f 2283//1323 2284//1324 2401//1441
f 2284//1324 2285//1325 2401//1441
f 2285//1325 2286//1326 2401//1441
f 2286//1326 2287//1327 2401//1441
f 2287//1327 2288//1328 2401//1441
f 2288//1328 2289//1329 2401//1441
f 2289//1329 2290//1330 2401//1441
f 2290//1330 2291//1331 2401//1441
f 2291//1331 2292//1332 2401//1441
f 2292//1332 2293//1333 2401//1441
f 2293//1333 2294//1334 2401//1441
f 2294//1334 2295//1335 2401//1441
f 2295//1335 2296//1336 2401//1441
f 2296//1336 2297//1337 2401//1441
f 2297//1337 2298//1338 2401//1441
f 2298//1338 2299//1339 2401//1441
f 2299//1339 2300//1340 2401//1441
f 2300//1340 2301//1341 2401//1441
f 2301//1341 2302//1342 2401//1441
f 2302//1342 2303//1343 2401//1441
f 2303//1343 2304//1344 2401//1441
f 2304//1344 2305//1345 2401//1441
f 2305//1345 2306//1346 2401//1441
f 2306//1346 2307//1347 2401//1441
f 2307//1347 2308//1348 2401//1441
f 2308//1348 2309//1349 2401//1441
f 2309//1349 2310//1350 2401//1441
f 2310//1350 2311//1351 2401//1441
f 2311//1351 2312//1352 2401//1441
f 2312//1352 2313//1353 2401//1441
f 2313//1353 2314//1354 2401//1441
f 2314//1354 2315//1355 2401//1441
f 2315//1355 2316//1356 2401//1441
f 2316//1356 2317//1357 2401//1441
f 2317//1357 2318//1358 2401//1441
f 2318//1358 2319//1359 2401//1441
f 2319//1359 2320//1360 2401//1441
f 2320//1360 2321//1361 2401//1441
f 2321//1361 2322//1362 2401//1441
f 2322//1362 2323//1363 2401//1441
f 2323//1363 2324//1364 2401//1441
f 2324//1364 2325//1365 2401//1441
f 2325//1365 2326//1366 2401//1441
f 2326//1366 2327//1367 2401//1441
f 2327//1367 2328//1368 2401//1441
f 2328//1368 2329//1369 2401//1441
f 2329//1369 2330//1370 2401//1441
f 2330//1370 2331//1371 2401//1441
f 2331//1371 2332//1372 2401//1441
f 2332//1372 2333//1373 2401//1441
f 2333//1373 2334//1374 2401//1441
f 2334//1374 2335//1375 2401//1441
f 2335//1375 2336//1376 2401//1441
f 2336//1376 2337//1377 2401//1441
f 2337//1377 2338//1378 2401//1441
f 2338//1378 2339//1379 2401//1441
f 2339//1379 2340//1380 2401//1441
f 2340//1380 2341//1381 2401//1441
f 2341//1381 2342//1382 2401//1441
f 2342//1382 2343//1383 2401//1441
f 2343//1383 2344//1384 2401//1441
f 2344//1384 2345//1385 2401//1441
f 2345//1385 2346//1386 2401//1441
f 2346//1386 2347//1387 2401//1441
f 2347//1387 2348//1388 2401//1441
f 2348//1388 2349//1389 2401//1441
f 2349//1389 2350//1390 2401//1441
f 2350//1390 2351//1391 2401//1441
f 2351//1391 2352//1392 2401//1441
f 2352//1392 2353//1393 2401//1441
f 2353//1393 2354//1394 2401//1441
f 2354//1394 2355//1395 2401//1441
f 2355//1395 2356//1396 2401//1441
f 2356//1396 2357//1397 2401//1441
f 2357//1397 2358//1398 2401//1441
f 2358//1398 2359//1399 2401//1441
f 2359//1399 2360//1400 2401//1441
f 2360//1400 2361//1401 2401//1441
f 2361//1401 2362//1402 2401//1441
f 2362//1402 2363//1403 2401//1441
f 2363//1403 2364//1404 2401//1441
f 2364//1404 2365//1405 2401//1441
f 2365//1405 2366//1406 2401//1441
f 2366//1406 2367//1407 2401//1441
f 2367//1407 2368//1408 2401//1441
f 2368//1408 2369//1409 2401//1441
f 2369//1409 2370//1410 2401//1441
f 2370//1410 2371//1411 2401//1441
f 2371//1411 2372//1412 2401//1441
f 2372//1412 2373//1413 2401//1441
f 2373//1413 2374//1414 2401//1441
f 2374//1414 2375//1415 2401//1441
f 2375//1415 2376//1416 2401//1441
f 2376//1416 2377//1417 2401//1441
f 2377//1417 2378//1418 2401//1441
f 2378//1418 2379//1419 2401//1441
f 2379//1419 2380//1420 2401//1441
f 2380//1420 2381//1421 2401//1441
f 2381//1421 2382//1422 2401//1441
f 2382//1422 2383//1423 2401//1441
f 2383//1423 2384//1424 2401//1441
f 2384//1424 2385//1425 2401//1441
f 2385//1425 2386//1426 2401//1441
f 2386//1426 2387//1427 2401//1441
f 2387//1427 2388//1428 2401//1441
f 2388//1428 2389//1429 2401//1441
f 2389//1429 2390//1430 2401//1441
f 2390//1430 2391//1431 2401//1441
f 2391//1431 2392//1432 2401//1441
f 2392//1432 2393//1433 2401//1441
f 2393//1433 2394//1434 2401//1441
f 2394//1434 2395//1435 2401//1441
f 2395//1435 2396//1436 2401//1441
f 2396//1436 2397//1437 2401//1441
f 2397//1437 2398//1438 2401//1441
f 2398//1438 2399//1439 2401//1441
f 2399//1439 2400//1440 2401//1441
f 2400//1440 2281//1321 2401//1441
f 27//27 26//26 25//25
f 27//27 25//25 24//24
f 28//28 27//27 24//24
f 28//28 24//24 23//23
f 29//29 28//28 23//23
f 29//29 23//23 22//22
f 30//30 29//29 22//22
f 30//30 22//22 21//21
f 31//31 30//30 21//21
f 31//31 21//21 20//20
f 32//32 31//31 20//20
f 32//32 20//20 19//19
f 33//33 32//32 19//19
f 33//33 19//19 18//18
f 34//34 33//33 18//18
f 34//34 18//18 17//17
f 48//48 47//47 46//46
f 48//48 46//46 45//45
f 49//49 48//48 45//45
f 49//49 45//45 44//44
f 35//35 34//34 17//17
f 50//50 49//49 44//44
f 50//50 44//44 43//43
f 50//50 43//43 42//42
f 35//35 17//17 16//16
f 36//36 35//35 16//16
f 51//51 50//50 42//42
f 51//51 42//42 41//41
f 37//37 36//36 16//16
f 52//52 51//51 41//41
f 52//52 41//41 40//40
f 37//37 16//16 15//15
f 52//52 40//40 39//39
f 38//38 37//37 15//15
f 52//52 39//39 38//38
f 53//53 52//52 38//38
f 53//53 38//38 15//15
f 54//54 53//53 15//15
f 54//54 15//15 14//14
f 55//55 54//54 14//14
f 55//55 14//14 13//13
f 56//56 55//55 13//13
f 57//57 56//56 13//13
f 57//57 13//13 12//12
f 57//57 12//12 11//11
f 58//58 57//57 11//11
f 58//58 11//11 10//10
f 59//59 58//58 10//10
f 59//59 10//10 9//9
f 59//59 9//9 8//8
f 59//59 8//8 7//7
f 59//59 7//7 6//6
f 60//60 59//59 6//6
f 60//60 6//6 5//5
f 60//60 5//5 4//4
f 60//60 4//4 3//3
f 60//60 3//3 2//2
f 61//61 60//60 2//2
f 61//61 2//2 1//1
f 62//62 61//61 1//1
f 62//62 1//1 120//120
f 62//62 120//120 119//119
f 63//63 62//62 119//119
f 63//63 119//119 118//118
f 63//63 118//118 117//117
f 63//63 117//117 116//116
f 63//63 116//116 115//115
f 64//64 63//63 115//115
f 64//64 115//115 114//114
f 64//64 114//114 113//113
f 64//64 113//113 112//112
f 64//64 112//112 111//111
f 65//65 64//64 111//111
f 65//65 111//111 110//110
f 66//66 65//65 110//110
f 66//66 110//110 109//109
f 66//66 109//109 108//108
f 67//67 66//66 108//108
f 68//68 67//67 108//108
f 68//68 108//108 107//107
f 69//69 68//68 107//107
f 69//69 107//107 106//106
f 84//84 69//69 106//106
f 70//70 69//69 84//84
f 85//85 84//84 106//106
f 70//70 84//84 83//83
f 71//71 70//70 83//83
f 71//71 83//83 82//82
f 86//86 85//85 106//106
f 71//71 82//82 81//81
f 86//86 106//106 105//105
f 71//71 81//81 80//80
f 72//72 71//71 80//80
f 87//87 86//86 105//105
f 72//72 80//80 79//79
f 73//73 72//72 79//79
f 88//88 87//87 105//105
f 88//88 105//105 104//104
f 73//73 79//79 78//78
f 73//73 78//78 77//77
f 74//74 73//73 77//77
f 89//89 88//88 104//104
f 74//74 77//77 76//76
f 75//75 74//74 76//76
f 89//89 104//104 103//103
f 90//90 89//89 103//103
f 90//90 103//103 102//102
f 91//91 90//90 102//102
f 91//91 102//102 101//101
f 92//92 91//91 101//101
f 92//92 101//101 100//100
f 93//93 92//92 100//100
f 93//93 100//100 99//99
f 94//94 93//93 99//99
f 94//94 99//99 98//98
f 95//95 94//94 98//98
f 95//95 98//98 97//97
f 96//96 95//95 97//97
