# Blender 5.1.1
# www.blender.org
o GROW
v 16.683062 0.000000 -5.453070
v 16.401550 0.000000 -5.768508
v 16.104240 0.000000 -6.066833
v 15.791941 0.000000 -6.347554
v 15.465463 0.000000 -6.610183
v 15.125618 0.000000 -6.854234
v 14.773215 0.000000 -7.079225
v 14.409070 0.000000 -7.284663
v 14.033990 0.000000 -7.470059
v 13.648787 0.000000 -7.634932
v 13.254272 0.000000 -7.778792
v 12.851255 0.000000 -7.901148
v 12.440553 0.000000 -8.001529
v 12.024940 0.000000 -8.079103
v 11.607284 0.000000 -8.133475
v 11.188523 0.000000 -8.164752
v 10.769601 0.000000 -8.173047
v 10.351455 0.000000 -8.158467
v 9.935025 0.000000 -8.121124
v 9.521251 0.000000 -8.061129
v 9.111073 0.000000 -7.978590
v 8.705428 0.000000 -7.873615
v 8.305259 0.000000 -7.746321
v 7.911505 0.000000 -7.596814
v 7.525105 0.000000 -7.425208
v 7.497275 0.000000 -7.412533
v 7.468936 0.000000 -7.401295
v 7.440143 0.000000 -7.391506
v 7.410950 0.000000 -7.383173
v 7.381417 0.000000 -7.376306
v 7.351597 0.000000 -7.370913
v 7.321548 0.000000 -7.367000
v 7.291325 0.000000 -7.364579
v 7.260982 0.000000 -7.363658
v 7.230575 0.000000 -7.364247
v 7.200159 0.000000 -7.366350
v 7.169793 0.000000 -7.369981
v 7.139647 0.000000 -7.375124
v 7.109886 0.000000 -7.381743
v 7.080564 0.000000 -7.389815
v 7.051733 0.000000 -7.399315
v 7.023442 0.000000 -7.410219
v 6.995739 0.000000 -7.422502
v 6.968680 0.000000 -7.436143
v 6.942314 0.000000 -7.451115
v 6.916690 0.000000 -7.467395
v 6.891863 0.000000 -7.484959
v 6.867881 0.000000 -7.503782
v 6.844800 0.000000 -7.523842
v 6.822727 0.000000 -7.544963
v 6.801796 0.000000 -7.567086
v 6.782037 0.000000 -7.590164
v 6.763476 0.000000 -7.614150
v 6.746144 0.000000 -7.638993
v 6.730069 0.000000 -7.664649
v 6.715281 0.000000 -7.691061
v 6.701805 0.000000 -7.718191
v 6.689671 0.000000 -7.745987
v 6.678907 0.000000 -7.774400
v 6.669542 0.000000 -7.803382
v 6.661606 0.000000 -7.832881
v 6.655150 0.000000 -7.862741
v 6.650202 0.000000 -7.892796
v 6.646760 0.000000 -7.922983
v 6.644819 0.000000 -7.953247
v 6.644374 0.000000 -7.983536
v 6.645424 0.000000 -8.013791
v 6.647965 0.000000 -8.043957
v 6.651998 0.000000 -8.073978
v 6.657515 0.000000 -8.103799
v 6.664513 0.000000 -8.133363
v 6.672987 0.000000 -8.162616
v 6.682938 0.000000 -8.191501
v 6.816836 0.000000 -8.591091
v 6.928184 0.000000 -8.995887
v 7.016957 0.000000 -9.404954
v 7.083139 0.000000 -9.817352
v 7.126706 0.000000 -10.232149
v 7.147635 0.000000 -10.648403
v 7.145907 0.000000 -11.065181
v 7.121499 0.000000 -11.481544
v 7.074389 0.000000 -11.896555
v 7.004556 0.000000 -12.309278
v 6.911976 0.000000 -12.718774
v 6.796633 0.000000 -13.124107
v 6.659186 0.000000 -13.522492
v 6.500690 0.000000 -13.911256
v 6.321698 0.000000 -14.289645
v 6.122764 0.000000 -14.656903
v 5.904442 0.000000 -15.012275
v 5.667288 0.000000 -15.355005
v 5.411854 0.000000 -15.684337
v 5.138691 0.000000 -15.999513
v 4.848359 0.000000 -16.299778
v 4.541411 0.000000 -16.584379
v 4.218396 0.000000 -16.852558
v 3.879874 0.000000 -17.103559
v 3.528069 0.000000 -17.335577
v 3.165441 0.000000 -17.547138
v 2.792890 0.000000 -17.737982
v 2.411314 0.000000 -17.907845
v 2.021618 0.000000 -18.056465
v 1.624698 0.000000 -18.183584
v 1.221455 0.000000 -18.288939
v 0.812788 0.000000 -18.372265
v 0.399598 0.000000 -18.433306
v -0.017215 0.000000 -18.471796
v -0.436751 0.000000 -18.487476
v -0.858107 0.000000 -18.480087
v -1.278424 0.000000 -18.449556
v -1.694849 0.000000 -18.396212
v -2.106509 0.000000 -18.320391
v -2.512534 0.000000 -18.222441
v -2.912048 0.000000 -18.102699
v -3.304179 0.000000 -17.961510
v -3.688056 0.000000 -17.799212
v -4.062806 0.000000 -17.616152
v -4.427554 0.000000 -17.412663
v -4.781431 0.000000 -17.189091
v -5.123561 0.000000 -16.945776
v -5.453070 0.000000 -16.683062
v -5.768508 0.000000 -16.401550
v -6.066833 0.000000 -16.104240
v -6.347554 0.000000 -15.791941
v -6.610183 0.000000 -15.465463
v -6.854234 0.000000 -15.125618
v -7.079225 0.000000 -14.773215
v -7.284663 0.000000 -14.409070
v -7.470059 0.000000 -14.033990
v -7.634932 0.000000 -13.648787
v -7.778792 0.000000 -13.254272
v -7.901148 0.000000 -12.851255
v -8.001529 0.000000 -12.440553
v -8.079103 0.000000 -12.024940
v -8.133475 0.000000 -11.607284
v -8.164752 0.000000 -11.188523
v -8.173047 0.000000 -10.769601
v -8.158467 0.000000 -10.351455
v -8.121124 0.000000 -9.935025
v -8.061129 0.000000 -9.521251
v -7.978590 0.000000 -9.111073
v -7.873615 0.000000 -8.705428
v -7.746321 0.000000 -8.305259
v -7.596814 0.000000 -7.911505
v -7.425208 0.000000 -7.525105
v -7.412533 0.000000 -7.497275
v -7.401295 0.000000 -7.468936
v -7.391506 0.000000 -7.440143
v -7.383173 0.000000 -7.410950
v -7.376306 0.000000 -7.381417
v -7.370913 0.000000 -7.351597
v -7.367000 0.000000 -7.321548
v -7.364579 0.000000 -7.291325
v -7.363658 0.000000 -7.260982
v -7.364247 0.000000 -7.230575
v -7.366350 0.000000 -7.200159
v -7.369981 0.000000 -7.169793
v -7.375124 0.000000 -7.139647
v -7.381743 0.000000 -7.109886
v -7.389815 0.000000 -7.080564
v -7.399315 0.000000 -7.051733
v -7.410219 0.000000 -7.023442
v -7.422502 0.000000 -6.995739
v -7.436143 0.000000 -6.968680
v -7.451115 0.000000 -6.942314
v -7.467395 0.000000 -6.916690
v -7.484959 0.000000 -6.891863
v -7.503782 0.000000 -6.867881
v -7.523842 0.000000 -6.844800
v -7.544963 0.000000 -6.822727
v -7.567086 0.000000 -6.801796
v -7.590164 0.000000 -6.782037
v -7.614150 0.000000 -6.763476
v -7.638993 0.000000 -6.746144
v -7.664649 0.000000 -6.730069
v -7.691061 0.000000 -6.715281
v -7.718191 0.000000 -6.701805
v -7.745987 0.000000 -6.689671
v -7.774400 0.000000 -6.678907
v -7.803382 0.000000 -6.669542
v -7.832881 0.000000 -6.661606
v -7.862741 0.000000 -6.655150
v -7.892796 0.000000 -6.650202
v -7.922983 0.000000 -6.646760
v -7.953247 0.000000 -6.644819
v -7.983536 0.000000 -6.644374
v -8.013791 0.000000 -6.645424
v -8.043957 0.000000 -6.647965
v -8.073978 0.000000 -6.651998
v -8.103799 0.000000 -6.657515
v -8.133363 0.000000 -6.664513
v -8.162616 0.000000 -6.672987
v -8.191501 0.000000 -6.682938
v -8.591091 0.000000 -6.816836
v -8.995887 0.000000 -6.928184
v -9.404954 0.000000 -7.016957
v -9.817352 0.000000 -7.083139
v -10.232149 0.000000 -7.126706
v -10.648403 0.000000 -7.147635
v -11.065181 0.000000 -7.145907
v -11.481544 0.000000 -7.121499
v -11.896555 0.000000 -7.074389
v -12.309278 0.000000 -7.004556
v -12.718774 0.000000 -6.911976
v -13.124107 0.000000 -6.796633
v -13.522492 0.000000 -6.659186
v -13.911256 0.000000 -6.500690
v -14.289645 0.000000 -6.321698
v -14.656903 0.000000 -6.122764
v -15.012275 0.000000 -5.904442
v -15.355005 0.000000 -5.667288
v -15.684337 0.000000 -5.411854
v -15.999513 0.000000 -5.138691
v -16.299778 0.000000 -4.848359
v -16.584379 0.000000 -4.541411
v -16.852558 0.000000 -4.218396
v -17.103559 0.000000 -3.879874
v -17.335577 0.000000 -3.528069
v -17.547138 0.000000 -3.165441
v -17.737982 0.000000 -2.792890
v -17.907845 0.000000 -2.411314
v -18.056465 0.000000 -2.021618
v -18.183584 0.000000 -1.624698
v -18.288939 0.000000 -1.221455
v -18.372265 0.000000 -0.812788
v -18.433306 0.000000 -0.399598
v -18.471796 0.000000 0.017215
v -18.487476 0.000000 0.436751
v -18.480087 0.000000 0.858107
v -18.449556 0.000000 1.278424
v -18.396212 0.000000 1.694849
v -18.320391 0.000000 2.106509
v -18.222441 0.000000 2.512534
v -18.102699 0.000000 2.912048
v -17.961510 0.000000 3.304179
v -17.799212 0.000000 3.688056
v -17.616152 0.000000 4.062806
v -17.412663 0.000000 4.427554
v -17.189091 0.000000 4.781431
v -16.945776 0.000000 5.123561
v -16.683062 0.000000 5.453070
v -16.401550 0.000000 5.768508
v -16.104240 0.000000 6.066833
v -15.791941 0.000000 6.347554
v -15.465463 0.000000 6.610183
v -15.125618 0.000000 6.854234
v -14.773215 0.000000 7.079225
v -14.409070 0.000000 7.284663
v -14.033990 0.000000 7.470059
v -13.648787 0.000000 7.634932
v -13.254272 0.000000 7.778792
v -12.851255 0.000000 7.901148
v -12.440553 0.000000 8.001529
v -12.024940 0.000000 8.079103
v -11.607284 0.000000 8.133475
v -11.188523 0.000000 8.164752
v -10.769601 0.000000 8.173047
v -10.351455 0.000000 8.158467
v -9.935025 0.000000 8.121124
v -9.521251 0.000000 8.061129
v -9.111073 0.000000 7.978590
v -8.705428 0.000000 7.873615
v -8.305259 0.000000 7.746321
v -7.911505 0.000000 7.596814
v -7.525105 0.000000 7.425208
v -7.497275 0.000000 7.412533
v -7.468936 0.000000 7.401295
v -7.440143 0.000000 7.391506
v -7.410950 0.000000 7.383173
v -7.381417 0.000000 7.376306
v -7.351597 0.000000 7.370913
v -7.321548 0.000000 7.367000
v -7.291325 0.000000 7.364579
v -7.260982 0.000000 7.363658
v -7.230575 0.000000 7.364247
v -7.200159 0.000000 7.366350
v -7.169793 0.000000 7.369981
v -7.139647 0.000000 7.375124
v -7.109886 0.000000 7.381743
v -7.080564 0.000000 7.389815
v -7.051733 0.000000 7.399315
v -7.023442 0.000000 7.410219
v -6.995739 0.000000 7.422502
v -6.968680 0.000000 7.436143
v -6.942314 0.000000 7.451115
v -6.916690 0.000000 7.467395
v -6.891863 0.000000 7.484959
v -6.867881 0.000000 7.503782
v -6.844800 0.000000 7.523842
v -6.822727 0.000000 7.544963
v -6.801796 0.000000 7.567086
v -6.782037 0.000000 7.590164
v -6.763476 0.000000 7.614150
v -6.746144 0.000000 7.638993
v -6.730069 0.000000 7.664649
v -6.715281 0.000000 7.691061
v -6.701805 0.000000 7.718191
v -6.689671 0.000000 7.745987
v -6.678907 0.000000 7.774400
v -6.669542 0.000000 7.803382
v -6.661606 0.000000 7.832881
v -6.655150 0.000000 7.862741
v -6.650202 0.000000 7.892796
v -6.646760 0.000000 7.922983
v -6.644819 0.000000 7.953247
v -6.644374 0.000000 7.983536
v -6.645424 0.000000 8.013791
v -6.647965 0.000000 8.043957
v -6.651998 0.000000 8.073978
v -6.657515 0.000000 8.103799
v -6.664513 0.000000 8.133363
v -6.672987 0.000000 8.162616
v -6.682938 0.000000 8.191501
v -6.816836 0.000000 8.591091
v -6.928184 0.000000 8.995887
v -7.016957 0.000000 9.404954
v -7.083139 0.000000 9.817352
v -7.126706 0.000000 10.232149
v -7.147635 0.000000 10.648403
v -7.145907 0.000000 11.065181
v -7.121499 0.000000 11.481544
v -7.074389 0.000000 11.896555
v -7.004556 0.000000 12.309278
v -6.911976 0.000000 12.718774
v -6.796633 0.000000 13.124107
v -6.659186 0.000000 13.522492
v -6.500690 0.000000 13.911256
v -6.321698 0.000000 14.289645
v -6.122764 0.000000 14.656903
v -5.904442 0.000000 15.012275
v -5.667288 0.000000 15.355005
v -5.411854 0.000000 15.684337
v -5.138691 0.000000 15.999513
v -4.848359 0.000000 16.299778
v -4.541411 0.000000 16.584379
v -4.218396 0.000000 16.852558
v -3.879874 0.000000 17.103559
v -3.528069 0.000000 17.335577
v -3.165441 0.000000 17.547138
v -2.792890 0.000000 17.737982
v -2.411314 0.000000 17.907845
v -2.021618 0.000000 18.056465
v -1.624698 0.000000 18.183584
v -1.221455 0.000000 18.288939
v -0.812788 0.000000 18.372265
v -0.399598 0.000000 18.433306
v 0.017215 0.000000 18.471796
v 0.436751 0.000000 18.487476
v 0.858107 0.000000 18.480087
v 1.278424 0.000000 18.449556
v 1.694849 0.000000 18.396212
v 2.106509 0.000000 18.320391
v 2.512534 0.000000 18.222441
v 2.912048 0.000000 18.102699
v 3.304179 0.000000 17.961510
v 3.688056 0.000000 17.799212
v 4.062806 0.000000 17.616152
v 4.427554 0.000000 17.412663
v 4.781431 0.000000 17.189091
v 5.123561 0.000000 16.945776
v 5.453070 0.000000 16.683062
v 5.768508 0.000000 16.401550
v 6.066833 0.000000 16.104240
v 6.347554 0.000000 15.791941
v 6.610183 0.000000 15.465463
v 6.854234 0.000000 15.125618
v 7.079225 0.000000 14.773215
v 7.284663 0.000000 14.409070
v 7.470059 0.000000 14.033990
v 7.634932 0.000000 13.648787
v 7.778792 0.000000 13.254272
v 7.901148 0.000000 12.851255
v 8.001529 0.000000 12.440553
v 8.079103 0.000000 12.024940
v 8.133475 0.000000 11.607284
v 8.164752 0.000000 11.188523
v 8.173047 0.000000 10.769601
v 8.158467 0.000000 10.351455
v 8.121124 0.000000 9.935025
v 8.061129 0.000000 9.521251
v 7.978590 0.000000 9.111073
v 7.873615 0.000000 8.705428
v 7.746321 0.000000 8.305259
v 7.596814 0.000000 7.911505
v 7.425208 0.000000 7.525105
v 7.412533 0.000000 7.497275
v 7.401295 0.000000 7.468936
v 7.391506 0.000000 7.440143
v 7.383173 0.000000 7.410950
v 7.376306 0.000000 7.381417
v 7.370913 0.000000 7.351597
v 7.367000 0.000000 7.321548
v 7.364579 0.000000 7.291325
v 7.363658 0.000000 7.260982
v 7.364247 0.000000 7.230575
v 7.366350 0.000000 7.200159
v 7.369981 0.000000 7.169793
v 7.375124 0.000000 7.139647
v 7.381743 0.000000 7.109886
v 7.389815 0.000000 7.080564
v 7.399315 0.000000 7.051733
v 7.410219 0.000000 7.023442
v 7.422502 0.000000 6.995739
v 7.436143 0.000000 6.968680
v 7.451115 0.000000 6.942314
v 7.467395 0.000000 6.916690
v 7.484959 0.000000 6.891863
v 7.503782 0.000000 6.867881
v 7.523842 0.000000 6.844800
v 7.544963 0.000000 6.822727
v 7.567086 0.000000 6.801796
v 7.590164 0.000000 6.782037
v 7.614150 0.000000 6.763476
v 7.638993 0.000000 6.746144
v 7.664649 0.000000 6.730069
v 7.691061 0.000000 6.715281
v 7.718191 0.000000 6.701805
v 7.745987 0.000000 6.689671
v 7.774400 0.000000 6.678907
v 7.803382 0.000000 6.669542
v 7.832881 0.000000 6.661606
v 7.862741 0.000000 6.655150
v 7.892796 0.000000 6.650202
v 7.922983 0.000000 6.646760
v 7.953247 0.000000 6.644819
v 7.983536 0.000000 6.644374
v 8.013791 0.000000 6.645424
v 8.043957 0.000000 6.647965
v 8.073978 0.000000 6.651998
v 8.103799 0.000000 6.657515
v 8.133363 0.000000 6.664513
v 8.162616 0.000000 6.672987
v 8.191501 0.000000 6.682938
v 8.591091 0.000000 6.816836
v 8.995887 0.000000 6.928184
v 9.404954 0.000000 7.016957
v 9.817352 0.000000 7.083139
v 10.232149 0.000000 7.126706
v 10.648403 0.000000 7.147635
v 11.065181 0.000000 7.145907
v 11.481544 0.000000 7.121499
v 11.896555 0.000000 7.074389
v 12.309278 0.000000 7.004556
v 12.718774 0.000000 6.911976
v 13.124107 0.000000 6.796633
v 13.522492 0.000000 6.659186
v 13.911256 0.000000 6.500690
v 14.289645 0.000000 6.321698
v 14.656903 0.000000 6.122764
v 15.012275 0.000000 5.904442
v 15.355005 0.000000 5.667288
v 15.684337 0.000000 5.411854
v 15.999513 0.000000 5.138691
v 16.299778 0.000000 4.848359
v 16.584379 0.000000 4.541411
v 16.852558 0.000000 4.218396
v 17.103559 0.000000 3.879874
v 17.335577 0.000000 3.528069
v 17.547138 0.000000 3.165441
v 17.737982 0.000000 2.792890
v 17.907845 0.000000 2.411314
v 18.056465 0.000000 2.021618
v 18.183584 0.000000 1.624698
v 18.288939 0.000000 1.221455
v 18.372265 0.000000 0.812788
v 18.433306 0.000000 0.399598
v 18.471796 0.000000 -0.017215
v 18.487476 0.000000 -0.436751
v 18.480087 0.000000 -0.858107
v 18.449556 0.000000 -1.278424
v 18.396212 0.000000 -1.694849
v 18.320391 0.000000 -2.106509
v 18.222441 0.000000 -2.512534
v 18.102699 0.000000 -2.912048
v 17.961510 0.000000 -3.304179
v 17.799212 0.000000 -3.688056
v 17.616152 0.000000 -4.062806
v 17.412663 0.000000 -4.427554
v 17.189091 0.000000 -4.781431
v 16.945776 0.000000 -5.123561
v 16.683062 2.200000 -5.453070
v 16.401550 2.200000 -5.768508
v 16.104240 2.200000 -6.066833
v 15.791941 2.200000 -6.347554
v 15.465463 2.200000 -6.610183
v 15.125618 2.200000 -6.854234
v 14.773215 2.200000 -7.079225
v 14.409070 2.200000 -7.284663
v 14.033990 2.200000 -7.470059
v 13.648787 2.200000 -7.634932
v 13.254272 2.200000 -7.778792
v 12.851255 2.200000 -7.901148
v 12.440553 2.200000 -8.001529
v 12.024940 2.200000 -8.079103
v 11.607284 2.200000 -8.133475
v 11.188523 2.200000 -8.164752
v 10.769601 2.200000 -8.173047
v 10.351455 2.200000 -8.158467
v 9.935025 2.200000 -8.121124
v 9.521251 2.200000 -8.061129
v 9.111073 2.200000 -7.978590
v 8.705428 2.200000 -7.873615
v 8.305259 2.200000 -7.746321
v 7.911505 2.200000 -7.596814
v 7.525105 2.200000 -7.425208
v 7.497275 2.200000 -7.412533
v 7.468936 2.200000 -7.401295
v 7.440143 2.200000 -7.391506
v 7.410950 2.200000 -7.383173
v 7.381417 2.200000 -7.376306
v 7.351597 2.200000 -7.370913
v 7.321548 2.200000 -7.367000
v 7.291325 2.200000 -7.364579
v 7.260982 2.200000 -7.363658
v 7.230575 2.200000 -7.364247
v 7.200159 2.200000 -7.366350
v 7.169793 2.200000 -7.369981
v 7.139647 2.200000 -7.375124
v 7.109886 2.200000 -7.381743
v 7.080564 2.200000 -7.389815
v 7.051733 2.200000 -7.399315
v 7.023442 2.200000 -7.410219
v 6.995739 2.200000 -7.422502
v 6.968680 2.200000 -7.436143
v 6.942314 2.200000 -7.451115
v 6.916690 2.200000 -7.467395
v 6.891863 2.200000 -7.484959
v 6.867881 2.200000 -7.503782
v 6.844800 2.200000 -7.523842
v 6.822727 2.200000 -7.544963
v 6.801796 2.200000 -7.567086
v 6.782037 2.200000 -7.590164
v 6.763476 2.200000 -7.614150
v 6.746144 2.200000 -7.638993
v 6.730069 2.200000 -7.664649
v 6.715281 2.200000 -7.691061
v 6.701805 2.200000 -7.718191
v 6.689671 2.200000 -7.745987
v 6.678907 2.200000 -7.774400
v 6.669542 2.200000 -7.803382
v 6.661606 2.200000 -7.832881
v 6.655150 2.200000 -7.862741
v 6.650202 2.200000 -7.892796
v 6.646760 2.200000 -7.922983
v 6.644819 2.200000 -7.953247
v 6.644374 2.200000 -7.983536
v 6.645424 2.200000 -8.013791
v 6.647965 2.200000 -8.043957
v 6.651998 2.200000 -8.073978
v 6.657515 2.200000 -8.103799
v 6.664513 2.200000 -8.133363
v 6.672987 2.200000 -8.162616
v 6.682938 2.200000 -8.191501
v 6.816836 2.200000 -8.591091
v 6.928184 2.200000 -8.995887
v 7.016957 2.200000 -9.404954
v 7.083139 2.200000 -9.817352
v 7.126706 2.200000 -10.232149
v 7.147635 2.200000 -10.648403
v 7.145907 2.200000 -11.065181
v 7.121499 2.200000 -11.481544
v 7.074389 2.200000 -11.896555
v 7.004556 2.200000 -12.309278
v 6.911976 2.200000 -12.718774
v 6.796633 2.200000 -13.124107
v 6.659186 2.200000 -13.522492
v 6.500690 2.200000 -13.911256
v 6.321698 2.200000 -14.289645
v 6.122764 2.200000 -14.656903
v 5.904442 2.200000 -15.012275
v 5.667288 2.200000 -15.355005
v 5.411854 2.200000 -15.684337
v 5.138691 2.200000 -15.999513
v 4.848359 2.200000 -16.299778
v 4.541411 2.200000 -16.584379
v 4.218396 2.200000 -16.852558
v 3.879874 2.200000 -17.103559
v 3.528069 2.200000 -17.335577
v 3.165441 2.200000 -17.547138
v 2.792890 2.200000 -17.737982
v 2.411314 2.200000 -17.907845
v 2.021618 2.200000 -18.056465
v 1.624698 2.200000 -18.183584
v 1.221455 2.200000 -18.288939
v 0.812788 2.200000 -18.372265
v 0.399598 2.200000 -18.433306
v -0.017215 2.200000 -18.471796
v -0.436751 2.200000 -18.487476
v -0.858107 2.200000 -18.480087
v -1.278424 2.200000 -18.449556
v -1.694849 2.200000 -18.396212
v -2.106509 2.200000 -18.320391
v -2.512534 2.200000 -18.222441
v -2.912048 2.200000 -18.102699
v -3.304179 2.200000 -17.961510
v -3.688056 2.200000 -17.799212
v -4.062806 2.200000 -17.616152
v -4.427554 2.200000 -17.412663
v -4.781431 2.200000 -17.189091
v -5.123561 2.200000 -16.945776
v -5.453070 2.200000 -16.683062
v -5.768508 2.200000 -16.401550
v -6.066833 2.200000 -16.104240
v -6.347554 2.200000 -15.791941
v -6.610183 2.200000 -15.465463
v -6.854234 2.200000 -15.125618
v -7.079225 2.200000 -14.773215
v -7.284663 2.200000 -14.409070
v -7.470059 2.200000 -14.033990
v -7.634932 2.200000 -13.648787
v -7.778792 2.200000 -13.254272
v -7.901148 2.200000 -12.851255
v -8.001529 2.200000 -12.440553
v -8.079103 2.200000 -12.024940
v -8.133475 2.200000 -11.607284
v -8.164752 2.200000 -11.188523
v -8.173047 2.200000 -10.769601
v -8.158467 2.200000 -10.351455
v -8.121124 2.200000 -9.935025
v -8.061129 2.200000 -9.521251
v -7.978590 2.200000 -9.111073
v -7.873615 2.200000 -8.705428
v -7.746321 2.200000 -8.305259
v -7.596814 2.200000 -7.911505
v -7.425208 2.200000 -7.525105
v -7.412533 2.200000 -7.497275
v -7.401295 2.200000 -7.468936
v -7.391506 2.200000 -7.440143
v -7.383173 2.200000 -7.410950
v -7.376306 2.200000 -7.381417
v -7.370913 2.200000 -7.351597
v -7.367000 2.200000 -7.321548
v -7.364579 2.200000 -7.291325
v -7.363658 2.200000 -7.260982
v -7.364247 2.200000 -7.230575
v -7.366350 2.200000 -7.200159
v -7.369981 2.200000 -7.169793
v -7.375124 2.200000 -7.139647
v -7.381743 2.200000 -7.109886
v -7.389815 2.200000 -7.080564
v -7.399315 2.200000 -7.051733
v -7.410219 2.200000 -7.023442
v -7.422502 2.200000 -6.995739
v -7.436143 2.200000 -6.968680
v -7.451115 2.200000 -6.942314
v -7.467395 2.200000 -6.916690
v -7.484959 2.200000 -6.891863
v -7.503782 2.200000 -6.867881
v -7.523842 2.200000 -6.844800
v -7.544963 2.200000 -6.822727
v -7.567086 2.200000 -6.801796
v -7.590164 2.200000 -6.782037
v -7.614150 2.200000 -6.763476
v -7.638993 2.200000 -6.746144
v -7.664649 2.200000 -6.730069
v -7.691061 2.200000 -6.715281
v -7.718191 2.200000 -6.701805
v -7.745987 2.200000 -6.689671
v -7.774400 2.200000 -6.678907
v -7.803382 2.200000 -6.669542
v -7.832881 2.200000 -6.661606
v -7.862741 2.200000 -6.655150
v -7.892796 2.200000 -6.650202
v -7.922983 2.200000 -6.646760
v -7.953247 2.200000 -6.644819
v -7.983536 2.200000 -6.644374
v -8.013791 2.200000 -6.645424
v -8.043957 2.200000 -6.647965
v -8.073978 2.200000 -6.651998
v -8.103799 2.200000 -6.657515
v -8.133363 2.200000 -6.664513
v -8.162616 2.200000 -6.672987
v -8.191501 2.200000 -6.682938
v -8.591091 2.200000 -6.816836
v -8.995887 2.200000 -6.928184
v -9.404954 2.200000 -7.016957
v -9.817352 2.200000 -7.083139
v -10.232149 2.200000 -7.126706
v -10.648403 2.200000 -7.147635
v -11.065181 2.200000 -7.145907
v -11.481544 2.200000 -7.121499
v -11.896555 2.200000 -7.074389
v -12.309278 2.200000 -7.004556
v -12.718774 2.200000 -6.911976
v -13.124107 2.200000 -6.796633
v -13.522492 2.200000 -6.659186
v -13.911256 2.200000 -6.500690
v -14.289645 2.200000 -6.321698
v -14.656903 2.200000 -6.122764
v -15.012275 2.200000 -5.904442
v -15.355005 2.200000 -5.667288
v -15.684337 2.200000 -5.411854
v -15.999513 2.200000 -5.138691
v -16.299778 2.200000 -4.848359
v -16.584379 2.200000 -4.541411
v -16.852558 2.200000 -4.218396
v -17.103559 2.200000 -3.879874
v -17.335577 2.200000 -3.528069
v -17.547138 2.200000 -3.165441
v -17.737982 2.200000 -2.792890
v -17.907845 2.200000 -2.411314
v -18.056465 2.200000 -2.021618
v -18.183584 2.200000 -1.624698
v -18.288939 2.200000 -1.221455
v -18.372265 2.200000 -0.812788
v -18.433306 2.200000 -0.399598
v -18.471796 2.200000 0.017215
v -18.487476 2.200000 0.436751
v -18.480087 2.200000 0.858107
v -18.449556 2.200000 1.278424
v -18.396212 2.200000 1.694849
v -18.320391 2.200000 2.106509
v -18.222441 2.200000 2.512534
v -18.102699 2.200000 2.912048
v -17.961510 2.200000 3.304179
v -17.799212 2.200000 3.688056
v -17.616152 2.200000 4.062806
v -17.412663 2.200000 4.427554
v -17.189091 2.200000 4.781431
v -16.945776 2.200000 5.123561
v -16.683062 2.200000 5.453070
v -16.401550 2.200000 5.768508
v -16.104240 2.200000 6.066833
v -15.791941 2.200000 6.347554
v -15.465463 2.200000 6.610183
v -15.125618 2.200000 6.854234
v -14.773215 2.200000 7.079225
v -14.409070 2.200000 7.284663
v -14.033990 2.200000 7.470059
v -13.648787 2.200000 7.634932
v -13.254272 2.200000 7.778792
v -12.851255 2.200000 7.901148
v -12.440553 2.200000 8.001529
v -12.024940 2.200000 8.079103
v -11.607284 2.200000 8.133475
v -11.188523 2.200000 8.164752
v -10.769601 2.200000 8.173047
v -10.351455 2.200000 8.158467
v -9.935025 2.200000 8.121124
v -9.521251 2.200000 8.061129
v -9.111073 2.200000 7.978590
v -8.705428 2.200000 7.873615
v -8.305259 2.200000 7.746321
v -7.911505 2.200000 7.596814
v -7.525105 2.200000 7.425208
v -7.497275 2.200000 7.412533
v -7.468936 2.200000 7.401295
v -7.440143 2.200000 7.391506
v -7.410950 2.200000 7.383173
v -7.381417 2.200000 7.376306
v -7.351597 2.200000 7.370913
v -7.321548 2.200000 7.367000
v -7.291325 2.200000 7.364579
v -7.260982 2.200000 7.363658
v -7.230575 2.200000 7.364247
v -7.200159 2.200000 7.366350
v -7.169793 2.200000 7.369981
v -7.139647 2.200000 7.375124
v -7.109886 2.200000 7.381743
v -7.080564 2.200000 7.389815
v -7.051733 2.200000 7.399315
v -7.023442 2.200000 7.410219
v -6.995739 2.200000 7.422502
v -6.968680 2.200000 7.436143
v -6.942314 2.200000 7.451115
v -6.916690 2.200000 7.467395
v -6.891863 2.200000 7.484959
v -6.867881 2.200000 7.503782
v -6.844800 2.200000 7.523842
v -6.822727 2.200000 7.544963
v -6.801796 2.200000 7.567086
v -6.782037 2.200000 7.590164
v -6.763476 2.200000 7.614150
v -6.746144 2.200000 7.638993
v -6.730069 2.200000 7.664649
v -6.715281 2.200000 7.691061
v -6.701805 2.200000 7.718191
v -6.689671 2.200000 7.745987
v -6.678907 2.200000 7.774400
v -6.669542 2.200000 7.803382
v -6.661606 2.200000 7.832881
v -6.655150 2.200000 7.862741
v -6.650202 2.200000 7.892796
v -6.646760 2.200000 7.922983
v -6.644819 2.200000 7.953247
v -6.644374 2.200000 7.983536
v -6.645424 2.200000 8.013791
v -6.647965 2.200000 8.043957
v -6.651998 2.200000 8.073978
v -6.657515 2.200000 8.103799
v -6.664513 2.200000 8.133363
v -6.672987 2.200000 8.162616
v -6.682938 2.200000 8.191501
v -6.816836 2.200000 8.591091
v -6.928184 2.200000 8.995887
v -7.016957 2.200000 9.404954
v -7.083139 2.200000 9.817352
v -7.126706 2.200000 10.232149
v -7.147635 2.200000 10.648403
v -7.145907 2.200000 11.065181
v -7.121499 2.200000 11.481544
v -7.074389 2.200000 11.896555
v -7.004556 2.200000 12.309278
v -6.911976 2.200000 12.718774
v -6.796633 2.200000 13.124107
v -6.659186 2.200000 13.522492
v -6.500690 2.200000 13.911256
v -6.321698 2.200000 14.289645
v -6.122764 2.200000 14.656903
v -5.904442 2.200000 15.012275
v -5.667288 2.200000 15.355005
v -5.411854 2.200000 15.684337
v -5.138691 2.200000 15.999513
v -4.848359 2.200000 16.299778
v -4.541411 2.200000 16.584379
v -4.218396 2.200000 16.852558
v -3.879874 2.200000 17.103559
v -3.528069 2.200000 17.335577
v -3.165441 2.200000 17.547138
v -2.792890 2.200000 17.737982
v -2.411314 2.200000 17.907845
v -2.021618 2.200000 18.056465
v -1.624698 2.200000 18.183584
v -1.221455 2.200000 18.288939
v -0.812788 2.200000 18.372265
v -0.399598 2.200000 18.433306
v 0.017215 2.200000 18.471796
v 0.436751 2.200000 18.487476
v 0.858107 2.200000 18.480087
v 1.278424 2.200000 18.449556
v 1.694849 2.200000 18.396212
v 2.106509 2.200000 18.320391
v 2.512534 2.200000 18.222441
v 2.912048 2.200000 18.102699
v 3.304179 2.200000 17.961510
v 3.688056 2.200000 17.799212
v 4.062806 2.200000 17.616152
v 4.427554 2.200000 17.412663
v 4.781431 2.200000 17.189091
v 5.123561 2.200000 16.945776
v 5.453070 2.200000 16.683062
v 5.768508 2.200000 16.401550
v 6.066833 2.200000 16.104240
v 6.347554 2.200000 15.791941
v 6.610183 2.200000 15.465463
v 6.854234 2.200000 15.125618
v 7.079225 2.200000 14.773215
v 7.284663 2.200000 14.409070
v 7.470059 2.200000 14.033990
v 7.634932 2.200000 13.648787
v 7.778792 2.200000 13.254272
v 7.901148 2.200000 12.851255
v 8.001529 2.200000 12.440553
v 8.079103 2.200000 12.024940
v 8.133475 2.200000 11.607284
v 8.164752 2.200000 11.188523
v 8.173047 2.200000 10.769601
v 8.158467 2.200000 10.351455
v 8.121124 2.200000 9.935025
v 8.061129 2.200000 9.521251
v 7.978590 2.200000 9.111073
v 7.873615 2.200000 8.705428
v 7.746321 2.200000 8.305259
v 7.596814 2.200000 7.911505
v 7.425208 2.200000 7.525105
v 7.412533 2.200000 7.497275
v 7.401295 2.200000 7.468936
v 7.391506 2.200000 7.440143
v 7.383173 2.200000 7.410950
v 7.376306 2.200000 7.381417
v 7.370913 2.200000 7.351597
v 7.367000 2.200000 7.321548
v 7.364579 2.200000 7.291325
v 7.363658 2.200000 7.260982
v 7.364247 2.200000 7.230575
v 7.366350 2.200000 7.200159
v 7.369981 2.200000 7.169793
v 7.375124 2.200000 7.139647
v 7.381743 2.200000 7.109886
v 7.389815 2.200000 7.080564
v 7.399315 2.200000 7.051733
v 7.410219 2.200000 7.023442
v 7.422502 2.200000 6.995739
v 7.436143 2.200000 6.968680
v 7.451115 2.200000 6.942314
v 7.467395 2.200000 6.916690
v 7.484959 2.200000 6.891863
v 7.503782 2.200000 6.867881
v 7.523842 2.200000 6.844800
v 7.544963 2.200000 6.822727
v 7.567086 2.200000 6.801796
v 7.590164 2.200000 6.782037
v 7.614150 2.200000 6.763476
v 7.638993 2.200000 6.746144
v 7.664649 2.200000 6.730069
v 7.691061 2.200000 6.715281
v 7.718191 2.200000 6.701805
v 7.745987 2.200000 6.689671
v 7.774400 2.200000 6.678907
v 7.803382 2.200000 6.669542
v 7.832881 2.200000 6.661606
v 7.862741 2.200000 6.655150
v 7.892796 2.200000 6.650202
v 7.922983 2.200000 6.646760
v 7.953247 2.200000 6.644819
v 7.983536 2.200000 6.644374
v 8.013791 2.200000 6.645424
v 8.043957 2.200000 6.647965
v 8.073978 2.200000 6.651998
v 8.103799 2.200000 6.657515
v 8.133363 2.200000 6.664513
v 8.162616 2.200000 6.672987
v 8.191501 2.200000 6.682938
v 8.591091 2.200000 6.816836
v 8.995887 2.200000 6.928184
v 9.404954 2.200000 7.016957
v 9.817352 2.200000 7.083139
v 10.232149 2.200000 7.126706
v 10.648403 2.200000 7.147635
v 11.065181 2.200000 7.145907
v 11.481544 2.200000 7.121499
v 11.896555 2.200000 7.074389
v 12.309278 2.200000 7.004556
v 12.718774 2.200000 6.911976
v 13.124107 2.200000 6.796633
v 13.522492 2.200000 6.659186
v 13.911256 2.200000 6.500690
v 14.289645 2.200000 6.321698
v 14.656903 2.200000 6.122764
v 15.012275 2.200000 5.904442
v 15.355005 2.200000 5.667288
v 15.684337 2.200000 5.411854
v 15.999513 2.200000 5.138691
v 16.299778 2.200000 4.848359
v 16.584379 2.200000 4.541411
v 16.852558 2.200000 4.218396
v 17.103559 2.200000 3.879874
v 17.335577 2.200000 3.528069
v 17.547138 2.200000 3.165441
v 17.737982 2.200000 2.792890
v 17.907845 2.200000 2.411314
v 18.056465 2.200000 2.021618
v 18.183584 2.200000 1.624698
v 18.288939 2.200000 1.221455
v 18.372265 2.200000 0.812788
v 18.433306 2.200000 0.399598
v 18.471796 2.200000 -0.017215
v 18.487476 2.200000 -0.436751
v 18.480087 2.200000 -0.858107
v 18.449556 2.200000 -1.278424
v 18.396212 2.200000 -1.694849
v 18.320391 2.200000 -2.106509
v 18.222441 2.200000 -2.512534
v 18.102699 2.200000 -2.912048
v 17.961510 2.200000 -3.304179
v 17.799212 2.200000 -3.688056
v 17.616152 2.200000 -4.062806
v 17.412663 2.200000 -4.427554
v 17.189091 2.200000 -4.781431
v 16.945776 2.200000 -5.123561
v 16.683062 4.400000 -5.453070
v 16.401550 4.400000 -5.768508
v 16.104240 4.400000 -6.066833
v 15.791941 4.400000 -6.347554
v 15.465463 4.400000 -6.610183
v 15.125618 4.400000 -6.854234
v 14.773215 4.400000 -7.079225
v 14.409070 4.400000 -7.284663
v 14.033990 4.400000 -7.470059
v 13.648787 4.400000 -7.634932
v 13.254272 4.400000 -7.778792
v 12.851255 4.400000 -7.901148
v 12.440553 4.400000 -8.001529
v 12.024940 4.400000 -8.079103
v 11.607284 4.400000 -8.133475
v 11.188523 4.400000 -8.164752
v 10.769601 4.400000 -8.173047
v 10.351455 4.400000 -8.158467
v 9.935025 4.400000 -8.121124
v 9.521251 4.400000 -8.061129
v 9.111073 4.400000 -7.978590
v 8.705428 4.400000 -7.873615
v 8.305259 4.400000 -7.746321
v 7.911505 4.400000 -7.596814
v 7.525105 4.400000 -7.425208
v 7.497275 4.400000 -7.412533
v 7.468936 4.400000 -7.401295
v 7.440143 4.400000 -7.391506
v 7.410950 4.400000 -7.383173
v 7.381417 4.400000 -7.376306
v 7.351597 4.400000 -7.370913
v 7.321548 4.400000 -7.367000
v 7.291325 4.400000 -7.364579
v 7.260982 4.400000 -7.363658
v 7.230575 4.400000 -7.364247
v 7.200159 4.400000 -7.366350
v 7.169793 4.400000 -7.369981
v 7.139647 4.400000 -7.375124
v 7.109886 4.400000 -7.381743
v 7.080564 4.400000 -7.389815
v 7.051733 4.400000 -7.399315
v 7.023442 4.400000 -7.410219
v 6.995739 4.400000 -7.422502
v 6.968680 4.400000 -7.436143
v 6.942314 4.400000 -7.451115
v 6.916690 4.400000 -7.467395
v 6.891863 4.400000 -7.484959
v 6.867881 4.400000 -7.503782
v 6.844800 4.400000 -7.523842
v 6.822727 4.400000 -7.544963
v 6.801796 4.400000 -7.567086
v 6.782037 4.400000 -7.590164
v 6.763476 4.400000 -7.614150
v 6.746144 4.400000 -7.638993
v 6.730069 4.400000 -7.664649
v 6.715281 4.400000 -7.691061
v 6.701805 4.400000 -7.718191
v 6.689671 4.400000 -7.745987
v 6.678907 4.400000 -7.774400
v 6.669542 4.400000 -7.803382
v 6.661606 4.400000 -7.832881
v 6.655150 4.400000 -7.862741
v 6.650202 4.400000 -7.892796
v 6.646760 4.400000 -7.922983
v 6.644819 4.400000 -7.953247
v 6.644374 4.400000 -7.983536
v 6.645424 4.400000 -8.013791
v 6.647965 4.400000 -8.043957
v 6.651998 4.400000 -8.073978
v 6.657515 4.400000 -8.103799
v 6.664513 4.400000 -8.133363
v 6.672987 4.400000 -8.162616
v 6.682938 4.400000 -8.191501
v 6.816836 4.400000 -8.591091
v 6.928184 4.400000 -8.995887
v 7.016957 4.400000 -9.404954
v 7.083139 4.400000 -9.817352
v 7.126706 4.400000 -10.232149
v 7.147635 4.400000 -10.648403
v 7.145907 4.400000 -11.065181
v 7.121499 4.400000 -11.481544
v 7.074389 4.400000 -11.896555
v 7.004556 4.400000 -12.309278
v 6.911976 4.400000 -12.718774
v 6.796633 4.400000 -13.124107
v 6.659186 4.400000 -13.522492
v 6.500690 4.400000 -13.911256
v 6.321698 4.400000 -14.289645
v 6.122764 4.400000 -14.656903
v 5.904442 4.400000 -15.012275
v 5.667288 4.400000 -15.355005
v 5.411854 4.400000 -15.684337
v 5.138691 4.400000 -15.999513
v 4.848359 4.400000 -16.299778
v 4.541411 4.400000 -16.584379
v 4.218396 4.400000 -16.852558
v 3.879874 4.400000 -17.103559
v 3.528069 4.400000 -17.335577
v 3.165441 4.400000 -17.547138
v 2.792890 4.400000 -17.737982
v 2.411314 4.400000 -17.907845
v 2.021618 4.400000 -18.056465
v 1.624698 4.400000 -18.183584
v 1.221455 4.400000 -18.288939
v 0.812788 4.400000 -18.372265
v 0.399598 4.400000 -18.433306
v -0.017215 4.400000 -18.471796
v -0.436751 4.400000 -18.487476
v -0.858107 4.400000 -18.480087
v -1.278424 4.400000 -18.449556
v -1.694849 4.400000 -18.396212
v -2.106509 4.400000 -18.320391
v -2.512534 4.400000 -18.222441
v -2.912048 4.400000 -18.102699
v -3.304179 4.400000 -17.961510
v -3.688056 4.400000 -17.799212
v -4.062806 4.400000 -17.616152
v -4.427554 4.400000 -17.412663
v -4.781431 4.400000 -17.189091
v -5.123561 4.400000 -16.945776
v -5.453070 4.400000 -16.683062
v -5.768508 4.400000 -16.401550
v -6.066833 4.400000 -16.104240
v -6.347554 4.400000 -15.791941
v -6.610183 4.400000 -15.465463
v -6.854234 4.400000 -15.125618
v -7.079225 4.400000 -14.773215
v -7.284663 4.400000 -14.409070
v -7.470059 4.400000 -14.033990
v -7.634932 4.400000 -13.648787
v -7.778792 4.400000 -13.254272
v -7.901148 4.400000 -12.851255
v -8.001529 4.400000 -12.440553
v -8.079103 4.400000 -12.024940
v -8.133475 4.400000 -11.607284
v -8.164752 4.400000 -11.188523
v -8.173047 4.400000 -10.769601
v -8.158467 4.400000 -10.351455
v -8.121124 4.400000 -9.935025
v -8.061129 4.400000 -9.521251
v -7.978590 4.400000 -9.111073
v -7.873615 4.400000 -8.705428
v -7.746321 4.400000 -8.305259
v -7.596814 4.400000 -7.911505
v -7.425208 4.400000 -7.525105
v -7.412533 4.400000 -7.497275
v -7.401295 4.400000 -7.468936
v -7.391506 4.400000 -7.440143
v -7.383173 4.400000 -7.410950
v -7.376306 4.400000 -7.381417
v -7.370913 4.400000 -7.351597
v -7.367000 4.400000 -7.321548
v -7.364579 4.400000 -7.291325
v -7.363658 4.400000 -7.260982
v -7.364247 4.400000 -7.230575
v -7.366350 4.400000 -7.200159
v -7.369981 4.400000 -7.169793
v -7.375124 4.400000 -7.139647
v -7.381743 4.400000 -7.109886
v -7.389815 4.400000 -7.080564
v -7.399315 4.400000 -7.051733
v -7.410219 4.400000 -7.023442
v -7.422502 4.400000 -6.995739
v -7.436143 4.400000 -6.968680
v -7.451115 4.400000 -6.942314
v -7.467395 4.400000 -6.916690
v -7.484959 4.400000 -6.891863
v -7.503782 4.400000 -6.867881
v -7.523842 4.400000 -6.844800
v -7.544963 4.400000 -6.822727
v -7.567086 4.400000 -6.801796
v -7.590164 4.400000 -6.782037
v -7.614150 4.400000 -6.763476
v -7.638993 4.400000 -6.746144
v -7.664649 4.400000 -6.730069
v -7.691061 4.400000 -6.715281
v -7.718191 4.400000 -6.701805
v -7.745987 4.400000 -6.689671
v -7.774400 4.400000 -6.678907
v -7.803382 4.400000 -6.669542
v -7.832881 4.400000 -6.661606
v -7.862741 4.400000 -6.655150
v -7.892796 4.400000 -6.650202
v -7.922983 4.400000 -6.646760
v -7.953247 4.400000 -6.644819
v -7.983536 4.400000 -6.644374
v -8.013791 4.400000 -6.645424
v -8.043957 4.400000 -6.647965
v -8.073978 4.400000 -6.651998
v -8.103799 4.400000 -6.657515
v -8.133363 4.400000 -6.664513
v -8.162616 4.400000 -6.672987
v -8.191501 4.400000 -6.682938
v -8.591091 4.400000 -6.816836
v -8.995887 4.400000 -6.928184
v -9.404954 4.400000 -7.016957
v -9.817352 4.400000 -7.083139
v -10.232149 4.400000 -7.126706
v -10.648403 4.400000 -7.147635
v -11.065181 4.400000 -7.145907
v -11.481544 4.400000 -7.121499
v -11.896555 4.400000 -7.074389
v -12.309278 4.400000 -7.004556
v -12.718774 4.400000 -6.911976
v -13.124107 4.400000 -6.796633
v -13.522492 4.400000 -6.659186
v -13.911256 4.400000 -6.500690
v -14.289645 4.400000 -6.321698
v -14.656903 4.400000 -6.122764
v -15.012275 4.400000 -5.904442
v -15.355005 4.400000 -5.667288
v -15.684337 4.400000 -5.411854
v -15.999513 4.400000 -5.138691
v -16.299778 4.400000 -4.848359
v -16.584379 4.400000 -4.541411
v -16.852558 4.400000 -4.218396
v -17.103559 4.400000 -3.879874
v -17.335577 4.400000 -3.528069
v -17.547138 4.400000 -3.165441
v -17.737982 4.400000 -2.792890
v -17.907845 4.400000 -2.411314
v -18.056465 4.400000 -2.021618
v -18.183584 4.400000 -1.624698
v -18.288939 4.400000 -1.221455
v -18.372265 4.400000 -0.812788
v -18.433306 4.400000 -0.399598
v -18.471796 4.400000 0.017215
v -18.487476 4.400000 0.436751
v -18.480087 4.400000 0.858107
v -18.449556 4.400000 1.278424
v -18.396212 4.400000 1.694849
v -18.320391 4.400000 2.106509
v -18.222441 4.400000 2.512534
v -18.102699 4.400000 2.912048
v -17.961510 4.400000 3.304179
v -17.799212 4.400000 3.688056
v -17.616152 4.400000 4.062806
v -17.412663 4.400000 4.427554
v -17.189091 4.400000 4.781431
v -16.945776 4.400000 5.123561
v -16.683062 4.400000 5.453070
v -16.401550 4.400000 5.768508
v -16.104240 4.400000 6.066833
v -15.791941 4.400000 6.347554
v -15.465463 4.400000 6.610183
v -15.125618 4.400000 6.854234
v -14.773215 4.400000 7.079225
v -14.409070 4.400000 7.284663
v -14.033990 4.400000 7.470059
v -13.648787 4.400000 7.634932
v -13.254272 4.400000 7.778792
v -12.851255 4.400000 7.901148
v -12.440553 4.400000 8.001529
v -12.024940 4.400000 8.079103
v -11.607284 4.400000 8.133475
v -11.188523 4.400000 8.164752
v -10.769601 4.400000 8.173047
v -10.351455 4.400000 8.158467
v -9.935025 4.400000 8.121124
v -9.521251 4.400000 8.061129
v -9.111073 4.400000 7.978590
v -8.705428 4.400000 7.873615
v -8.305259 4.400000 7.746321
v -7.911505 4.400000 7.596814
v -7.525105 4.400000 7.425208
v -7.497275 4.400000 7.412533
v -7.468936 4.400000 7.401295
v -7.440143 4.400000 7.391506
v -7.410950 4.400000 7.383173
v -7.381417 4.400000 7.376306
v -7.351597 4.400000 7.370913
v -7.321548 4.400000 7.367000
v -7.291325 4.400000 7.364579
v -7.260982 4.400000 7.363658
v -7.230575 4.400000 7.364247
v -7.200159 4.400000 7.366350
v -7.169793 4.400000 7.369981
v -7.139647 4.400000 7.375124
v -7.109886 4.400000 7.381743
v -7.080564 4.400000 7.389815
v -7.051733 4.400000 7.399315
v -7.023442 4.400000 7.410219
v -6.995739 4.400000 7.422502
v -6.968680 4.400000 7.436143
v -6.942314 4.400000 7.451115
v -6.916690 4.400000 7.467395
v -6.891863 4.400000 7.484959
v -6.867881 4.400000 7.503782
v -6.844800 4.400000 7.523842
v -6.822727 4.400000 7.544963
v -6.801796 4.400000 7.567086
v -6.782037 4.400000 7.590164
v -6.763476 4.400000 7.614150
v -6.746144 4.400000 7.638993
v -6.730069 4.400000 7.664649
v -6.715281 4.400000 7.691061
v -6.701805 4.400000 7.718191
v -6.689671 4.400000 7.745987
v -6.678907 4.400000 7.774400
v -6.669542 4.400000 7.803382
v -6.661606 4.400000 7.832881
v -6.655150 4.400000 7.862741
v -6.650202 4.400000 7.892796
v -6.646760 4.400000 7.922983
v -6.644819 4.400000 7.953247
v -6.644374 4.400000 7.983536
v -6.645424 4.400000 8.013791
v -6.647965 4.400000 8.043957
v -6.651998 4.400000 8.073978
v -6.657515 4.400000 8.103799
v -6.664513 4.400000 8.133363
v -6.672987 4.400000 8.162616
v -6.682938 4.400000 8.191501
v -6.816836 4.400000 8.591091
v -6.928184 4.400000 8.995887
v -7.016957 4.400000 9.404954
v -7.083139 4.400000 9.817352
v -7.126706 4.400000 10.232149
v -7.147635 4.400000 10.648403
v -7.145907 4.400000 11.065181
v -7.121499 4.400000 11.481544
v -7.074389 4.400000 11.896555
v -7.004556 4.400000 12.309278
v -6.911976 4.400000 12.718774
v -6.796633 4.400000 13.124107
v -6.659186 4.400000 13.522492
v -6.500690 4.400000 13.911256
v -6.321698 4.400000 14.289645
v -6.122764 4.400000 14.656903
v -5.904442 4.400000 15.012275
v -5.667288 4.400000 15.355005
v -5.411854 4.400000 15.684337
v -5.138691 4.400000 15.999513
v -4.848359 4.400000 16.299778
v -4.541411 4.400000 16.584379
v -4.218396 4.400000 16.852558
v -3.879874 4.400000 17.103559
v -3.528069 4.400000 17.335577
v -3.165441 4.400000 17.547138
v -2.792890 4.400000 17.737982
v -2.411314 4.400000 17.907845
v -2.021618 4.400000 18.056465
v -1.624698 4.400000 18.183584
v -1.221455 4.400000 18.288939
v -0.812788 4.400000 18.372265
v -0.399598 4.400000 18.433306
v 0.017215 4.400000 18.471796
v 0.436751 4.400000 18.487476
v 0.858107 4.400000 18.480087
v 1.278424 4.400000 18.449556
v 1.694849 4.400000 18.396212
v 2.106509 4.400000 18.320391
v 2.512534 4.400000 18.222441
v 2.912048 4.400000 18.102699
v 3.304179 4.400000 17.961510
v 3.688056 4.400000 17.799212
v 4.062806 4.400000 17.616152
v 4.427554 4.400000 17.412663
v 4.781431 4.400000 17.189091
v 5.123561 4.400000 16.945776
v 5.453070 4.400000 16.683062
v 5.768508 4.400000 16.401550
v 6.066833 4.400000 16.104240
v 6.347554 4.400000 15.791941
v 6.610183 4.400000 15.465463
v 6.854234 4.400000 15.125618
v 7.079225 4.400000 14.773215
v 7.284663 4.400000 14.409070
v 7.470059 4.400000 14.033990
v 7.634932 4.400000 13.648787
v 7.778792 4.400000 13.254272
v 7.901148 4.400000 12.851255
v 8.001529 4.400000 12.440553
v 8.079103 4.400000 12.024940
v 8.133475 4.400000 11.607284
v 8.164752 4.400000 11.188523
v 8.173047 4.400000 10.769601
v 8.158467 4.400000 10.351455
v 8.121124 4.400000 9.935025
v 8.061129 4.400000 9.521251
v 7.978590 4.400000 9.111073
v 7.873615 4.400000 8.705428
v 7.746321 4.400000 8.305259
v 7.596814 4.400000 7.911505
v 7.425208 4.400000 7.525105
v 7.412533 4.400000 7.497275
v 7.401295 4.400000 7.468936
v 7.391506 4.400000 7.440143
v 7.383173 4.400000 7.410950
v 7.376306 4.400000 7.381417
v 7.370913 4.400000 7.351597
v 7.367000 4.400000 7.321548
v 7.364579 4.400000 7.291325
v 7.363658 4.400000 7.260982
v 7.364247 4.400000 7.230575
v 7.366350 4.400000 7.200159
v 7.369981 4.400000 7.169793
v 7.375124 4.400000 7.139647
v 7.381743 4.400000 7.109886
v 7.389815 4.400000 7.080564
v 7.399315 4.400000 7.051733
v 7.410219 4.400000 7.023442
v 7.422502 4.400000 6.995739
v 7.436143 4.400000 6.968680
v 7.451115 4.400000 6.942314
v 7.467395 4.400000 6.916690
v 7.484959 4.400000 6.891863
v 7.503782 4.400000 6.867881
v 7.523842 4.400000 6.844800
v 7.544963 4.400000 6.822727
v 7.567086 4.400000 6.801796
v 7.590164 4.400000 6.782037
v 7.614150 4.400000 6.763476
v 7.638993 4.400000 6.746144
v 7.664649 4.400000 6.730069
v 7.691061 4.400000 6.715281
v 7.718191 4.400000 6.701805
v 7.745987 4.400000 6.689671
v 7.774400 4.400000 6.678907
v 7.803382 4.400000 6.669542
v 7.832881 4.400000 6.661606
v 7.862741 4.400000 6.655150
v 7.892796 4.400000 6.650202
v 7.922983 4.400000 6.646760
v 7.953247 4.400000 6.644819
v 7.983536 4.400000 6.644374
v 8.013791 4.400000 6.645424
v 8.043957 4.400000 6.647965
v 8.073978 4.400000 6.651998
v 8.103799 4.400000 6.657515
v 8.133363 4.400000 6.664513
v 8.162616 4.400000 6.672987
v 8.191501 4.400000 6.682938
v 8.591091 4.400000 6.816836
v 8.995887 4.400000 6.928184
v 9.404954 4.400000 7.016957
v 9.817352 4.400000 7.083139
v 10.232149 4.400000 7.126706
v 10.648403 4.400000 7.147635
v 11.065181 4.400000 7.145907
v 11.481544 4.400000 7.121499
v 11.896555 4.400000 7.074389
v 12.309278 4.400000 7.004556
v 12.718774 4.400000 6.911976
v 13.124107 4.400000 6.796633
v 13.522492 4.400000 6.659186
v 13.911256 4.400000 6.500690
v 14.289645 4.400000 6.321698
v 14.656903 4.400000 6.122764
v 15.012275 4.400000 5.904442
v 15.355005 4.400000 5.667288
v 15.684337 4.400000 5.411854
v 15.999513 4.400000 5.138691
v 16.299778 4.400000 4.848359
v 16.584379 4.400000 4.541411
v 16.852558 4.400000 4.218396
v 17.103559 4.400000 3.879874
v 17.335577 4.400000 3.528069
v 17.547138 4.400000 3.165441
v 17.737982 4.400000 2.792890
v 17.907845 4.400000 2.411314
v 18.056465 4.400000 2.021618
v 18.183584 4.400000 1.624698
v 18.288939 4.400000 1.221455
v 18.372265 4.400000 0.812788
v 18.433306 4.400000 0.399598
v 18.471796 4.400000 -0.017215
v 18.487476 4.400000 -0.436751
v 18.480087 4.400000 -0.858107
v 18.449556 4.400000 -1.278424
v 18.396212 4.400000 -1.694849
v 18.320391 4.400000 -2.106509
v 18.222441 4.400000 -2.512534
v 18.102699 4.400000 -2.912048
v 17.961510 4.400000 -3.304179
v 17.799212 4.400000 -3.688056
v 17.616152 4.400000 -4.062806
v 17.412663 4.400000 -4.427554
v 17.189091 4.400000 -4.781431
v 16.945776 4.400000 -5.123561
v 16.683062 6.600000 -5.453070
v 16.401550 6.600000 -5.768508
v 16.104240 6.600000 -6.066833
v 15.791941 6.600000 -6.347554
v 15.465463 6.600000 -6.610183
v 15.125618 6.600000 -6.854234
v 14.773215 6.600000 -7.079225
v 14.409070 6.600000 -7.284663
v 14.033990 6.600000 -7.470059
v 13.648787 6.600000 -7.634932
v 13.254272 6.600000 -7.778792
v 12.851255 6.600000 -7.901148
v 12.440553 6.600000 -8.001529
v 12.024940 6.600000 -8.079103
v 11.607284 6.600000 -8.133475
v 11.188523 6.600000 -8.164752
v 10.769601 6.600000 -8.173047
v 10.351455 6.600000 -8.158467
v 9.935025 6.600000 -8.121124
v 9.521251 6.600000 -8.061129
v 9.111073 6.600000 -7.978590
v 8.705428 6.600000 -7.873615
v 8.305259 6.600000 -7.746321
v 7.911505 6.600000 -7.596814
v 7.525105 6.600000 -7.425208
v 7.497275 6.600000 -7.412533
v 7.468936 6.600000 -7.401295
v 7.440143 6.600000 -7.391506
v 7.410950 6.600000 -7.383173
v 7.381417 6.600000 -7.376306
v 7.351597 6.600000 -7.370913
v 7.321548 6.600000 -7.367000
v 7.291325 6.600000 -7.364579
v 7.260982 6.600000 -7.363658
v 7.230575 6.600000 -7.364247
v 7.200159 6.600000 -7.366350
v 7.169793 6.600000 -7.369981
v 7.139647 6.600000 -7.375124
v 7.109886 6.600000 -7.381743
v 7.080564 6.600000 -7.389815
v 7.051733 6.600000 -7.399315
v 7.023442 6.600000 -7.410219
v 6.995739 6.600000 -7.422502
v 6.968680 6.600000 -7.436143
v 6.942314 6.600000 -7.451115
v 6.916690 6.600000 -7.467395
v 6.891863 6.600000 -7.484959
v 6.867881 6.600000 -7.503782
v 6.844800 6.600000 -7.523842
v 6.822727 6.600000 -7.544963
v 6.801796 6.600000 -7.567086
v 6.782037 6.600000 -7.590164
v 6.763476 6.600000 -7.614150
v 6.746144 6.600000 -7.638993
v 6.730069 6.600000 -7.664649
v 6.715281 6.600000 -7.691061
v 6.701805 6.600000 -7.718191
v 6.689671 6.600000 -7.745987
v 6.678907 6.600000 -7.774400
v 6.669542 6.600000 -7.803382
v 6.661606 6.600000 -7.832881
v 6.655150 6.600000 -7.862741
v 6.650202 6.600000 -7.892796
v 6.646760 6.600000 -7.922983
v 6.644819 6.600000 -7.953247
v 6.644374 6.600000 -7.983536
v 6.645424 6.600000 -8.013791
v 6.647965 6.600000 -8.043957
v 6.651998 6.600000 -8.073978
v 6.657515 6.600000 -8.103799
v 6.664513 6.600000 -8.133363
v 6.672987 6.600000 -8.162616
v 6.682938 6.600000 -8.191501
v 6.816836 6.600000 -8.591091
v 6.928184 6.600000 -8.995887
v 7.016957 6.600000 -9.404954
v 7.083139 6.600000 -9.817352
v 7.126706 6.600000 -10.232149
v 7.147635 6.600000 -10.648403
v 7.145907 6.600000 -11.065181
v 7.121499 6.600000 -11.481544
v 7.074389 6.600000 -11.896555
v 7.004556 6.600000 -12.309278
v 6.911976 6.600000 -12.718774
v 6.796633 6.600000 -13.124107
v 6.659186 6.600000 -13.522492
v 6.500690 6.600000 -13.911256
v 6.321698 6.600000 -14.289645
v 6.122764 6.600000 -14.656903
v 5.904442 6.600000 -15.012275
v 5.667288 6.600000 -15.355005
v 5.411854 6.600000 -15.684337
v 5.138691 6.600000 -15.999513
v 4.848359 6.600000 -16.299778
v 4.541411 6.600000 -16.584379
v 4.218396 6.600000 -16.852558
v 3.879874 6.600000 -17.103559
v 3.528069 6.600000 -17.335577
v 3.165441 6.600000 -17.547138
v 2.792890 6.600000 -17.737982
v 2.411314 6.600000 -17.907845
v 2.021618 6.600000 -18.056465
v 1.624698 6.600000 -18.183584
v 1.221455 6.600000 -18.288939
v 0.812788 6.600000 -18.372265
v 0.399598 6.600000 -18.433306
v -0.017215 6.600000 -18.471796
v -0.436751 6.600000 -18.487476
v -0.858107 6.600000 -18.480087
v -1.278424 6.600000 -18.449556
v -1.694849 6.600000 -18.396212
v -2.106509 6.600000 -18.320391
v -2.512534 6.600000 -18.222441
v -2.912048 6.600000 -18.102699
v -3.304179 6.600000 -17.961510
v -3.688056 6.600000 -17.799212
v -4.062806 6.600000 -17.616152
v -4.427554 6.600000 -17.412663
v -4.781431 6.600000 -17.189091
v -5.123561 6.600000 -16.945776
v -5.453070 6.600000 -16.683062
v -5.768508 6.600000 -16.401550
v -6.066833 6.600000 -16.104240
v -6.347554 6.600000 -15.791941
v -6.610183 6.600000 -15.465463
v -6.854234 6.600000 -15.125618
v -7.079225 6.600000 -14.773215
v -7.284663 6.600000 -14.409070
v -7.470059 6.600000 -14.033990
v -7.634932 6.600000 -13.648787
v -7.778792 6.600000 -13.254272
v -7.901148 6.600000 -12.851255
v -8.001529 6.600000 -12.440553
v -8.079103 6.600000 -12.024940
v -8.133475 6.600000 -11.607284
v -8.164752 6.600000 -11.188523
v -8.173047 6.600000 -10.769601
v -8.158467 6.600000 -10.351455
v -8.121124 6.600000 -9.935025
v -8.061129 6.600000 -9.521251
v -7.978590 6.600000 -9.111073
v -7.873615 6.600000 -8.705428
v -7.746321 6.600000 -8.305259
v -7.596814 6.600000 -7.911505
v -7.425208 6.600000 -7.525105
v -7.412533 6.600000 -7.497275
v -7.401295 6.600000 -7.468936
v -7.391506 6.600000 -7.440143
v -7.383173 6.600000 -7.410950
v -7.376306 6.600000 -7.381417
v -7.370913 6.600000 -7.351597
v -7.367000 6.600000 -7.321548
v -7.364579 6.600000 -7.291325
v -7.363658 6.600000 -7.260982
v -7.364247 6.600000 -7.230575
v -7.366350 6.600000 -7.200159
v -7.369981 6.600000 -7.169793
v -7.375124 6.600000 -7.139647
v -7.381743 6.600000 -7.109886
v -7.389815 6.600000 -7.080564
v -7.399315 6.600000 -7.051733
v -7.410219 6.600000 -7.023442
v -7.422502 6.600000 -6.995739
v -7.436143 6.600000 -6.968680
v -7.451115 6.600000 -6.942314
v -7.467395 6.600000 -6.916690
v -7.484959 6.600000 -6.891863
v -7.503782 6.600000 -6.867881
v -7.523842 6.600000 -6.844800
v -7.544963 6.600000 -6.822727
v -7.567086 6.600000 -6.801796
v -7.590164 6.600000 -6.782037
v -7.614150 6.600000 -6.763476
v -7.638993 6.600000 -6.746144
v -7.664649 6.600000 -6.730069
v -7.691061 6.600000 -6.715281
v -7.718191 6.600000 -6.701805
v -7.745987 6.600000 -6.689671
v -7.774400 6.600000 -6.678907
v -7.803382 6.600000 -6.669542
v -7.832881 6.600000 -6.661606
v -7.862741 6.600000 -6.655150
v -7.892796 6.600000 -6.650202
v -7.922983 6.600000 -6.646760
v -7.953247 6.600000 -6.644819
v -7.983536 6.600000 -6.644374
v -8.013791 6.600000 -6.645424
v -8.043957 6.600000 -6.647965
v -8.073978 6.600000 -6.651998
v -8.103799 6.600000 -6.657515
v -8.133363 6.600000 -6.664513
v -8.162616 6.600000 -6.672987
v -8.191501 6.600000 -6.682938
v -8.591091 6.600000 -6.816836
v -8.995887 6.600000 -6.928184
v -9.404954 6.600000 -7.016957
v -9.817352 6.600000 -7.083139
v -10.232149 6.600000 -7.126706
v -10.648403 6.600000 -7.147635
v -11.065181 6.600000 -7.145907
v -11.481544 6.600000 -7.121499
v -11.896555 6.600000 -7.074389
v -12.309278 6.600000 -7.004556
v -12.718774 6.600000 -6.911976
v -13.124107 6.600000 -6.796633
v -13.522492 6.600000 -6.659186
v -13.911256 6.600000 -6.500690
v -14.289645 6.600000 -6.321698
v -14.656903 6.600000 -6.122764
v -15.012275 6.600000 -5.904442
v -15.355005 6.600000 -5.667288
v -15.684337 6.600000 -5.411854
v -15.999513 6.600000 -5.138691
v -16.299778 6.600000 -4.848359
v -16.584379 6.600000 -4.541411
v -16.852558 6.600000 -4.218396
v -17.103559 6.600000 -3.879874
v -17.335577 6.600000 -3.528069
v -17.547138 6.600000 -3.165441
v -17.737982 6.600000 -2.792890
v -17.907845 6.600000 -2.411314
v -18.056465 6.600000 -2.021618
v -18.183584 6.600000 -1.624698
v -18.288939 6.600000 -1.221455
v -18.372265 6.600000 -0.812788
v -18.433306 6.600000 -0.399598
v -18.471796 6.600000 0.017215
v -18.487476 6.600000 0.436751
v -18.480087 6.600000 0.858107
v -18.449556 6.600000 1.278424
v -18.396212 6.600000 1.694849
v -18.320391 6.600000 2.106509
v -18.222441 6.600000 2.512534
v -18.102699 6.600000 2.912048
v -17.961510 6.600000 3.304179
v -17.799212 6.600000 3.688056
v -17.616152 6.600000 4.062806
v -17.412663 6.600000 4.427554
v -17.189091 6.600000 4.781431
v -16.945776 6.600000 5.123561
v -16.683062 6.600000 5.453070
v -16.401550 6.600000 5.768508
v -16.104240 6.600000 6.066833
v -15.791941 6.600000 6.347554
v -15.465463 6.600000 6.610183
v -15.125618 6.600000 6.854234
v -14.773215 6.600000 7.079225
v -14.409070 6.600000 7.284663
v -14.033990 6.600000 7.470059
v -13.648787 6.600000 7.634932
v -13.254272 6.600000 7.778792
v -12.851255 6.600000 7.901148
v -12.440553 6.600000 8.001529
v -12.024940 6.600000 8.079103
v -11.607284 6.600000 8.133475
v -11.188523 6.600000 8.164752
v -10.769601 6.600000 8.173047
v -10.351455 6.600000 8.158467
v -9.935025 6.600000 8.121124
v -9.521251 6.600000 8.061129
v -9.111073 6.600000 7.978590
v -8.705428 6.600000 7.873615
v -8.305259 6.600000 7.746321
v -7.911505 6.600000 7.596814
v -7.525105 6.600000 7.425208
v -7.497275 6.600000 7.412533
v -7.468936 6.600000 7.401295
v -7.440143 6.600000 7.391506
v -7.410950 6.600000 7.383173
v -7.381417 6.600000 7.376306
v -7.351597 6.600000 7.370913
v -7.321548 6.600000 7.367000
v -7.291325 6.600000 7.364579
v -7.260982 6.600000 7.363658
v -7.230575 6.600000 7.364247
v -7.200159 6.600000 7.366350
v -7.169793 6.600000 7.369981
v -7.139647 6.600000 7.375124
v -7.109886 6.600000 7.381743
v -7.080564 6.600000 7.389815
v -7.051733 6.600000 7.399315
v -7.023442 6.600000 7.410219
v -6.995739 6.600000 7.422502
v -6.968680 6.600000 7.436143
v -6.942314 6.600000 7.451115
v -6.916690 6.600000 7.467395
v -6.891863 6.600000 7.484959
v -6.867881 6.600000 7.503782
v -6.844800 6.600000 7.523842
v -6.822727 6.600000 7.544963
v -6.801796 6.600000 7.567086
v -6.782037 6.600000 7.590164
v -6.763476 6.600000 7.614150
v -6.746144 6.600000 7.638993
v -6.730069 6.600000 7.664649
v -6.715281 6.600000 7.691061
v -6.701805 6.600000 7.718191
v -6.689671 6.600000 7.745987
v -6.678907 6.600000 7.774400
v -6.669542 6.600000 7.803382
v -6.661606 6.600000 7.832881
v -6.655150 6.600000 7.862741
v -6.650202 6.600000 7.892796
v -6.646760 6.600000 7.922983
v -6.644819 6.600000 7.953247
v -6.644374 6.600000 7.983536
v -6.645424 6.600000 8.013791
v -6.647965 6.600000 8.043957
v -6.651998 6.600000 8.073978
v -6.657515 6.600000 8.103799
v -6.664513 6.600000 8.133363
v -6.672987 6.600000 8.162616
v -6.682938 6.600000 8.191501
v -6.816836 6.600000 8.591091
v -6.928184 6.600000 8.995887
v -7.016957 6.600000 9.404954
v -7.083139 6.600000 9.817352
v -7.126706 6.600000 10.232149
v -7.147635 6.600000 10.648403
v -7.145907 6.600000 11.065181
v -7.121499 6.600000 11.481544
v -7.074389 6.600000 11.896555
v -7.004556 6.600000 12.309278
v -6.911976 6.600000 12.718774
v -6.796633 6.600000 13.124107
v -6.659186 6.600000 13.522492
v -6.500690 6.600000 13.911256
v -6.321698 6.600000 14.289645
v -6.122764 6.600000 14.656903
v -5.904442 6.600000 15.012275
v -5.667288 6.600000 15.355005
v -5.411854 6.600000 15.684337
v -5.138691 6.600000 15.999513
v -4.848359 6.600000 16.299778
v -4.541411 6.600000 16.584379
v -4.218396 6.600000 16.852558
v -3.879874 6.600000 17.103559
v -3.528069 6.600000 17.335577
v -3.165441 6.600000 17.547138
v -2.792890 6.600000 17.737982
v -2.411314 6.600000 17.907845
v -2.021618 6.600000 18.056465
v -1.624698 6.600000 18.183584
v -1.221455 6.600000 18.288939
v -0.812788 6.600000 18.372265
v -0.399598 6.600000 18.433306
v 0.017215 6.600000 18.471796
v 0.436751 6.600000 18.487476
v 0.858107 6.600000 18.480087
v 1.278424 6.600000 18.449556
v 1.694849 6.600000 18.396212
v 2.106509 6.600000 18.320391
v 2.512534 6.600000 18.222441
v 2.912048 6.600000 18.102699
v 3.304179 6.600000 17.961510
v 3.688056 6.600000 17.799212
v 4.062806 6.600000 17.616152
v 4.427554 6.600000 17.412663
v 4.781431 6.600000 17.189091
v 5.123561 6.600000 16.945776
v 5.453070 6.600000 16.683062
v 5.768508 6.600000 16.401550
v 6.066833 6.600000 16.104240
v 6.347554 6.600000 15.791941
v 6.610183 6.600000 15.465463
v 6.854234 6.600000 15.125618
v 7.079225 6.600000 14.773215
v 7.284663 6.600000 14.409070
v 7.470059 6.600000 14.033990
v 7.634932 6.600000 13.648787
v 7.778792 6.600000 13.254272
v 7.901148 6.600000 12.851255
v 8.001529 6.600000 12.440553
v 8.079103 6.600000 12.024940
v 8.133475 6.600000 11.607284
v 8.164752 6.600000 11.188523
v 8.173047 6.600000 10.769601
v 8.158467 6.600000 10.351455
v 8.121124 6.600000 9.935025
v 8.061129 6.600000 9.521251
v 7.978590 6.600000 9.111073
v 7.873615 6.600000 8.705428
v 7.746321 6.600000 8.305259
v 7.596814 6.600000 7.911505
v 7.425208 6.600000 7.525105
v 7.412533 6.600000 7.497275
v 7.401295 6.600000 7.468936
v 7.391506 6.600000 7.440143
v 7.383173 6.600000 7.410950
v 7.376306 6.600000 7.381417
v 7.370913 6.600000 7.351597
v 7.367000 6.600000 7.321548
v 7.364579 6.600000 7.291325
v 7.363658 6.600000 7.260982
v 7.364247 6.600000 7.230575
v 7.366350 6.600000 7.200159
v 7.369981 6.600000 7.169793
v 7.375124 6.600000 7.139647
v 7.381743 6.600000 7.109886
v 7.389815 6.600000 7.080564
v 7.399315 6.600000 7.051733
v 7.410219 6.600000 7.023442
v 7.422502 6.600000 6.995739
v 7.436143 6.600000 6.968680
v 7.451115 6.600000 6.942314
v 7.467395 6.600000 6.916690
v 7.484959 6.600000 6.891863
v 7.503782 6.600000 6.867881
v 7.523842 6.600000 6.844800
v 7.544963 6.600000 6.822727
v 7.567086 6.600000 6.801796
v 7.590164 6.600000 6.782037
v 7.614150 6.600000 6.763476
v 7.638993 6.600000 6.746144
v 7.664649 6.600000 6.730069
v 7.691061 6.600000 6.715281
v 7.718191 6.600000 6.701805
v 7.745987 6.600000 6.689671
v 7.774400 6.600000 6.678907
v 7.803382 6.600000 6.669542
v 7.832881 6.600000 6.661606
v 7.862741 6.600000 6.655150
v 7.892796 6.600000 6.650202
v 7.922983 6.600000 6.646760
v 7.953247 6.600000 6.644819
v 7.983536 6.600000 6.644374
v 8.013791 6.600000 6.645424
v 8.043957 6.600000 6.647965
v 8.073978 6.600000 6.651998
v 8.103799 6.600000 6.657515
v 8.133363 6.600000 6.664513
v 8.162616 6.600000 6.672987
v 8.191501 6.600000 6.682938
v 8.591091 6.600000 6.816836
v 8.995887 6.600000 6.928184
v 9.404954 6.600000 7.016957
v 9.817352 6.600000 7.083139
v 10.232149 6.600000 7.126706
v 10.648403 6.600000 7.147635
v 11.065181 6.600000 7.145907
v 11.481544 6.600000 7.121499
v 11.896555 6.600000 7.074389
v 12.309278 6.600000 7.004556
v 12.718774 6.600000 6.911976
v 13.124107 6.600000 6.796633
v 13.522492 6.600000 6.659186
v 13.911256 6.600000 6.500690
v 14.289645 6.600000 6.321698
v 14.656903 6.600000 6.122764
v 15.012275 6.600000 5.904442
v 15.355005 6.600000 5.667288
v 15.684337 6.600000 5.411854
v 15.999513 6.600000 5.138691
v 16.299778 6.600000 4.848359
v 16.584379 6.600000 4.541411
v 16.852558 6.600000 4.218396
v 17.103559 6.600000 3.879874
v 17.335577 6.600000 3.528069
v 17.547138 6.600000 3.165441
v 17.737982 6.600000 2.792890
v 17.907845 6.600000 2.411314
v 18.056465 6.600000 2.021618
v 18.183584 6.600000 1.624698
v 18.288939 6.600000 1.221455
v 18.372265 6.600000 0.812788
v 18.433306 6.600000 0.399598
v 18.471796 6.600000 -0.017215
v 18.487476 6.600000 -0.436751
v 18.480087 6.600000 -0.858107
v 18.449556 6.600000 -1.278424
v 18.396212 6.600000 -1.694849
v 18.320391 6.600000 -2.106509
v 18.222441 6.600000 -2.512534
v 18.102699 6.600000 -2.912048
v 17.961510 6.600000 -3.304179
v 17.799212 6.600000 -3.688056
v 17.616152 6.600000 -4.062806
v 17.412663 6.600000 -4.427554
v 17.189091 6.600000 -4.781431
v 16.945776 6.600000 -5.123561
v 16.683062 8.800000 -5.453070
v 16.401550 8.800000 -5.768508
v 16.104240 8.800000 -6.066833
v 15.791941 8.800000 -6.347554
v 15.465463 8.800000 -6.610183
v 15.125618 8.800000 -6.854234
v 14.773215 8.800000 -7.079225
v 14.409070 8.800000 -7.284663
v 14.033990 8.800000 -7.470059
v 13.648787 8.800000 -7.634932
v 13.254272 8.800000 -7.778792
v 12.851255 8.800000 -7.901148
v 12.440553 8.800000 -8.001529
v 12.024940 8.800000 -8.079103
v 11.607284 8.800000 -8.133475
v 11.188523 8.800000 -8.164752
v 10.769601 8.800000 -8.173047
v 10.351455 8.800000 -8.158467
v 9.935025 8.800000 -8.121124
v 9.521251 8.800000 -8.061129
v 9.111073 8.800000 -7.978590
v 8.705428 8.800000 -7.873615
v 8.305259 8.800000 -7.746321
v 7.911505 8.800000 -7.596814
v 7.525105 8.800000 -7.425208
v 7.497275 8.800000 -7.412533
v 7.468936 8.800000 -7.401295
v 7.440143 8.800000 -7.391506
v 7.410950 8.800000 -7.383173
v 7.381417 8.800000 -7.376306
v 7.351597 8.800000 -7.370913
v 7.321548 8.800000 -7.367000
v 7.291325 8.800000 -7.364579
v 7.260982 8.800000 -7.363658
v 7.230575 8.800000 -7.364247
v 7.200159 8.800000 -7.366350
v 7.169793 8.800000 -7.369981
v 7.139647 8.800000 -7.375124
v 7.109886 8.800000 -7.381743
v 7.080564 8.800000 -7.389815
v 7.051733 8.800000 -7.399315
v 7.023442 8.800000 -7.410219
v 6.995739 8.800000 -7.422502
v 6.968680 8.800000 -7.436143
v 6.942314 8.800000 -7.451115
v 6.916690 8.800000 -7.467395
v 6.891863 8.800000 -7.484959
v 6.867881 8.800000 -7.503782
v 6.844800 8.800000 -7.523842
v 6.822727 8.800000 -7.544963
v 6.801796 8.800000 -7.567086
v 6.782037 8.800000 -7.590164
v 6.763476 8.800000 -7.614150
v 6.746144 8.800000 -7.638993
v 6.730069 8.800000 -7.664649
v 6.715281 8.800000 -7.691061
v 6.701805 8.800000 -7.718191
v 6.689671 8.800000 -7.745987
v 6.678907 8.800000 -7.774400
v 6.669542 8.800000 -7.803382
v 6.661606 8.800000 -7.832881
v 6.655150 8.800000 -7.862741
v 6.650202 8.800000 -7.892796
v 6.646760 8.800000 -7.922983
v 6.644819 8.800000 -7.953247
v 6.644374 8.800000 -7.983536
v 6.645424 8.800000 -8.013791
v 6.647965 8.800000 -8.043957
v 6.651998 8.800000 -8.073978
v 6.657515 8.800000 -8.103799
v 6.664513 8.800000 -8.133363
v 6.672987 8.800000 -8.162616
v 6.682938 8.800000 -8.191501
v 6.816836 8.800000 -8.591091
v 6.928184 8.800000 -8.995887
v 7.016957 8.800000 -9.404954
v 7.083139 8.800000 -9.817352
v 7.126706 8.800000 -10.232149
v 7.147635 8.800000 -10.648403
v 7.145907 8.800000 -11.065181
v 7.121499 8.800000 -11.481544
v 7.074389 8.800000 -11.896555
v 7.004556 8.800000 -12.309278
v 6.911976 8.800000 -12.718774
v 6.796633 8.800000 -13.124107
v 6.659186 8.800000 -13.522492
v 6.500690 8.800000 -13.911256
v 6.321698 8.800000 -14.289645
v 6.122764 8.800000 -14.656903
v 5.904442 8.800000 -15.012275
v 5.667288 8.800000 -15.355005
v 5.411854 8.800000 -15.684337
v 5.138691 8.800000 -15.999513
v 4.848359 8.800000 -16.299778
v 4.541411 8.800000 -16.584379
v 4.218396 8.800000 -16.852558
v 3.879874 8.800000 -17.103559
v 3.528069 8.800000 -17.335577
v 3.165441 8.800000 -17.547138
v 2.792890 8.800000 -17.737982
v 2.411314 8.800000 -17.907845
v 2.021618 8.800000 -18.056465
v 1.624698 8.800000 -18.183584
v 1.221455 8.800000 -18.288939
v 0.812788 8.800000 -18.372265
v 0.399598 8.800000 -18.433306
v -0.017215 8.800000 -18.471796
v -0.436751 8.800000 -18.487476
v -0.858107 8.800000 -18.480087
v -1.278424 8.800000 -18.449556
v -1.694849 8.800000 -18.396212
v -2.106509 8.800000 -18.320391
v -2.512534 8.800000 -18.222441
v -2.912048 8.800000 -18.102699
v -3.304179 8.800000 -17.961510
v -3.688056 8.800000 -17.799212
v -4.062806 8.800000 -17.616152
v -4.427554 8.800000 -17.412663
v -4.781431 8.800000 -17.189091
v -5.123561 8.800000 -16.945776
v -5.453070 8.800000 -16.683062
v -5.768508 8.800000 -16.401550
v -6.066833 8.800000 -16.104240
v -6.347554 8.800000 -15.791941
v -6.610183 8.800000 -15.465463
v -6.854234 8.800000 -15.125618
v -7.079225 8.800000 -14.773215
v -7.284663 8.800000 -14.409070
v -7.470059 8.800000 -14.033990
v -7.634932 8.800000 -13.648787
v -7.778792 8.800000 -13.254272
v -7.901148 8.800000 -12.851255
v -8.001529 8.800000 -12.440553
v -8.079103 8.800000 -12.024940
v -8.133475 8.800000 -11.607284
v -8.164752 8.800000 -11.188523
v -8.173047 8.800000 -10.769601
v -8.158467 8.800000 -10.351455
v -8.121124 8.800000 -9.935025
v -8.061129 8.800000 -9.521251
v -7.978590 8.800000 -9.111073
v -7.873615 8.800000 -8.705428
v -7.746321 8.800000 -8.305259
v -7.596814 8.800000 -7.911505
v -7.425208 8.800000 -7.525105
v -7.412533 8.800000 -7.497275
v -7.401295 8.800000 -7.468936
v -7.391506 8.800000 -7.440143
v -7.383173 8.800000 -7.410950
v -7.376306 8.800000 -7.381417
v -7.370913 8.800000 -7.351597
v -7.367000 8.800000 -7.321548
v -7.364579 8.800000 -7.291325
v -7.363658 8.800000 -7.260982
v -7.364247 8.800000 -7.230575
v -7.366350 8.800000 -7.200159
v -7.369981 8.800000 -7.169793
v -7.375124 8.800000 -7.139647
v -7.381743 8.800000 -7.109886
v -7.389815 8.800000 -7.080564
v -7.399315 8.800000 -7.051733
v -7.410219 8.800000 -7.023442
v -7.422502 8.800000 -6.995739
v -7.436143 8.800000 -6.968680
v -7.451115 8.800000 -6.942314
v -7.467395 8.800000 -6.916690
v -7.484959 8.800000 -6.891863
v -7.503782 8.800000 -6.867881
v -7.523842 8.800000 -6.844800
v -7.544963 8.800000 -6.822727
v -7.567086 8.800000 -6.801796
v -7.590164 8.800000 -6.782037
v -7.614150 8.800000 -6.763476
v -7.638993 8.800000 -6.746144
v -7.664649 8.800000 -6.730069
v -7.691061 8.800000 -6.715281
v -7.718191 8.800000 -6.701805
v -7.745987 8.800000 -6.689671
v -7.774400 8.800000 -6.678907
v -7.803382 8.800000 -6.669542
v -7.832881 8.800000 -6.661606
v -7.862741 8.800000 -6.655150
v -7.892796 8.800000 -6.650202
v -7.922983 8.800000 -6.646760
v -7.953247 8.800000 -6.644819
v -7.983536 8.800000 -6.644374
v -8.013791 8.800000 -6.645424
v -8.043957 8.800000 -6.647965
v -8.073978 8.800000 -6.651998
v -8.103799 8.800000 -6.657515
v -8.133363 8.800000 -6.664513
v -8.162616 8.800000 -6.672987
v -8.191501 8.800000 -6.682938
v -8.591091 8.800000 -6.816836
v -8.995887 8.800000 -6.928184
v -9.404954 8.800000 -7.016957
v -9.817352 8.800000 -7.083139
v -10.232149 8.800000 -7.126706
v -10.648403 8.800000 -7.147635
v -11.065181 8.800000 -7.145907
v -11.481544 8.800000 -7.121499
v -11.896555 8.800000 -7.074389
v -12.309278 8.800000 -7.004556
v -12.718774 8.800000 -6.911976
v -13.124107 8.800000 -6.796633
v -13.522492 8.800000 -6.659186
v -13.911256 8.800000 -6.500690
v -14.289645 8.800000 -6.321698
v -14.656903 8.800000 -6.122764
v -15.012275 8.800000 -5.904442
v -15.355005 8.800000 -5.667288
v -15.684337 8.800000 -5.411854
v -15.999513 8.800000 -5.138691
v -16.299778 8.800000 -4.848359
v -16.584379 8.800000 -4.541411
v -16.852558 8.800000 -4.218396
v -17.103559 8.800000 -3.879874
v -17.335577 8.800000 -3.528069
v -17.547138 8.800000 -3.165441
v -17.737982 8.800000 -2.792890
v -17.907845 8.800000 -2.411314
v -18.056465 8.800000 -2.021618
v -18.183584 8.800000 -1.624698
v -18.288939 8.800000 -1.221455
v -18.372265 8.800000 -0.812788
v -18.433306 8.800000 -0.399598
v -18.471796 8.800000 0.017215
v -18.487476 8.800000 0.436751
v -18.480087 8.800000 0.858107
v -18.449556 8.800000 1.278424
v -18.396212 8.800000 1.694849
v -18.320391 8.800000 2.106509
v -18.222441 8.800000 2.512534
v -18.102699 8.800000 2.912048
v -17.961510 8.800000 3.304179
v -17.799212 8.800000 3.688056
v -17.616152 8.800000 4.062806
v -17.412663 8.800000 4.427554
v -17.189091 8.800000 4.781431
v -16.945776 8.800000 5.123561
v -16.683062 8.800000 5.453070
v -16.401550 8.800000 5.768508
v -16.104240 8.800000 6.066833
v -15.791941 8.800000 6.347554
v -15.465463 8.800000 6.610183
v -15.125618 8.800000 6.854234
v -14.773215 8.800000 7.079225
v -14.409070 8.800000 7.284663
v -14.033990 8.800000 7.470059
v -13.648787 8.800000 7.634932
v -13.254272 8.800000 7.778792
v -12.851255 8.800000 7.901148
v -12.440553 8.800000 8.001529
v -12.024940 8.800000 8.079103
v -11.607284 8.800000 8.133475
v -11.188523 8.800000 8.164752
v -10.769601 8.800000 8.173047
v -10.351455 8.800000 8.158467
v -9.935025 8.800000 8.121124
v -9.521251 8.800000 8.061129
v -9.111073 8.800000 7.978590
v -8.705428 8.800000 7.873615
v -8.305259 8.800000 7.746321
v -7.911505 8.800000 7.596814
v -7.525105 8.800000 7.425208
v -7.497275 8.800000 7.412533
v -7.468936 8.800000 7.401295
v -7.440143 8.800000 7.391506
v -7.410950 8.800000 7.383173
v -7.381417 8.800000 7.376306
v -7.351597 8.800000 7.370913
v -7.321548 8.800000 7.367000
v -7.291325 8.800000 7.364579
v -7.260982 8.800000 7.363658
v -7.230575 8.800000 7.364247
v -7.200159 8.800000 7.366350
v -7.169793 8.800000 7.369981
v -7.139647 8.800000 7.375124
v -7.109886 8.800000 7.381743
v -7.080564 8.800000 7.389815
v -7.051733 8.800000 7.399315
v -7.023442 8.800000 7.410219
v -6.995739 8.800000 7.422502
v -6.968680 8.800000 7.436143
v -6.942314 8.800000 7.451115
v -6.916690 8.800000 7.467395
v -6.891863 8.800000 7.484959
v -6.867881 8.800000 7.503782
v -6.844800 8.800000 7.523842
v -6.822727 8.800000 7.544963
v -6.801796 8.800000 7.567086
v -6.782037 8.800000 7.590164
v -6.763476 8.800000 7.614150
v -6.746144 8.800000 7.638993
v -6.730069 8.800000 7.664649
v -6.715281 8.800000 7.691061
v -6.701805 8.800000 7.718191
v -6.689671 8.800000 7.745987
v -6.678907 8.800000 7.774400
v -6.669542 8.800000 7.803382
v -6.661606 8.800000 7.832881
v -6.655150 8.800000 7.862741
v -6.650202 8.800000 7.892796
v -6.646760 8.800000 7.922983
v -6.644819 8.800000 7.953247
v -6.644374 8.800000 7.983536
v -6.645424 8.800000 8.013791
v -6.647965 8.800000 8.043957
v -6.651998 8.800000 8.073978
v -6.657515 8.800000 8.103799
v -6.664513 8.800000 8.133363
v -6.672987 8.800000 8.162616
v -6.682938 8.800000 8.191501
v -6.816836 8.800000 8.591091
v -6.928184 8.800000 8.995887
v -7.016957 8.800000 9.404954
v -7.083139 8.800000 9.817352
v -7.126706 8.800000 10.232149
v -7.147635 8.800000 10.648403
v -7.145907 8.800000 11.065181
v -7.121499 8.800000 11.481544
v -7.074389 8.800000 11.896555
v -7.004556 8.800000 12.309278
v -6.911976 8.800000 12.718774
v -6.796633 8.800000 13.124107
v -6.659186 8.800000 13.522492
v -6.500690 8.800000 13.911256
v -6.321698 8.800000 14.289645
v -6.122764 8.800000 14.656903
v -5.904442 8.800000 15.012275
v -5.667288 8.800000 15.355005
v -5.411854 8.800000 15.684337
v -5.138691 8.800000 15.999513
v -4.848359 8.800000 16.299778
v -4.541411 8.800000 16.584379
v -4.218396 8.800000 16.852558
v -3.879874 8.800000 17.103559
v -3.528069 8.800000 17.335577
v -3.165441 8.800000 17.547138
v -2.792890 8.800000 17.737982
v -2.411314 8.800000 17.907845
v -2.021618 8.800000 18.056465
v -1.624698 8.800000 18.183584
v -1.221455 8.800000 18.288939
v -0.812788 8.800000 18.372265
v -0.399598 8.800000 18.433306
v 0.017215 8.800000 18.471796
v 0.436751 8.800000 18.487476
v 0.858107 8.800000 18.480087
v 1.278424 8.800000 18.449556
v 1.694849 8.800000 18.396212
v 2.106509 8.800000 18.320391
v 2.512534 8.800000 18.222441
v 2.912048 8.800000 18.102699
v 3.304179 8.800000 17.961510
v 3.688056 8.800000 17.799212
v 4.062806 8.800000 17.616152
v 4.427554 8.800000 17.412663
v 4.781431 8.800000 17.189091
v 5.123561 8.800000 16.945776
v 5.453070 8.800000 16.683062
v 5.768508 8.800000 16.401550
v 6.066833 8.800000 16.104240
v 6.347554 8.800000 15.791941
v 6.610183 8.800000 15.465463
v 6.854234 8.800000 15.125618
v 7.079225 8.800000 14.773215
v 7.284663 8.800000 14.409070
v 7.470059 8.800000 14.033990
v 7.634932 8.800000 13.648787
v 7.778792 8.800000 13.254272
v 7.901148 8.800000 12.851255
v 8.001529 8.800000 12.440553
v 8.079103 8.800000 12.024940
v 8.133475 8.800000 11.607284
v 8.164752 8.800000 11.188523
v 8.173047 8.800000 10.769601
v 8.158467 8.800000 10.351455
v 8.121124 8.800000 9.935025
v 8.061129 8.800000 9.521251
v 7.978590 8.800000 9.111073
v 7.873615 8.800000 8.705428
v 7.746321 8.800000 8.305259
v 7.596814 8.800000 7.911505
v 7.425208 8.800000 7.525105
v 7.412533 8.800000 7.497275
v 7.401295 8.800000 7.468936
v 7.391506 8.800000 7.440143
v 7.383173 8.800000 7.410950
v 7.376306 8.800000 7.381417
v 7.370913 8.800000 7.351597
v 7.367000 8.800000 7.321548
v 7.364579 8.800000 7.291325
v 7.363658 8.800000 7.260982
v 7.364247 8.800000 7.230575
v 7.366350 8.800000 7.200159
v 7.369981 8.800000 7.169793
v 7.375124 8.800000 7.139647
v 7.381743 8.800000 7.109886
v 7.389815 8.800000 7.080564
v 7.399315 8.800000 7.051733
v 7.410219 8.800000 7.023442
v 7.422502 8.800000 6.995739
v 7.436143 8.800000 6.968680
v 7.451115 8.800000 6.942314
v 7.467395 8.800000 6.916690
v 7.484959 8.800000 6.891863
v 7.503782 8.800000 6.867881
v 7.523842 8.800000 6.844800
v 7.544963 8.800000 6.822727
v 7.567086 8.800000 6.801796
v 7.590164 8.800000 6.782037
v 7.614150 8.800000 6.763476
v 7.638993 8.800000 6.746144
v 7.664649 8.800000 6.730069
v 7.691061 8.800000 6.715281
v 7.718191 8.800000 6.701805
v 7.745987 8.800000 6.689671
v 7.774400 8.800000 6.678907
v 7.803382 8.800000 6.669542
v 7.832881 8.800000 6.661606
v 7.862741 8.800000 6.655150
v 7.892796 8.800000 6.650202
v 7.922983 8.800000 6.646760
v 7.953247 8.800000 6.644819
v 7.983536 8.800000 6.644374
v 8.013791 8.800000 6.645424
v 8.043957 8.800000 6.647965
v 8.073978 8.800000 6.651998
v 8.103799 8.800000 6.657515
v 8.133363 8.800000 6.664513
v 8.162616 8.800000 6.672987
v 8.191501 8.800000 6.682938
v 8.591091 8.800000 6.816836
v 8.995887 8.800000 6.928184
v 9.404954 8.800000 7.016957
v 9.817352 8.800000 7.083139
v 10.232149 8.800000 7.126706
v 10.648403 8.800000 7.147635
v 11.065181 8.800000 7.145907
v 11.481544 8.800000 7.121499
v 11.896555 8.800000 7.074389
v 12.309278 8.800000 7.004556
v 12.718774 8.800000 6.911976
v 13.124107 8.800000 6.796633
v 13.522492 8.800000 6.659186
v 13.911256 8.800000 6.500690
v 14.289645 8.800000 6.321698
v 14.656903 8.800000 6.122764
v 15.012275 8.800000 5.904442
v 15.355005 8.800000 5.667288
v 15.684337 8.800000 5.411854
v 15.999513 8.800000 5.138691
v 16.299778 8.800000 4.848359
v 16.584379 8.800000 4.541411
v 16.852558 8.800000 4.218396
v 17.103559 8.800000 3.879874
v 17.335577 8.800000 3.528069
v 17.547138 8.800000 3.165441
v 17.737982 8.800000 2.792890
v 17.907845 8.800000 2.411314
v 18.056465 8.800000 2.021618
v 18.183584 8.800000 1.624698
v 18.288939 8.800000 1.221455
v 18.372265 8.800000 0.812788
v 18.433306 8.800000 0.399598
v 18.471796 8.800000 -0.017215
v 18.487476 8.800000 -0.436751
v 18.480087 8.800000 -0.858107
v 18.449556 8.800000 -1.278424
v 18.396212 8.800000 -1.694849
v 18.320391 8.800000 -2.106509
v 18.222441 8.800000 -2.512534
v 18.102699 8.800000 -2.912048
v 17.961510 8.800000 -3.304179
v 17.799212 8.800000 -3.688056
v 17.616152 8.800000 -4.062806
v 17.412663 8.800000 -4.427554
v 17.189091 8.800000 -4.781431
v 16.945776 8.800000 -5.123561
v 16.683062 11.000000 -5.453070
v 16.401550 11.000000 -5.768508
v 16.104240 11.000000 -6.066833
v 15.791941 11.000000 -6.347554
v 15.465463 11.000000 -6.610183
v 15.125618 11.000000 -6.854234
v 14.773215 11.000000 -7.079225
v 14.409070 11.000000 -7.284663
v 14.033990 11.000000 -7.470059
v 13.648787 11.000000 -7.634932
v 13.254272 11.000000 -7.778792
v 12.851255 11.000000 -7.901148
v 12.440553 11.000000 -8.001529
v 12.024940 11.000000 -8.079103
v 11.607284 11.000000 -8.133475
v 11.188523 11.000000 -8.164752
v 10.769601 11.000000 -8.173047
v 10.351455 11.000000 -8.158467
v 9.935025 11.000000 -8.121124
v 9.521251 11.000000 -8.061129
v 9.111073 11.000000 -7.978590
v 8.705428 11.000000 -7.873615
v 8.305259 11.000000 -7.746321
v 7.911505 11.000000 -7.596814
v 7.525105 11.000000 -7.425208
v 7.497275 11.000000 -7.412533
v 7.468936 11.000000 -7.401295
v 7.440143 11.000000 -7.391506
v 7.410950 11.000000 -7.383173
v 7.381417 11.000000 -7.376306
v 7.351597 11.000000 -7.370913
v 7.321548 11.000000 -7.367000
v 7.291325 11.000000 -7.364579
v 7.260982 11.000000 -7.363658
v 7.230575 11.000000 -7.364247
v 7.200159 11.000000 -7.366350
v 7.169793 11.000000 -7.369981
v 7.139647 11.000000 -7.375124
v 7.109886 11.000000 -7.381743
v 7.080564 11.000000 -7.389815
v 7.051733 11.000000 -7.399315
v 7.023442 11.000000 -7.410219
v 6.995739 11.000000 -7.422502
v 6.968680 11.000000 -7.436143
v 6.942314 11.000000 -7.451115
v 6.916690 11.000000 -7.467395
v 6.891863 11.000000 -7.484959
v 6.867881 11.000000 -7.503782
v 6.844800 11.000000 -7.523842
v 6.822727 11.000000 -7.544963
v 6.801796 11.000000 -7.567086
v 6.782037 11.000000 -7.590164
v 6.763476 11.000000 -7.614150
v 6.746144 11.000000 -7.638993
v 6.730069 11.000000 -7.664649
v 6.715281 11.000000 -7.691061
v 6.701805 11.000000 -7.718191
v 6.689671 11.000000 -7.745987
v 6.678907 11.000000 -7.774400
v 6.669542 11.000000 -7.803382
v 6.661606 11.000000 -7.832881
v 6.655150 11.000000 -7.862741
v 6.650202 11.000000 -7.892796
v 6.646760 11.000000 -7.922983
v 6.644819 11.000000 -7.953247
v 6.644374 11.000000 -7.983536
v 6.645424 11.000000 -8.013791
v 6.647965 11.000000 -8.043957
v 6.651998 11.000000 -8.073978
v 6.657515 11.000000 -8.103799
v 6.664513 11.000000 -8.133363
v 6.672987 11.000000 -8.162616
v 6.682938 11.000000 -8.191501
v 6.816836 11.000000 -8.591091
v 6.928184 11.000000 -8.995887
v 7.016957 11.000000 -9.404954
v 7.083139 11.000000 -9.817352
v 7.126706 11.000000 -10.232149
v 7.147635 11.000000 -10.648403
v 7.145907 11.000000 -11.065181
v 7.121499 11.000000 -11.481544
v 7.074389 11.000000 -11.896555
v 7.004556 11.000000 -12.309278
v 6.911976 11.000000 -12.718774
v 6.796633 11.000000 -13.124107
v 6.659186 11.000000 -13.522492
v 6.500690 11.000000 -13.911256
v 6.321698 11.000000 -14.289645
v 6.122764 11.000000 -14.656903
v 5.904442 11.000000 -15.012275
v 5.667288 11.000000 -15.355005
v 5.411854 11.000000 -15.684337
v 5.138691 11.000000 -15.999513
v 4.848359 11.000000 -16.299778
v 4.541411 11.000000 -16.584379
v 4.218396 11.000000 -16.852558
v 3.879874 11.000000 -17.103559
v 3.528069 11.000000 -17.335577
v 3.165441 11.000000 -17.547138
v 2.792890 11.000000 -17.737982
v 2.411314 11.000000 -17.907845
v 2.021618 11.000000 -18.056465
v 1.624698 11.000000 -18.183584
v 1.221455 11.000000 -18.288939
v 0.812788 11.000000 -18.372265
v 0.399598 11.000000 -18.433306
v -0.017215 11.000000 -18.471796
v -0.436751 11.000000 -18.487476
v -0.858107 11.000000 -18.480087
v -1.278424 11.000000 -18.449556
v -1.694849 11.000000 -18.396212
v -2.106509 11.000000 -18.320391
v -2.512534 11.000000 -18.222441
v -2.912048 11.000000 -18.102699
v -3.304179 11.000000 -17.961510
v -3.688056 11.000000 -17.799212
v -4.062806 11.000000 -17.616152
v -4.427554 11.000000 -17.412663
v -4.781431 11.000000 -17.189091
v -5.123561 11.000000 -16.945776
v -5.453070 11.000000 -16.683062
v -5.768508 11.000000 -16.401550
v -6.066833 11.000000 -16.104240
v -6.347554 11.000000 -15.791941
v -6.610183 11.000000 -15.465463
v -6.854234 11.000000 -15.125618
v -7.079225 11.000000 -14.773215
v -7.284663 11.000000 -14.409070
v -7.470059 11.000000 -14.033990
v -7.634932 11.000000 -13.648787
v -7.778792 11.000000 -13.254272
v -7.901148 11.000000 -12.851255
v -8.001529 11.000000 -12.440553
v -8.079103 11.000000 -12.024940
v -8.133475 11.000000 -11.607284
v -8.164752 11.000000 -11.188523
v -8.173047 11.000000 -10.769601
v -8.158467 11.000000 -10.351455
v -8.121124 11.000000 -9.935025
v -8.061129 11.000000 -9.521251
v -7.978590 11.000000 -9.111073
v -7.873615 11.000000 -8.705428
v -7.746321 11.000000 -8.305259
v -7.596814 11.000000 -7.911505
v -7.425208 11.000000 -7.525105
v -7.412533 11.000000 -7.497275
v -7.401295 11.000000 -7.468936
v -7.391506 11.000000 -7.440143
v -7.383173 11.000000 -7.410950
v -7.376306 11.000000 -7.381417
v -7.370913 11.000000 -7.351597
v -7.367000 11.000000 -7.321548
v -7.364579 11.000000 -7.291325
v -7.363658 11.000000 -7.260982
v -7.364247 11.000000 -7.230575
v -7.366350 11.000000 -7.200159
v -7.369981 11.000000 -7.169793
v -7.375124 11.000000 -7.139647
v -7.381743 11.000000 -7.109886
v -7.389815 11.000000 -7.080564
v -7.399315 11.000000 -7.051733
v -7.410219 11.000000 -7.023442
v -7.422502 11.000000 -6.995739
v -7.436143 11.000000 -6.968680
v -7.451115 11.000000 -6.942314
v -7.467395 11.000000 -6.916690
v -7.484959 11.000000 -6.891863
v -7.503782 11.000000 -6.867881
v -7.523842 11.000000 -6.844800
v -7.544963 11.000000 -6.822727
v -7.567086 11.000000 -6.801796
v -7.590164 11.000000 -6.782037
v -7.614150 11.000000 -6.763476
v -7.638993 11.000000 -6.746144
v -7.664649 11.000000 -6.730069
v -7.691061 11.000000 -6.715281
v -7.718191 11.000000 -6.701805
v -7.745987 11.000000 -6.689671
v -7.774400 11.000000 -6.678907
v -7.803382 11.000000 -6.669542
v -7.832881 11.000000 -6.661606
v -7.862741 11.000000 -6.655150
v -7.892796 11.000000 -6.650202
v -7.922983 11.000000 -6.646760
v -7.953247 11.000000 -6.644819
v -7.983536 11.000000 -6.644374
v -8.013791 11.000000 -6.645424
v -8.043957 11.000000 -6.647965
v -8.073978 11.000000 -6.651998
v -8.103799 11.000000 -6.657515
v -8.133363 11.000000 -6.664513
v -8.162616 11.000000 -6.672987
v -8.191501 11.000000 -6.682938
v -8.591091 11.000000 -6.816836
v -8.995887 11.000000 -6.928184
v -9.404954 11.000000 -7.016957
v -9.817352 11.000000 -7.083139
v -10.232149 11.000000 -7.126706
v -10.648403 11.000000 -7.147635
v -11.065181 11.000000 -7.145907
v -11.481544 11.000000 -7.121499
v -11.896555 11.000000 -7.074389
v -12.309278 11.000000 -7.004556
v -12.718774 11.000000 -6.911976
v -13.124107 11.000000 -6.796633
v -13.522492 11.000000 -6.659186
v -13.911256 11.000000 -6.500690
v -14.289645 11.000000 -6.321698
v -14.656903 11.000000 -6.122764
v -15.012275 11.000000 -5.904442
v -15.355005 11.000000 -5.667288
v -15.684337 11.000000 -5.411854
v -15.999513 11.000000 -5.138691
v -16.299778 11.000000 -4.848359
v -16.584379 11.000000 -4.541411
v -16.852558 11.000000 -4.218396
v -17.103559 11.000000 -3.879874
v -17.335577 11.000000 -3.528069
v -17.547138 11.000000 -3.165441
v -17.737982 11.000000 -2.792890
v -17.907845 11.000000 -2.411314
v -18.056465 11.000000 -2.021618
v -18.183584 11.000000 -1.624698
v -18.288939 11.000000 -1.221455
v -18.372265 11.000000 -0.812788
v -18.433306 11.000000 -0.399598
v -18.471796 11.000000 0.017215
v -18.487476 11.000000 0.436751
v -18.480087 11.000000 0.858107
v -18.449556 11.000000 1.278424
v -18.396212 11.000000 1.694849
v -18.320391 11.000000 2.106509
v -18.222441 11.000000 2.512534
v -18.102699 11.000000 2.912048
v -17.961510 11.000000 3.304179
v -17.799212 11.000000 3.688056
v -17.616152 11.000000 4.062806
v -17.412663 11.000000 4.427554
v -17.189091 11.000000 4.781431
v -16.945776 11.000000 5.123561
v -16.683062 11.000000 5.453070
v -16.401550 11.000000 5.768508
v -16.104240 11.000000 6.066833
v -15.791941 11.000000 6.347554
v -15.465463 11.000000 6.610183
v -15.125618 11.000000 6.854234
v -14.773215 11.000000 7.079225
v -14.409070 11.000000 7.284663
v -14.033990 11.000000 7.470059
v -13.648787 11.000000 7.634932
v -13.254272 11.000000 7.778792
v -12.851255 11.000000 7.901148
v -12.440553 11.000000 8.001529
v -12.024940 11.000000 8.079103
v -11.607284 11.000000 8.133475
v -11.188523 11.000000 8.164752
v -10.769601 11.000000 8.173047
v -10.351455 11.000000 8.158467
v -9.935025 11.000000 8.121124
v -9.521251 11.000000 8.061129
v -9.111073 11.000000 7.978590
v -8.705428 11.000000 7.873615
v -8.305259 11.000000 7.746321
v -7.911505 11.000000 7.596814
v -7.525105 11.000000 7.425208
v -7.497275 11.000000 7.412533
v -7.468936 11.000000 7.401295
v -7.440143 11.000000 7.391506
v -7.410950 11.000000 7.383173
v -7.381417 11.000000 7.376306
v -7.351597 11.000000 7.370913
v -7.321548 11.000000 7.367000
v -7.291325 11.000000 7.364579
v -7.260982 11.000000 7.363658
v -7.230575 11.000000 7.364247
v -7.200159 11.000000 7.366350
v -7.169793 11.000000 7.369981
v -7.139647 11.000000 7.375124
v -7.109886 11.000000 7.381743
v -7.080564 11.000000 7.389815
v -7.051733 11.000000 7.399315
v -7.023442 11.000000 7.410219
v -6.995739 11.000000 7.422502
v -6.968680 11.000000 7.436143
v -6.942314 11.000000 7.451115
v -6.916690 11.000000 7.467395
v -6.891863 11.000000 7.484959
v -6.867881 11.000000 7.503782
v -6.844800 11.000000 7.523842
v -6.822727 11.000000 7.544963
v -6.801796 11.000000 7.567086
v -6.782037 11.000000 7.590164
v -6.763476 11.000000 7.614150
v -6.746144 11.000000 7.638993
v -6.730069 11.000000 7.664649
v -6.715281 11.000000 7.691061
v -6.701805 11.000000 7.718191
v -6.689671 11.000000 7.745987
v -6.678907 11.000000 7.774400
v -6.669542 11.000000 7.803382
v -6.661606 11.000000 7.832881
v -6.655150 11.000000 7.862741
v -6.650202 11.000000 7.892796
v -6.646760 11.000000 7.922983
v -6.644819 11.000000 7.953247
v -6.644374 11.000000 7.983536
v -6.645424 11.000000 8.013791
v -6.647965 11.000000 8.043957
v -6.651998 11.000000 8.073978
v -6.657515 11.000000 8.103799
v -6.664513 11.000000 8.133363
v -6.672987 11.000000 8.162616
v -6.682938 11.000000 8.191501
v -6.816836 11.000000 8.591091
v -6.928184 11.000000 8.995887
v -7.016957 11.000000 9.404954
v -7.083139 11.000000 9.817352
v -7.126706 11.000000 10.232149
v -7.147635 11.000000 10.648403
v -7.145907 11.000000 11.065181
v -7.121499 11.000000 11.481544
v -7.074389 11.000000 11.896555
v -7.004556 11.000000 12.309278
v -6.911976 11.000000 12.718774
v -6.796633 11.000000 13.124107
v -6.659186 11.000000 13.522492
v -6.500690 11.000000 13.911256
v -6.321698 11.000000 14.289645
v -6.122764 11.000000 14.656903
v -5.904442 11.000000 15.012275
v -5.667288 11.000000 15.355005
v -5.411854 11.000000 15.684337
v -5.138691 11.000000 15.999513
v -4.848359 11.000000 16.299778
v -4.541411 11.000000 16.584379
v -4.218396 11.000000 16.852558
v -3.879874 11.000000 17.103559
v -3.528069 11.000000 17.335577
v -3.165441 11.000000 17.547138
v -2.792890 11.000000 17.737982
v -2.411314 11.000000 17.907845
v -2.021618 11.000000 18.056465
v -1.624698 11.000000 18.183584
v -1.221455 11.000000 18.288939
v -0.812788 11.000000 18.372265
v -0.399598 11.000000 18.433306
v 0.017215 11.000000 18.471796
v 0.436751 11.000000 18.487476
v 0.858107 11.000000 18.480087
v 1.278424 11.000000 18.449556
v 1.694849 11.000000 18.396212
v 2.106509 11.000000 18.320391
v 2.512534 11.000000 18.222441
v 2.912048 11.000000 18.102699
v 3.304179 11.000000 17.961510
v 3.688056 11.000000 17.799212
v 4.062806 11.000000 17.616152
v 4.427554 11.000000 17.412663
v 4.781431 11.000000 17.189091
v 5.123561 11.000000 16.945776
v 5.453070 11.000000 16.683062
v 5.768508 11.000000 16.401550
v 6.066833 11.000000 16.104240
v 6.347554 11.000000 15.791941
v 6.610183 11.000000 15.465463
v 6.854234 11.000000 15.125618
v 7.079225 11.000000 14.773215
v 7.284663 11.000000 14.409070
v 7.470059 11.000000 14.033990
v 7.634932 11.000000 13.648787
v 7.778792 11.000000 13.254272
v 7.901148 11.000000 12.851255
v 8.001529 11.000000 12.440553
v 8.079103 11.000000 12.024940
v 8.133475 11.000000 11.607284
v 8.164752 11.000000 11.188523
v 8.173047 11.000000 10.769601
v 8.158467 11.000000 10.351455
v 8.121124 11.000000 9.935025
v 8.061129 11.000000 9.521251
v 7.978590 11.000000 9.111073
v 7.873615 11.000000 8.705428
v 7.746321 11.000000 8.305259
v 7.596814 11.000000 7.911505
v 7.425208 11.000000 7.525105
v 7.412533 11.000000 7.497275
v 7.401295 11.000000 7.468936
v 7.391506 11.000000 7.440143
v 7.383173 11.000000 7.410950
v 7.376306 11.000000 7.381417
v 7.370913 11.000000 7.351597
v 7.367000 11.000000 7.321548
v 7.364579 11.000000 7.291325
v 7.363658 11.000000 7.260982
v 7.364247 11.000000 7.230575
v 7.366350 11.000000 7.200159
v 7.369981 11.000000 7.169793
v 7.375124 11.000000 7.139647
v 7.381743 11.000000 7.109886
v 7.389815 11.000000 7.080564
v 7.399315 11.000000 7.051733
v 7.410219 11.000000 7.023442
v 7.422502 11.000000 6.995739
v 7.436143 11.000000 6.968680
v 7.451115 11.000000 6.942314
v 7.467395 11.000000 6.916690
v 7.484959 11.000000 6.891863
v 7.503782 11.000000 6.867881
v 7.523842 11.000000 6.844800
v 7.544963 11.000000 6.822727
v 7.567086 11.000000 6.801796
v 7.590164 11.000000 6.782037
v 7.614150 11.000000 6.763476
v 7.638993 11.000000 6.746144
v 7.664649 11.000000 6.730069
v 7.691061 11.000000 6.715281
v 7.718191 11.000000 6.701805
v 7.745987 11.000000 6.689671
v 7.774400 11.000000 6.678907
v 7.803382 11.000000 6.669542
v 7.832881 11.000000 6.661606
v 7.862741 11.000000 6.655150
v 7.892796 11.000000 6.650202
v 7.922983 11.000000 6.646760
v 7.953247 11.000000 6.644819
v 7.983536 11.000000 6.644374
v 8.013791 11.000000 6.645424
v 8.043957 11.000000 6.647965
v 8.073978 11.000000 6.651998
v 8.103799 11.000000 6.657515
v 8.133363 11.000000 6.664513
v 8.162616 11.000000 6.672987
v 8.191501 11.000000 6.682938
v 8.591091 11.000000 6.816836
v 8.995887 11.000000 6.928184
v 9.404954 11.000000 7.016957
v 9.817352 11.000000 7.083139
v 10.232149 11.000000 7.126706
v 10.648403 11.000000 7.147635
v 11.065181 11.000000 7.145907
v 11.481544 11.000000 7.121499
v 11.896555 11.000000 7.074389
v 12.309278 11.000000 7.004556
v 12.718774 11.000000 6.911976
v 13.124107 11.000000 6.796633
v 13.522492 11.000000 6.659186
v 13.911256 11.000000 6.500690
v 14.289645 11.000000 6.321698
v 14.656903 11.000000 6.122764
v 15.012275 11.000000 5.904442
v 15.355005 11.000000 5.667288
v 15.684337 11.000000 5.411854
v 15.999513 11.000000 5.138691
v 16.299778 11.000000 4.848359
v 16.584379 11.000000 4.541411
v 16.852558 11.000000 4.218396
v 17.103559 11.000000 3.879874
v 17.335577 11.000000 3.528069
v 17.547138 11.000000 3.165441
v 17.737982 11.000000 2.792890
v 17.907845 11.000000 2.411314
v 18.056465 11.000000 2.021618
v 18.183584 11.000000 1.624698
v 18.288939 11.000000 1.221455
v 18.372265 11.000000 0.812788
v 18.433306 11.000000 0.399598
v 18.471796 11.000000 -0.017215
v 18.487476 11.000000 -0.436751
v 18.480087 11.000000 -0.858107
v 18.449556 11.000000 -1.278424
v 18.396212 11.000000 -1.694849
v 18.320391 11.000000 -2.106509
v 18.222441 11.000000 -2.512534
v 18.102699 11.000000 -2.912048
v 17.961510 11.000000 -3.304179
v 17.799212 11.000000 -3.688056
v 17.616152 11.000000 -4.062806
v 17.412663 11.000000 -4.427554
v 17.189091 11.000000 -4.781431
v 16.945776 11.000000 -5.123561
v 16.683062 13.200000 -5.453070
v 16.401550 13.200000 -5.768508
v 16.104240 13.200000 -6.066833
v 15.791941 13.200000 -6.347554
v 15.465463 13.200000 -6.610183
v 15.125618 13.200000 -6.854234
v 14.773215 13.200000 -7.079225
v 14.409070 13.200000 -7.284663
v 14.033990 13.200000 -7.470059
v 13.648787 13.200000 -7.634932
v 13.254272 13.200000 -7.778792
v 12.851255 13.200000 -7.901148
v 12.440553 13.200000 -8.001529
v 12.024940 13.200000 -8.079103
v 11.607284 13.200000 -8.133475
v 11.188523 13.200000 -8.164752
v 10.769601 13.200000 -8.173047
v 10.351455 13.200000 -8.158467
v 9.935025 13.200000 -8.121124
v 9.521251 13.200000 -8.061129
v 9.111073 13.200000 -7.978590
v 8.705428 13.200000 -7.873615
v 8.305259 13.200000 -7.746321
v 7.911505 13.200000 -7.596814
v 7.525105 13.200000 -7.425208
v 7.497275 13.200000 -7.412533
v 7.468936 13.200000 -7.401295
v 7.440143 13.200000 -7.391506
v 7.410950 13.200000 -7.383173
v 7.381417 13.200000 -7.376306
v 7.351597 13.200000 -7.370913
v 7.321548 13.200000 -7.367000
v 7.291325 13.200000 -7.364579
v 7.260982 13.200000 -7.363658
v 7.230575 13.200000 -7.364247
v 7.200159 13.200000 -7.366350
v 7.169793 13.200000 -7.369981
v 7.139647 13.200000 -7.375124
v 7.109886 13.200000 -7.381743
v 7.080564 13.200000 -7.389815
v 7.051733 13.200000 -7.399315
v 7.023442 13.200000 -7.410219
v 6.995739 13.200000 -7.422502
v 6.968680 13.200000 -7.436143
v 6.942314 13.200000 -7.451115
v 6.916690 13.200000 -7.467395
v 6.891863 13.200000 -7.484959
v 6.867881 13.200000 -7.503782
v 6.844800 13.200000 -7.523842
v 6.822727 13.200000 -7.544963
v 6.801796 13.200000 -7.567086
v 6.782037 13.200000 -7.590164
v 6.763476 13.200000 -7.614150
v 6.746144 13.200000 -7.638993
v 6.730069 13.200000 -7.664649
v 6.715281 13.200000 -7.691061
v 6.701805 13.200000 -7.718191
v 6.689671 13.200000 -7.745987
v 6.678907 13.200000 -7.774400
v 6.669542 13.200000 -7.803382
v 6.661606 13.200000 -7.832881
v 6.655150 13.200000 -7.862741
v 6.650202 13.200000 -7.892796
v 6.646760 13.200000 -7.922983
v 6.644819 13.200000 -7.953247
v 6.644374 13.200000 -7.983536
v 6.645424 13.200000 -8.013791
v 6.647965 13.200000 -8.043957
v 6.651998 13.200000 -8.073978
v 6.657515 13.200000 -8.103799
v 6.664513 13.200000 -8.133363
v 6.672987 13.200000 -8.162616
v 6.682938 13.200000 -8.191501
v 6.816836 13.200000 -8.591091
v 6.928184 13.200000 -8.995887
v 7.016957 13.200000 -9.404954
v 7.083139 13.200000 -9.817352
v 7.126706 13.200000 -10.232149
v 7.147635 13.200000 -10.648403
v 7.145907 13.200000 -11.065181
v 7.121499 13.200000 -11.481544
v 7.074389 13.200000 -11.896555
v 7.004556 13.200000 -12.309278
v 6.911976 13.200000 -12.718774
v 6.796633 13.200000 -13.124107
v 6.659186 13.200000 -13.522492
v 6.500690 13.200000 -13.911256
v 6.321698 13.200000 -14.289645
v 6.122764 13.200000 -14.656903
v 5.904442 13.200000 -15.012275
v 5.667288 13.200000 -15.355005
v 5.411854 13.200000 -15.684337
v 5.138691 13.200000 -15.999513
v 4.848359 13.200000 -16.299778
v 4.541411 13.200000 -16.584379
v 4.218396 13.200000 -16.852558
v 3.879874 13.200000 -17.103559
v 3.528069 13.200000 -17.335577
v 3.165441 13.200000 -17.547138
v 2.792890 13.200000 -17.737982
v 2.411314 13.200000 -17.907845
v 2.021618 13.200000 -18.056465
v 1.624698 13.200000 -18.183584
v 1.221455 13.200000 -18.288939
v 0.812788 13.200000 -18.372265
v 0.399598 13.200000 -18.433306
v -0.017215 13.200000 -18.471796
v -0.436751 13.200000 -18.487476
v -0.858107 13.200000 -18.480087
v -1.278424 13.200000 -18.449556
v -1.694849 13.200000 -18.396212
v -2.106509 13.200000 -18.320391
v -2.512534 13.200000 -18.222441
v -2.912048 13.200000 -18.102699
v -3.304179 13.200000 -17.961510
v -3.688056 13.200000 -17.799212
v -4.062806 13.200000 -17.616152
v -4.427554 13.200000 -17.412663
v -4.781431 13.200000 -17.189091
v -5.123561 13.200000 -16.945776
v -5.453070 13.200000 -16.683062
v -5.768508 13.200000 -16.401550
v -6.066833 13.200000 -16.104240
v -6.347554 13.200000 -15.791941
v -6.610183 13.200000 -15.465463
v -6.854234 13.200000 -15.125618
v -7.079225 13.200000 -14.773215
v -7.284663 13.200000 -14.409070
v -7.470059 13.200000 -14.033990
v -7.634932 13.200000 -13.648787
v -7.778792 13.200000 -13.254272
v -7.901148 13.200000 -12.851255
v -8.001529 13.200000 -12.440553
v -8.079103 13.200000 -12.024940
v -8.133475 13.200000 -11.607284
v -8.164752 13.200000 -11.188523
v -8.173047 13.200000 -10.769601
v -8.158467 13.200000 -10.351455
v -8.121124 13.200000 -9.935025
v -8.061129 13.200000 -9.521251
v -7.978590 13.200000 -9.111073
v -7.873615 13.200000 -8.705428
v -7.746321 13.200000 -8.305259
v -7.596814 13.200000 -7.911505
v -7.425208 13.200000 -7.525105
v -7.412533 13.200000 -7.497275
v -7.401295 13.200000 -7.468936
v -7.391506 13.200000 -7.440143
v -7.383173 13.200000 -7.410950
v -7.376306 13.200000 -7.381417
v -7.370913 13.200000 -7.351597
v -7.367000 13.200000 -7.321548
v -7.364579 13.200000 -7.291325
v -7.363658 13.200000 -7.260982
v -7.364247 13.200000 -7.230575
v -7.366350 13.200000 -7.200159
v -7.369981 13.200000 -7.169793
v -7.375124 13.200000 -7.139647
v -7.381743 13.200000 -7.109886
v -7.389815 13.200000 -7.080564
v -7.399315 13.200000 -7.051733
v -7.410219 13.200000 -7.023442
v -7.422502 13.200000 -6.995739
v -7.436143 13.200000 -6.968680
v -7.451115 13.200000 -6.942314
v -7.467395 13.200000 -6.916690
v -7.484959 13.200000 -6.891863
v -7.503782 13.200000 -6.867881
v -7.523842 13.200000 -6.844800
v -7.544963 13.200000 -6.822727
v -7.567086 13.200000 -6.801796
v -7.590164 13.200000 -6.782037
v -7.614150 13.200000 -6.763476
v -7.638993 13.200000 -6.746144
v -7.664649 13.200000 -6.730069
v -7.691061 13.200000 -6.715281
v -7.718191 13.200000 -6.701805
v -7.745987 13.200000 -6.689671
v -7.774400 13.200000 -6.678907
v -7.803382 13.200000 -6.669542
v -7.832881 13.200000 -6.661606
v -7.862741 13.200000 -6.655150
v -7.892796 13.200000 -6.650202
v -7.922983 13.200000 -6.646760
v -7.953247 13.200000 -6.644819
v -7.983536 13.200000 -6.644374
v -8.013791 13.200000 -6.645424
v -8.043957 13.200000 -6.647965
v -8.073978 13.200000 -6.651998
v -8.103799 13.200000 -6.657515
v -8.133363 13.200000 -6.664513
v -8.162616 13.200000 -6.672987
v -8.191501 13.200000 -6.682938
v -8.591091 13.200000 -6.816836
v -8.995887 13.200000 -6.928184
v -9.404954 13.200000 -7.016957
v -9.817352 13.200000 -7.083139
v -10.232149 13.200000 -7.126706
v -10.648403 13.200000 -7.147635
v -11.065181 13.200000 -7.145907
v -11.481544 13.200000 -7.121499
v -11.896555 13.200000 -7.074389
v -12.309278 13.200000 -7.004556
v -12.718774 13.200000 -6.911976
v -13.124107 13.200000 -6.796633
v -13.522492 13.200000 -6.659186
v -13.911256 13.200000 -6.500690
v -14.289645 13.200000 -6.321698
v -14.656903 13.200000 -6.122764
v -15.012275 13.200000 -5.904442
v -15.355005 13.200000 -5.667288
v -15.684337 13.200000 -5.411854
v -15.999513 13.200000 -5.138691
v -16.299778 13.200000 -4.848359
v -16.584379 13.200000 -4.541411
v -16.852558 13.200000 -4.218396
v -17.103559 13.200000 -3.879874
v -17.335577 13.200000 -3.528069
v -17.547138 13.200000 -3.165441
v -17.737982 13.200000 -2.792890
v -17.907845 13.200000 -2.411314
v -18.056465 13.200000 -2.021618
v -18.183584 13.200000 -1.624698
v -18.288939 13.200000 -1.221455
v -18.372265 13.200000 -0.812788
v -18.433306 13.200000 -0.399598
v -18.471796 13.200000 0.017215
v -18.487476 13.200000 0.436751
v -18.480087 13.200000 0.858107
v -18.449556 13.200000 1.278424
v -18.396212 13.200000 1.694849
v -18.320391 13.200000 2.106509
v -18.222441 13.200000 2.512534
v -18.102699 13.200000 2.912048
v -17.961510 13.200000 3.304179
v -17.799212 13.200000 3.688056
v -17.616152 13.200000 4.062806
v -17.412663 13.200000 4.427554
v -17.189091 13.200000 4.781431
v -16.945776 13.200000 5.123561
v -16.683062 13.200000 5.453070
v -16.401550 13.200000 5.768508
v -16.104240 13.200000 6.066833
v -15.791941 13.200000 6.347554
v -15.465463 13.200000 6.610183
v -15.125618 13.200000 6.854234
v -14.773215 13.200000 7.079225
v -14.409070 13.200000 7.284663
v -14.033990 13.200000 7.470059
v -13.648787 13.200000 7.634932
v -13.254272 13.200000 7.778792
v -12.851255 13.200000 7.901148
v -12.440553 13.200000 8.001529
v -12.024940 13.200000 8.079103
v -11.607284 13.200000 8.133475
v -11.188523 13.200000 8.164752
v -10.769601 13.200000 8.173047
v -10.351455 13.200000 8.158467
v -9.935025 13.200000 8.121124
v -9.521251 13.200000 8.061129
v -9.111073 13.200000 7.978590
v -8.705428 13.200000 7.873615
v -8.305259 13.200000 7.746321
v -7.911505 13.200000 7.596814
v -7.525105 13.200000 7.425208
v -7.497275 13.200000 7.412533
v -7.468936 13.200000 7.401295
v -7.440143 13.200000 7.391506
v -7.410950 13.200000 7.383173
v -7.381417 13.200000 7.376306
v -7.351597 13.200000 7.370913
v -7.321548 13.200000 7.367000
v -7.291325 13.200000 7.364579
v -7.260982 13.200000 7.363658
v -7.230575 13.200000 7.364247
v -7.200159 13.200000 7.366350
v -7.169793 13.200000 7.369981
v -7.139647 13.200000 7.375124
v -7.109886 13.200000 7.381743
v -7.080564 13.200000 7.389815
v -7.051733 13.200000 7.399315
v -7.023442 13.200000 7.410219
v -6.995739 13.200000 7.422502
v -6.968680 13.200000 7.436143
v -6.942314 13.200000 7.451115
v -6.916690 13.200000 7.467395
v -6.891863 13.200000 7.484959
v -6.867881 13.200000 7.503782
v -6.844800 13.200000 7.523842
v -6.822727 13.200000 7.544963
v -6.801796 13.200000 7.567086
v -6.782037 13.200000 7.590164
v -6.763476 13.200000 7.614150
v -6.746144 13.200000 7.638993
v -6.730069 13.200000 7.664649
v -6.715281 13.200000 7.691061
v -6.701805 13.200000 7.718191
v -6.689671 13.200000 7.745987
v -6.678907 13.200000 7.774400
v -6.669542 13.200000 7.803382
v -6.661606 13.200000 7.832881
v -6.655150 13.200000 7.862741
v -6.650202 13.200000 7.892796
v -6.646760 13.200000 7.922983
v -6.644819 13.200000 7.953247
v -6.644374 13.200000 7.983536
v -6.645424 13.200000 8.013791
v -6.647965 13.200000 8.043957
v -6.651998 13.200000 8.073978
v -6.657515 13.200000 8.103799
v -6.664513 13.200000 8.133363
v -6.672987 13.200000 8.162616
v -6.682938 13.200000 8.191501
v -6.816836 13.200000 8.591091
v -6.928184 13.200000 8.995887
v -7.016957 13.200000 9.404954
v -7.083139 13.200000 9.817352
v -7.126706 13.200000 10.232149
v -7.147635 13.200000 10.648403
v -7.145907 13.200000 11.065181
v -7.121499 13.200000 11.481544
v -7.074389 13.200000 11.896555
v -7.004556 13.200000 12.309278
v -6.911976 13.200000 12.718774
v -6.796633 13.200000 13.124107
v -6.659186 13.200000 13.522492
v -6.500690 13.200000 13.911256
v -6.321698 13.200000 14.289645
v -6.122764 13.200000 14.656903
v -5.904442 13.200000 15.012275
v -5.667288 13.200000 15.355005
v -5.411854 13.200000 15.684337
v -5.138691 13.200000 15.999513
v -4.848359 13.200000 16.299778
v -4.541411 13.200000 16.584379
v -4.218396 13.200000 16.852558
v -3.879874 13.200000 17.103559
v -3.528069 13.200000 17.335577
v -3.165441 13.200000 17.547138
v -2.792890 13.200000 17.737982
v -2.411314 13.200000 17.907845
v -2.021618 13.200000 18.056465
v -1.624698 13.200000 18.183584
v -1.221455 13.200000 18.288939
v -0.812788 13.200000 18.372265
v -0.399598 13.200000 18.433306
v 0.017215 13.200000 18.471796
v 0.436751 13.200000 18.487476
v 0.858107 13.200000 18.480087
v 1.278424 13.200000 18.449556
v 1.694849 13.200000 18.396212
v 2.106509 13.200000 18.320391
v 2.512534 13.200000 18.222441
v 2.912048 13.200000 18.102699
v 3.304179 13.200000 17.961510
v 3.688056 13.200000 17.799212
v 4.062806 13.200000 17.616152
v 4.427554 13.200000 17.412663
v 4.781431 13.200000 17.189091
v 5.123561 13.200000 16.945776
v 5.453070 13.200000 16.683062
v 5.768508 13.200000 16.401550
v 6.066833 13.200000 16.104240
v 6.347554 13.200000 15.791941
v 6.610183 13.200000 15.465463
v 6.854234 13.200000 15.125618
v 7.079225 13.200000 14.773215
v 7.284663 13.200000 14.409070
v 7.470059 13.200000 14.033990
v 7.634932 13.200000 13.648787
v 7.778792 13.200000 13.254272
v 7.901148 13.200000 12.851255
v 8.001529 13.200000 12.440553
v 8.079103 13.200000 12.024940
v 8.133475 13.200000 11.607284
v 8.164752 13.200000 11.188523
v 8.173047 13.200000 10.769601
v 8.158467 13.200000 10.351455
v 8.121124 13.200000 9.935025
v 8.061129 13.200000 9.521251
v 7.978590 13.200000 9.111073
v 7.873615 13.200000 8.705428
v 7.746321 13.200000 8.305259
v 7.596814 13.200000 7.911505
v 7.425208 13.200000 7.525105
v 7.412533 13.200000 7.497275
v 7.401295 13.200000 7.468936
v 7.391506 13.200000 7.440143
v 7.383173 13.200000 7.410950
v 7.376306 13.200000 7.381417
v 7.370913 13.200000 7.351597
v 7.367000 13.200000 7.321548
v 7.364579 13.200000 7.291325
v 7.363658 13.200000 7.260982
v 7.364247 13.200000 7.230575
v 7.366350 13.200000 7.200159
v 7.369981 13.200000 7.169793
v 7.375124 13.200000 7.139647
v 7.381743 13.200000 7.109886
v 7.389815 13.200000 7.080564
v 7.399315 13.200000 7.051733
v 7.410219 13.200000 7.023442
v 7.422502 13.200000 6.995739
v 7.436143 13.200000 6.968680
v 7.451115 13.200000 6.942314
v 7.467395 13.200000 6.916690
v 7.484959 13.200000 6.891863
v 7.503782 13.200000 6.867881
v 7.523842 13.200000 6.844800
v 7.544963 13.200000 6.822727
v 7.567086 13.200000 6.801796
v 7.590164 13.200000 6.782037
v 7.614150 13.200000 6.763476
v 7.638993 13.200000 6.746144
v 7.664649 13.200000 6.730069
v 7.691061 13.200000 6.715281
v 7.718191 13.200000 6.701805
v 7.745987 13.200000 6.689671
v 7.774400 13.200000 6.678907
v 7.803382 13.200000 6.669542
v 7.832881 13.200000 6.661606
v 7.862741 13.200000 6.655150
v 7.892796 13.200000 6.650202
v 7.922983 13.200000 6.646760
v 7.953247 13.200000 6.644819
v 7.983536 13.200000 6.644374
v 8.013791 13.200000 6.645424
v 8.043957 13.200000 6.647965
v 8.073978 13.200000 6.651998
v 8.103799 13.200000 6.657515
v 8.133363 13.200000 6.664513
v 8.162616 13.200000 6.672987
v 8.191501 13.200000 6.682938
v 8.591091 13.200000 6.816836
v 8.995887 13.200000 6.928184
v 9.404954 13.200000 7.016957
v 9.817352 13.200000 7.083139
v 10.232149 13.200000 7.126706
v 10.648403 13.200000 7.147635
v 11.065181 13.200000 7.145907
v 11.481544 13.200000 7.121499
v 11.896555 13.200000 7.074389
v 12.309278 13.200000 7.004556
v 12.718774 13.200000 6.911976
v 13.124107 13.200000 6.796633
v 13.522492 13.200000 6.659186
v 13.911256 13.200000 6.500690
v 14.289645 13.200000 6.321698
v 14.656903 13.200000 6.122764
v 15.012275 13.200000 5.904442
v 15.355005 13.200000 5.667288
v 15.684337 13.200000 5.411854
v 15.999513 13.200000 5.138691
v 16.299778 13.200000 4.848359
v 16.584379 13.200000 4.541411
v 16.852558 13.200000 4.218396
v 17.103559 13.200000 3.879874
v 17.335577 13.200000 3.528069
v 17.547138 13.200000 3.165441
v 17.737982 13.200000 2.792890
v 17.907845 13.200000 2.411314
v 18.056465 13.200000 2.021618
v 18.183584 13.200000 1.624698
v 18.288939 13.200000 1.221455
v 18.372265 13.200000 0.812788
v 18.433306 13.200000 0.399598
v 18.471796 13.200000 -0.017215
v 18.487476 13.200000 -0.436751
v 18.480087 13.200000 -0.858107
v 18.449556 13.200000 -1.278424
v 18.396212 13.200000 -1.694849
v 18.320391 13.200000 -2.106509
v 18.222441 13.200000 -2.512534
v 18.102699 13.200000 -2.912048
v 17.961510 13.200000 -3.304179
v 17.799212 13.200000 -3.688056
v 17.616152 13.200000 -4.062806
v 17.412663 13.200000 -4.427554
v 17.189091 13.200000 -4.781431
v 16.945776 13.200000 -5.123561
v 16.683062 15.400000 -5.453070
v 16.401550 15.400000 -5.768508
v 16.104240 15.400000 -6.066833
v 15.791941 15.400000 -6.347554
v 15.465463 15.400000 -6.610183
v 15.125618 15.400000 -6.854234
v 14.773215 15.400000 -7.079225
v 14.409070 15.400000 -7.284663
v 14.033990 15.400000 -7.470059
v 13.648787 15.400000 -7.634932
v 13.254272 15.400000 -7.778792
v 12.851255 15.400000 -7.901148
v 12.440553 15.400000 -8.001529
v 12.024940 15.400000 -8.079103
v 11.607284 15.400000 -8.133475
v 11.188523 15.400000 -8.164752
v 10.769601 15.400000 -8.173047
v 10.351455 15.400000 -8.158467
v 9.935025 15.400000 -8.121124
v 9.521251 15.400000 -8.061129
v 9.111073 15.400000 -7.978590
v 8.705428 15.400000 -7.873615
v 8.305259 15.400000 -7.746321
v 7.911505 15.400000 -7.596814
v 7.525105 15.400000 -7.425208
v 7.497275 15.400000 -7.412533
v 7.468936 15.400000 -7.401295
v 7.440143 15.400000 -7.391506
v 7.410950 15.400000 -7.383173
v 7.381417 15.400000 -7.376306
v 7.351597 15.400000 -7.370913
v 7.321548 15.400000 -7.367000
v 7.291325 15.400000 -7.364579
v 7.260982 15.400000 -7.363658
v 7.230575 15.400000 -7.364247
v 7.200159 15.400000 -7.366350
v 7.169793 15.400000 -7.369981
v 7.139647 15.400000 -7.375124
v 7.109886 15.400000 -7.381743
v 7.080564 15.400000 -7.389815
v 7.051733 15.400000 -7.399315
v 7.023442 15.400000 -7.410219
v 6.995739 15.400000 -7.422502
v 6.968680 15.400000 -7.436143
v 6.942314 15.400000 -7.451115
v 6.916690 15.400000 -7.467395
v 6.891863 15.400000 -7.484959
v 6.867881 15.400000 -7.503782
v 6.844800 15.400000 -7.523842
v 6.822727 15.400000 -7.544963
v 6.801796 15.400000 -7.567086
v 6.782037 15.400000 -7.590164
v 6.763476 15.400000 -7.614150
v 6.746144 15.400000 -7.638993
v 6.730069 15.400000 -7.664649
v 6.715281 15.400000 -7.691061
v 6.701805 15.400000 -7.718191
v 6.689671 15.400000 -7.745987
v 6.678907 15.400000 -7.774400
v 6.669542 15.400000 -7.803382
v 6.661606 15.400000 -7.832881
v 6.655150 15.400000 -7.862741
v 6.650202 15.400000 -7.892796
v 6.646760 15.400000 -7.922983
v 6.644819 15.400000 -7.953247
v 6.644374 15.400000 -7.983536
v 6.645424 15.400000 -8.013791
v 6.647965 15.400000 -8.043957
v 6.651998 15.400000 -8.073978
v 6.657515 15.400000 -8.103799
v 6.664513 15.400000 -8.133363
v 6.672987 15.400000 -8.162616
v 6.682938 15.400000 -8.191501
v 6.816836 15.400000 -8.591091
v 6.928184 15.400000 -8.995887
v 7.016957 15.400000 -9.404954
v 7.083139 15.400000 -9.817352
v 7.126706 15.400000 -10.232149
v 7.147635 15.400000 -10.648403
v 7.145907 15.400000 -11.065181
v 7.121499 15.400000 -11.481544
v 7.074389 15.400000 -11.896555
v 7.004556 15.400000 -12.309278
v 6.911976 15.400000 -12.718774
v 6.796633 15.400000 -13.124107
v 6.659186 15.400000 -13.522492
v 6.500690 15.400000 -13.911256
v 6.321698 15.400000 -14.289645
v 6.122764 15.400000 -14.656903
v 5.904442 15.400000 -15.012275
v 5.667288 15.400000 -15.355005
v 5.411854 15.400000 -15.684337
v 5.138691 15.400000 -15.999513
v 4.848359 15.400000 -16.299778
v 4.541411 15.400000 -16.584379
v 4.218396 15.400000 -16.852558
v 3.879874 15.400000 -17.103559
v 3.528069 15.400000 -17.335577
v 3.165441 15.400000 -17.547138
v 2.792890 15.400000 -17.737982
v 2.411314 15.400000 -17.907845
v 2.021618 15.400000 -18.056465
v 1.624698 15.400000 -18.183584
v 1.221455 15.400000 -18.288939
v 0.812788 15.400000 -18.372265
v 0.399598 15.400000 -18.433306
v -0.017215 15.400000 -18.471796
v -0.436751 15.400000 -18.487476
v -0.858107 15.400000 -18.480087
v -1.278424 15.400000 -18.449556
v -1.694849 15.400000 -18.396212
v -2.106509 15.400000 -18.320391
v -2.512534 15.400000 -18.222441
v -2.912048 15.400000 -18.102699
v -3.304179 15.400000 -17.961510
v -3.688056 15.400000 -17.799212
v -4.062806 15.400000 -17.616152
v -4.427554 15.400000 -17.412663
v -4.781431 15.400000 -17.189091
v -5.123561 15.400000 -16.945776
v -5.453070 15.400000 -16.683062
v -5.768508 15.400000 -16.401550
v -6.066833 15.400000 -16.104240
v -6.347554 15.400000 -15.791941
v -6.610183 15.400000 -15.465463
v -6.854234 15.400000 -15.125618
v -7.079225 15.400000 -14.773215
v -7.284663 15.400000 -14.409070
v -7.470059 15.400000 -14.033990
v -7.634932 15.400000 -13.648787
v -7.778792 15.400000 -13.254272
v -7.901148 15.400000 -12.851255
v -8.001529 15.400000 -12.440553
v -8.079103 15.400000 -12.024940
v -8.133475 15.400000 -11.607284
v -8.164752 15.400000 -11.188523
v -8.173047 15.400000 -10.769601
v -8.158467 15.400000 -10.351455
v -8.121124 15.400000 -9.935025
v -8.061129 15.400000 -9.521251
v -7.978590 15.400000 -9.111073
v -7.873615 15.400000 -8.705428
v -7.746321 15.400000 -8.305259
v -7.596814 15.400000 -7.911505
v -7.425208 15.400000 -7.525105
v -7.412533 15.400000 -7.497275
v -7.401295 15.400000 -7.468936
v -7.391506 15.400000 -7.440143
v -7.383173 15.400000 -7.410950
v -7.376306 15.400000 -7.381417
v -7.370913 15.400000 -7.351597
v -7.367000 15.400000 -7.321548
v -7.364579 15.400000 -7.291325
v -7.363658 15.400000 -7.260982
v -7.364247 15.400000 -7.230575
v -7.366350 15.400000 -7.200159
v -7.369981 15.400000 -7.169793
v -7.375124 15.400000 -7.139647
v -7.381743 15.400000 -7.109886
v -7.389815 15.400000 -7.080564
v -7.399315 15.400000 -7.051733
v -7.410219 15.400000 -7.023442
v -7.422502 15.400000 -6.995739
v -7.436143 15.400000 -6.968680
v -7.451115 15.400000 -6.942314
v -7.467395 15.400000 -6.916690
v -7.484959 15.400000 -6.891863
v -7.503782 15.400000 -6.867881
v -7.523842 15.400000 -6.844800
v -7.544963 15.400000 -6.822727
v -7.567086 15.400000 -6.801796
v -7.590164 15.400000 -6.782037
v -7.614150 15.400000 -6.763476
v -7.638993 15.400000 -6.746144
v -7.664649 15.400000 -6.730069
v -7.691061 15.400000 -6.715281
v -7.718191 15.400000 -6.701805
v -7.745987 15.400000 -6.689671
v -7.774400 15.400000 -6.678907
v -7.803382 15.400000 -6.669542
v -7.832881 15.400000 -6.661606
v -7.862741 15.400000 -6.655150
v -7.892796 15.400000 -6.650202
v -7.922983 15.400000 -6.646760
v -7.953247 15.400000 -6.644819
v -7.983536 15.400000 -6.644374
v -8.013791 15.400000 -6.645424
v -8.043957 15.400000 -6.647965
v -8.073978 15.400000 -6.651998
v -8.103799 15.400000 -6.657515
v -8.133363 15.400000 -6.664513
v -8.162616 15.400000 -6.672987
v -8.191501 15.400000 -6.682938
v -8.591091 15.400000 -6.816836
v -8.995887 15.400000 -6.928184
v -9.404954 15.400000 -7.016957
v -9.817352 15.400000 -7.083139
v -10.232149 15.400000 -7.126706
v -10.648403 15.400000 -7.147635
v -11.065181 15.400000 -7.145907
v -11.481544 15.400000 -7.121499
v -11.896555 15.400000 -7.074389
v -12.309278 15.400000 -7.004556
v -12.718774 15.400000 -6.911976
v -13.124107 15.400000 -6.796633
v -13.522492 15.400000 -6.659186
v -13.911256 15.400000 -6.500690
v -14.289645 15.400000 -6.321698
v -14.656903 15.400000 -6.122764
v -15.012275 15.400000 -5.904442
v -15.355005 15.400000 -5.667288
v -15.684337 15.400000 -5.411854
v -15.999513 15.400000 -5.138691
v -16.299778 15.400000 -4.848359
v -16.584379 15.400000 -4.541411
v -16.852558 15.400000 -4.218396
v -17.103559 15.400000 -3.879874
v -17.335577 15.400000 -3.528069
v -17.547138 15.400000 -3.165441
v -17.737982 15.400000 -2.792890
v -17.907845 15.400000 -2.411314
v -18.056465 15.400000 -2.021618
v -18.183584 15.400000 -1.624698
v -18.288939 15.400000 -1.221455
v -18.372265 15.400000 -0.812788
v -18.433306 15.400000 -0.399598
v -18.471796 15.400000 0.017215
v -18.487476 15.400000 0.436751
v -18.480087 15.400000 0.858107
v -18.449556 15.400000 1.278424
v -18.396212 15.400000 1.694849
v -18.320391 15.400000 2.106509
v -18.222441 15.400000 2.512534
v -18.102699 15.400000 2.912048
v -17.961510 15.400000 3.304179
v -17.799212 15.400000 3.688056
v -17.616152 15.400000 4.062806
v -17.412663 15.400000 4.427554
v -17.189091 15.400000 4.781431
v -16.945776 15.400000 5.123561
v -16.683062 15.400000 5.453070
v -16.401550 15.400000 5.768508
v -16.104240 15.400000 6.066833
v -15.791941 15.400000 6.347554
v -15.465463 15.400000 6.610183
v -15.125618 15.400000 6.854234
v -14.773215 15.400000 7.079225
v -14.409070 15.400000 7.284663
v -14.033990 15.400000 7.470059
v -13.648787 15.400000 7.634932
v -13.254272 15.400000 7.778792
v -12.851255 15.400000 7.901148
v -12.440553 15.400000 8.001529
v -12.024940 15.400000 8.079103
v -11.607284 15.400000 8.133475
v -11.188523 15.400000 8.164752
v -10.769601 15.400000 8.173047
v -10.351455 15.400000 8.158467
v -9.935025 15.400000 8.121124
v -9.521251 15.400000 8.061129
v -9.111073 15.400000 7.978590
v -8.705428 15.400000 7.873615
v -8.305259 15.400000 7.746321
v -7.911505 15.400000 7.596814
v -7.525105 15.400000 7.425208
v -7.497275 15.400000 7.412533
v -7.468936 15.400000 7.401295
v -7.440143 15.400000 7.391506
v -7.410950 15.400000 7.383173
v -7.381417 15.400000 7.376306
v -7.351597 15.400000 7.370913
v -7.321548 15.400000 7.367000
v -7.291325 15.400000 7.364579
v -7.260982 15.400000 7.363658
v -7.230575 15.400000 7.364247
v -7.200159 15.400000 7.366350
v -7.169793 15.400000 7.369981
v -7.139647 15.400000 7.375124
v -7.109886 15.400000 7.381743
v -7.080564 15.400000 7.389815
v -7.051733 15.400000 7.399315
v -7.023442 15.400000 7.410219
v -6.995739 15.400000 7.422502
v -6.968680 15.400000 7.436143
v -6.942314 15.400000 7.451115
v -6.916690 15.400000 7.467395
v -6.891863 15.400000 7.484959
v -6.867881 15.400000 7.503782
v -6.844800 15.400000 7.523842
v -6.822727 15.400000 7.544963
v -6.801796 15.400000 7.567086
v -6.782037 15.400000 7.590164
v -6.763476 15.400000 7.614150
v -6.746144 15.400000 7.638993
v -6.730069 15.400000 7.664649
v -6.715281 15.400000 7.691061
v -6.701805 15.400000 7.718191
v -6.689671 15.400000 7.745987
v -6.678907 15.400000 7.774400
v -6.669542 15.400000 7.803382
v -6.661606 15.400000 7.832881
v -6.655150 15.400000 7.862741
v -6.650202 15.400000 7.892796
v -6.646760 15.400000 7.922983
v -6.644819 15.400000 7.953247
v -6.644374 15.400000 7.983536
v -6.645424 15.400000 8.013791
v -6.647965 15.400000 8.043957
v -6.651998 15.400000 8.073978
v -6.657515 15.400000 8.103799
v -6.664513 15.400000 8.133363
v -6.672987 15.400000 8.162616
v -6.682938 15.400000 8.191501
v -6.816836 15.400000 8.591091
v -6.928184 15.400000 8.995887
v -7.016957 15.400000 9.404954
v -7.083139 15.400000 9.817352
v -7.126706 15.400000 10.232149
v -7.147635 15.400000 10.648403
v -7.145907 15.400000 11.065181
v -7.121499 15.400000 11.481544
v -7.074389 15.400000 11.896555
v -7.004556 15.400000 12.309278
v -6.911976 15.400000 12.718774
v -6.796633 15.400000 13.124107
v -6.659186 15.400000 13.522492
v -6.500690 15.400000 13.911256
v -6.321698 15.400000 14.289645
v -6.122764 15.400000 14.656903
v -5.904442 15.400000 15.012275
v -5.667288 15.400000 15.355005
v -5.411854 15.400000 15.684337
v -5.138691 15.400000 15.999513
v -4.848359 15.400000 16.299778
v -4.541411 15.400000 16.584379
v -4.218396 15.400000 16.852558
v -3.879874 15.400000 17.103559
v -3.528069 15.400000 17.335577
v -3.165441 15.400000 17.547138
v -2.792890 15.400000 17.737982
v -2.411314 15.400000 17.907845
v -2.021618 15.400000 18.056465
v -1.624698 15.400000 18.183584
v -1.221455 15.400000 18.288939
v -0.812788 15.400000 18.372265
v -0.399598 15.400000 18.433306
v 0.017215 15.400000 18.471796
v 0.436751 15.400000 18.487476
v 0.858107 15.400000 18.480087
v 1.278424 15.400000 18.449556
v 1.694849 15.400000 18.396212
v 2.106509 15.400000 18.320391
v 2.512534 15.400000 18.222441
v 2.912048 15.400000 18.102699
v 3.304179 15.400000 17.961510
v 3.688056 15.400000 17.799212
v 4.062806 15.400000 17.616152
v 4.427554 15.400000 17.412663
v 4.781431 15.400000 17.189091
v 5.123561 15.400000 16.945776
v 5.453070 15.400000 16.683062
v 5.768508 15.400000 16.401550
v 6.066833 15.400000 16.104240
v 6.347554 15.400000 15.791941
v 6.610183 15.400000 15.465463
v 6.854234 15.400000 15.125618
v 7.079225 15.400000 14.773215
v 7.284663 15.400000 14.409070
v 7.470059 15.400000 14.033990
v 7.634932 15.400000 13.648787
v 7.778792 15.400000 13.254272
v 7.901148 15.400000 12.851255
v 8.001529 15.400000 12.440553
v 8.079103 15.400000 12.024940
v 8.133475 15.400000 11.607284
v 8.164752 15.400000 11.188523
v 8.173047 15.400000 10.769601
v 8.158467 15.400000 10.351455
v 8.121124 15.400000 9.935025
v 8.061129 15.400000 9.521251
v 7.978590 15.400000 9.111073
v 7.873615 15.400000 8.705428
v 7.746321 15.400000 8.305259
v 7.596814 15.400000 7.911505
v 7.425208 15.400000 7.525105
v 7.412533 15.400000 7.497275
v 7.401295 15.400000 7.468936
v 7.391506 15.400000 7.440143
v 7.383173 15.400000 7.410950
v 7.376306 15.400000 7.381417
v 7.370913 15.400000 7.351597
v 7.367000 15.400000 7.321548
v 7.364579 15.400000 7.291325
v 7.363658 15.400000 7.260982
v 7.364247 15.400000 7.230575
v 7.366350 15.400000 7.200159
v 7.369981 15.400000 7.169793
v 7.375124 15.400000 7.139647
v 7.381743 15.400000 7.109886
v 7.389815 15.400000 7.080564
v 7.399315 15.400000 7.051733
v 7.410219 15.400000 7.023442
v 7.422502 15.400000 6.995739
v 7.436143 15.400000 6.968680
v 7.451115 15.400000 6.942314
v 7.467395 15.400000 6.916690
v 7.484959 15.400000 6.891863
v 7.503782 15.400000 6.867881
v 7.523842 15.400000 6.844800
v 7.544963 15.400000 6.822727
v 7.567086 15.400000 6.801796
v 7.590164 15.400000 6.782037
v 7.614150 15.400000 6.763476
v 7.638993 15.400000 6.746144
v 7.664649 15.400000 6.730069
v 7.691061 15.400000 6.715281
v 7.718191 15.400000 6.701805
v 7.745987 15.400000 6.689671
v 7.774400 15.400000 6.678907
v 7.803382 15.400000 6.669542
v 7.832881 15.400000 6.661606
v 7.862741 15.400000 6.655150
v 7.892796 15.400000 6.650202
v 7.922983 15.400000 6.646760
v 7.953247 15.400000 6.644819
v 7.983536 15.400000 6.644374
v 8.013791 15.400000 6.645424
v 8.043957 15.400000 6.647965
v 8.073978 15.400000 6.651998
v 8.103799 15.400000 6.657515
v 8.133363 15.400000 6.664513
v 8.162616 15.400000 6.672987
v 8.191501 15.400000 6.682938
v 8.591091 15.400000 6.816836
v 8.995887 15.400000 6.928184
v 9.404954 15.400000 7.016957
v 9.817352 15.400000 7.083139
v 10.232149 15.400000 7.126706
v 10.648403 15.400000 7.147635
v 11.065181 15.400000 7.145907
v 11.481544 15.400000 7.121499
v 11.896555 15.400000 7.074389
v 12.309278 15.400000 7.004556
v 12.718774 15.400000 6.911976
v 13.124107 15.400000 6.796633
v 13.522492 15.400000 6.659186
v 13.911256 15.400000 6.500690
v 14.289645 15.400000 6.321698
v 14.656903 15.400000 6.122764
v 15.012275 15.400000 5.904442
v 15.355005 15.400000 5.667288
v 15.684337 15.400000 5.411854
v 15.999513 15.400000 5.138691
v 16.299778 15.400000 4.848359
v 16.584379 15.400000 4.541411
v 16.852558 15.400000 4.218396
v 17.103559 15.400000 3.879874
v 17.335577 15.400000 3.528069
v 17.547138 15.400000 3.165441
v 17.737982 15.400000 2.792890
v 17.907845 15.400000 2.411314
v 18.056465 15.400000 2.021618
v 18.183584 15.400000 1.624698
v 18.288939 15.400000 1.221455
v 18.372265 15.400000 0.812788
v 18.433306 15.400000 0.399598
v 18.471796 15.400000 -0.017215
v 18.487476 15.400000 -0.436751
v 18.480087 15.400000 -0.858107
v 18.449556 15.400000 -1.278424
v 18.396212 15.400000 -1.694849
v 18.320391 15.400000 -2.106509
v 18.222441 15.400000 -2.512534
v 18.102699 15.400000 -2.912048
v 17.961510 15.400000 -3.304179
v 17.799212 15.400000 -3.688056
v 17.616152 15.400000 -4.062806
v 17.412663 15.400000 -4.427554
v 17.189091 15.400000 -4.781431
v 16.945776 15.400000 -5.123561
v 16.683062 17.600000 -5.453070
v 16.401550 17.600000 -5.768508
v 16.104240 17.600000 -6.066833
v 15.791941 17.600000 -6.347554
v 15.465463 17.600000 -6.610183
v 15.125618 17.600000 -6.854234
v 14.773215 17.600000 -7.079225
v 14.409070 17.600000 -7.284663
v 14.033990 17.600000 -7.470059
v 13.648787 17.600000 -7.634932
v 13.254272 17.600000 -7.778792
v 12.851255 17.600000 -7.901148
v 12.440553 17.600000 -8.001529
v 12.024940 17.600000 -8.079103
v 11.607284 17.600000 -8.133475
v 11.188523 17.600000 -8.164752
v 10.769601 17.600000 -8.173047
v 10.351455 17.600000 -8.158467
v 9.935025 17.600000 -8.121124
v 9.521251 17.600000 -8.061129
v 9.111073 17.600000 -7.978590
v 8.705428 17.600000 -7.873615
v 8.305259 17.600000 -7.746321
v 7.911505 17.600000 -7.596814
v 7.525105 17.600000 -7.425208
v 7.497275 17.600000 -7.412533
v 7.468936 17.600000 -7.401295
v 7.440143 17.600000 -7.391506
v 7.410950 17.600000 -7.383173
v 7.381417 17.600000 -7.376306
v 7.351597 17.600000 -7.370913
v 7.321548 17.600000 -7.367000
v 7.291325 17.600000 -7.364579
v 7.260982 17.600000 -7.363658
v 7.230575 17.600000 -7.364247
v 7.200159 17.600000 -7.366350
v 7.169793 17.600000 -7.369981
v 7.139647 17.600000 -7.375124
v 7.109886 17.600000 -7.381743
v 7.080564 17.600000 -7.389815
v 7.051733 17.600000 -7.399315
v 7.023442 17.600000 -7.410219
v 6.995739 17.600000 -7.422502
v 6.968680 17.600000 -7.436143
v 6.942314 17.600000 -7.451115
v 6.916690 17.600000 -7.467395
v 6.891863 17.600000 -7.484959
v 6.867881 17.600000 -7.503782
v 6.844800 17.600000 -7.523842
v 6.822727 17.600000 -7.544963
v 6.801796 17.600000 -7.567086
v 6.782037 17.600000 -7.590164
v 6.763476 17.600000 -7.614150
v 6.746144 17.600000 -7.638993
v 6.730069 17.600000 -7.664649
v 6.715281 17.600000 -7.691061
v 6.701805 17.600000 -7.718191
v 6.689671 17.600000 -7.745987
v 6.678907 17.600000 -7.774400
v 6.669542 17.600000 -7.803382
v 6.661606 17.600000 -7.832881
v 6.655150 17.600000 -7.862741
v 6.650202 17.600000 -7.892796
v 6.646760 17.600000 -7.922983
v 6.644819 17.600000 -7.953247
v 6.644374 17.600000 -7.983536
v 6.645424 17.600000 -8.013791
v 6.647965 17.600000 -8.043957
v 6.651998 17.600000 -8.073978
v 6.657515 17.600000 -8.103799
v 6.664513 17.600000 -8.133363
v 6.672987 17.600000 -8.162616
v 6.682938 17.600000 -8.191501
v 6.816836 17.600000 -8.591091
v 6.928184 17.600000 -8.995887
v 7.016957 17.600000 -9.404954
v 7.083139 17.600000 -9.817352
v 7.126706 17.600000 -10.232149
v 7.147635 17.600000 -10.648403
v 7.145907 17.600000 -11.065181
v 7.121499 17.600000 -11.481544
v 7.074389 17.600000 -11.896555
v 7.004556 17.600000 -12.309278
v 6.911976 17.600000 -12.718774
v 6.796633 17.600000 -13.124107
v 6.659186 17.600000 -13.522492
v 6.500690 17.600000 -13.911256
v 6.321698 17.600000 -14.289645
v 6.122764 17.600000 -14.656903
v 5.904442 17.600000 -15.012275
v 5.667288 17.600000 -15.355005
v 5.411854 17.600000 -15.684337
v 5.138691 17.600000 -15.999513
v 4.848359 17.600000 -16.299778
v 4.541411 17.600000 -16.584379
v 4.218396 17.600000 -16.852558
v 3.879874 17.600000 -17.103559
v 3.528069 17.600000 -17.335577
v 3.165441 17.600000 -17.547138
v 2.792890 17.600000 -17.737982
v 2.411314 17.600000 -17.907845
v 2.021618 17.600000 -18.056465
v 1.624698 17.600000 -18.183584
v 1.221455 17.600000 -18.288939
v 0.812788 17.600000 -18.372265
v 0.399598 17.600000 -18.433306
v -0.017215 17.600000 -18.471796
v -0.436751 17.600000 -18.487476
v -0.858107 17.600000 -18.480087
v -1.278424 17.600000 -18.449556
v -1.694849 17.600000 -18.396212
v -2.106509 17.600000 -18.320391
v -2.512534 17.600000 -18.222441
v -2.912048 17.600000 -18.102699
v -3.304179 17.600000 -17.961510
v -3.688056 17.600000 -17.799212
v -4.062806 17.600000 -17.616152
v -4.427554 17.600000 -17.412663
v -4.781431 17.600000 -17.189091
v -5.123561 17.600000 -16.945776
v -5.453070 17.600000 -16.683062
v -5.768508 17.600000 -16.401550
v -6.066833 17.600000 -16.104240
v -6.347554 17.600000 -15.791941
v -6.610183 17.600000 -15.465463
v -6.854234 17.600000 -15.125618
v -7.079225 17.600000 -14.773215
v -7.284663 17.600000 -14.409070
v -7.470059 17.600000 -14.033990
v -7.634932 17.600000 -13.648787
v -7.778792 17.600000 -13.254272
v -7.901148 17.600000 -12.851255
v -8.001529 17.600000 -12.440553
v -8.079103 17.600000 -12.024940
v -8.133475 17.600000 -11.607284
v -8.164752 17.600000 -11.188523
v -8.173047 17.600000 -10.769601
v -8.158467 17.600000 -10.351455
v -8.121124 17.600000 -9.935025
v -8.061129 17.600000 -9.521251
v -7.978590 17.600000 -9.111073
v -7.873615 17.600000 -8.705428
v -7.746321 17.600000 -8.305259
v -7.596814 17.600000 -7.911505
v -7.425208 17.600000 -7.525105
v -7.412533 17.600000 -7.497275
v -7.401295 17.600000 -7.468936
v -7.391506 17.600000 -7.440143
v -7.383173 17.600000 -7.410950
v -7.376306 17.600000 -7.381417
v -7.370913 17.600000 -7.351597
v -7.367000 17.600000 -7.321548
v -7.364579 17.600000 -7.291325
v -7.363658 17.600000 -7.260982
v -7.364247 17.600000 -7.230575
v -7.366350 17.600000 -7.200159
v -7.369981 17.600000 -7.169793
v -7.375124 17.600000 -7.139647
v -7.381743 17.600000 -7.109886
v -7.389815 17.600000 -7.080564
v -7.399315 17.600000 -7.051733
v -7.410219 17.600000 -7.023442
v -7.422502 17.600000 -6.995739
v -7.436143 17.600000 -6.968680
v -7.451115 17.600000 -6.942314
v -7.467395 17.600000 -6.916690
v -7.484959 17.600000 -6.891863
v -7.503782 17.600000 -6.867881
v -7.523842 17.600000 -6.844800
v -7.544963 17.600000 -6.822727
v -7.567086 17.600000 -6.801796
v -7.590164 17.600000 -6.782037
v -7.614150 17.600000 -6.763476
v -7.638993 17.600000 -6.746144
v -7.664649 17.600000 -6.730069
v -7.691061 17.600000 -6.715281
v -7.718191 17.600000 -6.701805
v -7.745987 17.600000 -6.689671
v -7.774400 17.600000 -6.678907
v -7.803382 17.600000 -6.669542
v -7.832881 17.600000 -6.661606
v -7.862741 17.600000 -6.655150
v -7.892796 17.600000 -6.650202
v -7.922983 17.600000 -6.646760
v -7.953247 17.600000 -6.644819
v -7.983536 17.600000 -6.644374
v -8.013791 17.600000 -6.645424
v -8.043957 17.600000 -6.647965
v -8.073978 17.600000 -6.651998
v -8.103799 17.600000 -6.657515
v -8.133363 17.600000 -6.664513
v -8.162616 17.600000 -6.672987
v -8.191501 17.600000 -6.682938
v -8.591091 17.600000 -6.816836
v -8.995887 17.600000 -6.928184
v -9.404954 17.600000 -7.016957
v -9.817352 17.600000 -7.083139
v -10.232149 17.600000 -7.126706
v -10.648403 17.600000 -7.147635
v -11.065181 17.600000 -7.145907
v -11.481544 17.600000 -7.121499
v -11.896555 17.600000 -7.074389
v -12.309278 17.600000 -7.004556
v -12.718774 17.600000 -6.911976
v -13.124107 17.600000 -6.796633
v -13.522492 17.600000 -6.659186
v -13.911256 17.600000 -6.500690
v -14.289645 17.600000 -6.321698
v -14.656903 17.600000 -6.122764
v -15.012275 17.600000 -5.904442
v -15.355005 17.600000 -5.667288
v -15.684337 17.600000 -5.411854
v -15.999513 17.600000 -5.138691
v -16.299778 17.600000 -4.848359
v -16.584379 17.600000 -4.541411
v -16.852558 17.600000 -4.218396
v -17.103559 17.600000 -3.879874
v -17.335577 17.600000 -3.528069
v -17.547138 17.600000 -3.165441
v -17.737982 17.600000 -2.792890
v -17.907845 17.600000 -2.411314
v -18.056465 17.600000 -2.021618
v -18.183584 17.600000 -1.624698
v -18.288939 17.600000 -1.221455
v -18.372265 17.600000 -0.812788
v -18.433306 17.600000 -0.399598
v -18.471796 17.600000 0.017215
v -18.487476 17.600000 0.436751
v -18.480087 17.600000 0.858107
v -18.449556 17.600000 1.278424
v -18.396212 17.600000 1.694849
v -18.320391 17.600000 2.106509
v -18.222441 17.600000 2.512534
v -18.102699 17.600000 2.912048
v -17.961510 17.600000 3.304179
v -17.799212 17.600000 3.688056
v -17.616152 17.600000 4.062806
v -17.412663 17.600000 4.427554
v -17.189091 17.600000 4.781431
v -16.945776 17.600000 5.123561
v -16.683062 17.600000 5.453070
v -16.401550 17.600000 5.768508
v -16.104240 17.600000 6.066833
v -15.791941 17.600000 6.347554
v -15.465463 17.600000 6.610183
v -15.125618 17.600000 6.854234
v -14.773215 17.600000 7.079225
v -14.409070 17.600000 7.284663
v -14.033990 17.600000 7.470059
v -13.648787 17.600000 7.634932
v -13.254272 17.600000 7.778792
v -12.851255 17.600000 7.901148
v -12.440553 17.600000 8.001529
v -12.024940 17.600000 8.079103
v -11.607284 17.600000 8.133475
v -11.188523 17.600000 8.164752
v -10.769601 17.600000 8.173047
v -10.351455 17.600000 8.158467
v -9.935025 17.600000 8.121124
v -9.521251 17.600000 8.061129
v -9.111073 17.600000 7.978590
v -8.705428 17.600000 7.873615
v -8.305259 17.600000 7.746321
v -7.911505 17.600000 7.596814
v -7.525105 17.600000 7.425208
v -7.497275 17.600000 7.412533
v -7.468936 17.600000 7.401295
v -7.440143 17.600000 7.391506
v -7.410950 17.600000 7.383173
v -7.381417 17.600000 7.376306
v -7.351597 17.600000 7.370913
v -7.321548 17.600000 7.367000
v -7.291325 17.600000 7.364579
v -7.260982 17.600000 7.363658
v -7.230575 17.600000 7.364247
v -7.200159 17.600000 7.366350
v -7.169793 17.600000 7.369981
v -7.139647 17.600000 7.375124
v -7.109886 17.600000 7.381743
v -7.080564 17.600000 7.389815
v -7.051733 17.600000 7.399315
v -7.023442 17.600000 7.410219
v -6.995739 17.600000 7.422502
v -6.968680 17.600000 7.436143
v -6.942314 17.600000 7.451115
v -6.916690 17.600000 7.467395
v -6.891863 17.600000 7.484959
v -6.867881 17.600000 7.503782
v -6.844800 17.600000 7.523842
v -6.822727 17.600000 7.544963
v -6.801796 17.600000 7.567086
v -6.782037 17.600000 7.590164
v -6.763476 17.600000 7.614150
v -6.746144 17.600000 7.638993
v -6.730069 17.600000 7.664649
v -6.715281 17.600000 7.691061
v -6.701805 17.600000 7.718191
v -6.689671 17.600000 7.745987
v -6.678907 17.600000 7.774400
v -6.669542 17.600000 7.803382
v -6.661606 17.600000 7.832881
v -6.655150 17.600000 7.862741
v -6.650202 17.600000 7.892796
v -6.646760 17.600000 7.922983
v -6.644819 17.600000 7.953247
v -6.644374 17.600000 7.983536
v -6.645424 17.600000 8.013791
v -6.647965 17.600000 8.043957
v -6.651998 17.600000 8.073978
v -6.657515 17.600000 8.103799
v -6.664513 17.600000 8.133363
v -6.672987 17.600000 8.162616
v -6.682938 17.600000 8.191501
v -6.816836 17.600000 8.591091
v -6.928184 17.600000 8.995887
v -7.016957 17.600000 9.404954
v -7.083139 17.600000 9.817352
v -7.126706 17.600000 10.232149
v -7.147635 17.600000 10.648403
v -7.145907 17.600000 11.065181
v -7.121499 17.600000 11.481544
v -7.074389 17.600000 11.896555
v -7.004556 17.600000 12.309278
v -6.911976 17.600000 12.718774
v -6.796633 17.600000 13.124107
v -6.659186 17.600000 13.522492
v -6.500690 17.600000 13.911256
v -6.321698 17.600000 14.289645
v -6.122764 17.600000 14.656903
v -5.904442 17.600000 15.012275
v -5.667288 17.600000 15.355005
v -5.411854 17.600000 15.684337
v -5.138691 17.600000 15.999513
v -4.848359 17.600000 16.299778
v -4.541411 17.600000 16.584379
v -4.218396 17.600000 16.852558
v -3.879874 17.600000 17.103559
v -3.528069 17.600000 17.335577
v -3.165441 17.600000 17.547138
v -2.792890 17.600000 17.737982
v -2.411314 17.600000 17.907845
v -2.021618 17.600000 18.056465
v -1.624698 17.600000 18.183584
v -1.221455 17.600000 18.288939
v -0.812788 17.600000 18.372265
v -0.399598 17.600000 18.433306
v 0.017215 17.600000 18.471796
v 0.436751 17.600000 18.487476
v 0.858107 17.600000 18.480087
v 1.278424 17.600000 18.449556
v 1.694849 17.600000 18.396212
v 2.106509 17.600000 18.320391
v 2.512534 17.600000 18.222441
v 2.912048 17.600000 18.102699
v 3.304179 17.600000 17.961510
v 3.688056 17.600000 17.799212
v 4.062806 17.600000 17.616152
v 4.427554 17.600000 17.412663
v 4.781431 17.600000 17.189091
v 5.123561 17.600000 16.945776
v 5.453070 17.600000 16.683062
v 5.768508 17.600000 16.401550
v 6.066833 17.600000 16.104240
v 6.347554 17.600000 15.791941
v 6.610183 17.600000 15.465463
v 6.854234 17.600000 15.125618
v 7.079225 17.600000 14.773215
v 7.284663 17.600000 14.409070
v 7.470059 17.600000 14.033990
v 7.634932 17.600000 13.648787
v 7.778792 17.600000 13.254272
v 7.901148 17.600000 12.851255
v 8.001529 17.600000 12.440553
v 8.079103 17.600000 12.024940
v 8.133475 17.600000 11.607284
v 8.164752 17.600000 11.188523
v 8.173047 17.600000 10.769601
v 8.158467 17.600000 10.351455
v 8.121124 17.600000 9.935025
v 8.061129 17.600000 9.521251
v 7.978590 17.600000 9.111073
v 7.873615 17.600000 8.705428
v 7.746321 17.600000 8.305259
v 7.596814 17.600000 7.911505
v 7.425208 17.600000 7.525105
v 7.412533 17.600000 7.497275
v 7.401295 17.600000 7.468936
v 7.391506 17.600000 7.440143
v 7.383173 17.600000 7.410950
v 7.376306 17.600000 7.381417
v 7.370913 17.600000 7.351597
v 7.367000 17.600000 7.321548
v 7.364579 17.600000 7.291325
v 7.363658 17.600000 7.260982
v 7.364247 17.600000 7.230575
v 7.366350 17.600000 7.200159
v 7.369981 17.600000 7.169793
v 7.375124 17.600000 7.139647
v 7.381743 17.600000 7.109886
v 7.389815 17.600000 7.080564
v 7.399315 17.600000 7.051733
v 7.410219 17.600000 7.023442
v 7.422502 17.600000 6.995739
v 7.436143 17.600000 6.968680
v 7.451115 17.600000 6.942314
v 7.467395 17.600000 6.916690
v 7.484959 17.600000 6.891863
v 7.503782 17.600000 6.867881
v 7.523842 17.600000 6.844800
v 7.544963 17.600000 6.822727
v 7.567086 17.600000 6.801796
v 7.590164 17.600000 6.782037
v 7.614150 17.600000 6.763476
v 7.638993 17.600000 6.746144
v 7.664649 17.600000 6.730069
v 7.691061 17.600000 6.715281
v 7.718191 17.600000 6.701805
v 7.745987 17.600000 6.689671
v 7.774400 17.600000 6.678907
v 7.803382 17.600000 6.669542
v 7.832881 17.600000 6.661606
v 7.862741 17.600000 6.655150
v 7.892796 17.600000 6.650202
v 7.922983 17.600000 6.646760
v 7.953247 17.600000 6.644819
v 7.983536 17.600000 6.644374
v 8.013791 17.600000 6.645424
v 8.043957 17.600000 6.647965
v 8.073978 17.600000 6.651998
v 8.103799 17.600000 6.657515
v 8.133363 17.600000 6.664513
v 8.162616 17.600000 6.672987
v 8.191501 17.600000 6.682938
v 8.591091 17.600000 6.816836
v 8.995887 17.600000 6.928184
v 9.404954 17.600000 7.016957
v 9.817352 17.600000 7.083139
v 10.232149 17.600000 7.126706
v 10.648403 17.600000 7.147635
v 11.065181 17.600000 7.145907
v 11.481544 17.600000 7.121499
v 11.896555 17.600000 7.074389
v 12.309278 17.600000 7.004556
v 12.718774 17.600000 6.911976
v 13.124107 17.600000 6.796633
v 13.522492 17.600000 6.659186
v 13.911256 17.600000 6.500690
v 14.289645 17.600000 6.321698
v 14.656903 17.600000 6.122764
v 15.012275 17.600000 5.904442
v 15.355005 17.600000 5.667288
v 15.684337 17.600000 5.411854
v 15.999513 17.600000 5.138691
v 16.299778 17.600000 4.848359
v 16.584379 17.600000 4.541411
v 16.852558 17.600000 4.218396
v 17.103559 17.600000 3.879874
v 17.335577 17.600000 3.528069
v 17.547138 17.600000 3.165441
v 17.737982 17.600000 2.792890
v 17.907845 17.600000 2.411314
v 18.056465 17.600000 2.021618
v 18.183584 17.600000 1.624698
v 18.288939 17.600000 1.221455
v 18.372265 17.600000 0.812788
v 18.433306 17.600000 0.399598
v 18.471796 17.600000 -0.017215
v 18.487476 17.600000 -0.436751
v 18.480087 17.600000 -0.858107
v 18.449556 17.600000 -1.278424
v 18.396212 17.600000 -1.694849
v 18.320391 17.600000 -2.106509
v 18.222441 17.600000 -2.512534
v 18.102699 17.600000 -2.912048
v 17.961510 17.600000 -3.304179
v 17.799212 17.600000 -3.688056
v 17.616152 17.600000 -4.062806
v 17.412663 17.600000 -4.427554
v 17.189091 17.600000 -4.781431
v 16.945776 17.600000 -5.123561
v 16.683062 19.799999 -5.453070
v 16.401550 19.799999 -5.768508
v 16.104240 19.799999 -6.066833
v 15.791941 19.799999 -6.347554
v 15.465463 19.799999 -6.610183
v 15.125618 19.799999 -6.854234
v 14.773215 19.799999 -7.079225
v 14.409070 19.799999 -7.284663
v 14.033990 19.799999 -7.470059
v 13.648787 19.799999 -7.634932
v 13.254272 19.799999 -7.778792
v 12.851255 19.799999 -7.901148
v 12.440553 19.799999 -8.001529
v 12.024940 19.799999 -8.079103
v 11.607284 19.799999 -8.133475
v 11.188523 19.799999 -8.164752
v 10.769601 19.799999 -8.173047
v 10.351455 19.799999 -8.158467
v 9.935025 19.799999 -8.121124
v 9.521251 19.799999 -8.061129
v 9.111073 19.799999 -7.978590
v 8.705428 19.799999 -7.873615
v 8.305259 19.799999 -7.746321
v 7.911505 19.799999 -7.596814
v 7.525105 19.799999 -7.425208
v 7.497275 19.799999 -7.412533
v 7.468936 19.799999 -7.401295
v 7.440143 19.799999 -7.391506
v 7.410950 19.799999 -7.383173
v 7.381417 19.799999 -7.376306
v 7.351597 19.799999 -7.370913
v 7.321548 19.799999 -7.367000
v 7.291325 19.799999 -7.364579
v 7.260982 19.799999 -7.363658
v 7.230575 19.799999 -7.364247
v 7.200159 19.799999 -7.366350
v 7.169793 19.799999 -7.369981
v 7.139647 19.799999 -7.375124
v 7.109886 19.799999 -7.381743
v 7.080564 19.799999 -7.389815
v 7.051733 19.799999 -7.399315
v 7.023442 19.799999 -7.410219
v 6.995739 19.799999 -7.422502
v 6.968680 19.799999 -7.436143
v 6.942314 19.799999 -7.451115
v 6.916690 19.799999 -7.467395
v 6.891863 19.799999 -7.484959
v 6.867881 19.799999 -7.503782
v 6.844800 19.799999 -7.523842
v 6.822727 19.799999 -7.544963
v 6.801796 19.799999 -7.567086
v 6.782037 19.799999 -7.590164
v 6.763476 19.799999 -7.614150
v 6.746144 19.799999 -7.638993
v 6.730069 19.799999 -7.664649
v 6.715281 19.799999 -7.691061
v 6.701805 19.799999 -7.718191
v 6.689671 19.799999 -7.745987
v 6.678907 19.799999 -7.774400
v 6.669542 19.799999 -7.803382
v 6.661606 19.799999 -7.832881
v 6.655150 19.799999 -7.862741
v 6.650202 19.799999 -7.892796
v 6.646760 19.799999 -7.922983
v 6.644819 19.799999 -7.953247
v 6.644374 19.799999 -7.983536
v 6.645424 19.799999 -8.013791
v 6.647965 19.799999 -8.043957
v 6.651998 19.799999 -8.073978
v 6.657515 19.799999 -8.103799
v 6.664513 19.799999 -8.133363
v 6.672987 19.799999 -8.162616
v 6.682938 19.799999 -8.191501
v 6.816836 19.799999 -8.591091
v 6.928184 19.799999 -8.995887
v 7.016957 19.799999 -9.404954
v 7.083139 19.799999 -9.817352
v 7.126706 19.799999 -10.232149
v 7.147635 19.799999 -10.648403
v 7.145907 19.799999 -11.065181
v 7.121499 19.799999 -11.481544
v 7.074389 19.799999 -11.896555
v 7.004556 19.799999 -12.309278
v 6.911976 19.799999 -12.718774
v 6.796633 19.799999 -13.124107
v 6.659186 19.799999 -13.522492
v 6.500690 19.799999 -13.911256
v 6.321698 19.799999 -14.289645
v 6.122764 19.799999 -14.656903
v 5.904442 19.799999 -15.012275
v 5.667288 19.799999 -15.355005
v 5.411854 19.799999 -15.684337
v 5.138691 19.799999 -15.999513
v 4.848359 19.799999 -16.299778
v 4.541411 19.799999 -16.584379
v 4.218396 19.799999 -16.852558
v 3.879874 19.799999 -17.103559
v 3.528069 19.799999 -17.335577
v 3.165441 19.799999 -17.547138
v 2.792890 19.799999 -17.737982
v 2.411314 19.799999 -17.907845
v 2.021618 19.799999 -18.056465
v 1.624698 19.799999 -18.183584
v 1.221455 19.799999 -18.288939
v 0.812788 19.799999 -18.372265
v 0.399598 19.799999 -18.433306
v -0.017215 19.799999 -18.471796
v -0.436751 19.799999 -18.487476
v -0.858107 19.799999 -18.480087
v -1.278424 19.799999 -18.449556
v -1.694849 19.799999 -18.396212
v -2.106509 19.799999 -18.320391
v -2.512534 19.799999 -18.222441
v -2.912048 19.799999 -18.102699
v -3.304179 19.799999 -17.961510
v -3.688056 19.799999 -17.799212
v -4.062806 19.799999 -17.616152
v -4.427554 19.799999 -17.412663
v -4.781431 19.799999 -17.189091
v -5.123561 19.799999 -16.945776
v -5.453070 19.799999 -16.683062
v -5.768508 19.799999 -16.401550
v -6.066833 19.799999 -16.104240
v -6.347554 19.799999 -15.791941
v -6.610183 19.799999 -15.465463
v -6.854234 19.799999 -15.125618
v -7.079225 19.799999 -14.773215
v -7.284663 19.799999 -14.409070
v -7.470059 19.799999 -14.033990
v -7.634932 19.799999 -13.648787
v -7.778792 19.799999 -13.254272
v -7.901148 19.799999 -12.851255
v -8.001529 19.799999 -12.440553
v -8.079103 19.799999 -12.024940
v -8.133475 19.799999 -11.607284
v -8.164752 19.799999 -11.188523
v -8.173047 19.799999 -10.769601
v -8.158467 19.799999 -10.351455
v -8.121124 19.799999 -9.935025
v -8.061129 19.799999 -9.521251
v -7.978590 19.799999 -9.111073
v -7.873615 19.799999 -8.705428
v -7.746321 19.799999 -8.305259
v -7.596814 19.799999 -7.911505
v -7.425208 19.799999 -7.525105
v -7.412533 19.799999 -7.497275
v -7.401295 19.799999 -7.468936
v -7.391506 19.799999 -7.440143
v -7.383173 19.799999 -7.410950
v -7.376306 19.799999 -7.381417
v -7.370913 19.799999 -7.351597
v -7.367000 19.799999 -7.321548
v -7.364579 19.799999 -7.291325
v -7.363658 19.799999 -7.260982
v -7.364247 19.799999 -7.230575
v -7.366350 19.799999 -7.200159
v -7.369981 19.799999 -7.169793
v -7.375124 19.799999 -7.139647
v -7.381743 19.799999 -7.109886
v -7.389815 19.799999 -7.080564
v -7.399315 19.799999 -7.051733
v -7.410219 19.799999 -7.023442
v -7.422502 19.799999 -6.995739
v -7.436143 19.799999 -6.968680
v -7.451115 19.799999 -6.942314
v -7.467395 19.799999 -6.916690
v -7.484959 19.799999 -6.891863
v -7.503782 19.799999 -6.867881
v -7.523842 19.799999 -6.844800
v -7.544963 19.799999 -6.822727
v -7.567086 19.799999 -6.801796
v -7.590164 19.799999 -6.782037
v -7.614150 19.799999 -6.763476
v -7.638993 19.799999 -6.746144
v -7.664649 19.799999 -6.730069
v -7.691061 19.799999 -6.715281
v -7.718191 19.799999 -6.701805
v -7.745987 19.799999 -6.689671
v -7.774400 19.799999 -6.678907
v -7.803382 19.799999 -6.669542
v -7.832881 19.799999 -6.661606
v -7.862741 19.799999 -6.655150
v -7.892796 19.799999 -6.650202
v -7.922983 19.799999 -6.646760
v -7.953247 19.799999 -6.644819
v -7.983536 19.799999 -6.644374
v -8.013791 19.799999 -6.645424
v -8.043957 19.799999 -6.647965
v -8.073978 19.799999 -6.651998
v -8.103799 19.799999 -6.657515
v -8.133363 19.799999 -6.664513
v -8.162616 19.799999 -6.672987
v -8.191501 19.799999 -6.682938
v -8.591091 19.799999 -6.816836
v -8.995887 19.799999 -6.928184
v -9.404954 19.799999 -7.016957
v -9.817352 19.799999 -7.083139
v -10.232149 19.799999 -7.126706
v -10.648403 19.799999 -7.147635
v -11.065181 19.799999 -7.145907
v -11.481544 19.799999 -7.121499
v -11.896555 19.799999 -7.074389
v -12.309278 19.799999 -7.004556
v -12.718774 19.799999 -6.911976
v -13.124107 19.799999 -6.796633
v -13.522492 19.799999 -6.659186
v -13.911256 19.799999 -6.500690
v -14.289645 19.799999 -6.321698
v -14.656903 19.799999 -6.122764
v -15.012275 19.799999 -5.904442
v -15.355005 19.799999 -5.667288
v -15.684337 19.799999 -5.411854
v -15.999513 19.799999 -5.138691
v -16.299778 19.799999 -4.848359
v -16.584379 19.799999 -4.541411
v -16.852558 19.799999 -4.218396
v -17.103559 19.799999 -3.879874
v -17.335577 19.799999 -3.528069
v -17.547138 19.799999 -3.165441
v -17.737982 19.799999 -2.792890
v -17.907845 19.799999 -2.411314
v -18.056465 19.799999 -2.021618
v -18.183584 19.799999 -1.624698
v -18.288939 19.799999 -1.221455
v -18.372265 19.799999 -0.812788
v -18.433306 19.799999 -0.399598
v -18.471796 19.799999 0.017215
v -18.487476 19.799999 0.436751
v -18.480087 19.799999 0.858107
v -18.449556 19.799999 1.278424
v -18.396212 19.799999 1.694849
v -18.320391 19.799999 2.106509
v -18.222441 19.799999 2.512534
v -18.102699 19.799999 2.912048
v -17.961510 19.799999 3.304179
v -17.799212 19.799999 3.688056
v -17.616152 19.799999 4.062806
v -17.412663 19.799999 4.427554
v -17.189091 19.799999 4.781431
v -16.945776 19.799999 5.123561
v -16.683062 19.799999 5.453070
v -16.401550 19.799999 5.768508
v -16.104240 19.799999 6.066833
v -15.791941 19.799999 6.347554
v -15.465463 19.799999 6.610183
v -15.125618 19.799999 6.854234
v -14.773215 19.799999 7.079225
v -14.409070 19.799999 7.284663
v -14.033990 19.799999 7.470059
v -13.648787 19.799999 7.634932
v -13.254272 19.799999 7.778792
v -12.851255 19.799999 7.901148
v -12.440553 19.799999 8.001529
v -12.024940 19.799999 8.079103
v -11.607284 19.799999 8.133475
v -11.188523 19.799999 8.164752
v -10.769601 19.799999 8.173047
v -10.351455 19.799999 8.158467
v -9.935025 19.799999 8.121124
v -9.521251 19.799999 8.061129
v -9.111073 19.799999 7.978590
v -8.705428 19.799999 7.873615
v -8.305259 19.799999 7.746321
v -7.911505 19.799999 7.596814
v -7.525105 19.799999 7.425208
v -7.497275 19.799999 7.412533
v -7.468936 19.799999 7.401295
v -7.440143 19.799999 7.391506
v -7.410950 19.799999 7.383173
v -7.381417 19.799999 7.376306
v -7.351597 19.799999 7.370913
v -7.321548 19.799999 7.367000
v -7.291325 19.799999 7.364579
v -7.260982 19.799999 7.363658
v -7.230575 19.799999 7.364247
v -7.200159 19.799999 7.366350
v -7.169793 19.799999 7.369981
v -7.139647 19.799999 7.375124
v -7.109886 19.799999 7.381743
v -7.080564 19.799999 7.389815
v -7.051733 19.799999 7.399315
v -7.023442 19.799999 7.410219
v -6.995739 19.799999 7.422502
v -6.968680 19.799999 7.436143
v -6.942314 19.799999 7.451115
v -6.916690 19.799999 7.467395
v -6.891863 19.799999 7.484959
v -6.867881 19.799999 7.503782
v -6.844800 19.799999 7.523842
v -6.822727 19.799999 7.544963
v -6.801796 19.799999 7.567086
v -6.782037 19.799999 7.590164
v -6.763476 19.799999 7.614150
v -6.746144 19.799999 7.638993
v -6.730069 19.799999 7.664649
v -6.715281 19.799999 7.691061
v -6.701805 19.799999 7.718191
v -6.689671 19.799999 7.745987
v -6.678907 19.799999 7.774400
v -6.669542 19.799999 7.803382
v -6.661606 19.799999 7.832881
v -6.655150 19.799999 7.862741
v -6.650202 19.799999 7.892796
v -6.646760 19.799999 7.922983
v -6.644819 19.799999 7.953247
v -6.644374 19.799999 7.983536
v -6.645424 19.799999 8.013791
v -6.647965 19.799999 8.043957
v -6.651998 19.799999 8.073978
v -6.657515 19.799999 8.103799
v -6.664513 19.799999 8.133363
v -6.672987 19.799999 8.162616
v -6.682938 19.799999 8.191501
v -6.816836 19.799999 8.591091
v -6.928184 19.799999 8.995887
v -7.016957 19.799999 9.404954
v -7.083139 19.799999 9.817352
v -7.126706 19.799999 10.232149
v -7.147635 19.799999 10.648403
v -7.145907 19.799999 11.065181
v -7.121499 19.799999 11.481544
v -7.074389 19.799999 11.896555
v -7.004556 19.799999 12.309278
v -6.911976 19.799999 12.718774
v -6.796633 19.799999 13.124107
v -6.659186 19.799999 13.522492
v -6.500690 19.799999 13.911256
v -6.321698 19.799999 14.289645
v -6.122764 19.799999 14.656903
v -5.904442 19.799999 15.012275
v -5.667288 19.799999 15.355005
v -5.411854 19.799999 15.684337
v -5.138691 19.799999 15.999513
v -4.848359 19.799999 16.299778
v -4.541411 19.799999 16.584379
v -4.218396 19.799999 16.852558
v -3.879874 19.799999 17.103559
v -3.528069 19.799999 17.335577
v -3.165441 19.799999 17.547138
v -2.792890 19.799999 17.737982
v -2.411314 19.799999 17.907845
v -2.021618 19.799999 18.056465
v -1.624698 19.799999 18.183584
v -1.221455 19.799999 18.288939
v -0.812788 19.799999 18.372265
v -0.399598 19.799999 18.433306
v 0.017215 19.799999 18.471796
v 0.436751 19.799999 18.487476
v 0.858107 19.799999 18.480087
v 1.278424 19.799999 18.449556
v 1.694849 19.799999 18.396212
v 2.106509 19.799999 18.320391
v 2.512534 19.799999 18.222441
v 2.912048 19.799999 18.102699
v 3.304179 19.799999 17.961510
v 3.688056 19.799999 17.799212
v 4.062806 19.799999 17.616152
v 4.427554 19.799999 17.412663
v 4.781431 19.799999 17.189091
v 5.123561 19.799999 16.945776
v 5.453070 19.799999 16.683062
v 5.768508 19.799999 16.401550
v 6.066833 19.799999 16.104240
v 6.347554 19.799999 15.791941
v 6.610183 19.799999 15.465463
v 6.854234 19.799999 15.125618
v 7.079225 19.799999 14.773215
v 7.284663 19.799999 14.409070
v 7.470059 19.799999 14.033990
v 7.634932 19.799999 13.648787
v 7.778792 19.799999 13.254272
v 7.901148 19.799999 12.851255
v 8.001529 19.799999 12.440553
v 8.079103 19.799999 12.024940
v 8.133475 19.799999 11.607284
v 8.164752 19.799999 11.188523
v 8.173047 19.799999 10.769601
v 8.158467 19.799999 10.351455
v 8.121124 19.799999 9.935025
v 8.061129 19.799999 9.521251
v 7.978590 19.799999 9.111073
v 7.873615 19.799999 8.705428
v 7.746321 19.799999 8.305259
v 7.596814 19.799999 7.911505
v 7.425208 19.799999 7.525105
v 7.412533 19.799999 7.497275
v 7.401295 19.799999 7.468936
v 7.391506 19.799999 7.440143
v 7.383173 19.799999 7.410950
v 7.376306 19.799999 7.381417
v 7.370913 19.799999 7.351597
v 7.367000 19.799999 7.321548
v 7.364579 19.799999 7.291325
v 7.363658 19.799999 7.260982
v 7.364247 19.799999 7.230575
v 7.366350 19.799999 7.200159
v 7.369981 19.799999 7.169793
v 7.375124 19.799999 7.139647
v 7.381743 19.799999 7.109886
v 7.389815 19.799999 7.080564
v 7.399315 19.799999 7.051733
v 7.410219 19.799999 7.023442
v 7.422502 19.799999 6.995739
v 7.436143 19.799999 6.968680
v 7.451115 19.799999 6.942314
v 7.467395 19.799999 6.916690
v 7.484959 19.799999 6.891863
v 7.503782 19.799999 6.867881
v 7.523842 19.799999 6.844800
v 7.544963 19.799999 6.822727
v 7.567086 19.799999 6.801796
v 7.590164 19.799999 6.782037
v 7.614150 19.799999 6.763476
v 7.638993 19.799999 6.746144
v 7.664649 19.799999 6.730069
v 7.691061 19.799999 6.715281
v 7.718191 19.799999 6.701805
v 7.745987 19.799999 6.689671
v 7.774400 19.799999 6.678907
v 7.803382 19.799999 6.669542
v 7.832881 19.799999 6.661606
v 7.862741 19.799999 6.655150
v 7.892796 19.799999 6.650202
v 7.922983 19.799999 6.646760
v 7.953247 19.799999 6.644819
v 7.983536 19.799999 6.644374
v 8.013791 19.799999 6.645424
v 8.043957 19.799999 6.647965
v 8.073978 19.799999 6.651998
v 8.103799 19.799999 6.657515
v 8.133363 19.799999 6.664513
v 8.162616 19.799999 6.672987
v 8.191501 19.799999 6.682938
v 8.591091 19.799999 6.816836
v 8.995887 19.799999 6.928184
v 9.404954 19.799999 7.016957
v 9.817352 19.799999 7.083139
v 10.232149 19.799999 7.126706
v 10.648403 19.799999 7.147635
v 11.065181 19.799999 7.145907
v 11.481544 19.799999 7.121499
v 11.896555 19.799999 7.074389
v 12.309278 19.799999 7.004556
v 12.718774 19.799999 6.911976
v 13.124107 19.799999 6.796633
v 13.522492 19.799999 6.659186
v 13.911256 19.799999 6.500690
v 14.289645 19.799999 6.321698
v 14.656903 19.799999 6.122764
v 15.012275 19.799999 5.904442
v 15.355005 19.799999 5.667288
v 15.684337 19.799999 5.411854
v 15.999513 19.799999 5.138691
v 16.299778 19.799999 4.848359
v 16.584379 19.799999 4.541411
v 16.852558 19.799999 4.218396
v 17.103559 19.799999 3.879874
v 17.335577 19.799999 3.528069
v 17.547138 19.799999 3.165441
v 17.737982 19.799999 2.792890
v 17.907845 19.799999 2.411314
v 18.056465 19.799999 2.021618
v 18.183584 19.799999 1.624698
v 18.288939 19.799999 1.221455
v 18.372265 19.799999 0.812788
v 18.433306 19.799999 0.399598
v 18.471796 19.799999 -0.017215
v 18.487476 19.799999 -0.436751
v 18.480087 19.799999 -0.858107
v 18.449556 19.799999 -1.278424
v 18.396212 19.799999 -1.694849
v 18.320391 19.799999 -2.106509
v 18.222441 19.799999 -2.512534
v 18.102699 19.799999 -2.912048
v 17.961510 19.799999 -3.304179
v 17.799212 19.799999 -3.688056
v 17.616152 19.799999 -4.062806
v 17.412663 19.799999 -4.427554
v 17.189091 19.799999 -4.781431
v 16.945776 19.799999 -5.123561
v 16.683062 22.000000 -5.453070
v 16.401550 22.000000 -5.768508
v 16.104240 22.000000 -6.066833
v 15.791941 22.000000 -6.347554
v 15.465463 22.000000 -6.610183
v 15.125618 22.000000 -6.854234
v 14.773215 22.000000 -7.079225
v 14.409070 22.000000 -7.284663
v 14.033990 22.000000 -7.470059
v 13.648787 22.000000 -7.634932
v 13.254272 22.000000 -7.778792
v 12.851255 22.000000 -7.901148
v 12.440553 22.000000 -8.001529
v 12.024940 22.000000 -8.079103
v 11.607284 22.000000 -8.133475
v 11.188523 22.000000 -8.164752
v 10.769601 22.000000 -8.173047
v 10.351455 22.000000 -8.158467
v 9.935025 22.000000 -8.121124
v 9.521251 22.000000 -8.061129
v 9.111073 22.000000 -7.978590
v 8.705428 22.000000 -7.873615
v 8.305259 22.000000 -7.746321
v 7.911505 22.000000 -7.596814
v 7.525105 22.000000 -7.425208
v 7.497275 22.000000 -7.412533
v 7.468936 22.000000 -7.401295
v 7.440143 22.000000 -7.391506
v 7.410950 22.000000 -7.383173
v 7.381417 22.000000 -7.376306
v 7.351597 22.000000 -7.370913
v 7.321548 22.000000 -7.367000
v 7.291325 22.000000 -7.364579
v 7.260982 22.000000 -7.363658
v 7.230575 22.000000 -7.364247
v 7.200159 22.000000 -7.366350
v 7.169793 22.000000 -7.369981
v 7.139647 22.000000 -7.375124
v 7.109886 22.000000 -7.381743
v 7.080564 22.000000 -7.389815
v 7.051733 22.000000 -7.399315
v 7.023442 22.000000 -7.410219
v 6.995739 22.000000 -7.422502
v 6.968680 22.000000 -7.436143
v 6.942314 22.000000 -7.451115
v 6.916690 22.000000 -7.467395
v 6.891863 22.000000 -7.484959
v 6.867881 22.000000 -7.503782
v 6.844800 22.000000 -7.523842
v 6.822727 22.000000 -7.544963
v 6.801796 22.000000 -7.567086
v 6.782037 22.000000 -7.590164
v 6.763476 22.000000 -7.614150
v 6.746144 22.000000 -7.638993
v 6.730069 22.000000 -7.664649
v 6.715281 22.000000 -7.691061
v 6.701805 22.000000 -7.718191
v 6.689671 22.000000 -7.745987
v 6.678907 22.000000 -7.774400
v 6.669542 22.000000 -7.803382
v 6.661606 22.000000 -7.832881
v 6.655150 22.000000 -7.862741
v 6.650202 22.000000 -7.892796
v 6.646760 22.000000 -7.922983
v 6.644819 22.000000 -7.953247
v 6.644374 22.000000 -7.983536
v 6.645424 22.000000 -8.013791
v 6.647965 22.000000 -8.043957
v 6.651998 22.000000 -8.073978
v 6.657515 22.000000 -8.103799
v 6.664513 22.000000 -8.133363
v 6.672987 22.000000 -8.162616
v 6.682938 22.000000 -8.191501
v 6.816836 22.000000 -8.591091
v 6.928184 22.000000 -8.995887
v 7.016957 22.000000 -9.404954
v 7.083139 22.000000 -9.817352
v 7.126706 22.000000 -10.232149
v 7.147635 22.000000 -10.648403
v 7.145907 22.000000 -11.065181
v 7.121499 22.000000 -11.481544
v 7.074389 22.000000 -11.896555
v 7.004556 22.000000 -12.309278
v 6.911976 22.000000 -12.718774
v 6.796633 22.000000 -13.124107
v 6.659186 22.000000 -13.522492
v 6.500690 22.000000 -13.911256
v 6.321698 22.000000 -14.289645
v 6.122764 22.000000 -14.656903
v 5.904442 22.000000 -15.012275
v 5.667288 22.000000 -15.355005
v 5.411854 22.000000 -15.684337
v 5.138691 22.000000 -15.999513
v 4.848359 22.000000 -16.299778
v 4.541411 22.000000 -16.584379
v 4.218396 22.000000 -16.852558
v 3.879874 22.000000 -17.103559
v 3.528069 22.000000 -17.335577
v 3.165441 22.000000 -17.547138
v 2.792890 22.000000 -17.737982
v 2.411314 22.000000 -17.907845
v 2.021618 22.000000 -18.056465
v 1.624698 22.000000 -18.183584
v 1.221455 22.000000 -18.288939
v 0.812788 22.000000 -18.372265
v 0.399598 22.000000 -18.433306
v -0.017215 22.000000 -18.471796
v -0.436751 22.000000 -18.487476
v -0.858107 22.000000 -18.480087
v -1.278424 22.000000 -18.449556
v -1.694849 22.000000 -18.396212
v -2.106509 22.000000 -18.320391
v -2.512534 22.000000 -18.222441
v -2.912048 22.000000 -18.102699
v -3.304179 22.000000 -17.961510
v -3.688056 22.000000 -17.799212
v -4.062806 22.000000 -17.616152
v -4.427554 22.000000 -17.412663
v -4.781431 22.000000 -17.189091
v -5.123561 22.000000 -16.945776
v -5.453070 22.000000 -16.683062
v -5.768508 22.000000 -16.401550
v -6.066833 22.000000 -16.104240
v -6.347554 22.000000 -15.791941
v -6.610183 22.000000 -15.465463
v -6.854234 22.000000 -15.125618
v -7.079225 22.000000 -14.773215
v -7.284663 22.000000 -14.409070
v -7.470059 22.000000 -14.033990
v -7.634932 22.000000 -13.648787
v -7.778792 22.000000 -13.254272
v -7.901148 22.000000 -12.851255
v -8.001529 22.000000 -12.440553
v -8.079103 22.000000 -12.024940
v -8.133475 22.000000 -11.607284
v -8.164752 22.000000 -11.188523
v -8.173047 22.000000 -10.769601
v -8.158467 22.000000 -10.351455
v -8.121124 22.000000 -9.935025
v -8.061129 22.000000 -9.521251
v -7.978590 22.000000 -9.111073
v -7.873615 22.000000 -8.705428
v -7.746321 22.000000 -8.305259
v -7.596814 22.000000 -7.911505
v -7.425208 22.000000 -7.525105
v -7.412533 22.000000 -7.497275
v -7.401295 22.000000 -7.468936
v -7.391506 22.000000 -7.440143
v -7.383173 22.000000 -7.410950
v -7.376306 22.000000 -7.381417
v -7.370913 22.000000 -7.351597
v -7.367000 22.000000 -7.321548
v -7.364579 22.000000 -7.291325
v -7.363658 22.000000 -7.260982
v -7.364247 22.000000 -7.230575
v -7.366350 22.000000 -7.200159
v -7.369981 22.000000 -7.169793
v -7.375124 22.000000 -7.139647
v -7.381743 22.000000 -7.109886
v -7.389815 22.000000 -7.080564
v -7.399315 22.000000 -7.051733
v -7.410219 22.000000 -7.023442
v -7.422502 22.000000 -6.995739
v -7.436143 22.000000 -6.968680
v -7.451115 22.000000 -6.942314
v -7.467395 22.000000 -6.916690
v -7.484959 22.000000 -6.891863
v -7.503782 22.000000 -6.867881
v -7.523842 22.000000 -6.844800
v -7.544963 22.000000 -6.822727
v -7.567086 22.000000 -6.801796
v -7.590164 22.000000 -6.782037
v -7.614150 22.000000 -6.763476
v -7.638993 22.000000 -6.746144
v -7.664649 22.000000 -6.730069
v -7.691061 22.000000 -6.715281
v -7.718191 22.000000 -6.701805
v -7.745987 22.000000 -6.689671
v -7.774400 22.000000 -6.678907
v -7.803382 22.000000 -6.669542
v -7.832881 22.000000 -6.661606
v -7.862741 22.000000 -6.655150
v -7.892796 22.000000 -6.650202
v -7.922983 22.000000 -6.646760
v -7.953247 22.000000 -6.644819
v -7.983536 22.000000 -6.644374
v -8.013791 22.000000 -6.645424
v -8.043957 22.000000 -6.647965
v -8.073978 22.000000 -6.651998
v -8.103799 22.000000 -6.657515
v -8.133363 22.000000 -6.664513
v -8.162616 22.000000 -6.672987
v -8.191501 22.000000 -6.682938
v -8.591091 22.000000 -6.816836
v -8.995887 22.000000 -6.928184
v -9.404954 22.000000 -7.016957
v -9.817352 22.000000 -7.083139
v -10.232149 22.000000 -7.126706
v -10.648403 22.000000 -7.147635
v -11.065181 22.000000 -7.145907
v -11.481544 22.000000 -7.121499
v -11.896555 22.000000 -7.074389
v -12.309278 22.000000 -7.004556
v -12.718774 22.000000 -6.911976
v -13.124107 22.000000 -6.796633
v -13.522492 22.000000 -6.659186
v -13.911256 22.000000 -6.500690
v -14.289645 22.000000 -6.321698
v -14.656903 22.000000 -6.122764
v -15.012275 22.000000 -5.904442
v -15.355005 22.000000 -5.667288
v -15.684337 22.000000 -5.411854
v -15.999513 22.000000 -5.138691
v -16.299778 22.000000 -4.848359
v -16.584379 22.000000 -4.541411
v -16.852558 22.000000 -4.218396
v -17.103559 22.000000 -3.879874
v -17.335577 22.000000 -3.528069
v -17.547138 22.000000 -3.165441
v -17.737982 22.000000 -2.792890
v -17.907845 22.000000 -2.411314
v -18.056465 22.000000 -2.021618
v -18.183584 22.000000 -1.624698
v -18.288939 22.000000 -1.221455
v -18.372265 22.000000 -0.812788
v -18.433306 22.000000 -0.399598
v -18.471796 22.000000 0.017215
v -18.487476 22.000000 0.436751
v -18.480087 22.000000 0.858107
v -18.449556 22.000000 1.278424
v -18.396212 22.000000 1.694849
v -18.320391 22.000000 2.106509
v -18.222441 22.000000 2.512534
v -18.102699 22.000000 2.912048
v -17.961510 22.000000 3.304179
v -17.799212 22.000000 3.688056
v -17.616152 22.000000 4.062806
v -17.412663 22.000000 4.427554
v -17.189091 22.000000 4.781431
v -16.945776 22.000000 5.123561
v -16.683062 22.000000 5.453070
v -16.401550 22.000000 5.768508
v -16.104240 22.000000 6.066833
v -15.791941 22.000000 6.347554
v -15.465463 22.000000 6.610183
v -15.125618 22.000000 6.854234
v -14.773215 22.000000 7.079225
v -14.409070 22.000000 7.284663
v -14.033990 22.000000 7.470059
v -13.648787 22.000000 7.634932
v -13.254272 22.000000 7.778792
v -12.851255 22.000000 7.901148
v -12.440553 22.000000 8.001529
v -12.024940 22.000000 8.079103
v -11.607284 22.000000 8.133475
v -11.188523 22.000000 8.164752
v -10.769601 22.000000 8.173047
v -10.351455 22.000000 8.158467
v -9.935025 22.000000 8.121124
v -9.521251 22.000000 8.061129
v -9.111073 22.000000 7.978590
v -8.705428 22.000000 7.873615
v -8.305259 22.000000 7.746321
v -7.911505 22.000000 7.596814
v -7.525105 22.000000 7.425208
v -7.497275 22.000000 7.412533
v -7.468936 22.000000 7.401295
v -7.440143 22.000000 7.391506
v -7.410950 22.000000 7.383173
v -7.381417 22.000000 7.376306
v -7.351597 22.000000 7.370913
v -7.321548 22.000000 7.367000
v -7.291325 22.000000 7.364579
v -7.260982 22.000000 7.363658
v -7.230575 22.000000 7.364247
v -7.200159 22.000000 7.366350
v -7.169793 22.000000 7.369981
v -7.139647 22.000000 7.375124
v -7.109886 22.000000 7.381743
v -7.080564 22.000000 7.389815
v -7.051733 22.000000 7.399315
v -7.023442 22.000000 7.410219
v -6.995739 22.000000 7.422502
v -6.968680 22.000000 7.436143
v -6.942314 22.000000 7.451115
v -6.916690 22.000000 7.467395
v -6.891863 22.000000 7.484959
v -6.867881 22.000000 7.503782
v -6.844800 22.000000 7.523842
v -6.822727 22.000000 7.544963
v -6.801796 22.000000 7.567086
v -6.782037 22.000000 7.590164
v -6.763476 22.000000 7.614150
v -6.746144 22.000000 7.638993
v -6.730069 22.000000 7.664649
v -6.715281 22.000000 7.691061
v -6.701805 22.000000 7.718191
v -6.689671 22.000000 7.745987
v -6.678907 22.000000 7.774400
v -6.669542 22.000000 7.803382
v -6.661606 22.000000 7.832881
v -6.655150 22.000000 7.862741
v -6.650202 22.000000 7.892796
v -6.646760 22.000000 7.922983
v -6.644819 22.000000 7.953247
v -6.644374 22.000000 7.983536
v -6.645424 22.000000 8.013791
v -6.647965 22.000000 8.043957
v -6.651998 22.000000 8.073978
v -6.657515 22.000000 8.103799
v -6.664513 22.000000 8.133363
v -6.672987 22.000000 8.162616
v -6.682938 22.000000 8.191501
v -6.816836 22.000000 8.591091
v -6.928184 22.000000 8.995887
v -7.016957 22.000000 9.404954
v -7.083139 22.000000 9.817352
v -7.126706 22.000000 10.232149
v -7.147635 22.000000 10.648403
v -7.145907 22.000000 11.065181
v -7.121499 22.000000 11.481544
v -7.074389 22.000000 11.896555
v -7.004556 22.000000 12.309278
v -6.911976 22.000000 12.718774
v -6.796633 22.000000 13.124107
v -6.659186 22.000000 13.522492
v -6.500690 22.000000 13.911256
v -6.321698 22.000000 14.289645
v -6.122764 22.000000 14.656903
v -5.904442 22.000000 15.012275
v -5.667288 22.000000 15.355005
v -5.411854 22.000000 15.684337
v -5.138691 22.000000 15.999513
v -4.848359 22.000000 16.299778
v -4.541411 22.000000 16.584379
v -4.218396 22.000000 16.852558
v -3.879874 22.000000 17.103559
v -3.528069 22.000000 17.335577
v -3.165441 22.000000 17.547138
v -2.792890 22.000000 17.737982
v -2.411314 22.000000 17.907845
v -2.021618 22.000000 18.056465
v -1.624698 22.000000 18.183584
v -1.221455 22.000000 18.288939
v -0.812788 22.000000 18.372265
v -0.399598 22.000000 18.433306
v 0.017215 22.000000 18.471796
v 0.436751 22.000000 18.487476
v 0.858107 22.000000 18.480087
v 1.278424 22.000000 18.449556
v 1.694849 22.000000 18.396212
v 2.106509 22.000000 18.320391
v 2.512534 22.000000 18.222441
v 2.912048 22.000000 18.102699
v 3.304179 22.000000 17.961510
v 3.688056 22.000000 17.799212
v 4.062806 22.000000 17.616152
v 4.427554 22.000000 17.412663
v 4.781431 22.000000 17.189091
v 5.123561 22.000000 16.945776
v 5.453070 22.000000 16.683062
v 5.768508 22.000000 16.401550
v 6.066833 22.000000 16.104240
v 6.347554 22.000000 15.791941
v 6.610183 22.000000 15.465463
v 6.854234 22.000000 15.125618
v 7.079225 22.000000 14.773215
v 7.284663 22.000000 14.409070
v 7.470059 22.000000 14.033990
v 7.634932 22.000000 13.648787
v 7.778792 22.000000 13.254272
v 7.901148 22.000000 12.851255
v 8.001529 22.000000 12.440553
v 8.079103 22.000000 12.024940
v 8.133475 22.000000 11.607284
v 8.164752 22.000000 11.188523
v 8.173047 22.000000 10.769601
v 8.158467 22.000000 10.351455
v 8.121124 22.000000 9.935025
v 8.061129 22.000000 9.521251
v 7.978590 22.000000 9.111073
v 7.873615 22.000000 8.705428
v 7.746321 22.000000 8.305259
v 7.596814 22.000000 7.911505
v 7.425208 22.000000 7.525105
v 7.412533 22.000000 7.497275
v 7.401295 22.000000 7.468936
v 7.391506 22.000000 7.440143
v 7.383173 22.000000 7.410950
v 7.376306 22.000000 7.381417
v 7.370913 22.000000 7.351597
v 7.367000 22.000000 7.321548
v 7.364579 22.000000 7.291325
v 7.363658 22.000000 7.260982
v 7.364247 22.000000 7.230575
v 7.366350 22.000000 7.200159
v 7.369981 22.000000 7.169793
v 7.375124 22.000000 7.139647
v 7.381743 22.000000 7.109886
v 7.389815 22.000000 7.080564
v 7.399315 22.000000 7.051733
v 7.410219 22.000000 7.023442
v 7.422502 22.000000 6.995739
v 7.436143 22.000000 6.968680
v 7.451115 22.000000 6.942314
v 7.467395 22.000000 6.916690
v 7.484959 22.000000 6.891863
v 7.503782 22.000000 6.867881
v 7.523842 22.000000 6.844800
v 7.544963 22.000000 6.822727
v 7.567086 22.000000 6.801796
v 7.590164 22.000000 6.782037
v 7.614150 22.000000 6.763476
v 7.638993 22.000000 6.746144
v 7.664649 22.000000 6.730069
v 7.691061 22.000000 6.715281
v 7.718191 22.000000 6.701805
v 7.745987 22.000000 6.689671
v 7.774400 22.000000 6.678907
v 7.803382 22.000000 6.669542
v 7.832881 22.000000 6.661606
v 7.862741 22.000000 6.655150
v 7.892796 22.000000 6.650202
v 7.922983 22.000000 6.646760
v 7.953247 22.000000 6.644819
v 7.983536 22.000000 6.644374
v 8.013791 22.000000 6.645424
v 8.043957 22.000000 6.647965
v 8.073978 22.000000 6.651998
v 8.103799 22.000000 6.657515
v 8.133363 22.000000 6.664513
v 8.162616 22.000000 6.672987
v 8.191501 22.000000 6.682938
v 8.591091 22.000000 6.816836
v 8.995887 22.000000 6.928184
v 9.404954 22.000000 7.016957
v 9.817352 22.000000 7.083139
v 10.232149 22.000000 7.126706
v 10.648403 22.000000 7.147635
v 11.065181 22.000000 7.145907
v 11.481544 22.000000 7.121499
v 11.896555 22.000000 7.074389
v 12.309278 22.000000 7.004556
v 12.718774 22.000000 6.911976
v 13.124107 22.000000 6.796633
v 13.522492 22.000000 6.659186
v 13.911256 22.000000 6.500690
v 14.289645 22.000000 6.321698
v 14.656903 22.000000 6.122764
v 15.012275 22.000000 5.904442
v 15.355005 22.000000 5.667288
v 15.684337 22.000000 5.411854
v 15.999513 22.000000 5.138691
v 16.299778 22.000000 4.848359
v 16.584379 22.000000 4.541411
v 16.852558 22.000000 4.218396
v 17.103559 22.000000 3.879874
v 17.335577 22.000000 3.528069
v 17.547138 22.000000 3.165441
v 17.737982 22.000000 2.792890
v 17.907845 22.000000 2.411314
v 18.056465 22.000000 2.021618
v 18.183584 22.000000 1.624698
v 18.288939 22.000000 1.221455
v 18.372265 22.000000 0.812788
v 18.433306 22.000000 0.399598
v 18.471796 22.000000 -0.017215
v 18.487476 22.000000 -0.436751
v 18.480087 22.000000 -0.858107
v 18.449556 22.000000 -1.278424
v 18.396212 22.000000 -1.694849
v 18.320391 22.000000 -2.106509
v 18.222441 22.000000 -2.512534
v 18.102699 22.000000 -2.912048
v 17.961510 22.000000 -3.304179
v 17.799212 22.000000 -3.688056
v 17.616152 22.000000 -4.062806
v 17.412663 22.000000 -4.427554
v 17.189091 22.000000 -4.781431
v 16.945776 22.000000 -5.123561
v 15.014755 28.102459 -4.907763
v 14.761395 28.102459 -5.191658
v 14.493815 28.102459 -5.460150
v 14.212747 28.102459 -5.712798
v 13.918917 28.102459 -5.949164
v 13.613056 28.102459 -6.168811
v 13.295895 28.102459 -6.371302
v 12.968163 28.102459 -6.556196
v 12.630590 28.102459 -6.723053
v 12.283908 28.102459 -6.871439
v 11.928844 28.102459 -7.000913
v 11.566130 28.102459 -7.111033
v 11.196497 28.102459 -7.201376
v 10.822446 28.102459 -7.271193
v 10.446555 28.102459 -7.320127
v 10.069671 28.102459 -7.348277
v 9.692641 28.102459 -7.355742
v 9.316309 28.102459 -7.342621
v 8.941523 28.102459 -7.309011
v 8.569125 28.102459 -7.255016
v 8.199965 28.102459 -7.180730
v 7.834885 28.102459 -7.086254
v 7.474733 28.102459 -6.971689
v 7.120354 28.102459 -6.837133
v 6.772595 28.102459 -6.682687
v 6.747548 28.102459 -6.671279
v 6.722042 28.102459 -6.661166
v 6.696128 28.102459 -6.652356
v 6.669855 28.102459 -6.644856
v 6.643276 28.102459 -6.638675
v 6.616437 28.102459 -6.633821
v 6.589394 28.102459 -6.630300
v 6.562192 28.102459 -6.628121
v 6.534884 28.102459 -6.627292
v 6.507517 28.102459 -6.627822
v 6.480143 28.102459 -6.629715
v 6.452814 28.102459 -6.632983
v 6.425683 28.102459 -6.637612
v 6.398897 28.102459 -6.643569
v 6.372507 28.102459 -6.650834
v 6.346560 28.102459 -6.659384
v 6.321098 28.102459 -6.669197
v 6.296165 28.102459 -6.680252
v 6.271812 28.102459 -6.692529
v 6.248083 28.102459 -6.706003
v 6.225021 28.102459 -6.720655
v 6.202677 28.102459 -6.736463
v 6.181093 28.102459 -6.753404
v 6.160320 28.102459 -6.771458
v 6.140454 28.102459 -6.790467
v 6.121616 28.102459 -6.810378
v 6.103833 28.102459 -6.831147
v 6.087128 28.102459 -6.852735
v 6.071529 28.102459 -6.875094
v 6.057062 28.102459 -6.898184
v 6.043752 28.102459 -6.921956
v 6.031624 28.102459 -6.946372
v 6.020703 28.102459 -6.971389
v 6.011016 28.102459 -6.996960
v 6.002588 28.102459 -7.023044
v 5.995446 28.102459 -7.049593
v 5.989635 28.102459 -7.076468
v 5.985182 28.102459 -7.103516
v 5.982084 28.102459 -7.130684
v 5.980337 28.102459 -7.157922
v 5.979937 28.102459 -7.185182
v 5.980882 28.102459 -7.212412
v 5.983169 28.102459 -7.239561
v 5.986798 28.102459 -7.266581
v 5.991764 28.102459 -7.293419
v 5.998062 28.102459 -7.320027
v 6.005689 28.102459 -7.346354
v 6.014645 28.102459 -7.372351
v 6.135152 28.102459 -7.731982
v 6.235365 28.102459 -8.096298
v 6.315261 28.102459 -8.464458
v 6.374825 28.102459 -8.835617
v 6.414035 28.102459 -9.208934
v 6.432871 28.102459 -9.583563
v 6.431316 28.102459 -9.958663
v 6.409349 28.102459 -10.333389
v 6.366950 28.102459 -10.706900
v 6.304101 28.102459 -11.078350
v 6.220779 28.102459 -11.446897
v 6.116970 28.102459 -11.811697
v 5.993268 28.102459 -12.170243
v 5.850621 28.102459 -12.520130
v 5.689528 28.102459 -12.860681
v 5.510488 28.102459 -13.191213
v 5.313998 28.102459 -13.511047
v 5.100559 28.102459 -13.819505
v 4.870668 28.102459 -14.115903
v 4.624822 28.102459 -14.399562
v 4.363523 28.102459 -14.669801
v 4.087270 28.102459 -14.925941
v 3.796556 28.102459 -15.167303
v 3.491887 28.102459 -15.393204
v 3.175262 28.102459 -15.602019
v 2.848897 28.102459 -15.792425
v 2.513601 28.102459 -15.964184
v 2.170183 28.102459 -16.117060
v 1.819456 28.102459 -16.250818
v 1.462228 28.102459 -16.365227
v 1.099310 28.102459 -16.460045
v 0.731509 28.102459 -16.535038
v 0.359638 28.102459 -16.589973
v -0.015494 28.102459 -16.624617
v -0.393076 28.102459 -16.638729
v -0.772296 28.102459 -16.632080
v -1.150582 28.102459 -16.604601
v -1.525364 28.102459 -16.556589
v -1.895858 28.102459 -16.488352
v -2.261281 28.102459 -16.400196
v -2.620843 28.102459 -16.292429
v -2.973761 28.102459 -16.165358
v -3.319251 28.102459 -16.019291
v -3.656525 28.102459 -15.854536
v -3.984799 28.102459 -15.671395
v -4.303288 28.102459 -15.470181
v -4.611205 28.102459 -15.251199
v -4.907763 28.102459 -15.014755
v -5.191658 28.102459 -14.761395
v -5.460150 28.102459 -14.493815
v -5.712798 28.102459 -14.212747
v -5.949164 28.102459 -13.918917
v -6.168811 28.102459 -13.613056
v -6.371302 28.102459 -13.295895
v -6.556196 28.102459 -12.968163
v -6.723053 28.102459 -12.630590
v -6.871439 28.102459 -12.283908
v -7.000913 28.102459 -11.928844
v -7.111033 28.102459 -11.566130
v -7.201376 28.102459 -11.196497
v -7.271193 28.102459 -10.822446
v -7.320127 28.102459 -10.446555
v -7.348277 28.102459 -10.069671
v -7.355742 28.102459 -9.692641
v -7.342621 28.102459 -9.316309
v -7.309011 28.102459 -8.941523
v -7.255016 28.102459 -8.569125
v -7.180730 28.102459 -8.199965
v -7.086254 28.102459 -7.834885
v -6.971689 28.102459 -7.474733
v -6.837133 28.102459 -7.120354
v -6.682687 28.102459 -6.772595
v -6.671279 28.102459 -6.747548
v -6.661166 28.102459 -6.722042
v -6.652356 28.102459 -6.696128
v -6.644856 28.102459 -6.669855
v -6.638675 28.102459 -6.643276
v -6.633821 28.102459 -6.616437
v -6.630300 28.102459 -6.589394
v -6.628121 28.102459 -6.562192
v -6.627292 28.102459 -6.534884
v -6.627822 28.102459 -6.507517
v -6.629715 28.102459 -6.480143
v -6.632983 28.102459 -6.452814
v -6.637612 28.102459 -6.425683
v -6.643569 28.102459 -6.398897
v -6.650834 28.102459 -6.372507
v -6.659384 28.102459 -6.346560
v -6.669197 28.102459 -6.321098
v -6.680252 28.102459 -6.296165
v -6.692529 28.102459 -6.271812
v -6.706003 28.102459 -6.248083
v -6.720655 28.102459 -6.225021
v -6.736463 28.102459 -6.202677
v -6.753404 28.102459 -6.181093
v -6.771458 28.102459 -6.160320
v -6.790467 28.102459 -6.140454
v -6.810378 28.102459 -6.121616
v -6.831147 28.102459 -6.103833
v -6.852735 28.102459 -6.087128
v -6.875094 28.102459 -6.071529
v -6.898184 28.102459 -6.057062
v -6.921956 28.102459 -6.043752
v -6.946372 28.102459 -6.031624
v -6.971389 28.102459 -6.020703
v -6.996960 28.102459 -6.011016
v -7.023044 28.102459 -6.002588
v -7.049593 28.102459 -5.995446
v -7.076468 28.102459 -5.989635
v -7.103516 28.102459 -5.985182
v -7.130684 28.102459 -5.982084
v -7.157922 28.102459 -5.980337
v -7.185182 28.102459 -5.979937
v -7.212412 28.102459 -5.980882
v -7.239561 28.102459 -5.983169
v -7.266581 28.102459 -5.986798
v -7.293419 28.102459 -5.991764
v -7.320027 28.102459 -5.998062
v -7.346354 28.102459 -6.005689
v -7.372351 28.102459 -6.014645
v -7.731982 28.102459 -6.135152
v -8.096298 28.102459 -6.235365
v -8.464458 28.102459 -6.315261
v -8.835617 28.102459 -6.374825
v -9.208934 28.102459 -6.414035
v -9.583563 28.102459 -6.432871
v -9.958663 28.102459 -6.431316
v -10.333389 28.102459 -6.409349
v -10.706900 28.102459 -6.366950
v -11.078350 28.102459 -6.304101
v -11.446897 28.102459 -6.220779
v -11.811697 28.102459 -6.116970
v -12.170243 28.102459 -5.993268
v -12.520130 28.102459 -5.850621
v -12.860681 28.102459 -5.689528
v -13.191213 28.102459 -5.510488
v -13.511047 28.102459 -5.313998
v -13.819505 28.102459 -5.100559
v -14.115903 28.102459 -4.870668
v -14.399562 28.102459 -4.624822
v -14.669801 28.102459 -4.363523
v -14.925941 28.102459 -4.087270
v -15.167303 28.102459 -3.796556
v -15.393204 28.102459 -3.491887
v -15.602019 28.102459 -3.175262
v -15.792425 28.102459 -2.848897
v -15.964184 28.102459 -2.513601
v -16.117060 28.102459 -2.170183
v -16.250818 28.102459 -1.819456
v -16.365227 28.102459 -1.462228
v -16.460045 28.102459 -1.099310
v -16.535038 28.102459 -0.731509
v -16.589973 28.102459 -0.359638
v -16.624617 28.102459 0.015494
v -16.638729 28.102459 0.393076
v -16.632080 28.102459 0.772296
v -16.604601 28.102459 1.150582
v -16.556589 28.102459 1.525364
v -16.488352 28.102459 1.895858
v -16.400196 28.102459 2.261281
v -16.292429 28.102459 2.620843
v -16.165358 28.102459 2.973761
v -16.019291 28.102459 3.319251
v -15.854536 28.102459 3.656525
v -15.671395 28.102459 3.984799
v -15.470181 28.102459 4.303288
v -15.251199 28.102459 4.611205
v -15.014755 28.102459 4.907763
v -14.761395 28.102459 5.191658
v -14.493815 28.102459 5.460150
v -14.212747 28.102459 5.712798
v -13.918917 28.102459 5.949164
v -13.613056 28.102459 6.168811
v -13.295895 28.102459 6.371302
v -12.968163 28.102459 6.556196
v -12.630590 28.102459 6.723053
v -12.283908 28.102459 6.871439
v -11.928844 28.102459 7.000913
v -11.566130 28.102459 7.111033
v -11.196497 28.102459 7.201376
v -10.822446 28.102459 7.271193
v -10.446555 28.102459 7.320127
v -10.069671 28.102459 7.348277
v -9.692641 28.102459 7.355742
v -9.316309 28.102459 7.342621
v -8.941523 28.102459 7.309011
v -8.569125 28.102459 7.255016
v -8.199965 28.102459 7.180730
v -7.834885 28.102459 7.086254
v -7.474733 28.102459 6.971689
v -7.120354 28.102459 6.837133
v -6.772595 28.102459 6.682687
v -6.747548 28.102459 6.671279
v -6.722042 28.102459 6.661166
v -6.696128 28.102459 6.652356
v -6.669855 28.102459 6.644856
v -6.643276 28.102459 6.638675
v -6.616437 28.102459 6.633821
v -6.589394 28.102459 6.630300
v -6.562192 28.102459 6.628121
v -6.534884 28.102459 6.627292
v -6.507517 28.102459 6.627822
v -6.480143 28.102459 6.629715
v -6.452814 28.102459 6.632983
v -6.425683 28.102459 6.637612
v -6.398897 28.102459 6.643569
v -6.372507 28.102459 6.650834
v -6.346560 28.102459 6.659384
v -6.321098 28.102459 6.669197
v -6.296165 28.102459 6.680252
v -6.271812 28.102459 6.692529
v -6.248083 28.102459 6.706003
v -6.225021 28.102459 6.720655
v -6.202677 28.102459 6.736463
v -6.181093 28.102459 6.753404
v -6.160320 28.102459 6.771458
v -6.140454 28.102459 6.790467
v -6.121616 28.102459 6.810378
v -6.103833 28.102459 6.831147
v -6.087128 28.102459 6.852735
v -6.071529 28.102459 6.875094
v -6.057062 28.102459 6.898184
v -6.043752 28.102459 6.921956
v -6.031624 28.102459 6.946372
v -6.020703 28.102459 6.971389
v -6.011016 28.102459 6.996960
v -6.002588 28.102459 7.023044
v -5.995446 28.102459 7.049593
v -5.989635 28.102459 7.076468
v -5.985182 28.102459 7.103516
v -5.982084 28.102459 7.130684
v -5.980337 28.102459 7.157922
v -5.979937 28.102459 7.185182
v -5.980882 28.102459 7.212412
v -5.983169 28.102459 7.239561
v -5.986798 28.102459 7.266581
v -5.991764 28.102459 7.293419
v -5.998062 28.102459 7.320027
v -6.005689 28.102459 7.346354
v -6.014645 28.102459 7.372351
v -6.135152 28.102459 7.731982
v -6.235365 28.102459 8.096298
v -6.315261 28.102459 8.464458
v -6.374825 28.102459 8.835617
v -6.414035 28.102459 9.208934
v -6.432871 28.102459 9.583563
v -6.431316 28.102459 9.958663
v -6.409349 28.102459 10.333389
v -6.366950 28.102459 10.706900
v -6.304101 28.102459 11.078350
v -6.220779 28.102459 11.446897
v -6.116970 28.102459 11.811697
v -5.993268 28.102459 12.170243
v -5.850621 28.102459 12.520130
v -5.689528 28.102459 12.860681
v -5.510488 28.102459 13.191213
v -5.313998 28.102459 13.511047
v -5.100559 28.102459 13.819505
v -4.870668 28.102459 14.115903
v -4.624822 28.102459 14.399562
v -4.363523 28.102459 14.669801
v -4.087270 28.102459 14.925941
v -3.796556 28.102459 15.167303
v -3.491887 28.102459 15.393204
v -3.175262 28.102459 15.602019
v -2.848897 28.102459 15.792425
v -2.513601 28.102459 15.964184
v -2.170183 28.102459 16.117060
v -1.819456 28.102459 16.250818
v -1.462228 28.102459 16.365227
v -1.099310 28.102459 16.460045
v -0.731509 28.102459 16.535038
v -0.359638 28.102459 16.589973
v 0.015494 28.102459 16.624617
v 0.393076 28.102459 16.638729
v 0.772296 28.102459 16.632080
v 1.150582 28.102459 16.604601
v 1.525364 28.102459 16.556589
v 1.895858 28.102459 16.488352
v 2.261281 28.102459 16.400196
v 2.620843 28.102459 16.292429
v 2.973761 28.102459 16.165358
v 3.319251 28.102459 16.019291
v 3.656525 28.102459 15.854536
v 3.984799 28.102459 15.671395
v 4.303288 28.102459 15.470181
v 4.611205 28.102459 15.251199
v 4.907763 28.102459 15.014755
v 5.191658 28.102459 14.761395
v 5.460150 28.102459 14.493815
v 5.712798 28.102459 14.212747
v 5.949164 28.102459 13.918917
v 6.168811 28.102459 13.613056
v 6.371302 28.102459 13.295895
v 6.556196 28.102459 12.968163
v 6.723053 28.102459 12.630590
v 6.871439 28.102459 12.283908
v 7.000913 28.102459 11.928844
v 7.111033 28.102459 11.566130
v 7.201376 28.102459 11.196497
v 7.271193 28.102459 10.822446
v 7.320127 28.102459 10.446555
v 7.348277 28.102459 10.069671
v 7.355742 28.102459 9.692641
v 7.342621 28.102459 9.316309
v 7.309011 28.102459 8.941523
v 7.255016 28.102459 8.569125
v 7.180730 28.102459 8.199965
v 7.086254 28.102459 7.834885
v 6.971689 28.102459 7.474733
v 6.837133 28.102459 7.120354
v 6.682687 28.102459 6.772595
v 6.671279 28.102459 6.747548
v 6.661166 28.102459 6.722042
v 6.652356 28.102459 6.696128
v 6.644856 28.102459 6.669855
v 6.638675 28.102459 6.643276
v 6.633821 28.102459 6.616437
v 6.630300 28.102459 6.589394
v 6.628121 28.102459 6.562192
v 6.627292 28.102459 6.534884
v 6.627822 28.102459 6.507517
v 6.629715 28.102459 6.480143
v 6.632983 28.102459 6.452814
v 6.637612 28.102459 6.425683
v 6.643569 28.102459 6.398897
v 6.650834 28.102459 6.372507
v 6.659384 28.102459 6.346560
v 6.669197 28.102459 6.321098
v 6.680252 28.102459 6.296165
v 6.692529 28.102459 6.271812
v 6.706003 28.102459 6.248083
v 6.720655 28.102459 6.225021
v 6.736463 28.102459 6.202677
v 6.753404 28.102459 6.181093
v 6.771458 28.102459 6.160320
v 6.790467 28.102459 6.140454
v 6.810378 28.102459 6.121616
v 6.831147 28.102459 6.103833
v 6.852735 28.102459 6.087128
v 6.875094 28.102459 6.071529
v 6.898184 28.102459 6.057062
v 6.921956 28.102459 6.043752
v 6.946372 28.102459 6.031624
v 6.971389 28.102459 6.020703
v 6.996960 28.102459 6.011016
v 7.023044 28.102459 6.002588
v 7.049593 28.102459 5.995446
v 7.076468 28.102459 5.989635
v 7.103516 28.102459 5.985182
v 7.130684 28.102459 5.982084
v 7.157922 28.102459 5.980337
v 7.185182 28.102459 5.979937
v 7.212412 28.102459 5.980882
v 7.239561 28.102459 5.983169
v 7.266581 28.102459 5.986798
v 7.293419 28.102459 5.991764
v 7.320027 28.102459 5.998062
v 7.346354 28.102459 6.005689
v 7.372351 28.102459 6.014645
v 7.731982 28.102459 6.135152
v 8.096298 28.102459 6.235365
v 8.464458 28.102459 6.315261
v 8.835617 28.102459 6.374825
v 9.208934 28.102459 6.414035
v 9.583563 28.102459 6.432871
v 9.958663 28.102459 6.431316
v 10.333389 28.102459 6.409349
v 10.706900 28.102459 6.366950
v 11.078350 28.102459 6.304101
v 11.446897 28.102459 6.220779
v 11.811697 28.102459 6.116970
v 12.170243 28.102459 5.993268
v 12.520130 28.102459 5.850621
v 12.860681 28.102459 5.689528
v 13.191213 28.102459 5.510488
v 13.511047 28.102459 5.313998
v 13.819505 28.102459 5.100559
v 14.115903 28.102459 4.870668
v 14.399562 28.102459 4.624822
v 14.669801 28.102459 4.363523
v 14.925941 28.102459 4.087270
v 15.167303 28.102459 3.796556
v 15.393204 28.102459 3.491887
v 15.602019 28.102459 3.175262
v 15.792425 28.102459 2.848897
v 15.964184 28.102459 2.513601
v 16.117060 28.102459 2.170183
v 16.250818 28.102459 1.819456
v 16.365227 28.102459 1.462228
v 16.460045 28.102459 1.099310
v 16.535038 28.102459 0.731509
v 16.589973 28.102459 0.359638
v 16.624617 28.102459 -0.015494
v 16.638729 28.102459 -0.393076
v 16.632080 28.102459 -0.772296
v 16.604601 28.102459 -1.150582
v 16.556589 28.102459 -1.525364
v 16.488352 28.102459 -1.895858
v 16.400196 28.102459 -2.261281
v 16.292429 28.102459 -2.620843
v 16.165358 28.102459 -2.973761
v 16.019291 28.102459 -3.319251
v 15.854536 28.102459 -3.656525
v 15.671395 28.102459 -3.984799
v 15.470181 28.102459 -4.303288
v 15.251199 28.102459 -4.611205
v 13.346449 30.400000 -4.362456
v 13.121241 30.400000 -4.614807
v 12.883392 30.400000 -4.853467
v 12.633553 30.400000 -5.078043
v 12.372370 30.400000 -5.288146
v 12.100494 30.400000 -5.483387
v 11.818573 30.400000 -5.663380
v 11.527256 30.400000 -5.827730
v 11.227192 30.400000 -5.976048
v 10.919029 30.400000 -6.107945
v 10.603416 30.400000 -6.223033
v 10.281004 30.400000 -6.320919
v 9.952442 30.400000 -6.401223
v 9.619952 30.400000 -6.463283
v 9.285827 30.400000 -6.506780
v 8.950818 30.400000 -6.531802
v 8.615681 30.400000 -6.538437
v 8.281164 30.400000 -6.526774
v 7.948020 30.400000 -6.496899
v 7.617001 30.400000 -6.448903
v 7.288858 30.400000 -6.382872
v 6.964342 30.400000 -6.298892
v 6.644207 30.400000 -6.197057
v 6.329204 30.400000 -6.077451
v 6.020084 30.400000 -5.940166
v 5.997820 30.400000 -5.930026
v 5.975149 30.400000 -5.921036
v 5.952114 30.400000 -5.913205
v 5.928760 30.400000 -5.906538
v 5.905134 30.400000 -5.901045
v 5.881278 30.400000 -5.896730
v 5.857239 30.400000 -5.893600
v 5.833060 30.400000 -5.891664
v 5.808786 30.400000 -5.890926
v 5.784460 30.400000 -5.891397
v 5.760127 30.400000 -5.893080
v 5.735835 30.400000 -5.895985
v 5.711718 30.400000 -5.900099
v 5.687909 30.400000 -5.905394
v 5.664451 30.400000 -5.911852
v 5.641387 30.400000 -5.919452
v 5.618754 30.400000 -5.928175
v 5.596591 30.400000 -5.938001
v 5.574944 30.400000 -5.948914
v 5.553851 30.400000 -5.960892
v 5.533352 30.400000 -5.973916
v 5.513491 30.400000 -5.987967
v 5.494305 30.400000 -6.003026
v 5.475840 30.400000 -6.019073
v 5.458181 30.400000 -6.035970
v 5.441437 30.400000 -6.053669
v 5.425629 30.400000 -6.072131
v 5.410781 30.400000 -6.091320
v 5.396915 30.400000 -6.111195
v 5.384055 30.400000 -6.131719
v 5.372224 30.400000 -6.152849
v 5.361444 30.400000 -6.174552
v 5.351737 30.400000 -6.196790
v 5.343125 30.400000 -6.219520
v 5.335634 30.400000 -6.242706
v 5.329285 30.400000 -6.266305
v 5.324120 30.400000 -6.290194
v 5.320162 30.400000 -6.314236
v 5.317408 30.400000 -6.338386
v 5.315855 30.400000 -6.362597
v 5.315500 30.400000 -6.386828
v 5.316339 30.400000 -6.411033
v 5.318372 30.400000 -6.435165
v 5.321599 30.400000 -6.459183
v 5.326012 30.400000 -6.483039
v 5.331610 30.400000 -6.506691
v 5.338390 30.400000 -6.530093
v 5.346351 30.400000 -6.553201
v 5.453469 30.400000 -6.872873
v 5.542547 30.400000 -7.196710
v 5.613566 30.400000 -7.523963
v 5.666511 30.400000 -7.853882
v 5.701365 30.400000 -8.185719
v 5.718108 30.400000 -8.518723
v 5.716726 30.400000 -8.852144
v 5.697199 30.400000 -9.185235
v 5.659511 30.400000 -9.517244
v 5.603645 30.400000 -9.847422
v 5.529581 30.400000 -10.175019
v 5.437306 30.400000 -10.499286
v 5.327349 30.400000 -10.817994
v 5.200552 30.400000 -11.129004
v 5.057359 30.400000 -11.431716
v 4.898211 30.400000 -11.725522
v 4.723554 30.400000 -12.009820
v 4.533831 30.400000 -12.284004
v 4.329483 30.400000 -12.547469
v 4.110953 30.400000 -12.799610
v 3.878687 30.400000 -13.039823
v 3.633129 30.400000 -13.267504
v 3.374717 30.400000 -13.482047
v 3.103899 30.400000 -13.682848
v 2.822455 30.400000 -13.868462
v 2.532352 30.400000 -14.037711
v 2.234312 30.400000 -14.190386
v 1.929052 30.400000 -14.326275
v 1.617295 30.400000 -14.445172
v 1.299758 30.400000 -14.546867
v 0.977164 30.400000 -14.631150
v 0.650230 30.400000 -14.697811
v 0.319679 30.400000 -14.746644
v -0.013772 30.400000 -14.777437
v -0.349401 30.400000 -14.789982
v -0.686486 30.400000 -14.784070
v -1.022740 30.400000 -14.759645
v -1.355879 30.400000 -14.716969
v -1.685207 30.400000 -14.656313
v -2.010027 30.400000 -14.577952
v -2.329638 30.400000 -14.482160
v -2.643343 30.400000 -14.369207
v -2.950445 30.400000 -14.239369
v -3.250244 30.400000 -14.092921
v -3.542043 30.400000 -13.930130
v -3.825145 30.400000 -13.751272
v -4.098849 30.400000 -13.556622
v -4.362456 30.400000 -13.346449
v -4.614807 30.400000 -13.121241
v -4.853467 30.400000 -12.883392
v -5.078043 30.400000 -12.633553
v -5.288146 30.400000 -12.372370
v -5.483387 30.400000 -12.100494
v -5.663380 30.400000 -11.818573
v -5.827730 30.400000 -11.527256
v -5.976048 30.400000 -11.227192
v -6.107945 30.400000 -10.919029
v -6.223033 30.400000 -10.603416
v -6.320919 30.400000 -10.281004
v -6.401223 30.400000 -9.952442
v -6.463283 30.400000 -9.619952
v -6.506780 30.400000 -9.285827
v -6.531802 30.400000 -8.950818
v -6.538437 30.400000 -8.615681
v -6.526774 30.400000 -8.281164
v -6.496899 30.400000 -7.948020
v -6.448903 30.400000 -7.617001
v -6.382872 30.400000 -7.288858
v -6.298892 30.400000 -6.964342
v -6.197057 30.400000 -6.644207
v -6.077451 30.400000 -6.329204
v -5.940166 30.400000 -6.020084
v -5.930026 30.400000 -5.997820
v -5.921036 30.400000 -5.975149
v -5.913205 30.400000 -5.952114
v -5.906538 30.400000 -5.928760
v -5.901045 30.400000 -5.905134
v -5.896730 30.400000 -5.881278
v -5.893600 30.400000 -5.857239
v -5.891664 30.400000 -5.833060
v -5.890926 30.400000 -5.808786
v -5.891397 30.400000 -5.784460
v -5.893080 30.400000 -5.760127
v -5.895985 30.400000 -5.735835
v -5.900099 30.400000 -5.711718
v -5.905394 30.400000 -5.687909
v -5.911852 30.400000 -5.664451
v -5.919452 30.400000 -5.641387
v -5.928175 30.400000 -5.618754
v -5.938001 30.400000 -5.596591
v -5.948914 30.400000 -5.574944
v -5.960892 30.400000 -5.553851
v -5.973916 30.400000 -5.533352
v -5.987967 30.400000 -5.513491
v -6.003026 30.400000 -5.494305
v -6.019073 30.400000 -5.475840
v -6.035970 30.400000 -5.458181
v -6.053669 30.400000 -5.441437
v -6.072131 30.400000 -5.425629
v -6.091320 30.400000 -5.410781
v -6.111195 30.400000 -5.396915
v -6.131719 30.400000 -5.384055
v -6.152849 30.400000 -5.372224
v -6.174552 30.400000 -5.361444
v -6.196790 30.400000 -5.351737
v -6.219520 30.400000 -5.343125
v -6.242706 30.400000 -5.335634
v -6.266305 30.400000 -5.329285
v -6.290194 30.400000 -5.324120
v -6.314236 30.400000 -5.320162
v -6.338386 30.400000 -5.317408
v -6.362597 30.400000 -5.315855
v -6.386828 30.400000 -5.315500
v -6.411033 30.400000 -5.316339
v -6.435165 30.400000 -5.318372
v -6.459183 30.400000 -5.321599
v -6.483039 30.400000 -5.326012
v -6.506691 30.400000 -5.331610
v -6.530093 30.400000 -5.338390
v -6.553201 30.400000 -5.346351
v -6.872873 30.400000 -5.453469
v -7.196710 30.400000 -5.542547
v -7.523963 30.400000 -5.613566
v -7.853882 30.400000 -5.666511
v -8.185719 30.400000 -5.701365
v -8.518723 30.400000 -5.718108
v -8.852144 30.400000 -5.716726
v -9.185235 30.400000 -5.697199
v -9.517244 30.400000 -5.659511
v -9.847422 30.400000 -5.603645
v -10.175019 30.400000 -5.529581
v -10.499286 30.400000 -5.437306
v -10.817994 30.400000 -5.327349
v -11.129004 30.400000 -5.200552
v -11.431716 30.400000 -5.057359
v -11.725522 30.400000 -4.898211
v -12.009820 30.400000 -4.723554
v -12.284004 30.400000 -4.533831
v -12.547469 30.400000 -4.329483
v -12.799610 30.400000 -4.110953
v -13.039823 30.400000 -3.878687
v -13.267504 30.400000 -3.633129
v -13.482047 30.400000 -3.374717
v -13.682848 30.400000 -3.103899
v -13.868462 30.400000 -2.822455
v -14.037711 30.400000 -2.532352
v -14.190386 30.400000 -2.234312
v -14.326275 30.400000 -1.929052
v -14.445172 30.400000 -1.617295
v -14.546867 30.400000 -1.299758
v -14.631150 30.400000 -0.977164
v -14.697811 30.400000 -0.650230
v -14.746644 30.400000 -0.319679
v -14.777437 30.400000 0.013772
v -14.789982 30.400000 0.349401
v -14.784070 30.400000 0.686486
v -14.759645 30.400000 1.022740
v -14.716969 30.400000 1.355879
v -14.656313 30.400000 1.685207
v -14.577952 30.400000 2.010027
v -14.482160 30.400000 2.329638
v -14.369207 30.400000 2.643343
v -14.239369 30.400000 2.950445
v -14.092921 30.400000 3.250244
v -13.930130 30.400000 3.542043
v -13.751272 30.400000 3.825145
v -13.556622 30.400000 4.098849
v -13.346449 30.400000 4.362456
v -13.121241 30.400000 4.614807
v -12.883392 30.400000 4.853467
v -12.633553 30.400000 5.078043
v -12.372370 30.400000 5.288146
v -12.100494 30.400000 5.483387
v -11.818573 30.400000 5.663380
v -11.527256 30.400000 5.827730
v -11.227192 30.400000 5.976048
v -10.919029 30.400000 6.107945
v -10.603416 30.400000 6.223033
v -10.281004 30.400000 6.320919
v -9.952442 30.400000 6.401223
v -9.619952 30.400000 6.463283
v -9.285827 30.400000 6.506780
v -8.950818 30.400000 6.531802
v -8.615681 30.400000 6.538437
v -8.281164 30.400000 6.526774
v -7.948020 30.400000 6.496899
v -7.617001 30.400000 6.448903
v -7.288858 30.400000 6.382872
v -6.964342 30.400000 6.298892
v -6.644207 30.400000 6.197057
v -6.329204 30.400000 6.077451
v -6.020084 30.400000 5.940166
v -5.997820 30.400000 5.930026
v -5.975149 30.400000 5.921036
v -5.952114 30.400000 5.913205
v -5.928760 30.400000 5.906538
v -5.905134 30.400000 5.901045
v -5.881278 30.400000 5.896730
v -5.857239 30.400000 5.893600
v -5.833060 30.400000 5.891664
v -5.808786 30.400000 5.890926
v -5.784460 30.400000 5.891397
v -5.760127 30.400000 5.893080
v -5.735835 30.400000 5.895985
v -5.711718 30.400000 5.900099
v -5.687909 30.400000 5.905394
v -5.664451 30.400000 5.911852
v -5.641387 30.400000 5.919452
v -5.618754 30.400000 5.928175
v -5.596591 30.400000 5.938001
v -5.574944 30.400000 5.948914
v -5.553851 30.400000 5.960892
v -5.533352 30.400000 5.973916
v -5.513491 30.400000 5.987967
v -5.494305 30.400000 6.003026
v -5.475840 30.400000 6.019073
v -5.458181 30.400000 6.035970
v -5.441437 30.400000 6.053669
v -5.425629 30.400000 6.072131
v -5.410781 30.400000 6.091320
v -5.396915 30.400000 6.111195
v -5.384055 30.400000 6.131719
v -5.372224 30.400000 6.152849
v -5.361444 30.400000 6.174552
v -5.351737 30.400000 6.196790
v -5.343125 30.400000 6.219520
v -5.335634 30.400000 6.242706
v -5.329285 30.400000 6.266305
v -5.324120 30.400000 6.290194
v -5.320162 30.400000 6.314236
v -5.317408 30.400000 6.338386
v -5.315855 30.400000 6.362597
v -5.315500 30.400000 6.386828
v -5.316339 30.400000 6.411033
v -5.318372 30.400000 6.435165
v -5.321599 30.400000 6.459183
v -5.326012 30.400000 6.483039
v -5.331610 30.400000 6.506691
v -5.338390 30.400000 6.530093
v -5.346351 30.400000 6.553201
v -5.453469 30.400000 6.872873
v -5.542547 30.400000 7.196710
v -5.613566 30.400000 7.523963
v -5.666511 30.400000 7.853882
v -5.701365 30.400000 8.185719
v -5.718108 30.400000 8.518723
v -5.716726 30.400000 8.852144
v -5.697199 30.400000 9.185235
v -5.659511 30.400000 9.517244
v -5.603645 30.400000 9.847422
v -5.529581 30.400000 10.175019
v -5.437306 30.400000 10.499286
v -5.327349 30.400000 10.817994
v -5.200552 30.400000 11.129004
v -5.057359 30.400000 11.431716
v -4.898211 30.400000 11.725522
v -4.723554 30.400000 12.009820
v -4.533831 30.400000 12.284004
v -4.329483 30.400000 12.547469
v -4.110953 30.400000 12.799610
v -3.878687 30.400000 13.039823
v -3.633129 30.400000 13.267504
v -3.374717 30.400000 13.482047
v -3.103899 30.400000 13.682848
v -2.822455 30.400000 13.868462
v -2.532352 30.400000 14.037711
v -2.234312 30.400000 14.190386
v -1.929052 30.400000 14.326275
v -1.617295 30.400000 14.445172
v -1.299758 30.400000 14.546867
v -0.977164 30.400000 14.631150
v -0.650230 30.400000 14.697811
v -0.319679 30.400000 14.746644
v 0.013772 30.400000 14.777437
v 0.349401 30.400000 14.789982
v 0.686486 30.400000 14.784070
v 1.022740 30.400000 14.759645
v 1.355879 30.400000 14.716969
v 1.685207 30.400000 14.656313
v 2.010027 30.400000 14.577952
v 2.329638 30.400000 14.482160
v 2.643343 30.400000 14.369207
v 2.950445 30.400000 14.239369
v 3.250244 30.400000 14.092921
v 3.542043 30.400000 13.930130
v 3.825145 30.400000 13.751272
v 4.098849 30.400000 13.556622
v 4.362456 30.400000 13.346449
v 4.614807 30.400000 13.121241
v 4.853467 30.400000 12.883392
v 5.078043 30.400000 12.633553
v 5.288146 30.400000 12.372370
v 5.483387 30.400000 12.100494
v 5.663380 30.400000 11.818573
v 5.827730 30.400000 11.527256
v 5.976048 30.400000 11.227192
v 6.107945 30.400000 10.919029
v 6.223033 30.400000 10.603416
v 6.320919 30.400000 10.281004
v 6.401223 30.400000 9.952442
v 6.463283 30.400000 9.619952
v 6.506780 30.400000 9.285827
v 6.531802 30.400000 8.950818
v 6.538437 30.400000 8.615681
v 6.526774 30.400000 8.281164
v 6.496899 30.400000 7.948020
v 6.448903 30.400000 7.617001
v 6.382872 30.400000 7.288858
v 6.298892 30.400000 6.964342
v 6.197057 30.400000 6.644207
v 6.077451 30.400000 6.329204
v 5.940166 30.400000 6.020084
v 5.930026 30.400000 5.997820
v 5.921036 30.400000 5.975149
v 5.913205 30.400000 5.952114
v 5.906538 30.400000 5.928760
v 5.901045 30.400000 5.905134
v 5.896730 30.400000 5.881278
v 5.893600 30.400000 5.857239
v 5.891664 30.400000 5.833060
v 5.890926 30.400000 5.808786
v 5.891397 30.400000 5.784460
v 5.893080 30.400000 5.760127
v 5.895985 30.400000 5.735835
v 5.900099 30.400000 5.711718
v 5.905394 30.400000 5.687909
v 5.911852 30.400000 5.664451
v 5.919452 30.400000 5.641387
v 5.928175 30.400000 5.618754
v 5.938001 30.400000 5.596591
v 5.948914 30.400000 5.574944
v 5.960892 30.400000 5.553851
v 5.973916 30.400000 5.533352
v 5.987967 30.400000 5.513491
v 6.003026 30.400000 5.494305
v 6.019073 30.400000 5.475840
v 6.035970 30.400000 5.458181
v 6.053669 30.400000 5.441437
v 6.072131 30.400000 5.425629
v 6.091320 30.400000 5.410781
v 6.111195 30.400000 5.396915
v 6.131719 30.400000 5.384055
v 6.152849 30.400000 5.372224
v 6.174552 30.400000 5.361444
v 6.196790 30.400000 5.351737
v 6.219520 30.400000 5.343125
v 6.242706 30.400000 5.335634
v 6.266305 30.400000 5.329285
v 6.290194 30.400000 5.324120
v 6.314236 30.400000 5.320162
v 6.338386 30.400000 5.317408
v 6.362597 30.400000 5.315855
v 6.386828 30.400000 5.315500
v 6.411033 30.400000 5.316339
v 6.435165 30.400000 5.318372
v 6.459183 30.400000 5.321599
v 6.483039 30.400000 5.326012
v 6.506691 30.400000 5.331610
v 6.530093 30.400000 5.338390
v 6.553201 30.400000 5.346351
v 6.872873 30.400000 5.453469
v 7.196710 30.400000 5.542547
v 7.523963 30.400000 5.613566
v 7.853882 30.400000 5.666511
v 8.185719 30.400000 5.701365
v 8.518723 30.400000 5.718108
v 8.852144 30.400000 5.716726
v 9.185235 30.400000 5.697199
v 9.517244 30.400000 5.659511
v 9.847422 30.400000 5.603645
v 10.175019 30.400000 5.529581
v 10.499286 30.400000 5.437306
v 10.817994 30.400000 5.327349
v 11.129004 30.400000 5.200552
v 11.431716 30.400000 5.057359
v 11.725522 30.400000 4.898211
v 12.009820 30.400000 4.723554
v 12.284004 30.400000 4.533831
v 12.547469 30.400000 4.329483
v 12.799610 30.400000 4.110953
v 13.039823 30.400000 3.878687
v 13.267504 30.400000 3.633129
v 13.482047 30.400000 3.374717
v 13.682848 30.400000 3.103899
v 13.868462 30.400000 2.822455
v 14.037711 30.400000 2.532352
v 14.190386 30.400000 2.234312
v 14.326275 30.400000 1.929052
v 14.445172 30.400000 1.617295
v 14.546867 30.400000 1.299758
v 14.631150 30.400000 0.977164
v 14.697811 30.400000 0.650230
v 14.746644 30.400000 0.319679
v 14.777437 30.400000 -0.013772
v 14.789982 30.400000 -0.349401
v 14.784070 30.400000 -0.686486
v 14.759645 30.400000 -1.022740
v 14.716969 30.400000 -1.355879
v 14.656313 30.400000 -1.685207
v 14.577952 30.400000 -2.010027
v 14.482160 30.400000 -2.329638
v 14.369207 30.400000 -2.643343
v 14.239369 30.400000 -2.950445
v 14.092921 30.400000 -3.250244
v 13.930130 30.400000 -3.542043
v 13.751272 30.400000 -3.825145
v 13.556622 30.400000 -4.098849
v 11.678143 31.997999 -3.817149
v 11.481086 31.997999 -4.037956
v 11.272968 31.997999 -4.246783
v 11.054358 31.997999 -4.443287
v 10.825824 31.997999 -4.627128
v 10.587933 31.997999 -4.797964
v 10.341251 31.997999 -4.955457
v 10.086349 31.997999 -5.099264
v 9.823792 31.997999 -5.229042
v 9.554151 31.997999 -5.344452
v 9.277989 31.997999 -5.445155
v 8.995878 31.997999 -5.530804
v 8.708386 31.997999 -5.601070
v 8.417459 31.997999 -5.655372
v 8.125098 31.997999 -5.693432
v 7.831966 31.997999 -5.715327
v 7.538721 31.997999 -5.721133
v 7.246018 31.997999 -5.710927
v 6.954517 31.997999 -5.684787
v 6.664876 31.997999 -5.642790
v 6.377750 31.997999 -5.585012
v 6.093800 31.997999 -5.511531
v 5.813681 31.997999 -5.422425
v 5.538053 31.997999 -5.317770
v 5.267574 31.997999 -5.197645
v 5.248093 31.997999 -5.188773
v 5.228255 31.997999 -5.180906
v 5.208100 31.997999 -5.174055
v 5.187665 31.997999 -5.168221
v 5.166992 31.997999 -5.163414
v 5.146118 31.997999 -5.159639
v 5.125084 31.997999 -5.156900
v 5.103927 31.997999 -5.155205
v 5.082687 31.997999 -5.154561
v 5.061402 31.997999 -5.154973
v 5.040111 31.997999 -5.156445
v 5.018855 31.997999 -5.158987
v 4.997753 31.997999 -5.162587
v 4.976920 31.997999 -5.167220
v 4.956394 31.997999 -5.172871
v 4.936213 31.997999 -5.179521
v 4.916409 31.997999 -5.187153
v 4.897017 31.997999 -5.195751
v 4.878076 31.997999 -5.205300
v 4.859620 31.997999 -5.215780
v 4.841683 31.997999 -5.227177
v 4.824304 31.997999 -5.239471
v 4.807517 31.997999 -5.252647
v 4.791360 31.997999 -5.266689
v 4.775909 31.997999 -5.281474
v 4.761257 31.997999 -5.296960
v 4.747426 31.997999 -5.313115
v 4.734433 31.997999 -5.329905
v 4.722301 31.997999 -5.347295
v 4.711048 31.997999 -5.365254
v 4.700696 31.997999 -5.383743
v 4.691263 31.997999 -5.402733
v 4.682769 31.997999 -5.422191
v 4.675235 31.997999 -5.442080
v 4.668680 31.997999 -5.462368
v 4.663125 31.997999 -5.483017
v 4.658605 31.997999 -5.503919
v 4.655141 31.997999 -5.524957
v 4.652732 31.997999 -5.546088
v 4.651373 31.997999 -5.567273
v 4.651062 31.997999 -5.588475
v 4.651797 31.997999 -5.609654
v 4.653575 31.997999 -5.630770
v 4.656399 31.997999 -5.651785
v 4.660261 31.997999 -5.672659
v 4.665159 31.997999 -5.693354
v 4.671092 31.997999 -5.713831
v 4.678057 31.997999 -5.734051
v 4.771785 31.997999 -6.013763
v 4.849729 31.997999 -6.297121
v 4.911870 31.997999 -6.583467
v 4.958198 31.997999 -6.872147
v 4.988694 31.997999 -7.162504
v 5.003345 31.997999 -7.453882
v 5.002135 31.997999 -7.745626
v 4.985049 31.997999 -8.037081
v 4.952072 31.997999 -8.327589
v 4.903189 31.997999 -8.616494
v 4.838384 31.997999 -8.903142
v 4.757643 31.997999 -9.186875
v 4.661430 31.997999 -9.465745
v 4.550483 31.997999 -9.737879
v 4.425189 31.997999 -10.002751
v 4.285934 31.997999 -10.259832
v 4.133110 31.997999 -10.508593
v 3.967102 31.997999 -10.748504
v 3.788298 31.997999 -10.979035
v 3.597084 31.997999 -11.199659
v 3.393851 31.997999 -11.409844
v 3.178988 31.997999 -11.609066
v 2.952877 31.997999 -11.796791
v 2.715912 31.997999 -11.972491
v 2.469649 31.997999 -12.134904
v 2.215808 31.997999 -12.282997
v 1.955023 31.997999 -12.416588
v 1.687920 31.997999 -12.535491
v 1.415133 31.997999 -12.639525
v 1.137288 31.997999 -12.728509
v 0.855019 31.997999 -12.802257
v 0.568951 31.997999 -12.860585
v 0.279719 31.997999 -12.903314
v -0.012051 31.997999 -12.930258
v -0.305726 31.997999 -12.941234
v -0.600675 31.997999 -12.936062
v -0.894897 31.997999 -12.914690
v -1.186394 31.997999 -12.877348
v -1.474557 31.997999 -12.824274
v -1.758774 31.997999 -12.755709
v -2.038433 31.997999 -12.671889
v -2.312925 31.997999 -12.573056
v -2.581639 31.997999 -12.459449
v -2.843964 31.997999 -12.331306
v -3.099288 31.997999 -12.188864
v -3.347002 31.997999 -12.032364
v -3.586493 31.997999 -11.862043
v -3.817149 31.997999 -11.678143
v -4.037956 31.997999 -11.481086
v -4.246783 31.997999 -11.272968
v -4.443287 31.997999 -11.054358
v -4.627128 31.997999 -10.825824
v -4.797964 31.997999 -10.587933
v -4.955457 31.997999 -10.341251
v -5.099264 31.997999 -10.086349
v -5.229042 31.997999 -9.823792
v -5.344452 31.997999 -9.554151
v -5.445155 31.997999 -9.277989
v -5.530804 31.997999 -8.995878
v -5.601070 31.997999 -8.708386
v -5.655372 31.997999 -8.417459
v -5.693432 31.997999 -8.125098
v -5.715327 31.997999 -7.831966
v -5.721133 31.997999 -7.538721
v -5.710927 31.997999 -7.246018
v -5.684787 31.997999 -6.954517
v -5.642790 31.997999 -6.664876
v -5.585012 31.997999 -6.377750
v -5.511531 31.997999 -6.093800
v -5.422425 31.997999 -5.813681
v -5.317770 31.997999 -5.538053
v -5.197645 31.997999 -5.267574
v -5.188773 31.997999 -5.248093
v -5.180906 31.997999 -5.228255
v -5.174055 31.997999 -5.208100
v -5.168221 31.997999 -5.187665
v -5.163414 31.997999 -5.166992
v -5.159639 31.997999 -5.146118
v -5.156900 31.997999 -5.125084
v -5.155205 31.997999 -5.103927
v -5.154561 31.997999 -5.082687
v -5.154973 31.997999 -5.061402
v -5.156445 31.997999 -5.040111
v -5.158987 31.997999 -5.018855
v -5.162587 31.997999 -4.997753
v -5.167220 31.997999 -4.976920
v -5.172871 31.997999 -4.956394
v -5.179521 31.997999 -4.936213
v -5.187153 31.997999 -4.916409
v -5.195751 31.997999 -4.897017
v -5.205300 31.997999 -4.878076
v -5.215780 31.997999 -4.859620
v -5.227177 31.997999 -4.841683
v -5.239471 31.997999 -4.824304
v -5.252647 31.997999 -4.807517
v -5.266689 31.997999 -4.791360
v -5.281474 31.997999 -4.775909
v -5.296960 31.997999 -4.761257
v -5.313115 31.997999 -4.747426
v -5.329905 31.997999 -4.734433
v -5.347295 31.997999 -4.722301
v -5.365254 31.997999 -4.711048
v -5.383743 31.997999 -4.700696
v -5.402733 31.997999 -4.691263
v -5.422191 31.997999 -4.682769
v -5.442080 31.997999 -4.675235
v -5.462368 31.997999 -4.668680
v -5.483017 31.997999 -4.663125
v -5.503919 31.997999 -4.658605
v -5.524957 31.997999 -4.655141
v -5.546088 31.997999 -4.652732
v -5.567273 31.997999 -4.651373
v -5.588475 31.997999 -4.651062
v -5.609654 31.997999 -4.651797
v -5.630770 31.997999 -4.653575
v -5.651785 31.997999 -4.656399
v -5.672659 31.997999 -4.660261
v -5.693354 31.997999 -4.665159
v -5.713831 31.997999 -4.671092
v -5.734051 31.997999 -4.678057
v -6.013763 31.997999 -4.771785
v -6.297121 31.997999 -4.849729
v -6.583467 31.997999 -4.911870
v -6.872147 31.997999 -4.958198
v -7.162504 31.997999 -4.988694
v -7.453882 31.997999 -5.003345
v -7.745626 31.997999 -5.002135
v -8.037081 31.997999 -4.985049
v -8.327589 31.997999 -4.952072
v -8.616494 31.997999 -4.903189
v -8.903142 31.997999 -4.838384
v -9.186875 31.997999 -4.757643
v -9.465745 31.997999 -4.661430
v -9.737879 31.997999 -4.550483
v -10.002751 31.997999 -4.425189
v -10.259832 31.997999 -4.285934
v -10.508593 31.997999 -4.133110
v -10.748504 31.997999 -3.967102
v -10.979035 31.997999 -3.788298
v -11.199659 31.997999 -3.597084
v -11.409844 31.997999 -3.393851
v -11.609066 31.997999 -3.178988
v -11.796791 31.997999 -2.952877
v -11.972491 31.997999 -2.715912
v -12.134904 31.997999 -2.469649
v -12.282997 31.997999 -2.215808
v -12.416588 31.997999 -1.955023
v -12.535491 31.997999 -1.687920
v -12.639525 31.997999 -1.415133
v -12.728509 31.997999 -1.137288
v -12.802257 31.997999 -0.855019
v -12.860585 31.997999 -0.568951
v -12.903314 31.997999 -0.279719
v -12.930258 31.997999 0.012051
v -12.941234 31.997999 0.305726
v -12.936062 31.997999 0.600675
v -12.914690 31.997999 0.894897
v -12.877348 31.997999 1.186394
v -12.824274 31.997999 1.474557
v -12.755709 31.997999 1.758774
v -12.671889 31.997999 2.038433
v -12.573056 31.997999 2.312925
v -12.459449 31.997999 2.581639
v -12.331306 31.997999 2.843964
v -12.188864 31.997999 3.099288
v -12.032364 31.997999 3.347002
v -11.862043 31.997999 3.586493
v -11.678143 31.997999 3.817149
v -11.481086 31.997999 4.037956
v -11.272968 31.997999 4.246783
v -11.054358 31.997999 4.443287
v -10.825824 31.997999 4.627128
v -10.587933 31.997999 4.797964
v -10.341251 31.997999 4.955457
v -10.086349 31.997999 5.099264
v -9.823792 31.997999 5.229042
v -9.554151 31.997999 5.344452
v -9.277989 31.997999 5.445155
v -8.995878 31.997999 5.530804
v -8.708386 31.997999 5.601070
v -8.417459 31.997999 5.655372
v -8.125098 31.997999 5.693432
v -7.831966 31.997999 5.715327
v -7.538721 31.997999 5.721133
v -7.246018 31.997999 5.710927
v -6.954517 31.997999 5.684787
v -6.664876 31.997999 5.642790
v -6.377750 31.997999 5.585012
v -6.093800 31.997999 5.511531
v -5.813681 31.997999 5.422425
v -5.538053 31.997999 5.317770
v -5.267574 31.997999 5.197645
v -5.248093 31.997999 5.188773
v -5.228255 31.997999 5.180906
v -5.208100 31.997999 5.174055
v -5.187665 31.997999 5.168221
v -5.166992 31.997999 5.163414
v -5.146118 31.997999 5.159639
v -5.125084 31.997999 5.156900
v -5.103927 31.997999 5.155205
v -5.082687 31.997999 5.154561
v -5.061402 31.997999 5.154973
v -5.040111 31.997999 5.156445
v -5.018855 31.997999 5.158987
v -4.997753 31.997999 5.162587
v -4.976920 31.997999 5.167220
v -4.956394 31.997999 5.172871
v -4.936213 31.997999 5.179521
v -4.916409 31.997999 5.187153
v -4.897017 31.997999 5.195751
v -4.878076 31.997999 5.205300
v -4.859620 31.997999 5.215780
v -4.841683 31.997999 5.227177
v -4.824304 31.997999 5.239471
v -4.807517 31.997999 5.252647
v -4.791360 31.997999 5.266689
v -4.775909 31.997999 5.281474
v -4.761257 31.997999 5.296960
v -4.747426 31.997999 5.313115
v -4.734433 31.997999 5.329905
v -4.722301 31.997999 5.347295
v -4.711048 31.997999 5.365254
v -4.700696 31.997999 5.383743
v -4.691263 31.997999 5.402733
v -4.682769 31.997999 5.422191
v -4.675235 31.997999 5.442080
v -4.668680 31.997999 5.462368
v -4.663125 31.997999 5.483017
v -4.658605 31.997999 5.503919
v -4.655141 31.997999 5.524957
v -4.652732 31.997999 5.546088
v -4.651373 31.997999 5.567273
v -4.651062 31.997999 5.588475
v -4.651797 31.997999 5.609654
v -4.653575 31.997999 5.630770
v -4.656399 31.997999 5.651785
v -4.660261 31.997999 5.672659
v -4.665159 31.997999 5.693354
v -4.671092 31.997999 5.713831
v -4.678057 31.997999 5.734051
v -4.771785 31.997999 6.013763
v -4.849729 31.997999 6.297121
v -4.911870 31.997999 6.583467
v -4.958198 31.997999 6.872147
v -4.988694 31.997999 7.162504
v -5.003345 31.997999 7.453882
v -5.002135 31.997999 7.745626
v -4.985049 31.997999 8.037081
v -4.952072 31.997999 8.327589
v -4.903189 31.997999 8.616494
v -4.838384 31.997999 8.903142
v -4.757643 31.997999 9.186875
v -4.661430 31.997999 9.465745
v -4.550483 31.997999 9.737879
v -4.425189 31.997999 10.002751
v -4.285934 31.997999 10.259832
v -4.133110 31.997999 10.508593
v -3.967102 31.997999 10.748504
v -3.788298 31.997999 10.979035
v -3.597084 31.997999 11.199659
v -3.393851 31.997999 11.409844
v -3.178988 31.997999 11.609066
v -2.952877 31.997999 11.796791
v -2.715912 31.997999 11.972491
v -2.469649 31.997999 12.134904
v -2.215808 31.997999 12.282997
v -1.955023 31.997999 12.416588
v -1.687920 31.997999 12.535491
v -1.415133 31.997999 12.639525
v -1.137288 31.997999 12.728509
v -0.855019 31.997999 12.802257
v -0.568951 31.997999 12.860585
v -0.279719 31.997999 12.903314
v 0.012051 31.997999 12.930258
v 0.305726 31.997999 12.941234
v 0.600675 31.997999 12.936062
v 0.894897 31.997999 12.914690
v 1.186394 31.997999 12.877348
v 1.474557 31.997999 12.824274
v 1.758774 31.997999 12.755709
v 2.038433 31.997999 12.671889
v 2.312925 31.997999 12.573056
v 2.581639 31.997999 12.459449
v 2.843964 31.997999 12.331306
v 3.099288 31.997999 12.188864
v 3.347002 31.997999 12.032364
v 3.586493 31.997999 11.862043
v 3.817149 31.997999 11.678143
v 4.037956 31.997999 11.481086
v 4.246783 31.997999 11.272968
v 4.443287 31.997999 11.054358
v 4.627128 31.997999 10.825824
v 4.797964 31.997999 10.587933
v 4.955457 31.997999 10.341251
v 5.099264 31.997999 10.086349
v 5.229042 31.997999 9.823792
v 5.344452 31.997999 9.554151
v 5.445155 31.997999 9.277989
v 5.530804 31.997999 8.995878
v 5.601070 31.997999 8.708386
v 5.655372 31.997999 8.417459
v 5.693432 31.997999 8.125098
v 5.715327 31.997999 7.831966
v 5.721133 31.997999 7.538721
v 5.710927 31.997999 7.246018
v 5.684787 31.997999 6.954517
v 5.642790 31.997999 6.664876
v 5.585012 31.997999 6.377750
v 5.511531 31.997999 6.093800
v 5.422425 31.997999 5.813681
v 5.317770 31.997999 5.538053
v 5.197645 31.997999 5.267574
v 5.188773 31.997999 5.248093
v 5.180906 31.997999 5.228255
v 5.174055 31.997999 5.208100
v 5.168221 31.997999 5.187665
v 5.163414 31.997999 5.166992
v 5.159639 31.997999 5.146118
v 5.156900 31.997999 5.125084
v 5.155205 31.997999 5.103927
v 5.154561 31.997999 5.082687
v 5.154973 31.997999 5.061402
v 5.156445 31.997999 5.040111
v 5.158987 31.997999 5.018855
v 5.162587 31.997999 4.997753
v 5.167220 31.997999 4.976920
v 5.172871 31.997999 4.956394
v 5.179521 31.997999 4.936213
v 5.187153 31.997999 4.916409
v 5.195751 31.997999 4.897017
v 5.205300 31.997999 4.878076
v 5.215780 31.997999 4.859620
v 5.227177 31.997999 4.841683
v 5.239471 31.997999 4.824304
v 5.252647 31.997999 4.807517
v 5.266689 31.997999 4.791360
v 5.281474 31.997999 4.775909
v 5.296960 31.997999 4.761257
v 5.313115 31.997999 4.747426
v 5.329905 31.997999 4.734433
v 5.347295 31.997999 4.722301
v 5.365254 31.997999 4.711048
v 5.383743 31.997999 4.700696
v 5.402733 31.997999 4.691263
v 5.422191 31.997999 4.682769
v 5.442080 31.997999 4.675235
v 5.462368 31.997999 4.668680
v 5.483017 31.997999 4.663125
v 5.503919 31.997999 4.658605
v 5.524957 31.997999 4.655141
v 5.546088 31.997999 4.652732
v 5.567273 31.997999 4.651373
v 5.588475 31.997999 4.651062
v 5.609654 31.997999 4.651797
v 5.630770 31.997999 4.653575
v 5.651785 31.997999 4.656399
v 5.672659 31.997999 4.660261
v 5.693354 31.997999 4.665159
v 5.713831 31.997999 4.671092
v 5.734051 31.997999 4.678057
v 6.013763 31.997999 4.771785
v 6.297121 31.997999 4.849729
v 6.583467 31.997999 4.911870
v 6.872147 31.997999 4.958198
v 7.162504 31.997999 4.988694
v 7.453882 31.997999 5.003345
v 7.745626 31.997999 5.002135
v 8.037081 31.997999 4.985049
v 8.327589 31.997999 4.952072
v 8.616494 31.997999 4.903189
v 8.903142 31.997999 4.838384
v 9.186875 31.997999 4.757643
v 9.465745 31.997999 4.661430
v 9.737879 31.997999 4.550483
v 10.002751 31.997999 4.425189
v 10.259832 31.997999 4.285934
v 10.508593 31.997999 4.133110
v 10.748504 31.997999 3.967102
v 10.979035 31.997999 3.788298
v 11.199659 31.997999 3.597084
v 11.409844 31.997999 3.393851
v 11.609066 31.997999 3.178988
v 11.796791 31.997999 2.952877
v 11.972491 31.997999 2.715912
v 12.134904 31.997999 2.469649
v 12.282997 31.997999 2.215808
v 12.416588 31.997999 1.955023
v 12.535491 31.997999 1.687920
v 12.639525 31.997999 1.415133
v 12.728509 31.997999 1.137288
v 12.802257 31.997999 0.855019
v 12.860585 31.997999 0.568951
v 12.903314 31.997999 0.279719
v 12.930258 31.997999 -0.012051
v 12.941234 31.997999 -0.305726
v 12.936062 31.997999 -0.600675
v 12.914690 31.997999 -0.894897
v 12.877348 31.997999 -1.186394
v 12.824274 31.997999 -1.474557
v 12.755709 31.997999 -1.758774
v 12.671889 31.997999 -2.038433
v 12.573056 31.997999 -2.312925
v 12.459449 31.997999 -2.581639
v 12.331306 31.997999 -2.843964
v 12.188864 31.997999 -3.099288
v 12.032364 31.997999 -3.347002
v 11.862043 31.997999 -3.586493
v 10.009836 33.200001 -3.271842
v 9.840930 33.200001 -3.461105
v 9.662544 33.200001 -3.640100
v 9.475164 33.200001 -3.808532
v 9.279278 33.200001 -3.966110
v 9.075371 33.200001 -4.112541
v 8.863930 33.200001 -4.247535
v 8.645442 33.200001 -4.370798
v 8.420394 33.200001 -4.482036
v 8.189272 33.200001 -4.580959
v 7.952563 33.200001 -4.667275
v 7.710753 33.200001 -4.740689
v 7.464332 33.200001 -4.800917
v 7.214964 33.200001 -4.847462
v 6.964370 33.200001 -4.880085
v 6.713114 33.200001 -4.898851
v 6.461761 33.200001 -4.903828
v 6.210873 33.200001 -4.895081
v 5.961015 33.200001 -4.872674
v 5.712750 33.200001 -4.836677
v 5.466643 33.200001 -4.787154
v 5.223257 33.200001 -4.724169
v 4.983155 33.200001 -4.647793
v 4.746903 33.200001 -4.558088
v 4.515063 33.200001 -4.455124
v 4.498365 33.200001 -4.447520
v 4.481361 33.200001 -4.440777
v 4.464086 33.200001 -4.434904
v 4.446570 33.200001 -4.429904
v 4.428850 33.200001 -4.425784
v 4.410958 33.200001 -4.422547
v 4.392929 33.200001 -4.420200
v 4.374795 33.200001 -4.418747
v 4.356589 33.200001 -4.418195
v 4.338345 33.200001 -4.418548
v 4.320095 33.200001 -4.419810
v 4.301876 33.200001 -4.421988
v 4.283789 33.200001 -4.425075
v 4.265932 33.200001 -4.429046
v 4.248338 33.200001 -4.433889
v 4.231040 33.200001 -4.439589
v 4.214066 33.200001 -4.446131
v 4.197443 33.200001 -4.453501
v 4.181208 33.200001 -4.461686
v 4.165388 33.200001 -4.470669
v 4.150014 33.200001 -4.480437
v 4.135118 33.200001 -4.490975
v 4.120728 33.200001 -4.502269
v 4.106880 33.200001 -4.514305
v 4.093636 33.200001 -4.526978
v 4.081078 33.200001 -4.540252
v 4.069222 33.200001 -4.554098
v 4.058085 33.200001 -4.568490
v 4.047686 33.200001 -4.583396
v 4.038041 33.200001 -4.598789
v 4.029168 33.200001 -4.614637
v 4.021083 33.200001 -4.630914
v 4.013802 33.200001 -4.647593
v 4.007344 33.200001 -4.664640
v 4.001725 33.200001 -4.682029
v 3.996964 33.200001 -4.699729
v 3.993090 33.200001 -4.717645
v 3.990121 33.200001 -4.735677
v 3.988056 33.200001 -4.753789
v 3.986891 33.200001 -4.771948
v 3.986625 33.200001 -4.790122
v 3.987255 33.200001 -4.808275
v 3.988779 33.200001 -4.826374
v 3.991199 33.200001 -4.844387
v 3.994509 33.200001 -4.862279
v 3.998708 33.200001 -4.880018
v 4.003793 33.200001 -4.897569
v 4.009763 33.200001 -4.914900
v 4.090102 33.200001 -5.154655
v 4.156910 33.200001 -5.397532
v 4.210175 33.200001 -5.642972
v 4.249884 33.200001 -5.890412
v 4.276023 33.200001 -6.139289
v 4.288581 33.200001 -6.389042
v 4.287544 33.200001 -6.639109
v 4.272900 33.200001 -6.888926
v 4.244633 33.200001 -7.137933
v 4.202734 33.200001 -7.385566
v 4.147186 33.200001 -7.631264
v 4.077980 33.200001 -7.874465
v 3.995512 33.200001 -8.113495
v 3.900414 33.200001 -8.346754
v 3.793019 33.200001 -8.573787
v 3.673658 33.200001 -8.794142
v 3.542665 33.200001 -9.007365
v 3.400373 33.200001 -9.213003
v 3.247112 33.200001 -9.410602
v 3.083215 33.200001 -9.599708
v 2.909015 33.200001 -9.779867
v 2.724846 33.200001 -9.950628
v 2.531037 33.200001 -10.111535
v 2.327925 33.200001 -10.262136
v 2.116842 33.200001 -10.401346
v 1.899264 33.200001 -10.528283
v 1.675734 33.200001 -10.642790
v 1.446789 33.200001 -10.744706
v 1.212971 33.200001 -10.833879
v 0.974819 33.200001 -10.910151
v 0.732873 33.200001 -10.973363
v 0.487673 33.200001 -11.023358
v 0.239759 33.200001 -11.059983
v -0.010329 33.200001 -11.083078
v -0.262051 33.200001 -11.092486
v -0.514864 33.200001 -11.088053
v -0.767055 33.200001 -11.069735
v -1.016909 33.200001 -11.037726
v -1.263906 33.200001 -10.992235
v -1.507521 33.200001 -10.933465
v -1.747229 33.200001 -10.861620
v -1.982507 33.200001 -10.776906
v -2.212834 33.200001 -10.679527
v -2.437683 33.200001 -10.569691
v -2.656533 33.200001 -10.447598
v -2.868859 33.200001 -10.313455
v -3.074137 33.200001 -10.167466
v -3.271842 33.200001 -10.009836
v -3.461105 33.200001 -9.840930
v -3.640100 33.200001 -9.662544
v -3.808532 33.200001 -9.475164
v -3.966110 33.200001 -9.279278
v -4.112541 33.200001 -9.075371
v -4.247535 33.200001 -8.863930
v -4.370798 33.200001 -8.645442
v -4.482036 33.200001 -8.420394
v -4.580959 33.200001 -8.189272
v -4.667275 33.200001 -7.952563
v -4.740689 33.200001 -7.710753
v -4.800917 33.200001 -7.464332
v -4.847462 33.200001 -7.214964
v -4.880085 33.200001 -6.964370
v -4.898851 33.200001 -6.713114
v -4.903828 33.200001 -6.461761
v -4.895081 33.200001 -6.210873
v -4.872674 33.200001 -5.961015
v -4.836677 33.200001 -5.712750
v -4.787154 33.200001 -5.466643
v -4.724169 33.200001 -5.223257
v -4.647793 33.200001 -4.983155
v -4.558088 33.200001 -4.746903
v -4.455124 33.200001 -4.515063
v -4.447520 33.200001 -4.498365
v -4.440777 33.200001 -4.481361
v -4.434904 33.200001 -4.464086
v -4.429904 33.200001 -4.446570
v -4.425784 33.200001 -4.428850
v -4.422547 33.200001 -4.410958
v -4.420200 33.200001 -4.392929
v -4.418747 33.200001 -4.374795
v -4.418195 33.200001 -4.356589
v -4.418548 33.200001 -4.338345
v -4.419810 33.200001 -4.320095
v -4.421988 33.200001 -4.301876
v -4.425075 33.200001 -4.283789
v -4.429046 33.200001 -4.265932
v -4.433889 33.200001 -4.248338
v -4.439589 33.200001 -4.231040
v -4.446131 33.200001 -4.214066
v -4.453501 33.200001 -4.197443
v -4.461686 33.200001 -4.181208
v -4.470669 33.200001 -4.165388
v -4.480437 33.200001 -4.150014
v -4.490975 33.200001 -4.135118
v -4.502269 33.200001 -4.120728
v -4.514305 33.200001 -4.106880
v -4.526978 33.200001 -4.093636
v -4.540252 33.200001 -4.081078
v -4.554098 33.200001 -4.069222
v -4.568490 33.200001 -4.058085
v -4.583396 33.200001 -4.047686
v -4.598789 33.200001 -4.038041
v -4.614637 33.200001 -4.029168
v -4.630914 33.200001 -4.021083
v -4.647593 33.200001 -4.013802
v -4.664640 33.200001 -4.007344
v -4.682029 33.200001 -4.001725
v -4.699729 33.200001 -3.996964
v -4.717645 33.200001 -3.993090
v -4.735677 33.200001 -3.990121
v -4.753789 33.200001 -3.988056
v -4.771948 33.200001 -3.986891
v -4.790122 33.200001 -3.986625
v -4.808275 33.200001 -3.987255
v -4.826374 33.200001 -3.988779
v -4.844387 33.200001 -3.991199
v -4.862279 33.200001 -3.994509
v -4.880018 33.200001 -3.998708
v -4.897569 33.200001 -4.003793
v -4.914900 33.200001 -4.009763
v -5.154655 33.200001 -4.090102
v -5.397532 33.200001 -4.156910
v -5.642972 33.200001 -4.210175
v -5.890412 33.200001 -4.249884
v -6.139289 33.200001 -4.276023
v -6.389042 33.200001 -4.288581
v -6.639109 33.200001 -4.287544
v -6.888926 33.200001 -4.272900
v -7.137933 33.200001 -4.244633
v -7.385566 33.200001 -4.202734
v -7.631264 33.200001 -4.147186
v -7.874465 33.200001 -4.077980
v -8.113495 33.200001 -3.995512
v -8.346754 33.200001 -3.900414
v -8.573787 33.200001 -3.793019
v -8.794142 33.200001 -3.673658
v -9.007365 33.200001 -3.542665
v -9.213003 33.200001 -3.400373
v -9.410602 33.200001 -3.247112
v -9.599708 33.200001 -3.083215
v -9.779867 33.200001 -2.909015
v -9.950628 33.200001 -2.724846
v -10.111535 33.200001 -2.531037
v -10.262136 33.200001 -2.327925
v -10.401346 33.200001 -2.116842
v -10.528283 33.200001 -1.899264
v -10.642790 33.200001 -1.675734
v -10.744706 33.200001 -1.446789
v -10.833879 33.200001 -1.212971
v -10.910151 33.200001 -0.974819
v -10.973363 33.200001 -0.732873
v -11.023358 33.200001 -0.487673
v -11.059983 33.200001 -0.239759
v -11.083078 33.200001 0.010329
v -11.092486 33.200001 0.262051
v -11.088053 33.200001 0.514864
v -11.069735 33.200001 0.767055
v -11.037726 33.200001 1.016909
v -10.992235 33.200001 1.263906
v -10.933465 33.200001 1.507521
v -10.861620 33.200001 1.747229
v -10.776906 33.200001 1.982507
v -10.679527 33.200001 2.212834
v -10.569691 33.200001 2.437683
v -10.447598 33.200001 2.656533
v -10.313455 33.200001 2.868859
v -10.167466 33.200001 3.074137
v -10.009836 33.200001 3.271842
v -9.840930 33.200001 3.461105
v -9.662544 33.200001 3.640100
v -9.475164 33.200001 3.808532
v -9.279278 33.200001 3.966110
v -9.075371 33.200001 4.112541
v -8.863930 33.200001 4.247535
v -8.645442 33.200001 4.370798
v -8.420394 33.200001 4.482036
v -8.189272 33.200001 4.580959
v -7.952563 33.200001 4.667275
v -7.710753 33.200001 4.740689
v -7.464332 33.200001 4.800917
v -7.214964 33.200001 4.847462
v -6.964370 33.200001 4.880085
v -6.713114 33.200001 4.898851
v -6.461761 33.200001 4.903828
v -6.210873 33.200001 4.895081
v -5.961015 33.200001 4.872674
v -5.712750 33.200001 4.836677
v -5.466643 33.200001 4.787154
v -5.223257 33.200001 4.724169
v -4.983155 33.200001 4.647793
v -4.746903 33.200001 4.558088
v -4.515063 33.200001 4.455124
v -4.498365 33.200001 4.447520
v -4.481361 33.200001 4.440777
v -4.464086 33.200001 4.434904
v -4.446570 33.200001 4.429904
v -4.428850 33.200001 4.425784
v -4.410958 33.200001 4.422547
v -4.392929 33.200001 4.420200
v -4.374795 33.200001 4.418747
v -4.356589 33.200001 4.418195
v -4.338345 33.200001 4.418548
v -4.320095 33.200001 4.419810
v -4.301876 33.200001 4.421988
v -4.283789 33.200001 4.425075
v -4.265932 33.200001 4.429046
v -4.248338 33.200001 4.433889
v -4.231040 33.200001 4.439589
v -4.214066 33.200001 4.446131
v -4.197443 33.200001 4.453501
v -4.181208 33.200001 4.461686
v -4.165388 33.200001 4.470669
v -4.150014 33.200001 4.480437
v -4.135118 33.200001 4.490975
v -4.120728 33.200001 4.502269
v -4.106880 33.200001 4.514305
v -4.093636 33.200001 4.526978
v -4.081078 33.200001 4.540252
v -4.069222 33.200001 4.554098
v -4.058085 33.200001 4.568490
v -4.047686 33.200001 4.583396
v -4.038041 33.200001 4.598789
v -4.029168 33.200001 4.614637
v -4.021083 33.200001 4.630914
v -4.013802 33.200001 4.647593
v -4.007344 33.200001 4.664640
v -4.001725 33.200001 4.682029
v -3.996964 33.200001 4.699729
v -3.993090 33.200001 4.717645
v -3.990121 33.200001 4.735677
v -3.988056 33.200001 4.753789
v -3.986891 33.200001 4.771948
v -3.986625 33.200001 4.790122
v -3.987255 33.200001 4.808275
v -3.988779 33.200001 4.826374
v -3.991199 33.200001 4.844387
v -3.994509 33.200001 4.862279
v -3.998708 33.200001 4.880018
v -4.003793 33.200001 4.897569
v -4.009763 33.200001 4.914900
v -4.090102 33.200001 5.154655
v -4.156910 33.200001 5.397532
v -4.210175 33.200001 5.642972
v -4.249884 33.200001 5.890412
v -4.276023 33.200001 6.139289
v -4.288581 33.200001 6.389042
v -4.287544 33.200001 6.639109
v -4.272900 33.200001 6.888926
v -4.244633 33.200001 7.137933
v -4.202734 33.200001 7.385566
v -4.147186 33.200001 7.631264
v -4.077980 33.200001 7.874465
v -3.995512 33.200001 8.113495
v -3.900414 33.200001 8.346754
v -3.793019 33.200001 8.573787
v -3.673658 33.200001 8.794142
v -3.542665 33.200001 9.007365
v -3.400373 33.200001 9.213003
v -3.247112 33.200001 9.410602
v -3.083215 33.200001 9.599708
v -2.909015 33.200001 9.779867
v -2.724846 33.200001 9.950628
v -2.531037 33.200001 10.111535
v -2.327925 33.200001 10.262136
v -2.116842 33.200001 10.401346
v -1.899264 33.200001 10.528283
v -1.675734 33.200001 10.642790
v -1.446789 33.200001 10.744706
v -1.212971 33.200001 10.833879
v -0.974819 33.200001 10.910151
v -0.732873 33.200001 10.973363
v -0.487673 33.200001 11.023358
v -0.239759 33.200001 11.059983
v 0.010329 33.200001 11.083078
v 0.262051 33.200001 11.092486
v 0.514864 33.200001 11.088053
v 0.767055 33.200001 11.069735
v 1.016909 33.200001 11.037726
v 1.263906 33.200001 10.992235
v 1.507521 33.200001 10.933465
v 1.747229 33.200001 10.861620
v 1.982507 33.200001 10.776906
v 2.212834 33.200001 10.679527
v 2.437683 33.200001 10.569691
v 2.656533 33.200001 10.447598
v 2.868859 33.200001 10.313455
v 3.074137 33.200001 10.167466
v 3.271842 33.200001 10.009836
v 3.461105 33.200001 9.840930
v 3.640100 33.200001 9.662544
v 3.808532 33.200001 9.475164
v 3.966110 33.200001 9.279278
v 4.112541 33.200001 9.075371
v 4.247535 33.200001 8.863930
v 4.370798 33.200001 8.645442
v 4.482036 33.200001 8.420394
v 4.580959 33.200001 8.189272
v 4.667275 33.200001 7.952563
v 4.740689 33.200001 7.710753
v 4.800917 33.200001 7.464332
v 4.847462 33.200001 7.214964
v 4.880085 33.200001 6.964370
v 4.898851 33.200001 6.713114
v 4.903828 33.200001 6.461761
v 4.895081 33.200001 6.210873
v 4.872674 33.200001 5.961015
v 4.836677 33.200001 5.712750
v 4.787154 33.200001 5.466643
v 4.724169 33.200001 5.223257
v 4.647793 33.200001 4.983155
v 4.558088 33.200001 4.746903
v 4.455124 33.200001 4.515063
v 4.447520 33.200001 4.498365
v 4.440777 33.200001 4.481361
v 4.434904 33.200001 4.464086
v 4.429904 33.200001 4.446570
v 4.425784 33.200001 4.428850
v 4.422547 33.200001 4.410958
v 4.420200 33.200001 4.392929
v 4.418747 33.200001 4.374795
v 4.418195 33.200001 4.356589
v 4.418548 33.200001 4.338345
v 4.419810 33.200001 4.320095
v 4.421988 33.200001 4.301876
v 4.425075 33.200001 4.283789
v 4.429046 33.200001 4.265932
v 4.433889 33.200001 4.248338
v 4.439589 33.200001 4.231040
v 4.446131 33.200001 4.214066
v 4.453501 33.200001 4.197443
v 4.461686 33.200001 4.181208
v 4.470669 33.200001 4.165388
v 4.480437 33.200001 4.150014
v 4.490975 33.200001 4.135118
v 4.502269 33.200001 4.120728
v 4.514305 33.200001 4.106880
v 4.526978 33.200001 4.093636
v 4.540252 33.200001 4.081078
v 4.554098 33.200001 4.069222
v 4.568490 33.200001 4.058085
v 4.583396 33.200001 4.047686
v 4.598789 33.200001 4.038041
v 4.614637 33.200001 4.029168
v 4.630914 33.200001 4.021083
v 4.647593 33.200001 4.013802
v 4.664640 33.200001 4.007344
v 4.682029 33.200001 4.001725
v 4.699729 33.200001 3.996964
v 4.717645 33.200001 3.993090
v 4.735677 33.200001 3.990121
v 4.753789 33.200001 3.988056
v 4.771948 33.200001 3.986891
v 4.790122 33.200001 3.986625
v 4.808275 33.200001 3.987255
v 4.826374 33.200001 3.988779
v 4.844387 33.200001 3.991199
v 4.862279 33.200001 3.994509
v 4.880018 33.200001 3.998708
v 4.897569 33.200001 4.003793
v 4.914900 33.200001 4.009763
v 5.154655 33.200001 4.090102
v 5.397532 33.200001 4.156910
v 5.642972 33.200001 4.210175
v 5.890412 33.200001 4.249884
v 6.139289 33.200001 4.276023
v 6.389042 33.200001 4.288581
v 6.639109 33.200001 4.287544
v 6.888926 33.200001 4.272900
v 7.137933 33.200001 4.244633
v 7.385566 33.200001 4.202734
v 7.631264 33.200001 4.147186
v 7.874465 33.200001 4.077980
v 8.113495 33.200001 3.995512
v 8.346754 33.200001 3.900414
v 8.573787 33.200001 3.793019
v 8.794142 33.200001 3.673658
v 9.007365 33.200001 3.542665
v 9.213003 33.200001 3.400373
v 9.410602 33.200001 3.247112
v 9.599708 33.200001 3.083215
v 9.779867 33.200001 2.909015
v 9.950628 33.200001 2.724846
v 10.111535 33.200001 2.531037
v 10.262136 33.200001 2.327925
v 10.401346 33.200001 2.116842
v 10.528283 33.200001 1.899264
v 10.642790 33.200001 1.675734
v 10.744706 33.200001 1.446789
v 10.833879 33.200001 1.212971
v 10.910151 33.200001 0.974819
v 10.973363 33.200001 0.732873
v 11.023358 33.200001 0.487673
v 11.059983 33.200001 0.239759
v 11.083078 33.200001 -0.010329
v 11.092486 33.200001 -0.262051
v 11.088053 33.200001 -0.514864
v 11.069735 33.200001 -0.767055
v 11.037726 33.200001 -1.016909
v 10.992235 33.200001 -1.263906
v 10.933465 33.200001 -1.507521
v 10.861620 33.200001 -1.747229
v 10.776906 33.200001 -1.982507
v 10.679527 33.200001 -2.212834
v 10.569691 33.200001 -2.437683
v 10.447598 33.200001 -2.656533
v 10.313455 33.200001 -2.868859
v 10.167466 33.200001 -3.074137
v 8.341531 34.124355 -2.726535
v 8.200775 34.124355 -2.884254
v 8.052120 34.124355 -3.033417
v 7.895970 34.124355 -3.173777
v 7.732731 34.124355 -3.305091
v 7.562809 34.124355 -3.427117
v 7.386608 34.124355 -3.539612
v 7.204535 34.124355 -3.642331
v 7.016995 34.124355 -3.735030
v 6.824393 34.124355 -3.817466
v 6.627136 34.124355 -3.889396
v 6.425628 34.124355 -3.950574
v 6.220276 34.124355 -4.000764
v 6.012470 34.124355 -4.039552
v 5.803642 34.124355 -4.066738
v 5.594262 34.124355 -4.082376
v 5.384800 34.124355 -4.086524
v 5.175727 34.124355 -4.079234
v 4.967513 34.124355 -4.060562
v 4.760625 34.124355 -4.030564
v 4.555536 34.124355 -3.989295
v 4.352714 34.124355 -3.936808
v 4.152629 34.124355 -3.873161
v 3.955752 34.124355 -3.798407
v 3.762553 34.124355 -3.712604
v 3.748638 34.124355 -3.706266
v 3.734468 34.124355 -3.700648
v 3.720071 34.124355 -3.695753
v 3.705475 34.124355 -3.691587
v 3.690709 34.124355 -3.688153
v 3.675799 34.124355 -3.685456
v 3.660774 34.124355 -3.683500
v 3.645662 34.124355 -3.682290
v 3.630491 34.124355 -3.681829
v 3.615287 34.124355 -3.682123
v 3.600079 34.124355 -3.683175
v 3.584897 34.124355 -3.684990
v 3.569824 34.124355 -3.687562
v 3.554943 34.124355 -3.690871
v 3.540282 34.124355 -3.694908
v 3.525867 34.124355 -3.699658
v 3.511721 34.124355 -3.705110
v 3.497869 34.124355 -3.711251
v 3.484340 34.124355 -3.718071
v 3.471157 34.124355 -3.725557
v 3.458345 34.124355 -3.733697
v 3.445932 34.124355 -3.742480
v 3.433940 34.124355 -3.751891
v 3.422400 34.124355 -3.761921
v 3.411363 34.124355 -3.772481
v 3.400898 34.124355 -3.783543
v 3.391018 34.124355 -3.795082
v 3.381738 34.124355 -3.807075
v 3.373072 34.124355 -3.819497
v 3.365034 34.124355 -3.832324
v 3.357640 34.124355 -3.845531
v 3.350902 34.124355 -3.859095
v 3.344835 34.124355 -3.872994
v 3.339453 34.124355 -3.887200
v 3.334771 34.124355 -3.901691
v 3.330803 34.124355 -3.916441
v 3.327575 34.124355 -3.931371
v 3.325101 34.124355 -3.946398
v 3.323380 34.124355 -3.961491
v 3.322409 34.124355 -3.976623
v 3.322187 34.124355 -3.991768
v 3.322712 34.124355 -4.006896
v 3.323983 34.124355 -4.021978
v 3.325999 34.124355 -4.036989
v 3.328758 34.124355 -4.051899
v 3.332256 34.124355 -4.066681
v 3.336494 34.124355 -4.081308
v 3.341469 34.124355 -4.095750
v 3.408418 34.124355 -4.295546
v 3.464092 34.124355 -4.497943
v 3.508479 34.124355 -4.702477
v 3.541569 34.124355 -4.908676
v 3.563353 34.124355 -5.116075
v 3.573817 34.124355 -5.324202
v 3.572954 34.124355 -5.532590
v 3.560750 34.124355 -5.740772
v 3.537194 34.124355 -5.948277
v 3.502278 34.124355 -6.154639
v 3.455988 34.124355 -6.359387
v 3.398316 34.124355 -6.562054
v 3.329593 34.124355 -6.761246
v 3.250345 34.124355 -6.955628
v 3.160849 34.124355 -7.144823
v 3.061382 34.124355 -7.328452
v 2.952221 34.124355 -7.506137
v 2.833644 34.124355 -7.677503
v 2.705927 34.124355 -7.842168
v 2.569346 34.124355 -7.999756
v 2.424180 34.124355 -8.149889
v 2.270705 34.124355 -8.292190
v 2.109198 34.124355 -8.426279
v 1.939937 34.124355 -8.551780
v 1.764035 34.124355 -8.667789
v 1.582720 34.124355 -8.773569
v 1.396445 34.124355 -8.868991
v 1.205657 34.124355 -8.953922
v 1.010809 34.124355 -9.028233
v 0.812349 34.124355 -9.091792
v 0.610728 34.124355 -9.144469
v 0.406394 34.124355 -9.186132
v 0.199799 34.124355 -9.216653
v -0.008608 34.124355 -9.235898
v -0.218376 34.124355 -9.243738
v -0.429054 34.124355 -9.240044
v -0.639212 34.124355 -9.224778
v -0.847424 34.124355 -9.198106
v -1.053255 34.124355 -9.160195
v -1.256267 34.124355 -9.111220
v -1.456024 34.124355 -9.051350
v -1.652090 34.124355 -8.980755
v -1.844028 34.124355 -8.899606
v -2.031403 34.124355 -8.808076
v -2.213777 34.124355 -8.706331
v -2.390716 34.124355 -8.594545
v -2.561781 34.124355 -8.472888
v -2.726535 34.124355 -8.341531
v -2.884254 34.124355 -8.200775
v -3.033417 34.124355 -8.052120
v -3.173777 34.124355 -7.895970
v -3.305091 34.124355 -7.732731
v -3.427117 34.124355 -7.562809
v -3.539612 34.124355 -7.386608
v -3.642331 34.124355 -7.204535
v -3.735030 34.124355 -7.016995
v -3.817466 34.124355 -6.824393
v -3.889396 34.124355 -6.627136
v -3.950574 34.124355 -6.425628
v -4.000764 34.124355 -6.220276
v -4.039552 34.124355 -6.012470
v -4.066738 34.124355 -5.803642
v -4.082376 34.124355 -5.594262
v -4.086524 34.124355 -5.384800
v -4.079234 34.124355 -5.175727
v -4.060562 34.124355 -4.967513
v -4.030564 34.124355 -4.760625
v -3.989295 34.124355 -4.555536
v -3.936808 34.124355 -4.352714
v -3.873161 34.124355 -4.152629
v -3.798407 34.124355 -3.955752
v -3.712604 34.124355 -3.762553
v -3.706266 34.124355 -3.748638
v -3.700648 34.124355 -3.734468
v -3.695753 34.124355 -3.720071
v -3.691587 34.124355 -3.705475
v -3.688153 34.124355 -3.690709
v -3.685456 34.124355 -3.675799
v -3.683500 34.124355 -3.660774
v -3.682290 34.124355 -3.645662
v -3.681829 34.124355 -3.630491
v -3.682123 34.124355 -3.615287
v -3.683175 34.124355 -3.600079
v -3.684990 34.124355 -3.584897
v -3.687562 34.124355 -3.569824
v -3.690871 34.124355 -3.554943
v -3.694908 34.124355 -3.540282
v -3.699658 34.124355 -3.525867
v -3.705110 34.124355 -3.511721
v -3.711251 34.124355 -3.497869
v -3.718071 34.124355 -3.484340
v -3.725557 34.124355 -3.471157
v -3.733697 34.124355 -3.458345
v -3.742480 34.124355 -3.445932
v -3.751891 34.124355 -3.433940
v -3.761921 34.124355 -3.422400
v -3.772481 34.124355 -3.411363
v -3.783543 34.124355 -3.400898
v -3.795082 34.124355 -3.391018
v -3.807075 34.124355 -3.381738
v -3.819497 34.124355 -3.373072
v -3.832324 34.124355 -3.365034
v -3.845531 34.124355 -3.357640
v -3.859095 34.124355 -3.350902
v -3.872994 34.124355 -3.344835
v -3.887200 34.124355 -3.339453
v -3.901691 34.124355 -3.334771
v -3.916441 34.124355 -3.330803
v -3.931371 34.124355 -3.327575
v -3.946398 34.124355 -3.325101
v -3.961491 34.124355 -3.323380
v -3.976623 34.124355 -3.322409
v -3.991768 34.124355 -3.322187
v -4.006896 34.124355 -3.322712
v -4.021978 34.124355 -3.323983
v -4.036989 34.124355 -3.325999
v -4.051899 34.124355 -3.328758
v -4.066681 34.124355 -3.332256
v -4.081308 34.124355 -3.336494
v -4.095750 34.124355 -3.341469
v -4.295546 34.124355 -3.408418
v -4.497943 34.124355 -3.464092
v -4.702477 34.124355 -3.508479
v -4.908676 34.124355 -3.541569
v -5.116075 34.124355 -3.563353
v -5.324202 34.124355 -3.573817
v -5.532590 34.124355 -3.572954
v -5.740772 34.124355 -3.560750
v -5.948277 34.124355 -3.537194
v -6.154639 34.124355 -3.502278
v -6.359387 34.124355 -3.455988
v -6.562054 34.124355 -3.398316
v -6.761246 34.124355 -3.329593
v -6.955628 34.124355 -3.250345
v -7.144823 34.124355 -3.160849
v -7.328452 34.124355 -3.061382
v -7.506137 34.124355 -2.952221
v -7.677503 34.124355 -2.833644
v -7.842168 34.124355 -2.705927
v -7.999756 34.124355 -2.569346
v -8.149889 34.124355 -2.424180
v -8.292190 34.124355 -2.270705
v -8.426279 34.124355 -2.109198
v -8.551780 34.124355 -1.939937
v -8.667789 34.124355 -1.764035
v -8.773569 34.124355 -1.582720
v -8.868991 34.124355 -1.396445
v -8.953922 34.124355 -1.205657
v -9.028233 34.124355 -1.010809
v -9.091792 34.124355 -0.812349
v -9.144469 34.124355 -0.610728
v -9.186132 34.124355 -0.406394
v -9.216653 34.124355 -0.199799
v -9.235898 34.124355 0.008608
v -9.243738 34.124355 0.218376
v -9.240044 34.124355 0.429054
v -9.224778 34.124355 0.639212
v -9.198106 34.124355 0.847424
v -9.160195 34.124355 1.053255
v -9.111220 34.124355 1.256267
v -9.051350 34.124355 1.456024
v -8.980755 34.124355 1.652090
v -8.899606 34.124355 1.844028
v -8.808076 34.124355 2.031403
v -8.706331 34.124355 2.213777
v -8.594545 34.124355 2.390716
v -8.472888 34.124355 2.561781
v -8.341531 34.124355 2.726535
v -8.200775 34.124355 2.884254
v -8.052120 34.124355 3.033417
v -7.895970 34.124355 3.173777
v -7.732731 34.124355 3.305091
v -7.562809 34.124355 3.427117
v -7.386608 34.124355 3.539612
v -7.204535 34.124355 3.642331
v -7.016995 34.124355 3.735030
v -6.824393 34.124355 3.817466
v -6.627136 34.124355 3.889396
v -6.425628 34.124355 3.950574
v -6.220276 34.124355 4.000764
v -6.012470 34.124355 4.039552
v -5.803642 34.124355 4.066738
v -5.594262 34.124355 4.082376
v -5.384800 34.124355 4.086524
v -5.175727 34.124355 4.079234
v -4.967513 34.124355 4.060562
v -4.760625 34.124355 4.030564
v -4.555536 34.124355 3.989295
v -4.352714 34.124355 3.936808
v -4.152629 34.124355 3.873161
v -3.955752 34.124355 3.798407
v -3.762553 34.124355 3.712604
v -3.748638 34.124355 3.706266
v -3.734468 34.124355 3.700648
v -3.720071 34.124355 3.695753
v -3.705475 34.124355 3.691587
v -3.690709 34.124355 3.688153
v -3.675799 34.124355 3.685456
v -3.660774 34.124355 3.683500
v -3.645662 34.124355 3.682290
v -3.630491 34.124355 3.681829
v -3.615287 34.124355 3.682123
v -3.600079 34.124355 3.683175
v -3.584897 34.124355 3.684990
v -3.569824 34.124355 3.687562
v -3.554943 34.124355 3.690871
v -3.540282 34.124355 3.694908
v -3.525867 34.124355 3.699658
v -3.511721 34.124355 3.705110
v -3.497869 34.124355 3.711251
v -3.484340 34.124355 3.718071
v -3.471157 34.124355 3.725557
v -3.458345 34.124355 3.733697
v -3.445932 34.124355 3.742480
v -3.433940 34.124355 3.751891
v -3.422400 34.124355 3.761921
v -3.411363 34.124355 3.772481
v -3.400898 34.124355 3.783543
v -3.391018 34.124355 3.795082
v -3.381738 34.124355 3.807075
v -3.373072 34.124355 3.819497
v -3.365034 34.124355 3.832324
v -3.357640 34.124355 3.845531
v -3.350902 34.124355 3.859095
v -3.344835 34.124355 3.872994
v -3.339453 34.124355 3.887200
v -3.334771 34.124355 3.901691
v -3.330803 34.124355 3.916441
v -3.327575 34.124355 3.931371
v -3.325101 34.124355 3.946398
v -3.323380 34.124355 3.961491
v -3.322409 34.124355 3.976623
v -3.322187 34.124355 3.991768
v -3.322712 34.124355 4.006896
v -3.323983 34.124355 4.021978
v -3.325999 34.124355 4.036989
v -3.328758 34.124355 4.051899
v -3.332256 34.124355 4.066681
v -3.336494 34.124355 4.081308
v -3.341469 34.124355 4.095750
v -3.408418 34.124355 4.295546
v -3.464092 34.124355 4.497943
v -3.508479 34.124355 4.702477
v -3.541569 34.124355 4.908676
v -3.563353 34.124355 5.116075
v -3.573817 34.124355 5.324202
v -3.572954 34.124355 5.532590
v -3.560750 34.124355 5.740772
v -3.537194 34.124355 5.948277
v -3.502278 34.124355 6.154639
v -3.455988 34.124355 6.359387
v -3.398316 34.124355 6.562054
v -3.329593 34.124355 6.761246
v -3.250345 34.124355 6.955628
v -3.160849 34.124355 7.144823
v -3.061382 34.124355 7.328452
v -2.952221 34.124355 7.506137
v -2.833644 34.124355 7.677503
v -2.705927 34.124355 7.842168
v -2.569346 34.124355 7.999756
v -2.424180 34.124355 8.149889
v -2.270705 34.124355 8.292190
v -2.109198 34.124355 8.426279
v -1.939937 34.124355 8.551780
v -1.764035 34.124355 8.667789
v -1.582720 34.124355 8.773569
v -1.396445 34.124355 8.868991
v -1.205657 34.124355 8.953922
v -1.010809 34.124355 9.028233
v -0.812349 34.124355 9.091792
v -0.610728 34.124355 9.144469
v -0.406394 34.124355 9.186132
v -0.199799 34.124355 9.216653
v 0.008608 34.124355 9.235898
v 0.218376 34.124355 9.243738
v 0.429054 34.124355 9.240044
v 0.639212 34.124355 9.224778
v 0.847424 34.124355 9.198106
v 1.053255 34.124355 9.160195
v 1.256267 34.124355 9.111220
v 1.456024 34.124355 9.051350
v 1.652090 34.124355 8.980755
v 1.844028 34.124355 8.899606
v 2.031403 34.124355 8.808076
v 2.213777 34.124355 8.706331
v 2.390716 34.124355 8.594545
v 2.561781 34.124355 8.472888
v 2.726535 34.124355 8.341531
v 2.884254 34.124355 8.200775
v 3.033417 34.124355 8.052120
v 3.173777 34.124355 7.895970
v 3.305091 34.124355 7.732731
v 3.427117 34.124355 7.562809
v 3.539612 34.124355 7.386608
v 3.642331 34.124355 7.204535
v 3.735030 34.124355 7.016995
v 3.817466 34.124355 6.824393
v 3.889396 34.124355 6.627136
v 3.950574 34.124355 6.425628
v 4.000764 34.124355 6.220276
v 4.039552 34.124355 6.012470
v 4.066738 34.124355 5.803642
v 4.082376 34.124355 5.594262
v 4.086524 34.124355 5.384800
v 4.079234 34.124355 5.175727
v 4.060562 34.124355 4.967513
v 4.030564 34.124355 4.760625
v 3.989295 34.124355 4.555536
v 3.936808 34.124355 4.352714
v 3.873161 34.124355 4.152629
v 3.798407 34.124355 3.955752
v 3.712604 34.124355 3.762553
v 3.706266 34.124355 3.748638
v 3.700648 34.124355 3.734468
v 3.695753 34.124355 3.720071
v 3.691587 34.124355 3.705475
v 3.688153 34.124355 3.690709
v 3.685456 34.124355 3.675799
v 3.683500 34.124355 3.660774
v 3.682290 34.124355 3.645662
v 3.681829 34.124355 3.630491
v 3.682123 34.124355 3.615287
v 3.683175 34.124355 3.600079
v 3.684990 34.124355 3.584897
v 3.687562 34.124355 3.569824
v 3.690871 34.124355 3.554943
v 3.694908 34.124355 3.540282
v 3.699658 34.124355 3.525867
v 3.705110 34.124355 3.511721
v 3.711251 34.124355 3.497869
v 3.718071 34.124355 3.484340
v 3.725557 34.124355 3.471157
v 3.733697 34.124355 3.458345
v 3.742480 34.124355 3.445932
v 3.751891 34.124355 3.433940
v 3.761921 34.124355 3.422400
v 3.772481 34.124355 3.411363
v 3.783543 34.124355 3.400898
v 3.795082 34.124355 3.391018
v 3.807075 34.124355 3.381738
v 3.819497 34.124355 3.373072
v 3.832324 34.124355 3.365034
v 3.845531 34.124355 3.357640
v 3.859095 34.124355 3.350902
v 3.872994 34.124355 3.344835
v 3.887200 34.124355 3.339453
v 3.901691 34.124355 3.334771
v 3.916441 34.124355 3.330803
v 3.931371 34.124355 3.327575
v 3.946398 34.124355 3.325101
v 3.961491 34.124355 3.323380
v 3.976623 34.124355 3.322409
v 3.991768 34.124355 3.322187
v 4.006896 34.124355 3.322712
v 4.021978 34.124355 3.323983
v 4.036989 34.124355 3.325999
v 4.051899 34.124355 3.328758
v 4.066681 34.124355 3.332256
v 4.081308 34.124355 3.336494
v 4.095750 34.124355 3.341469
v 4.295546 34.124355 3.408418
v 4.497943 34.124355 3.464092
v 4.702477 34.124355 3.508479
v 4.908676 34.124355 3.541569
v 5.116075 34.124355 3.563353
v 5.324202 34.124355 3.573817
v 5.532590 34.124355 3.572954
v 5.740772 34.124355 3.560750
v 5.948277 34.124355 3.537194
v 6.154639 34.124355 3.502278
v 6.359387 34.124355 3.455988
v 6.562054 34.124355 3.398316
v 6.761246 34.124355 3.329593
v 6.955628 34.124355 3.250345
v 7.144823 34.124355 3.160849
v 7.328452 34.124355 3.061382
v 7.506137 34.124355 2.952221
v 7.677503 34.124355 2.833644
v 7.842168 34.124355 2.705927
v 7.999756 34.124355 2.569346
v 8.149889 34.124355 2.424180
v 8.292190 34.124355 2.270705
v 8.426279 34.124355 2.109198
v 8.551780 34.124355 1.939937
v 8.667789 34.124355 1.764035
v 8.773569 34.124355 1.582720
v 8.868991 34.124355 1.396445
v 8.953922 34.124355 1.205657
v 9.028233 34.124355 1.010809
v 9.091792 34.124355 0.812349
v 9.144469 34.124355 0.610728
v 9.186132 34.124355 0.406394
v 9.216653 34.124355 0.199799
v 9.235898 34.124355 -0.008608
v 9.243738 34.124355 -0.218376
v 9.240044 34.124355 -0.429054
v 9.224778 34.124355 -0.639212
v 9.198106 34.124355 -0.847424
v 9.160195 34.124355 -1.053255
v 9.111220 34.124355 -1.256267
v 9.051350 34.124355 -1.456024
v 8.980755 34.124355 -1.652090
v 8.899606 34.124355 -1.844028
v 8.808076 34.124355 -2.031403
v 8.706331 34.124355 -2.213777
v 8.594545 34.124355 -2.390716
v 8.472888 34.124355 -2.561781
v 6.673224 34.831211 -2.181228
v 6.560620 34.831211 -2.307403
v 6.441696 34.831211 -2.426733
v 6.316776 34.831211 -2.539021
v 6.186185 34.831211 -2.644073
v 6.050247 34.831211 -2.741694
v 5.909286 34.831211 -2.831690
v 5.763628 34.831211 -2.913865
v 5.613596 34.831211 -2.988024
v 5.459515 34.831211 -3.053973
v 5.301708 34.831211 -3.111517
v 5.140502 34.831211 -3.160459
v 4.976221 34.831211 -3.200612
v 4.809976 34.831211 -3.231641
v 4.642913 34.831211 -3.253390
v 4.475409 34.831211 -3.265901
v 4.307840 34.831211 -3.269219
v 4.140582 34.831211 -3.263387
v 3.974010 34.831211 -3.248450
v 3.808500 34.831211 -3.224452
v 3.644429 34.831211 -3.191436
v 3.482171 34.831211 -3.149446
v 3.322104 34.831211 -3.098529
v 3.164602 34.831211 -3.038726
v 3.010042 34.831211 -2.970083
v 2.998910 34.831211 -2.965013
v 2.987574 34.831211 -2.960518
v 2.976057 34.831211 -2.956603
v 2.964380 34.831211 -2.953269
v 2.952567 34.831211 -2.950522
v 2.940639 34.831211 -2.948365
v 2.928619 34.831211 -2.946800
v 2.916530 34.831211 -2.945832
v 2.904393 34.831211 -2.945463
v 2.892230 34.831211 -2.945699
v 2.880064 34.831211 -2.946540
v 2.867917 34.831211 -2.947992
v 2.855859 34.831211 -2.950050
v 2.843954 34.831211 -2.952697
v 2.832225 34.831211 -2.955926
v 2.820693 34.831211 -2.959726
v 2.809377 34.831211 -2.964087
v 2.798296 34.831211 -2.969001
v 2.787472 34.831211 -2.974457
v 2.776926 34.831211 -2.980446
v 2.766676 34.831211 -2.986958
v 2.756745 34.831211 -2.993984
v 2.747152 34.831211 -3.001513
v 2.737920 34.831211 -3.009537
v 2.729091 34.831211 -3.017985
v 2.720718 34.831211 -3.026834
v 2.712815 34.831211 -3.036066
v 2.705390 34.831211 -3.045660
v 2.698457 34.831211 -3.055597
v 2.692027 34.831211 -3.065859
v 2.686112 34.831211 -3.076425
v 2.680722 34.831211 -3.087276
v 2.675868 34.831211 -3.098395
v 2.671563 34.831211 -3.109760
v 2.667817 34.831211 -3.121353
v 2.664643 34.831211 -3.133153
v 2.662060 34.831211 -3.145097
v 2.660081 34.831211 -3.157118
v 2.658704 34.831211 -3.169193
v 2.657928 34.831211 -3.181299
v 2.657750 34.831211 -3.193414
v 2.658170 34.831211 -3.205517
v 2.659186 34.831211 -3.217583
v 2.660799 34.831211 -3.229591
v 2.663006 34.831211 -3.241519
v 2.665805 34.831211 -3.253345
v 2.669195 34.831211 -3.265046
v 2.673175 34.831211 -3.276600
v 2.726734 34.831211 -3.436436
v 2.771273 34.831211 -3.598355
v 2.806783 34.831211 -3.761981
v 2.833256 34.831211 -3.926941
v 2.850682 34.831211 -4.092860
v 2.859054 34.831211 -4.259361
v 2.858363 34.831211 -4.426072
v 2.848600 34.831211 -4.592618
v 2.829756 34.831211 -4.758622
v 2.801822 34.831211 -4.923711
v 2.764791 34.831211 -5.087510
v 2.718653 34.831211 -5.249643
v 2.663674 34.831211 -5.408997
v 2.600276 34.831211 -5.564502
v 2.528679 34.831211 -5.715858
v 2.449106 34.831211 -5.862761
v 2.361777 34.831211 -6.004910
v 2.266915 34.831211 -6.142002
v 2.164742 34.831211 -6.273735
v 2.055477 34.831211 -6.399805
v 1.939344 34.831211 -6.519911
v 1.816564 34.831211 -6.633752
v 1.687358 34.831211 -6.741024
v 1.551950 34.831211 -6.841424
v 1.411228 34.831211 -6.934231
v 1.266176 34.831211 -7.018856
v 1.117156 34.831211 -7.095193
v 0.964526 34.831211 -7.163137
v 0.808647 34.831211 -7.222586
v 0.649879 34.831211 -7.273434
v 0.488582 34.831211 -7.315575
v 0.325115 34.831211 -7.348906
v 0.159839 34.831211 -7.373322
v -0.006886 34.831211 -7.388719
v -0.174701 34.831211 -7.394991
v -0.343243 34.831211 -7.392035
v -0.511370 34.831211 -7.379823
v -0.677940 34.831211 -7.358484
v -0.842604 34.831211 -7.328156
v -1.005014 34.831211 -7.288976
v -1.164819 34.831211 -7.241080
v -1.321672 34.831211 -7.184604
v -1.475222 34.831211 -7.119685
v -1.625122 34.831211 -7.046461
v -1.771022 34.831211 -6.965065
v -1.912572 34.831211 -6.875636
v -2.049424 34.831211 -6.778311
v -2.181228 34.831211 -6.673224
v -2.307403 34.831211 -6.560620
v -2.426733 34.831211 -6.441696
v -2.539021 34.831211 -6.316776
v -2.644073 34.831211 -6.186185
v -2.741694 34.831211 -6.050247
v -2.831690 34.831211 -5.909286
v -2.913865 34.831211 -5.763628
v -2.988024 34.831211 -5.613596
v -3.053973 34.831211 -5.459515
v -3.111517 34.831211 -5.301708
v -3.160459 34.831211 -5.140502
v -3.200612 34.831211 -4.976221
v -3.231641 34.831211 -4.809976
v -3.253390 34.831211 -4.642913
v -3.265901 34.831211 -4.475409
v -3.269219 34.831211 -4.307840
v -3.263387 34.831211 -4.140582
v -3.248450 34.831211 -3.974010
v -3.224452 34.831211 -3.808500
v -3.191436 34.831211 -3.644429
v -3.149446 34.831211 -3.482171
v -3.098529 34.831211 -3.322104
v -3.038726 34.831211 -3.164602
v -2.970083 34.831211 -3.010042
v -2.965013 34.831211 -2.998910
v -2.960518 34.831211 -2.987574
v -2.956603 34.831211 -2.976057
v -2.953269 34.831211 -2.964380
v -2.950522 34.831211 -2.952567
v -2.948365 34.831211 -2.940639
v -2.946800 34.831211 -2.928619
v -2.945832 34.831211 -2.916530
v -2.945463 34.831211 -2.904393
v -2.945699 34.831211 -2.892230
v -2.946540 34.831211 -2.880064
v -2.947992 34.831211 -2.867917
v -2.950050 34.831211 -2.855859
v -2.952697 34.831211 -2.843954
v -2.955926 34.831211 -2.832225
v -2.959726 34.831211 -2.820693
v -2.964087 34.831211 -2.809377
v -2.969001 34.831211 -2.798296
v -2.974457 34.831211 -2.787472
v -2.980446 34.831211 -2.776926
v -2.986958 34.831211 -2.766676
v -2.993984 34.831211 -2.756745
v -3.001513 34.831211 -2.747152
v -3.009537 34.831211 -2.737920
v -3.017985 34.831211 -2.729091
v -3.026834 34.831211 -2.720718
v -3.036066 34.831211 -2.712815
v -3.045660 34.831211 -2.705390
v -3.055597 34.831211 -2.698457
v -3.065859 34.831211 -2.692027
v -3.076425 34.831211 -2.686112
v -3.087276 34.831211 -2.680722
v -3.098395 34.831211 -2.675868
v -3.109760 34.831211 -2.671563
v -3.121353 34.831211 -2.667817
v -3.133153 34.831211 -2.664643
v -3.145097 34.831211 -2.662060
v -3.157118 34.831211 -2.660081
v -3.169193 34.831211 -2.658704
v -3.181299 34.831211 -2.657928
v -3.193414 34.831211 -2.657750
v -3.205517 34.831211 -2.658170
v -3.217583 34.831211 -2.659186
v -3.229591 34.831211 -2.660799
v -3.241519 34.831211 -2.663006
v -3.253345 34.831211 -2.665805
v -3.265046 34.831211 -2.669195
v -3.276600 34.831211 -2.673175
v -3.436436 34.831211 -2.726734
v -3.598355 34.831211 -2.771273
v -3.761981 34.831211 -2.806783
v -3.926941 34.831211 -2.833256
v -4.092860 34.831211 -2.850682
v -4.259361 34.831211 -2.859054
v -4.426072 34.831211 -2.858363
v -4.592618 34.831211 -2.848600
v -4.758622 34.831211 -2.829756
v -4.923711 34.831211 -2.801822
v -5.087510 34.831211 -2.764791
v -5.249643 34.831211 -2.718653
v -5.408997 34.831211 -2.663674
v -5.564502 34.831211 -2.600276
v -5.715858 34.831211 -2.528679
v -5.862761 34.831211 -2.449106
v -6.004910 34.831211 -2.361777
v -6.142002 34.831211 -2.266915
v -6.273735 34.831211 -2.164742
v -6.399805 34.831211 -2.055477
v -6.519911 34.831211 -1.939344
v -6.633752 34.831211 -1.816564
v -6.741024 34.831211 -1.687358
v -6.841424 34.831211 -1.551950
v -6.934231 34.831211 -1.411228
v -7.018856 34.831211 -1.266176
v -7.095193 34.831211 -1.117156
v -7.163137 34.831211 -0.964526
v -7.222586 34.831211 -0.808647
v -7.273434 34.831211 -0.649879
v -7.315575 34.831211 -0.488582
v -7.348906 34.831211 -0.325115
v -7.373322 34.831211 -0.159839
v -7.388719 34.831211 0.006886
v -7.394991 34.831211 0.174701
v -7.392035 34.831211 0.343243
v -7.379823 34.831211 0.511370
v -7.358484 34.831211 0.677940
v -7.328156 34.831211 0.842604
v -7.288976 34.831211 1.005014
v -7.241080 34.831211 1.164819
v -7.184604 34.831211 1.321672
v -7.119685 34.831211 1.475222
v -7.046461 34.831211 1.625122
v -6.965065 34.831211 1.771022
v -6.875636 34.831211 1.912572
v -6.778311 34.831211 2.049424
v -6.673224 34.831211 2.181228
v -6.560620 34.831211 2.307403
v -6.441696 34.831211 2.426733
v -6.316776 34.831211 2.539021
v -6.186185 34.831211 2.644073
v -6.050247 34.831211 2.741694
v -5.909286 34.831211 2.831690
v -5.763628 34.831211 2.913865
v -5.613596 34.831211 2.988024
v -5.459515 34.831211 3.053973
v -5.301708 34.831211 3.111517
v -5.140502 34.831211 3.160459
v -4.976221 34.831211 3.200612
v -4.809976 34.831211 3.231641
v -4.642913 34.831211 3.253390
v -4.475409 34.831211 3.265901
v -4.307840 34.831211 3.269219
v -4.140582 34.831211 3.263387
v -3.974010 34.831211 3.248450
v -3.808500 34.831211 3.224452
v -3.644429 34.831211 3.191436
v -3.482171 34.831211 3.149446
v -3.322104 34.831211 3.098529
v -3.164602 34.831211 3.038726
v -3.010042 34.831211 2.970083
v -2.998910 34.831211 2.965013
v -2.987574 34.831211 2.960518
v -2.976057 34.831211 2.956603
v -2.964380 34.831211 2.953269
v -2.952567 34.831211 2.950522
v -2.940639 34.831211 2.948365
v -2.928619 34.831211 2.946800
v -2.916530 34.831211 2.945832
v -2.904393 34.831211 2.945463
v -2.892230 34.831211 2.945699
v -2.880064 34.831211 2.946540
v -2.867917 34.831211 2.947992
v -2.855859 34.831211 2.950050
v -2.843954 34.831211 2.952697
v -2.832225 34.831211 2.955926
v -2.820693 34.831211 2.959726
v -2.809377 34.831211 2.964087
v -2.798296 34.831211 2.969001
v -2.787472 34.831211 2.974457
v -2.776926 34.831211 2.980446
v -2.766676 34.831211 2.986958
v -2.756745 34.831211 2.993984
v -2.747152 34.831211 3.001513
v -2.737920 34.831211 3.009537
v -2.729091 34.831211 3.017985
v -2.720718 34.831211 3.026834
v -2.712815 34.831211 3.036066
v -2.705390 34.831211 3.045660
v -2.698457 34.831211 3.055597
v -2.692027 34.831211 3.065859
v -2.686112 34.831211 3.076425
v -2.680722 34.831211 3.087276
v -2.675868 34.831211 3.098395
v -2.671563 34.831211 3.109760
v -2.667817 34.831211 3.121353
v -2.664643 34.831211 3.133153
v -2.662060 34.831211 3.145097
v -2.660081 34.831211 3.157118
v -2.658704 34.831211 3.169193
v -2.657928 34.831211 3.181299
v -2.657750 34.831211 3.193414
v -2.658170 34.831211 3.205517
v -2.659186 34.831211 3.217583
v -2.660799 34.831211 3.229591
v -2.663006 34.831211 3.241519
v -2.665805 34.831211 3.253345
v -2.669195 34.831211 3.265046
v -2.673175 34.831211 3.276600
v -2.726734 34.831211 3.436436
v -2.771273 34.831211 3.598355
v -2.806783 34.831211 3.761981
v -2.833256 34.831211 3.926941
v -2.850682 34.831211 4.092860
v -2.859054 34.831211 4.259361
v -2.858363 34.831211 4.426072
v -2.848600 34.831211 4.592618
v -2.829756 34.831211 4.758622
v -2.801822 34.831211 4.923711
v -2.764791 34.831211 5.087510
v -2.718653 34.831211 5.249643
v -2.663674 34.831211 5.408997
v -2.600276 34.831211 5.564502
v -2.528679 34.831211 5.715858
v -2.449106 34.831211 5.862761
v -2.361777 34.831211 6.004910
v -2.266915 34.831211 6.142002
v -2.164742 34.831211 6.273735
v -2.055477 34.831211 6.399805
v -1.939344 34.831211 6.519911
v -1.816564 34.831211 6.633752
v -1.687358 34.831211 6.741024
v -1.551950 34.831211 6.841424
v -1.411228 34.831211 6.934231
v -1.266176 34.831211 7.018856
v -1.117156 34.831211 7.095193
v -0.964526 34.831211 7.163137
v -0.808647 34.831211 7.222586
v -0.649879 34.831211 7.273434
v -0.488582 34.831211 7.315575
v -0.325115 34.831211 7.348906
v -0.159839 34.831211 7.373322
v 0.006886 34.831211 7.388719
v 0.174701 34.831211 7.394991
v 0.343243 34.831211 7.392035
v 0.511370 34.831211 7.379823
v 0.677940 34.831211 7.358484
v 0.842604 34.831211 7.328156
v 1.005014 34.831211 7.288976
v 1.164819 34.831211 7.241080
v 1.321672 34.831211 7.184604
v 1.475222 34.831211 7.119685
v 1.625122 34.831211 7.046461
v 1.771022 34.831211 6.965065
v 1.912572 34.831211 6.875636
v 2.049424 34.831211 6.778311
v 2.181228 34.831211 6.673224
v 2.307403 34.831211 6.560620
v 2.426733 34.831211 6.441696
v 2.539021 34.831211 6.316776
v 2.644073 34.831211 6.186185
v 2.741694 34.831211 6.050247
v 2.831690 34.831211 5.909286
v 2.913865 34.831211 5.763628
v 2.988024 34.831211 5.613596
v 3.053973 34.831211 5.459515
v 3.111517 34.831211 5.301708
v 3.160459 34.831211 5.140502
v 3.200612 34.831211 4.976221
v 3.231641 34.831211 4.809976
v 3.253390 34.831211 4.642913
v 3.265901 34.831211 4.475409
v 3.269219 34.831211 4.307840
v 3.263387 34.831211 4.140582
v 3.248450 34.831211 3.974010
v 3.224452 34.831211 3.808500
v 3.191436 34.831211 3.644429
v 3.149446 34.831211 3.482171
v 3.098529 34.831211 3.322104
v 3.038726 34.831211 3.164602
v 2.970083 34.831211 3.010042
v 2.965013 34.831211 2.998910
v 2.960518 34.831211 2.987574
v 2.956603 34.831211 2.976057
v 2.953269 34.831211 2.964380
v 2.950522 34.831211 2.952567
v 2.948365 34.831211 2.940639
v 2.946800 34.831211 2.928619
v 2.945832 34.831211 2.916530
v 2.945463 34.831211 2.904393
v 2.945699 34.831211 2.892230
v 2.946540 34.831211 2.880064
v 2.947992 34.831211 2.867917
v 2.950050 34.831211 2.855859
v 2.952697 34.831211 2.843954
v 2.955926 34.831211 2.832225
v 2.959726 34.831211 2.820693
v 2.964087 34.831211 2.809377
v 2.969001 34.831211 2.798296
v 2.974457 34.831211 2.787472
v 2.980446 34.831211 2.776926
v 2.986958 34.831211 2.766676
v 2.993984 34.831211 2.756745
v 3.001513 34.831211 2.747152
v 3.009537 34.831211 2.737920
v 3.017985 34.831211 2.729091
v 3.026834 34.831211 2.720718
v 3.036066 34.831211 2.712815
v 3.045660 34.831211 2.705390
v 3.055597 34.831211 2.698457
v 3.065859 34.831211 2.692027
v 3.076425 34.831211 2.686112
v 3.087276 34.831211 2.680722
v 3.098395 34.831211 2.675868
v 3.109760 34.831211 2.671563
v 3.121353 34.831211 2.667817
v 3.133153 34.831211 2.664643
v 3.145097 34.831211 2.662060
v 3.157118 34.831211 2.660081
v 3.169193 34.831211 2.658704
v 3.181299 34.831211 2.657928
v 3.193414 34.831211 2.657750
v 3.205517 34.831211 2.658170
v 3.217583 34.831211 2.659186
v 3.229591 34.831211 2.660799
v 3.241519 34.831211 2.663006
v 3.253345 34.831211 2.665805
v 3.265046 34.831211 2.669195
v 3.276600 34.831211 2.673175
v 3.436436 34.831211 2.726734
v 3.598355 34.831211 2.771273
v 3.761981 34.831211 2.806783
v 3.926941 34.831211 2.833256
v 4.092860 34.831211 2.850682
v 4.259361 34.831211 2.859054
v 4.426072 34.831211 2.858363
v 4.592618 34.831211 2.848600
v 4.758622 34.831211 2.829756
v 4.923711 34.831211 2.801822
v 5.087510 34.831211 2.764791
v 5.249643 34.831211 2.718653
v 5.408997 34.831211 2.663674
v 5.564502 34.831211 2.600276
v 5.715858 34.831211 2.528679
v 5.862761 34.831211 2.449106
v 6.004910 34.831211 2.361777
v 6.142002 34.831211 2.266915
v 6.273735 34.831211 2.164742
v 6.399805 34.831211 2.055477
v 6.519911 34.831211 1.939344
v 6.633752 34.831211 1.816564
v 6.741024 34.831211 1.687358
v 6.841424 34.831211 1.551950
v 6.934231 34.831211 1.411228
v 7.018856 34.831211 1.266176
v 7.095193 34.831211 1.117156
v 7.163137 34.831211 0.964526
v 7.222586 34.831211 0.808647
v 7.273434 34.831211 0.649879
v 7.315575 34.831211 0.488582
v 7.348906 34.831211 0.325115
v 7.373322 34.831211 0.159839
v 7.388719 34.831211 -0.006886
v 7.394991 34.831211 -0.174701
v 7.392035 34.831211 -0.343243
v 7.379823 34.831211 -0.511370
v 7.358484 34.831211 -0.677940
v 7.328156 34.831211 -0.842604
v 7.288976 34.831211 -1.005014
v 7.241080 34.831211 -1.164819
v 7.184604 34.831211 -1.321672
v 7.119685 34.831211 -1.475222
v 7.046461 34.831211 -1.625122
v 6.965065 34.831211 -1.771022
v 6.875636 34.831211 -1.912572
v 6.778311 34.831211 -2.049424
v 5.004918 35.355148 -1.635921
v 4.920465 35.355148 -1.730552
v 4.831272 35.355148 -1.820050
v 4.737582 35.355148 -1.904266
v 4.639639 35.355148 -1.983055
v 4.537685 35.355148 -2.056270
v 4.431965 35.355148 -2.123767
v 4.322721 35.355148 -2.185399
v 4.210197 35.355148 -2.241018
v 4.094636 35.355148 -2.290480
v 3.976281 35.355148 -2.333638
v 3.855376 35.355148 -2.370345
v 3.732166 35.355148 -2.400459
v 3.607482 35.355148 -2.423731
v 3.482185 35.355148 -2.440042
v 3.356557 35.355148 -2.449426
v 3.230880 35.355148 -2.451914
v 3.105436 35.355148 -2.447540
v 2.980508 35.355148 -2.436337
v 2.856375 35.355148 -2.418339
v 2.733322 35.355148 -2.393577
v 2.611628 35.355148 -2.362085
v 2.491578 35.355148 -2.323896
v 2.373451 35.355148 -2.279044
v 2.257532 35.355148 -2.227562
v 2.249182 35.355148 -2.223760
v 2.240681 35.355148 -2.220388
v 2.232043 35.355148 -2.217452
v 2.223285 35.355148 -2.214952
v 2.214425 35.355148 -2.212892
v 2.205479 35.355148 -2.211274
v 2.196465 35.355148 -2.210100
v 2.187397 35.355148 -2.209374
v 2.178295 35.355148 -2.209097
v 2.169173 35.355148 -2.209274
v 2.160048 35.355148 -2.209905
v 2.150938 35.355148 -2.210994
v 2.141894 35.355148 -2.212537
v 2.132966 35.355148 -2.214523
v 2.124169 35.355148 -2.216945
v 2.115520 35.355148 -2.219795
v 2.107033 35.355148 -2.223066
v 2.098722 35.355148 -2.226750
v 2.090604 35.355148 -2.230843
v 2.082694 35.355148 -2.235334
v 2.075007 35.355148 -2.240218
v 2.067559 35.355148 -2.245488
v 2.060364 35.355148 -2.251135
v 2.053440 35.355148 -2.257153
v 2.046818 35.355148 -2.263489
v 2.040539 35.355148 -2.270126
v 2.034611 35.355148 -2.277049
v 2.029043 35.355148 -2.284245
v 2.023843 35.355148 -2.291698
v 2.019021 35.355148 -2.299395
v 2.014584 35.355148 -2.307318
v 2.010541 35.355148 -2.315457
v 2.006901 35.355148 -2.323796
v 2.003672 35.355148 -2.332320
v 2.000863 35.355148 -2.341015
v 1.998482 35.355148 -2.349864
v 1.996545 35.355148 -2.358823
v 1.995061 35.355148 -2.367839
v 1.994028 35.355148 -2.376895
v 1.993446 35.355148 -2.385974
v 1.993312 35.355148 -2.395061
v 1.993627 35.355148 -2.404137
v 1.994390 35.355148 -2.413187
v 1.995600 35.355148 -2.422194
v 1.997254 35.355148 -2.431140
v 1.999354 35.355148 -2.440009
v 2.001896 35.355148 -2.448785
v 2.004881 35.355148 -2.457450
v 2.045051 35.355148 -2.577327
v 2.078455 35.355148 -2.698766
v 2.105087 35.355148 -2.821486
v 2.124942 35.355148 -2.945206
v 2.138012 35.355148 -3.069645
v 2.144290 35.355148 -3.194521
v 2.143772 35.355148 -3.319554
v 2.136450 35.355148 -3.444463
v 2.122317 35.355148 -3.568967
v 2.101367 35.355148 -3.692783
v 2.073593 35.355148 -3.815632
v 2.038990 35.355148 -3.937232
v 1.997756 35.355148 -4.056747
v 1.950207 35.355148 -4.173377
v 1.896510 35.355148 -4.286893
v 1.836829 35.355148 -4.397071
v 1.771333 35.355148 -4.503683
v 1.700186 35.355148 -4.606502
v 1.623556 35.355148 -4.705301
v 1.541607 35.355148 -4.799854
v 1.454508 35.355148 -4.889934
v 1.362423 35.355148 -4.975314
v 1.265519 35.355148 -5.055768
v 1.163962 35.355148 -5.131068
v 1.058421 35.355148 -5.200673
v 0.949632 35.355148 -5.264142
v 0.837867 35.355148 -5.321395
v 0.723394 35.355148 -5.372353
v 0.606485 35.355148 -5.416940
v 0.487409 35.355148 -5.455075
v 0.366437 35.355148 -5.486681
v 0.243836 35.355148 -5.511679
v 0.119879 35.355148 -5.529992
v -0.005165 35.355148 -5.541539
v -0.131025 35.355148 -5.546243
v -0.257432 35.355148 -5.544026
v -0.383527 35.355148 -5.534867
v -0.508455 35.355148 -5.518863
v -0.631953 35.355148 -5.496118
v -0.753760 35.355148 -5.466733
v -0.873614 35.355148 -5.430810
v -0.991254 35.355148 -5.388453
v -1.106417 35.355148 -5.339764
v -1.218842 35.355148 -5.284845
v -1.328266 35.355148 -5.223799
v -1.434429 35.355148 -5.156727
v -1.537068 35.355148 -5.083733
v -1.635921 35.355148 -5.004918
v -1.730552 35.355148 -4.920465
v -1.820050 35.355148 -4.831272
v -1.904266 35.355148 -4.737582
v -1.983055 35.355148 -4.639639
v -2.056270 35.355148 -4.537685
v -2.123767 35.355148 -4.431965
v -2.185399 35.355148 -4.322721
v -2.241018 35.355148 -4.210197
v -2.290480 35.355148 -4.094636
v -2.333638 35.355148 -3.976281
v -2.370345 35.355148 -3.855376
v -2.400459 35.355148 -3.732166
v -2.423731 35.355148 -3.607482
v -2.440042 35.355148 -3.482185
v -2.449426 35.355148 -3.356557
v -2.451914 35.355148 -3.230880
v -2.447540 35.355148 -3.105436
v -2.436337 35.355148 -2.980508
v -2.418339 35.355148 -2.856375
v -2.393577 35.355148 -2.733322
v -2.362085 35.355148 -2.611628
v -2.323896 35.355148 -2.491578
v -2.279044 35.355148 -2.373451
v -2.227562 35.355148 -2.257532
v -2.223760 35.355148 -2.249182
v -2.220388 35.355148 -2.240681
v -2.217452 35.355148 -2.232043
v -2.214952 35.355148 -2.223285
v -2.212892 35.355148 -2.214425
v -2.211274 35.355148 -2.205479
v -2.210100 35.355148 -2.196465
v -2.209374 35.355148 -2.187397
v -2.209097 35.355148 -2.178295
v -2.209274 35.355148 -2.169173
v -2.209905 35.355148 -2.160048
v -2.210994 35.355148 -2.150938
v -2.212537 35.355148 -2.141894
v -2.214523 35.355148 -2.132966
v -2.216945 35.355148 -2.124169
v -2.219795 35.355148 -2.115520
v -2.223066 35.355148 -2.107033
v -2.226750 35.355148 -2.098722
v -2.230843 35.355148 -2.090604
v -2.235334 35.355148 -2.082694
v -2.240218 35.355148 -2.075007
v -2.245488 35.355148 -2.067559
v -2.251135 35.355148 -2.060364
v -2.257153 35.355148 -2.053440
v -2.263489 35.355148 -2.046818
v -2.270126 35.355148 -2.040539
v -2.277049 35.355148 -2.034611
v -2.284245 35.355148 -2.029043
v -2.291698 35.355148 -2.023843
v -2.299395 35.355148 -2.019021
v -2.307318 35.355148 -2.014584
v -2.315457 35.355148 -2.010541
v -2.323796 35.355148 -2.006901
v -2.332320 35.355148 -2.003672
v -2.341015 35.355148 -2.000863
v -2.349864 35.355148 -1.998482
v -2.358823 35.355148 -1.996545
v -2.367839 35.355148 -1.995061
v -2.376895 35.355148 -1.994028
v -2.385974 35.355148 -1.993446
v -2.395061 35.355148 -1.993312
v -2.404137 35.355148 -1.993627
v -2.413187 35.355148 -1.994390
v -2.422194 35.355148 -1.995600
v -2.431140 35.355148 -1.997254
v -2.440009 35.355148 -1.999354
v -2.448785 35.355148 -2.001896
v -2.457450 35.355148 -2.004881
v -2.577327 35.355148 -2.045051
v -2.698766 35.355148 -2.078455
v -2.821486 35.355148 -2.105087
v -2.945206 35.355148 -2.124942
v -3.069645 35.355148 -2.138012
v -3.194521 35.355148 -2.144290
v -3.319554 35.355148 -2.143772
v -3.444463 35.355148 -2.136450
v -3.568967 35.355148 -2.122317
v -3.692783 35.355148 -2.101367
v -3.815632 35.355148 -2.073593
v -3.937232 35.355148 -2.038990
v -4.056747 35.355148 -1.997756
v -4.173377 35.355148 -1.950207
v -4.286893 35.355148 -1.896510
v -4.397071 35.355148 -1.836829
v -4.503683 35.355148 -1.771333
v -4.606502 35.355148 -1.700186
v -4.705301 35.355148 -1.623556
v -4.799854 35.355148 -1.541607
v -4.889934 35.355148 -1.454508
v -4.975314 35.355148 -1.362423
v -5.055768 35.355148 -1.265519
v -5.131068 35.355148 -1.163962
v -5.200673 35.355148 -1.058421
v -5.264142 35.355148 -0.949632
v -5.321395 35.355148 -0.837867
v -5.372353 35.355148 -0.723394
v -5.416940 35.355148 -0.606485
v -5.455075 35.355148 -0.487409
v -5.486681 35.355148 -0.366437
v -5.511679 35.355148 -0.243836
v -5.529992 35.355148 -0.119879
v -5.541539 35.355148 0.005165
v -5.546243 35.355148 0.131025
v -5.544026 35.355148 0.257432
v -5.534867 35.355148 0.383527
v -5.518863 35.355148 0.508455
v -5.496118 35.355148 0.631953
v -5.466733 35.355148 0.753760
v -5.430810 35.355148 0.873614
v -5.388453 35.355148 0.991254
v -5.339764 35.355148 1.106417
v -5.284845 35.355148 1.218842
v -5.223799 35.355148 1.328266
v -5.156727 35.355148 1.434429
v -5.083733 35.355148 1.537068
v -5.004918 35.355148 1.635921
v -4.920465 35.355148 1.730552
v -4.831272 35.355148 1.820050
v -4.737582 35.355148 1.904266
v -4.639639 35.355148 1.983055
v -4.537685 35.355148 2.056270
v -4.431965 35.355148 2.123767
v -4.322721 35.355148 2.185399
v -4.210197 35.355148 2.241018
v -4.094636 35.355148 2.290480
v -3.976281 35.355148 2.333638
v -3.855376 35.355148 2.370345
v -3.732166 35.355148 2.400459
v -3.607482 35.355148 2.423731
v -3.482185 35.355148 2.440042
v -3.356557 35.355148 2.449426
v -3.230880 35.355148 2.451914
v -3.105436 35.355148 2.447540
v -2.980508 35.355148 2.436337
v -2.856375 35.355148 2.418339
v -2.733322 35.355148 2.393577
v -2.611628 35.355148 2.362085
v -2.491578 35.355148 2.323896
v -2.373451 35.355148 2.279044
v -2.257532 35.355148 2.227562
v -2.249182 35.355148 2.223760
v -2.240681 35.355148 2.220388
v -2.232043 35.355148 2.217452
v -2.223285 35.355148 2.214952
v -2.214425 35.355148 2.212892
v -2.205479 35.355148 2.211274
v -2.196465 35.355148 2.210100
v -2.187397 35.355148 2.209374
v -2.178295 35.355148 2.209097
v -2.169173 35.355148 2.209274
v -2.160048 35.355148 2.209905
v -2.150938 35.355148 2.210994
v -2.141894 35.355148 2.212537
v -2.132966 35.355148 2.214523
v -2.124169 35.355148 2.216945
v -2.115520 35.355148 2.219795
v -2.107033 35.355148 2.223066
v -2.098722 35.355148 2.226750
v -2.090604 35.355148 2.230843
v -2.082694 35.355148 2.235334
v -2.075007 35.355148 2.240218
v -2.067559 35.355148 2.245488
v -2.060364 35.355148 2.251135
v -2.053440 35.355148 2.257153
v -2.046818 35.355148 2.263489
v -2.040539 35.355148 2.270126
v -2.034611 35.355148 2.277049
v -2.029043 35.355148 2.284245
v -2.023843 35.355148 2.291698
v -2.019021 35.355148 2.299395
v -2.014584 35.355148 2.307318
v -2.010541 35.355148 2.315457
v -2.006901 35.355148 2.323796
v -2.003672 35.355148 2.332320
v -2.000863 35.355148 2.341015
v -1.998482 35.355148 2.349864
v -1.996545 35.355148 2.358823
v -1.995061 35.355148 2.367839
v -1.994028 35.355148 2.376895
v -1.993446 35.355148 2.385974
v -1.993312 35.355148 2.395061
v -1.993627 35.355148 2.404137
v -1.994390 35.355148 2.413187
v -1.995600 35.355148 2.422194
v -1.997254 35.355148 2.431140
v -1.999354 35.355148 2.440009
v -2.001896 35.355148 2.448785
v -2.004881 35.355148 2.457450
v -2.045051 35.355148 2.577327
v -2.078455 35.355148 2.698766
v -2.105087 35.355148 2.821486
v -2.124942 35.355148 2.945206
v -2.138012 35.355148 3.069645
v -2.144290 35.355148 3.194521
v -2.143772 35.355148 3.319554
v -2.136450 35.355148 3.444463
v -2.122317 35.355148 3.568967
v -2.101367 35.355148 3.692783
v -2.073593 35.355148 3.815632
v -2.038990 35.355148 3.937232
v -1.997756 35.355148 4.056747
v -1.950207 35.355148 4.173377
v -1.896510 35.355148 4.286893
v -1.836829 35.355148 4.397071
v -1.771333 35.355148 4.503683
v -1.700186 35.355148 4.606502
v -1.623556 35.355148 4.705301
v -1.541607 35.355148 4.799854
v -1.454508 35.355148 4.889934
v -1.362423 35.355148 4.975314
v -1.265519 35.355148 5.055768
v -1.163962 35.355148 5.131068
v -1.058421 35.355148 5.200673
v -0.949632 35.355148 5.264142
v -0.837867 35.355148 5.321395
v -0.723394 35.355148 5.372353
v -0.606485 35.355148 5.416940
v -0.487409 35.355148 5.455075
v -0.366437 35.355148 5.486681
v -0.243836 35.355148 5.511679
v -0.119879 35.355148 5.529992
v 0.005165 35.355148 5.541539
v 0.131025 35.355148 5.546243
v 0.257432 35.355148 5.544026
v 0.383527 35.355148 5.534867
v 0.508455 35.355148 5.518863
v 0.631953 35.355148 5.496118
v 0.753760 35.355148 5.466733
v 0.873614 35.355148 5.430810
v 0.991254 35.355148 5.388453
v 1.106417 35.355148 5.339764
v 1.218842 35.355148 5.284845
v 1.328266 35.355148 5.223799
v 1.434429 35.355148 5.156727
v 1.537068 35.355148 5.083733
v 1.635921 35.355148 5.004918
v 1.730552 35.355148 4.920465
v 1.820050 35.355148 4.831272
v 1.904266 35.355148 4.737582
v 1.983055 35.355148 4.639639
v 2.056270 35.355148 4.537685
v 2.123767 35.355148 4.431965
v 2.185399 35.355148 4.322721
v 2.241018 35.355148 4.210197
v 2.290480 35.355148 4.094636
v 2.333638 35.355148 3.976281
v 2.370345 35.355148 3.855376
v 2.400459 35.355148 3.732166
v 2.423731 35.355148 3.607482
v 2.440042 35.355148 3.482185
v 2.449426 35.355148 3.356557
v 2.451914 35.355148 3.230880
v 2.447540 35.355148 3.105436
v 2.436337 35.355148 2.980508
v 2.418339 35.355148 2.856375
v 2.393577 35.355148 2.733322
v 2.362085 35.355148 2.611628
v 2.323896 35.355148 2.491578
v 2.279044 35.355148 2.373451
v 2.227562 35.355148 2.257532
v 2.223760 35.355148 2.249182
v 2.220388 35.355148 2.240681
v 2.217452 35.355148 2.232043
v 2.214952 35.355148 2.223285
v 2.212892 35.355148 2.214425
v 2.211274 35.355148 2.205479
v 2.210100 35.355148 2.196465
v 2.209374 35.355148 2.187397
v 2.209097 35.355148 2.178295
v 2.209274 35.355148 2.169173
v 2.209905 35.355148 2.160048
v 2.210994 35.355148 2.150938
v 2.212537 35.355148 2.141894
v 2.214523 35.355148 2.132966
v 2.216945 35.355148 2.124169
v 2.219795 35.355148 2.115520
v 2.223066 35.355148 2.107033
v 2.226750 35.355148 2.098722
v 2.230843 35.355148 2.090604
v 2.235334 35.355148 2.082694
v 2.240218 35.355148 2.075007
v 2.245488 35.355148 2.067559
v 2.251135 35.355148 2.060364
v 2.257153 35.355148 2.053440
v 2.263489 35.355148 2.046818
v 2.270126 35.355148 2.040539
v 2.277049 35.355148 2.034611
v 2.284245 35.355148 2.029043
v 2.291698 35.355148 2.023843
v 2.299395 35.355148 2.019021
v 2.307318 35.355148 2.014584
v 2.315457 35.355148 2.010541
v 2.323796 35.355148 2.006901
v 2.332320 35.355148 2.003672
v 2.341015 35.355148 2.000863
v 2.349864 35.355148 1.998482
v 2.358823 35.355148 1.996545
v 2.367839 35.355148 1.995061
v 2.376895 35.355148 1.994028
v 2.385974 35.355148 1.993446
v 2.395061 35.355148 1.993312
v 2.404137 35.355148 1.993627
v 2.413187 35.355148 1.994390
v 2.422194 35.355148 1.995600
v 2.431140 35.355148 1.997254
v 2.440009 35.355148 1.999354
v 2.448785 35.355148 2.001896
v 2.457450 35.355148 2.004881
v 2.577327 35.355148 2.045051
v 2.698766 35.355148 2.078455
v 2.821486 35.355148 2.105087
v 2.945206 35.355148 2.124942
v 3.069645 35.355148 2.138012
v 3.194521 35.355148 2.144290
v 3.319554 35.355148 2.143772
v 3.444463 35.355148 2.136450
v 3.568967 35.355148 2.122317
v 3.692783 35.355148 2.101367
v 3.815632 35.355148 2.073593
v 3.937232 35.355148 2.038990
v 4.056747 35.355148 1.997756
v 4.173377 35.355148 1.950207
v 4.286893 35.355148 1.896510
v 4.397071 35.355148 1.836829
v 4.503683 35.355148 1.771333
v 4.606502 35.355148 1.700186
v 4.705301 35.355148 1.623556
v 4.799854 35.355148 1.541607
v 4.889934 35.355148 1.454508
v 4.975314 35.355148 1.362423
v 5.055768 35.355148 1.265519
v 5.131068 35.355148 1.163962
v 5.200673 35.355148 1.058421
v 5.264142 35.355148 0.949632
v 5.321395 35.355148 0.837867
v 5.372353 35.355148 0.723394
v 5.416940 35.355148 0.606485
v 5.455075 35.355148 0.487409
v 5.486681 35.355148 0.366437
v 5.511679 35.355148 0.243836
v 5.529992 35.355148 0.119879
v 5.541539 35.355148 -0.005165
v 5.546243 35.355148 -0.131025
v 5.544026 35.355148 -0.257432
v 5.534867 35.355148 -0.383527
v 5.518863 35.355148 -0.508455
v 5.496118 35.355148 -0.631953
v 5.466733 35.355148 -0.753760
v 5.430810 35.355148 -0.873614
v 5.388453 35.355148 -0.991254
v 5.339764 35.355148 -1.106417
v 5.284845 35.355148 -1.218842
v 5.223799 35.355148 -1.328266
v 5.156727 35.355148 -1.434429
v 5.083733 35.355148 -1.537068
v 3.336612 35.717144 -1.090614
v 3.280310 35.717144 -1.153702
v 3.220848 35.717144 -1.213367
v 3.158388 35.717144 -1.269511
v 3.093092 35.717144 -1.322037
v 3.025124 35.717144 -1.370847
v 2.954643 35.717144 -1.415845
v 2.881814 35.717144 -1.456933
v 2.806798 35.717144 -1.494012
v 2.729757 35.717144 -1.526986
v 2.650854 35.717144 -1.555758
v 2.570251 35.717144 -1.580230
v 2.488111 35.717144 -1.600306
v 2.404988 35.717144 -1.615821
v 2.321457 35.717144 -1.626695
v 2.237705 35.717144 -1.632950
v 2.153920 35.717144 -1.634609
v 2.070291 35.717144 -1.631693
v 1.987005 35.717144 -1.624225
v 1.904250 35.717144 -1.612226
v 1.822214 35.717144 -1.595718
v 1.741086 35.717144 -1.574723
v 1.661052 35.717144 -1.549264
v 1.582301 35.717144 -1.519363
v 1.505021 35.717144 -1.485041
v 1.499455 35.717144 -1.482507
v 1.493787 35.717144 -1.480259
v 1.488029 35.717144 -1.478301
v 1.482190 35.717144 -1.476635
v 1.476283 35.717144 -1.475261
v 1.470320 35.717144 -1.474182
v 1.464310 35.717144 -1.473400
v 1.458265 35.717144 -1.472916
v 1.452196 35.717144 -1.472732
v 1.446115 35.717144 -1.472849
v 1.440032 35.717144 -1.473270
v 1.433959 35.717144 -1.473996
v 1.427930 35.717144 -1.475025
v 1.421977 35.717144 -1.476349
v 1.416113 35.717144 -1.477963
v 1.410347 35.717144 -1.479863
v 1.404688 35.717144 -1.482044
v 1.399148 35.717144 -1.484500
v 1.393736 35.717144 -1.487229
v 1.388463 35.717144 -1.490223
v 1.383338 35.717144 -1.493479
v 1.378373 35.717144 -1.496992
v 1.373576 35.717144 -1.500756
v 1.368960 35.717144 -1.504768
v 1.364545 35.717144 -1.508993
v 1.360359 35.717144 -1.513417
v 1.356407 35.717144 -1.518033
v 1.352695 35.717144 -1.522830
v 1.349229 35.717144 -1.527799
v 1.346014 35.717144 -1.532930
v 1.343056 35.717144 -1.538212
v 1.340361 35.717144 -1.543638
v 1.337934 35.717144 -1.549197
v 1.335781 35.717144 -1.554880
v 1.333908 35.717144 -1.560676
v 1.332321 35.717144 -1.566576
v 1.331030 35.717144 -1.572548
v 1.330040 35.717144 -1.578559
v 1.329352 35.717144 -1.584597
v 1.328964 35.717144 -1.590649
v 1.328875 35.717144 -1.596707
v 1.329085 35.717144 -1.602758
v 1.329593 35.717144 -1.608791
v 1.330400 35.717144 -1.614796
v 1.331503 35.717144 -1.620760
v 1.332903 35.717144 -1.626673
v 1.334598 35.717144 -1.632523
v 1.336588 35.717144 -1.638300
v 1.363367 35.717144 -1.718218
v 1.385637 35.717144 -1.799177
v 1.403391 35.717144 -1.880991
v 1.416628 35.717144 -1.963471
v 1.425341 35.717144 -2.046430
v 1.429527 35.717144 -2.129681
v 1.429181 35.717144 -2.213036
v 1.424300 35.717144 -2.296309
v 1.414878 35.717144 -2.379311
v 1.400911 35.717144 -2.461855
v 1.382395 35.717144 -2.543755
v 1.359326 35.717144 -2.624821
v 1.331837 35.717144 -2.704499
v 1.300138 35.717144 -2.782251
v 1.264340 35.717144 -2.857929
v 1.224553 35.717144 -2.931381
v 1.180889 35.717144 -3.002455
v 1.133458 35.717144 -3.071001
v 1.082371 35.717144 -3.136867
v 1.027738 35.717144 -3.199903
v 0.969672 35.717144 -3.259956
v 0.908282 35.717144 -3.316876
v 0.843679 35.717144 -3.370512
v 0.775975 35.717144 -3.420712
v 0.705614 35.717144 -3.467115
v 0.633088 35.717144 -3.509428
v 0.558578 35.717144 -3.547596
v 0.482263 35.717144 -3.581569
v 0.404324 35.717144 -3.611293
v 0.324940 35.717144 -3.636717
v 0.244291 35.717144 -3.657788
v 0.162558 35.717144 -3.674453
v 0.079920 35.717144 -3.686661
v -0.003443 35.717144 -3.694359
v -0.087350 35.717144 -3.697495
v -0.171621 35.717144 -3.696018
v -0.255685 35.717144 -3.689911
v -0.338970 35.717144 -3.679242
v -0.421302 35.717144 -3.664078
v -0.502507 35.717144 -3.644488
v -0.582410 35.717144 -3.620540
v -0.660836 35.717144 -3.592302
v -0.737611 35.717144 -3.559842
v -0.812561 35.717144 -3.523230
v -0.885511 35.717144 -3.482533
v -0.956286 35.717144 -3.437818
v -1.024712 35.717144 -3.389155
v -1.090614 35.717144 -3.336612
v -1.153702 35.717144 -3.280310
v -1.213367 35.717144 -3.220848
v -1.269511 35.717144 -3.158388
v -1.322037 35.717144 -3.093092
v -1.370847 35.717144 -3.025124
v -1.415845 35.717144 -2.954643
v -1.456933 35.717144 -2.881814
v -1.494012 35.717144 -2.806798
v -1.526986 35.717144 -2.729757
v -1.555758 35.717144 -2.650854
v -1.580230 35.717144 -2.570251
v -1.600306 35.717144 -2.488111
v -1.615821 35.717144 -2.404988
v -1.626695 35.717144 -2.321457
v -1.632950 35.717144 -2.237705
v -1.634609 35.717144 -2.153920
v -1.631693 35.717144 -2.070291
v -1.624225 35.717144 -1.987005
v -1.612226 35.717144 -1.904250
v -1.595718 35.717144 -1.822214
v -1.574723 35.717144 -1.741086
v -1.549264 35.717144 -1.661052
v -1.519363 35.717144 -1.582301
v -1.485041 35.717144 -1.505021
v -1.482507 35.717144 -1.499455
v -1.480259 35.717144 -1.493787
v -1.478301 35.717144 -1.488029
v -1.476635 35.717144 -1.482190
v -1.475261 35.717144 -1.476283
v -1.474182 35.717144 -1.470320
v -1.473400 35.717144 -1.464310
v -1.472916 35.717144 -1.458265
v -1.472732 35.717144 -1.452196
v -1.472849 35.717144 -1.446115
v -1.473270 35.717144 -1.440032
v -1.473996 35.717144 -1.433959
v -1.475025 35.717144 -1.427930
v -1.476349 35.717144 -1.421977
v -1.477963 35.717144 -1.416113
v -1.479863 35.717144 -1.410347
v -1.482044 35.717144 -1.404688
v -1.484500 35.717144 -1.399148
v -1.487229 35.717144 -1.393736
v -1.490223 35.717144 -1.388463
v -1.493479 35.717144 -1.383338
v -1.496992 35.717144 -1.378373
v -1.500756 35.717144 -1.373576
v -1.504768 35.717144 -1.368960
v -1.508993 35.717144 -1.364545
v -1.513417 35.717144 -1.360359
v -1.518033 35.717144 -1.356407
v -1.522830 35.717144 -1.352695
v -1.527799 35.717144 -1.349229
v -1.532930 35.717144 -1.346014
v -1.538212 35.717144 -1.343056
v -1.543638 35.717144 -1.340361
v -1.549197 35.717144 -1.337934
v -1.554880 35.717144 -1.335781
v -1.560676 35.717144 -1.333908
v -1.566576 35.717144 -1.332321
v -1.572548 35.717144 -1.331030
v -1.578559 35.717144 -1.330040
v -1.584597 35.717144 -1.329352
v -1.590649 35.717144 -1.328964
v -1.596707 35.717144 -1.328875
v -1.602758 35.717144 -1.329085
v -1.608791 35.717144 -1.329593
v -1.614796 35.717144 -1.330400
v -1.620760 35.717144 -1.331503
v -1.626673 35.717144 -1.332903
v -1.632523 35.717144 -1.334598
v -1.638300 35.717144 -1.336588
v -1.718218 35.717144 -1.363367
v -1.799177 35.717144 -1.385637
v -1.880991 35.717144 -1.403391
v -1.963471 35.717144 -1.416628
v -2.046430 35.717144 -1.425341
v -2.129681 35.717144 -1.429527
v -2.213036 35.717144 -1.429181
v -2.296309 35.717144 -1.424300
v -2.379311 35.717144 -1.414878
v -2.461855 35.717144 -1.400911
v -2.543755 35.717144 -1.382395
v -2.624821 35.717144 -1.359326
v -2.704499 35.717144 -1.331837
v -2.782251 35.717144 -1.300138
v -2.857929 35.717144 -1.264340
v -2.931381 35.717144 -1.224553
v -3.002455 35.717144 -1.180889
v -3.071001 35.717144 -1.133458
v -3.136867 35.717144 -1.082371
v -3.199903 35.717144 -1.027738
v -3.259956 35.717144 -0.969672
v -3.316876 35.717144 -0.908282
v -3.370512 35.717144 -0.843679
v -3.420712 35.717144 -0.775975
v -3.467115 35.717144 -0.705614
v -3.509428 35.717144 -0.633088
v -3.547596 35.717144 -0.558578
v -3.581569 35.717144 -0.482263
v -3.611293 35.717144 -0.404324
v -3.636717 35.717144 -0.324940
v -3.657788 35.717144 -0.244291
v -3.674453 35.717144 -0.162558
v -3.686661 35.717144 -0.079920
v -3.694359 35.717144 0.003443
v -3.697495 35.717144 0.087350
v -3.696018 35.717144 0.171621
v -3.689911 35.717144 0.255685
v -3.679242 35.717144 0.338970
v -3.664078 35.717144 0.421302
v -3.644488 35.717144 0.502507
v -3.620540 35.717144 0.582410
v -3.592302 35.717144 0.660836
v -3.559842 35.717144 0.737611
v -3.523230 35.717144 0.812561
v -3.482533 35.717144 0.885511
v -3.437818 35.717144 0.956286
v -3.389155 35.717144 1.024712
v -3.336612 35.717144 1.090614
v -3.280310 35.717144 1.153702
v -3.220848 35.717144 1.213367
v -3.158388 35.717144 1.269511
v -3.093092 35.717144 1.322037
v -3.025124 35.717144 1.370847
v -2.954643 35.717144 1.415845
v -2.881814 35.717144 1.456933
v -2.806798 35.717144 1.494012
v -2.729757 35.717144 1.526986
v -2.650854 35.717144 1.555758
v -2.570251 35.717144 1.580230
v -2.488111 35.717144 1.600306
v -2.404988 35.717144 1.615821
v -2.321457 35.717144 1.626695
v -2.237705 35.717144 1.632950
v -2.153920 35.717144 1.634609
v -2.070291 35.717144 1.631693
v -1.987005 35.717144 1.624225
v -1.904250 35.717144 1.612226
v -1.822214 35.717144 1.595718
v -1.741086 35.717144 1.574723
v -1.661052 35.717144 1.549264
v -1.582301 35.717144 1.519363
v -1.505021 35.717144 1.485041
v -1.499455 35.717144 1.482507
v -1.493787 35.717144 1.480259
v -1.488029 35.717144 1.478301
v -1.482190 35.717144 1.476635
v -1.476283 35.717144 1.475261
v -1.470320 35.717144 1.474182
v -1.464310 35.717144 1.473400
v -1.458265 35.717144 1.472916
v -1.452196 35.717144 1.472732
v -1.446115 35.717144 1.472849
v -1.440032 35.717144 1.473270
v -1.433959 35.717144 1.473996
v -1.427930 35.717144 1.475025
v -1.421977 35.717144 1.476349
v -1.416113 35.717144 1.477963
v -1.410347 35.717144 1.479863
v -1.404688 35.717144 1.482044
v -1.399148 35.717144 1.484500
v -1.393736 35.717144 1.487229
v -1.388463 35.717144 1.490223
v -1.383338 35.717144 1.493479
v -1.378373 35.717144 1.496992
v -1.373576 35.717144 1.500756
v -1.368960 35.717144 1.504768
v -1.364545 35.717144 1.508993
v -1.360359 35.717144 1.513417
v -1.356407 35.717144 1.518033
v -1.352695 35.717144 1.522830
v -1.349229 35.717144 1.527799
v -1.346014 35.717144 1.532930
v -1.343056 35.717144 1.538212
v -1.340361 35.717144 1.543638
v -1.337934 35.717144 1.549197
v -1.335781 35.717144 1.554880
v -1.333908 35.717144 1.560676
v -1.332321 35.717144 1.566576
v -1.331030 35.717144 1.572548
v -1.330040 35.717144 1.578559
v -1.329352 35.717144 1.584597
v -1.328964 35.717144 1.590649
v -1.328875 35.717144 1.596707
v -1.329085 35.717144 1.602758
v -1.329593 35.717144 1.608791
v -1.330400 35.717144 1.614796
v -1.331503 35.717144 1.620760
v -1.332903 35.717144 1.626673
v -1.334598 35.717144 1.632523
v -1.336588 35.717144 1.638300
v -1.363367 35.717144 1.718218
v -1.385637 35.717144 1.799177
v -1.403391 35.717144 1.880991
v -1.416628 35.717144 1.963471
v -1.425341 35.717144 2.046430
v -1.429527 35.717144 2.129681
v -1.429181 35.717144 2.213036
v -1.424300 35.717144 2.296309
v -1.414878 35.717144 2.379311
v -1.400911 35.717144 2.461855
v -1.382395 35.717144 2.543755
v -1.359326 35.717144 2.624821
v -1.331837 35.717144 2.704499
v -1.300138 35.717144 2.782251
v -1.264340 35.717144 2.857929
v -1.224553 35.717144 2.931381
v -1.180889 35.717144 3.002455
v -1.133458 35.717144 3.071001
v -1.082371 35.717144 3.136867
v -1.027738 35.717144 3.199903
v -0.969672 35.717144 3.259956
v -0.908282 35.717144 3.316876
v -0.843679 35.717144 3.370512
v -0.775975 35.717144 3.420712
v -0.705614 35.717144 3.467115
v -0.633088 35.717144 3.509428
v -0.558578 35.717144 3.547596
v -0.482263 35.717144 3.581569
v -0.404324 35.717144 3.611293
v -0.324940 35.717144 3.636717
v -0.244291 35.717144 3.657788
v -0.162558 35.717144 3.674453
v -0.079920 35.717144 3.686661
v 0.003443 35.717144 3.694359
v 0.087350 35.717144 3.697495
v 0.171621 35.717144 3.696018
v 0.255685 35.717144 3.689911
v 0.338970 35.717144 3.679242
v 0.421302 35.717144 3.664078
v 0.502507 35.717144 3.644488
v 0.582410 35.717144 3.620540
v 0.660836 35.717144 3.592302
v 0.737611 35.717144 3.559842
v 0.812561 35.717144 3.523230
v 0.885511 35.717144 3.482533
v 0.956286 35.717144 3.437818
v 1.024712 35.717144 3.389155
v 1.090614 35.717144 3.336612
v 1.153702 35.717144 3.280310
v 1.213367 35.717144 3.220848
v 1.269511 35.717144 3.158388
v 1.322037 35.717144 3.093092
v 1.370847 35.717144 3.025124
v 1.415845 35.717144 2.954643
v 1.456933 35.717144 2.881814
v 1.494012 35.717144 2.806798
v 1.526986 35.717144 2.729757
v 1.555758 35.717144 2.650854
v 1.580230 35.717144 2.570251
v 1.600306 35.717144 2.488111
v 1.615821 35.717144 2.404988
v 1.626695 35.717144 2.321457
v 1.632950 35.717144 2.237705
v 1.634609 35.717144 2.153920
v 1.631693 35.717144 2.070291
v 1.624225 35.717144 1.987005
v 1.612226 35.717144 1.904250
v 1.595718 35.717144 1.822214
v 1.574723 35.717144 1.741086
v 1.549264 35.717144 1.661052
v 1.519363 35.717144 1.582301
v 1.485041 35.717144 1.505021
v 1.482507 35.717144 1.499455
v 1.480259 35.717144 1.493787
v 1.478301 35.717144 1.488029
v 1.476635 35.717144 1.482190
v 1.475261 35.717144 1.476283
v 1.474182 35.717144 1.470320
v 1.473400 35.717144 1.464310
v 1.472916 35.717144 1.458265
v 1.472732 35.717144 1.452196
v 1.472849 35.717144 1.446115
v 1.473270 35.717144 1.440032
v 1.473996 35.717144 1.433959
v 1.475025 35.717144 1.427930
v 1.476349 35.717144 1.421977
v 1.477963 35.717144 1.416113
v 1.479863 35.717144 1.410347
v 1.482044 35.717144 1.404688
v 1.484500 35.717144 1.399148
v 1.487229 35.717144 1.393736
v 1.490223 35.717144 1.388463
v 1.493479 35.717144 1.383338
v 1.496992 35.717144 1.378373
v 1.500756 35.717144 1.373576
v 1.504768 35.717144 1.368960
v 1.508993 35.717144 1.364545
v 1.513417 35.717144 1.360359
v 1.518033 35.717144 1.356407
v 1.522830 35.717144 1.352695
v 1.527799 35.717144 1.349229
v 1.532930 35.717144 1.346014
v 1.538212 35.717144 1.343056
v 1.543638 35.717144 1.340361
v 1.549197 35.717144 1.337934
v 1.554880 35.717144 1.335781
v 1.560676 35.717144 1.333908
v 1.566576 35.717144 1.332321
v 1.572548 35.717144 1.331030
v 1.578559 35.717144 1.330040
v 1.584597 35.717144 1.329352
v 1.590649 35.717144 1.328964
v 1.596707 35.717144 1.328875
v 1.602758 35.717144 1.329085
v 1.608791 35.717144 1.329593
v 1.614796 35.717144 1.330400
v 1.620760 35.717144 1.331503
v 1.626673 35.717144 1.332903
v 1.632523 35.717144 1.334598
v 1.638300 35.717144 1.336588
v 1.718218 35.717144 1.363367
v 1.799177 35.717144 1.385637
v 1.880991 35.717144 1.403391
v 1.963471 35.717144 1.416628
v 2.046430 35.717144 1.425341
v 2.129681 35.717144 1.429527
v 2.213036 35.717144 1.429181
v 2.296309 35.717144 1.424300
v 2.379311 35.717144 1.414878
v 2.461855 35.717144 1.400911
v 2.543755 35.717144 1.382395
v 2.624821 35.717144 1.359326
v 2.704499 35.717144 1.331837
v 2.782251 35.717144 1.300138
v 2.857929 35.717144 1.264340
v 2.931381 35.717144 1.224553
v 3.002455 35.717144 1.180889
v 3.071001 35.717144 1.133458
v 3.136867 35.717144 1.082371
v 3.199903 35.717144 1.027738
v 3.259956 35.717144 0.969672
v 3.316876 35.717144 0.908282
v 3.370512 35.717144 0.843679
v 3.420712 35.717144 0.775975
v 3.467115 35.717144 0.705614
v 3.509428 35.717144 0.633088
v 3.547596 35.717144 0.558578
v 3.581569 35.717144 0.482263
v 3.611293 35.717144 0.404324
v 3.636717 35.717144 0.324940
v 3.657788 35.717144 0.244291
v 3.674453 35.717144 0.162558
v 3.686661 35.717144 0.079920
v 3.694359 35.717144 -0.003443
v 3.697495 35.717144 -0.087350
v 3.696018 35.717144 -0.171621
v 3.689911 35.717144 -0.255685
v 3.679242 35.717144 -0.338970
v 3.664078 35.717144 -0.421302
v 3.644488 35.717144 -0.502507
v 3.620540 35.717144 -0.582410
v 3.592302 35.717144 -0.660836
v 3.559842 35.717144 -0.737611
v 3.523230 35.717144 -0.812561
v 3.482533 35.717144 -0.885511
v 3.437818 35.717144 -0.956286
v 3.389155 35.717144 -1.024712
v 1.668306 35.929825 -0.545307
v 1.640155 35.929825 -0.576851
v 1.610424 35.929825 -0.606683
v 1.579194 35.929825 -0.634755
v 1.546546 35.929825 -0.661018
v 1.512562 35.929825 -0.685423
v 1.477322 35.929825 -0.707922
v 1.440907 35.929825 -0.728466
v 1.403399 35.929825 -0.747006
v 1.364879 35.929825 -0.763493
v 1.325427 35.929825 -0.777879
v 1.285125 35.929825 -0.790115
v 1.244055 35.929825 -0.800153
v 1.202494 35.929825 -0.807910
v 1.160728 35.929825 -0.813348
v 1.118852 35.929825 -0.816475
v 1.076960 35.929825 -0.817305
v 1.035146 35.929825 -0.815847
v 0.993502 35.929825 -0.812112
v 0.952125 35.929825 -0.806113
v 0.911107 35.929825 -0.797859
v 0.870543 35.929825 -0.787362
v 0.830526 35.929825 -0.774632
v 0.791150 35.929825 -0.759681
v 0.752511 35.929825 -0.742521
v 0.749727 35.929825 -0.741253
v 0.746894 35.929825 -0.740130
v 0.744014 35.929825 -0.739151
v 0.741095 35.929825 -0.738317
v 0.738142 35.929825 -0.737631
v 0.735160 35.929825 -0.737091
v 0.732155 35.929825 -0.736700
v 0.729132 35.929825 -0.736458
v 0.726098 35.929825 -0.736366
v 0.723057 35.929825 -0.736425
v 0.720016 35.929825 -0.736635
v 0.716979 35.929825 -0.736998
v 0.713965 35.929825 -0.737512
v 0.710989 35.929825 -0.738174
v 0.708056 35.929825 -0.738982
v 0.705173 35.929825 -0.739932
v 0.702344 35.929825 -0.741022
v 0.699574 35.929825 -0.742250
v 0.696868 35.929825 -0.743614
v 0.694231 35.929825 -0.745111
v 0.691669 35.929825 -0.746740
v 0.689186 35.929825 -0.748496
v 0.686788 35.929825 -0.750378
v 0.684480 35.929825 -0.752384
v 0.682273 35.929825 -0.754496
v 0.680180 35.929825 -0.756709
v 0.678204 35.929825 -0.759016
v 0.676348 35.929825 -0.761415
v 0.674614 35.929825 -0.763899
v 0.673007 35.929825 -0.766465
v 0.671528 35.929825 -0.769106
v 0.670180 35.929825 -0.771819
v 0.668967 35.929825 -0.774599
v 0.667891 35.929825 -0.777440
v 0.666954 35.929825 -0.780338
v 0.666161 35.929825 -0.783288
v 0.665515 35.929825 -0.786274
v 0.665020 35.929825 -0.789280
v 0.664676 35.929825 -0.792298
v 0.664482 35.929825 -0.795325
v 0.664437 35.929825 -0.798354
v 0.664542 35.929825 -0.801379
v 0.664797 35.929825 -0.804396
v 0.665200 35.929825 -0.807398
v 0.665752 35.929825 -0.810380
v 0.666451 35.929825 -0.813336
v 0.667299 35.929825 -0.816262
v 0.668294 35.929825 -0.819150
v 0.681684 35.929825 -0.859109
v 0.692818 35.929825 -0.899589
v 0.701696 35.929825 -0.940495
v 0.708314 35.929825 -0.981735
v 0.712671 35.929825 -1.023215
v 0.714764 35.929825 -1.064840
v 0.714591 35.929825 -1.106518
v 0.712150 35.929825 -1.148154
v 0.707439 35.929825 -1.189656
v 0.700456 35.929825 -1.230928
v 0.691198 35.929825 -1.271877
v 0.679663 35.929825 -1.312411
v 0.665919 35.929825 -1.352249
v 0.650069 35.929825 -1.391126
v 0.632170 35.929825 -1.428964
v 0.612276 35.929825 -1.465690
v 0.590444 35.929825 -1.501227
v 0.566729 35.929825 -1.535501
v 0.541185 35.929825 -1.568434
v 0.513869 35.929825 -1.599951
v 0.484836 35.929825 -1.629978
v 0.454141 35.929825 -1.658438
v 0.421840 35.929825 -1.685256
v 0.387987 35.929825 -1.710356
v 0.352807 35.929825 -1.733558
v 0.316544 35.929825 -1.754714
v 0.279289 35.929825 -1.773798
v 0.241131 35.929825 -1.790784
v 0.202162 35.929825 -1.805647
v 0.162470 35.929825 -1.818358
v 0.122146 35.929825 -1.828894
v 0.081279 35.929825 -1.837226
v 0.039960 35.929825 -1.843331
v -0.001722 35.929825 -1.847180
v -0.043675 35.929825 -1.848748
v -0.085811 35.929825 -1.848009
v -0.127842 35.929825 -1.844956
v -0.169485 35.929825 -1.839621
v -0.210651 35.929825 -1.832039
v -0.251253 35.929825 -1.822244
v -0.291205 35.929825 -1.810270
v -0.330418 35.929825 -1.796151
v -0.368806 35.929825 -1.779921
v -0.406281 35.929825 -1.761615
v -0.442755 35.929825 -1.741266
v -0.478143 35.929825 -1.718909
v -0.512356 35.929825 -1.694578
v -0.545307 35.929825 -1.668306
v -0.576851 35.929825 -1.640155
v -0.606683 35.929825 -1.610424
v -0.634755 35.929825 -1.579194
v -0.661018 35.929825 -1.546546
v -0.685423 35.929825 -1.512562
v -0.707922 35.929825 -1.477322
v -0.728466 35.929825 -1.440907
v -0.747006 35.929825 -1.403399
v -0.763493 35.929825 -1.364879
v -0.777879 35.929825 -1.325427
v -0.790115 35.929825 -1.285125
v -0.800153 35.929825 -1.244055
v -0.807910 35.929825 -1.202494
v -0.813348 35.929825 -1.160728
v -0.816475 35.929825 -1.118852
v -0.817305 35.929825 -1.076960
v -0.815847 35.929825 -1.035146
v -0.812112 35.929825 -0.993502
v -0.806113 35.929825 -0.952125
v -0.797859 35.929825 -0.911107
v -0.787362 35.929825 -0.870543
v -0.774632 35.929825 -0.830526
v -0.759681 35.929825 -0.791150
v -0.742521 35.929825 -0.752511
v -0.741253 35.929825 -0.749727
v -0.740130 35.929825 -0.746894
v -0.739151 35.929825 -0.744014
v -0.738317 35.929825 -0.741095
v -0.737631 35.929825 -0.738142
v -0.737091 35.929825 -0.735160
v -0.736700 35.929825 -0.732155
v -0.736458 35.929825 -0.729132
v -0.736366 35.929825 -0.726098
v -0.736425 35.929825 -0.723057
v -0.736635 35.929825 -0.720016
v -0.736998 35.929825 -0.716979
v -0.737512 35.929825 -0.713965
v -0.738174 35.929825 -0.710989
v -0.738982 35.929825 -0.708056
v -0.739932 35.929825 -0.705173
v -0.741022 35.929825 -0.702344
v -0.742250 35.929825 -0.699574
v -0.743614 35.929825 -0.696868
v -0.745111 35.929825 -0.694231
v -0.746740 35.929825 -0.691669
v -0.748496 35.929825 -0.689186
v -0.750378 35.929825 -0.686788
v -0.752384 35.929825 -0.684480
v -0.754496 35.929825 -0.682273
v -0.756709 35.929825 -0.680180
v -0.759016 35.929825 -0.678204
v -0.761415 35.929825 -0.676348
v -0.763899 35.929825 -0.674614
v -0.766465 35.929825 -0.673007
v -0.769106 35.929825 -0.671528
v -0.771819 35.929825 -0.670180
v -0.774599 35.929825 -0.668967
v -0.777440 35.929825 -0.667891
v -0.780338 35.929825 -0.666954
v -0.783288 35.929825 -0.666161
v -0.786274 35.929825 -0.665515
v -0.789280 35.929825 -0.665020
v -0.792298 35.929825 -0.664676
v -0.795325 35.929825 -0.664482
v -0.798354 35.929825 -0.664437
v -0.801379 35.929825 -0.664542
v -0.804396 35.929825 -0.664797
v -0.807398 35.929825 -0.665200
v -0.810380 35.929825 -0.665752
v -0.813336 35.929825 -0.666451
v -0.816262 35.929825 -0.667299
v -0.819150 35.929825 -0.668294
v -0.859109 35.929825 -0.681684
v -0.899589 35.929825 -0.692818
v -0.940495 35.929825 -0.701696
v -0.981735 35.929825 -0.708314
v -1.023215 35.929825 -0.712671
v -1.064840 35.929825 -0.714764
v -1.106518 35.929825 -0.714591
v -1.148154 35.929825 -0.712150
v -1.189656 35.929825 -0.707439
v -1.230928 35.929825 -0.700456
v -1.271877 35.929825 -0.691198
v -1.312411 35.929825 -0.679663
v -1.352249 35.929825 -0.665919
v -1.391126 35.929825 -0.650069
v -1.428964 35.929825 -0.632170
v -1.465690 35.929825 -0.612276
v -1.501227 35.929825 -0.590444
v -1.535501 35.929825 -0.566729
v -1.568434 35.929825 -0.541185
v -1.599951 35.929825 -0.513869
v -1.629978 35.929825 -0.484836
v -1.658438 35.929825 -0.454141
v -1.685256 35.929825 -0.421840
v -1.710356 35.929825 -0.387987
v -1.733558 35.929825 -0.352807
v -1.754714 35.929825 -0.316544
v -1.773798 35.929825 -0.279289
v -1.790784 35.929825 -0.241131
v -1.805647 35.929825 -0.202162
v -1.818358 35.929825 -0.162470
v -1.828894 35.929825 -0.122146
v -1.837226 35.929825 -0.081279
v -1.843331 35.929825 -0.039960
v -1.847180 35.929825 0.001722
v -1.848748 35.929825 0.043675
v -1.848009 35.929825 0.085811
v -1.844956 35.929825 0.127842
v -1.839621 35.929825 0.169485
v -1.832039 35.929825 0.210651
v -1.822244 35.929825 0.251253
v -1.810270 35.929825 0.291205
v -1.796151 35.929825 0.330418
v -1.779921 35.929825 0.368806
v -1.761615 35.929825 0.406281
v -1.741266 35.929825 0.442755
v -1.718909 35.929825 0.478143
v -1.694578 35.929825 0.512356
v -1.668306 35.929825 0.545307
v -1.640155 35.929825 0.576851
v -1.610424 35.929825 0.606683
v -1.579194 35.929825 0.634755
v -1.546546 35.929825 0.661018
v -1.512562 35.929825 0.685423
v -1.477322 35.929825 0.707922
v -1.440907 35.929825 0.728466
v -1.403399 35.929825 0.747006
v -1.364879 35.929825 0.763493
v -1.325427 35.929825 0.777879
v -1.285125 35.929825 0.790115
v -1.244055 35.929825 0.800153
v -1.202494 35.929825 0.807910
v -1.160728 35.929825 0.813348
v -1.118852 35.929825 0.816475
v -1.076960 35.929825 0.817305
v -1.035146 35.929825 0.815847
v -0.993502 35.929825 0.812112
v -0.952125 35.929825 0.806113
v -0.911107 35.929825 0.797859
v -0.870543 35.929825 0.787362
v -0.830526 35.929825 0.774632
v -0.791150 35.929825 0.759681
v -0.752511 35.929825 0.742521
v -0.749727 35.929825 0.741253
v -0.746894 35.929825 0.740130
v -0.744014 35.929825 0.739151
v -0.741095 35.929825 0.738317
v -0.738142 35.929825 0.737631
v -0.735160 35.929825 0.737091
v -0.732155 35.929825 0.736700
v -0.729132 35.929825 0.736458
v -0.726098 35.929825 0.736366
v -0.723057 35.929825 0.736425
v -0.720016 35.929825 0.736635
v -0.716979 35.929825 0.736998
v -0.713965 35.929825 0.737512
v -0.710989 35.929825 0.738174
v -0.708056 35.929825 0.738982
v -0.705173 35.929825 0.739932
v -0.702344 35.929825 0.741022
v -0.699574 35.929825 0.742250
v -0.696868 35.929825 0.743614
v -0.694231 35.929825 0.745111
v -0.691669 35.929825 0.746740
v -0.689186 35.929825 0.748496
v -0.686788 35.929825 0.750378
v -0.684480 35.929825 0.752384
v -0.682273 35.929825 0.754496
v -0.680180 35.929825 0.756709
v -0.678204 35.929825 0.759016
v -0.676348 35.929825 0.761415
v -0.674614 35.929825 0.763899
v -0.673007 35.929825 0.766465
v -0.671528 35.929825 0.769106
v -0.670180 35.929825 0.771819
v -0.668967 35.929825 0.774599
v -0.667891 35.929825 0.777440
v -0.666954 35.929825 0.780338
v -0.666161 35.929825 0.783288
v -0.665515 35.929825 0.786274
v -0.665020 35.929825 0.789280
v -0.664676 35.929825 0.792298
v -0.664482 35.929825 0.795325
v -0.664437 35.929825 0.798354
v -0.664542 35.929825 0.801379
v -0.664797 35.929825 0.804396
v -0.665200 35.929825 0.807398
v -0.665752 35.929825 0.810380
v -0.666451 35.929825 0.813336
v -0.667299 35.929825 0.816262
v -0.668294 35.929825 0.819150
v -0.681684 35.929825 0.859109
v -0.692818 35.929825 0.899589
v -0.701696 35.929825 0.940495
v -0.708314 35.929825 0.981735
v -0.712671 35.929825 1.023215
v -0.714764 35.929825 1.064840
v -0.714591 35.929825 1.106518
v -0.712150 35.929825 1.148154
v -0.707439 35.929825 1.189656
v -0.700456 35.929825 1.230928
v -0.691198 35.929825 1.271877
v -0.679663 35.929825 1.312411
v -0.665919 35.929825 1.352249
v -0.650069 35.929825 1.391126
v -0.632170 35.929825 1.428964
v -0.612276 35.929825 1.465690
v -0.590444 35.929825 1.501227
v -0.566729 35.929825 1.535501
v -0.541185 35.929825 1.568434
v -0.513869 35.929825 1.599951
v -0.484836 35.929825 1.629978
v -0.454141 35.929825 1.658438
v -0.421840 35.929825 1.685256
v -0.387987 35.929825 1.710356
v -0.352807 35.929825 1.733558
v -0.316544 35.929825 1.754714
v -0.279289 35.929825 1.773798
v -0.241131 35.929825 1.790784
v -0.202162 35.929825 1.805647
v -0.162470 35.929825 1.818358
v -0.122146 35.929825 1.828894
v -0.081279 35.929825 1.837226
v -0.039960 35.929825 1.843331
v 0.001722 35.929825 1.847180
v 0.043675 35.929825 1.848748
v 0.085811 35.929825 1.848009
v 0.127842 35.929825 1.844956
v 0.169485 35.929825 1.839621
v 0.210651 35.929825 1.832039
v 0.251253 35.929825 1.822244
v 0.291205 35.929825 1.810270
v 0.330418 35.929825 1.796151
v 0.368806 35.929825 1.779921
v 0.406281 35.929825 1.761615
v 0.442755 35.929825 1.741266
v 0.478143 35.929825 1.718909
v 0.512356 35.929825 1.694578
v 0.545307 35.929825 1.668306
v 0.576851 35.929825 1.640155
v 0.606683 35.929825 1.610424
v 0.634755 35.929825 1.579194
v 0.661018 35.929825 1.546546
v 0.685423 35.929825 1.512562
v 0.707922 35.929825 1.477322
v 0.728466 35.929825 1.440907
v 0.747006 35.929825 1.403399
v 0.763493 35.929825 1.364879
v 0.777879 35.929825 1.325427
v 0.790115 35.929825 1.285125
v 0.800153 35.929825 1.244055
v 0.807910 35.929825 1.202494
v 0.813348 35.929825 1.160728
v 0.816475 35.929825 1.118852
v 0.817305 35.929825 1.076960
v 0.815847 35.929825 1.035146
v 0.812112 35.929825 0.993502
v 0.806113 35.929825 0.952125
v 0.797859 35.929825 0.911107
v 0.787362 35.929825 0.870543
v 0.774632 35.929825 0.830526
v 0.759681 35.929825 0.791150
v 0.742521 35.929825 0.752511
v 0.741253 35.929825 0.749727
v 0.740130 35.929825 0.746894
v 0.739151 35.929825 0.744014
v 0.738317 35.929825 0.741095
v 0.737631 35.929825 0.738142
v 0.737091 35.929825 0.735160
v 0.736700 35.929825 0.732155
v 0.736458 35.929825 0.729132
v 0.736366 35.929825 0.726098
v 0.736425 35.929825 0.723057
v 0.736635 35.929825 0.720016
v 0.736998 35.929825 0.716979
v 0.737512 35.929825 0.713965
v 0.738174 35.929825 0.710989
v 0.738982 35.929825 0.708056
v 0.739932 35.929825 0.705173
v 0.741022 35.929825 0.702344
v 0.742250 35.929825 0.699574
v 0.743614 35.929825 0.696868
v 0.745111 35.929825 0.694231
v 0.746740 35.929825 0.691669
v 0.748496 35.929825 0.689186
v 0.750378 35.929825 0.686788
v 0.752384 35.929825 0.684480
v 0.754496 35.929825 0.682273
v 0.756709 35.929825 0.680180
v 0.759016 35.929825 0.678204
v 0.761415 35.929825 0.676348
v 0.763899 35.929825 0.674614
v 0.766465 35.929825 0.673007
v 0.769106 35.929825 0.671528
v 0.771819 35.929825 0.670180
v 0.774599 35.929825 0.668967
v 0.777440 35.929825 0.667891
v 0.780338 35.929825 0.666954
v 0.783288 35.929825 0.666161
v 0.786274 35.929825 0.665515
v 0.789280 35.929825 0.665020
v 0.792298 35.929825 0.664676
v 0.795325 35.929825 0.664482
v 0.798354 35.929825 0.664437
v 0.801379 35.929825 0.664542
v 0.804396 35.929825 0.664797
v 0.807398 35.929825 0.665200
v 0.810380 35.929825 0.665752
v 0.813336 35.929825 0.666451
v 0.816262 35.929825 0.667299
v 0.819150 35.929825 0.668294
v 0.859109 35.929825 0.681684
v 0.899589 35.929825 0.692818
v 0.940495 35.929825 0.701696
v 0.981735 35.929825 0.708314
v 1.023215 35.929825 0.712671
v 1.064840 35.929825 0.714764
v 1.106518 35.929825 0.714591
v 1.148154 35.929825 0.712150
v 1.189656 35.929825 0.707439
v 1.230928 35.929825 0.700456
v 1.271877 35.929825 0.691198
v 1.312411 35.929825 0.679663
v 1.352249 35.929825 0.665919
v 1.391126 35.929825 0.650069
v 1.428964 35.929825 0.632170
v 1.465690 35.929825 0.612276
v 1.501227 35.929825 0.590444
v 1.535501 35.929825 0.566729
v 1.568434 35.929825 0.541185
v 1.599951 35.929825 0.513869
v 1.629978 35.929825 0.484836
v 1.658438 35.929825 0.454141
v 1.685256 35.929825 0.421840
v 1.710356 35.929825 0.387987
v 1.733558 35.929825 0.352807
v 1.754714 35.929825 0.316544
v 1.773798 35.929825 0.279289
v 1.790784 35.929825 0.241131
v 1.805647 35.929825 0.202162
v 1.818358 35.929825 0.162470
v 1.828894 35.929825 0.122146
v 1.837226 35.929825 0.081279
v 1.843331 35.929825 0.039960
v 1.847180 35.929825 -0.001722
v 1.848748 35.929825 -0.043675
v 1.848009 35.929825 -0.085811
v 1.844956 35.929825 -0.127842
v 1.839621 35.929825 -0.169485
v 1.832039 35.929825 -0.210651
v 1.822244 35.929825 -0.251253
v 1.810270 35.929825 -0.291205
v 1.796151 35.929825 -0.330418
v 1.779921 35.929825 -0.368806
v 1.761615 35.929825 -0.406281
v 1.741266 35.929825 -0.442755
v 1.718909 35.929825 -0.478143
v 1.694578 35.929825 -0.512356
v 0.000000 36.000000 0.000000
vn 0.5451 -0.7009 -0.4600
vn 0.5188 -0.7010 -0.4893
vn 0.4911 -0.7010 -0.5171
vn 0.4621 -0.7010 -0.5432
vn 0.4317 -0.7010 -0.5677
vn 0.4000 -0.7010 -0.5904
vn 0.3672 -0.7010 -0.6113
vn 0.3333 -0.7010 -0.6304
vn 0.2984 -0.7010 -0.6477
vn 0.2626 -0.7010 -0.6631
vn 0.2258 -0.7010 -0.6765
vn 0.1883 -0.7010 -0.6879
vn 0.1502 -0.7009 -0.6972
vn 0.1115 -0.7010 -0.7044
vn 0.0726 -0.7010 -0.7095
vn 0.0336 -0.7010 -0.7124
vn -0.0054 -0.7010 -0.7131
vn -0.0443 -0.7010 -0.7118
vn -0.0830 -0.7010 -0.7083
vn -0.1216 -0.7010 -0.7027
vn -0.1597 -0.7010 -0.6950
vn -0.1975 -0.7010 -0.6853
vn -0.2348 -0.7010 -0.6734
vn -0.2714 -0.7010 -0.6595
vn -0.2905 -0.7060 -0.6458
vn -0.2747 -0.7128 -0.6454
vn -0.2422 -0.7128 -0.6583
vn -0.2092 -0.7127 -0.6695
vn -0.1758 -0.7127 -0.6791
vn -0.1419 -0.7127 -0.6869
vn -0.1077 -0.7127 -0.6931
vn -0.0733 -0.7127 -0.6976
vn -0.0387 -0.7127 -0.7004
vn -0.0039 -0.7127 -0.7014
vn 0.0310 -0.7127 -0.7007
vn 0.0658 -0.7128 -0.6983
vn 0.1006 -0.7128 -0.6941
vn 0.1352 -0.7128 -0.6883
vn 0.1693 -0.7128 -0.6807
vn 0.2029 -0.7127 -0.6714
vn 0.2360 -0.7127 -0.6606
vn 0.2684 -0.7127 -0.6481
vn 0.3001 -0.7127 -0.6340
vn 0.3312 -0.7127 -0.6184
vn 0.3614 -0.7127 -0.6012
vn 0.3908 -0.7127 -0.5825
vn 0.4192 -0.7127 -0.5624
vn 0.4467 -0.7128 -0.5407
vn 0.4728 -0.7125 -0.5184
vn 0.4974 -0.7127 -0.4946
vn 0.5213 -0.7127 -0.4693
vn 0.5440 -0.7127 -0.4429
vn 0.5652 -0.7127 -0.4154
vn 0.5850 -0.7127 -0.3870
vn 0.6034 -0.7127 -0.3577
vn 0.6203 -0.7127 -0.3275
vn 0.6357 -0.7127 -0.2964
vn 0.6496 -0.7127 -0.2646
vn 0.6619 -0.7127 -0.2322
vn 0.6726 -0.7127 -0.1990
vn 0.6817 -0.7128 -0.1653
vn 0.6890 -0.7128 -0.1311
vn 0.6947 -0.7127 -0.0967
vn 0.6987 -0.7127 -0.0622
vn 0.7009 -0.7127 -0.0276
vn 0.7014 -0.7127 0.0070
vn 0.7002 -0.7127 0.0416
vn 0.6973 -0.7127 0.0762
vn 0.6927 -0.7127 0.1105
vn 0.6864 -0.7127 0.1446
vn 0.6784 -0.7127 0.1784
vn 0.6686 -0.7128 0.2119
vn 0.6704 -0.7062 0.2278
vn 0.6822 -0.7010 0.2080
vn 0.6925 -0.7010 0.1703
vn 0.7008 -0.7010 0.1322
vn 0.7069 -0.7010 0.0938
vn 0.7110 -0.7010 0.0552
vn 0.7129 -0.7010 0.0164
vn 0.7128 -0.7010 -0.0224
vn 0.7105 -0.7010 -0.0611
vn 0.7061 -0.7010 -0.0997
vn 0.6997 -0.7010 -0.1382
vn 0.6910 -0.7010 -0.1763
vn 0.6803 -0.7010 -0.2140
vn 0.6675 -0.7010 -0.2510
vn 0.6528 -0.7010 -0.2872
vn 0.6361 -0.7010 -0.3224
vn 0.6176 -0.7010 -0.3566
vn 0.5972 -0.7010 -0.3897
vn 0.5752 -0.7010 -0.4216
vn 0.5514 -0.7010 -0.4522
vn 0.5260 -0.7010 -0.4816
vn 0.4990 -0.7010 -0.5095
vn 0.4704 -0.7010 -0.5360
vn 0.4403 -0.7010 -0.5610
vn 0.4089 -0.7010 -0.5844
vn 0.3762 -0.7010 -0.6059
vn 0.3424 -0.7010 -0.6256
vn 0.3077 -0.7010 -0.6434
vn 0.2722 -0.7010 -0.6592
vn 0.2359 -0.7010 -0.6730
vn 0.1990 -0.7010 -0.6848
vn 0.1614 -0.7010 -0.6946
vn 0.1234 -0.7010 -0.7024
vn 0.0849 -0.7010 -0.7081
vn 0.0461 -0.7010 -0.7117
vn 0.0071 -0.7010 -0.7131
vn -0.0321 -0.7010 -0.7125
vn -0.0712 -0.7010 -0.7096
vn -0.1099 -0.7010 -0.7046
vn -0.1483 -0.7010 -0.6976
vn -0.1861 -0.7010 -0.6884
vn -0.2232 -0.7010 -0.6773
vn -0.2597 -0.7010 -0.6641
vn -0.2955 -0.7010 -0.6490
vn -0.3303 -0.7010 -0.6320
vn -0.3643 -0.7010 -0.6131
vn -0.3973 -0.7010 -0.5923
vn -0.4291 -0.7010 -0.5696
vn -0.4600 -0.7009 -0.5451
vn -0.4893 -0.7010 -0.5188
vn -0.5171 -0.7010 -0.4911
vn -0.5432 -0.7010 -0.4621
vn -0.5677 -0.7010 -0.4317
vn -0.5904 -0.7010 -0.4000
vn -0.6113 -0.7010 -0.3672
vn -0.6304 -0.7010 -0.3333
vn -0.6477 -0.7010 -0.2984
vn -0.6631 -0.7010 -0.2626
vn -0.6765 -0.7010 -0.2258
vn -0.6879 -0.7010 -0.1883
vn -0.6972 -0.7009 -0.1502
vn -0.7044 -0.7010 -0.1115
vn -0.7095 -0.7010 -0.0726
vn -0.7124 -0.7010 -0.0336
vn -0.7131 -0.7010 0.0054
vn -0.7118 -0.7010 0.0443
vn -0.7083 -0.7010 0.0830
vn -0.7027 -0.7010 0.1216
vn -0.6950 -0.7010 0.1597
vn -0.6853 -0.7010 0.1975
vn -0.6734 -0.7010 0.2348
vn -0.6595 -0.7010 0.2714
vn -0.6458 -0.7060 0.2905
vn -0.6454 -0.7128 0.2747
vn -0.6583 -0.7128 0.2422
vn -0.6695 -0.7127 0.2092
vn -0.6791 -0.7127 0.1758
vn -0.6870 -0.7127 0.1419
vn -0.6931 -0.7127 0.1077
vn -0.6976 -0.7127 0.0733
vn -0.7004 -0.7127 0.0386
vn -0.7014 -0.7127 0.0039
vn -0.7007 -0.7127 -0.0310
vn -0.6983 -0.7128 -0.0659
vn -0.6941 -0.7128 -0.1006
vn -0.6883 -0.7128 -0.1352
vn -0.6807 -0.7128 -0.1693
vn -0.6714 -0.7127 -0.2029
vn -0.6606 -0.7127 -0.2360
vn -0.6481 -0.7127 -0.2684
vn -0.6340 -0.7127 -0.3001
vn -0.6184 -0.7127 -0.3312
vn -0.6012 -0.7127 -0.3614
vn -0.5825 -0.7127 -0.3908
vn -0.5624 -0.7127 -0.4192
vn -0.5407 -0.7128 -0.4467
vn -0.5184 -0.7125 -0.4728
vn -0.4946 -0.7127 -0.4974
vn -0.4693 -0.7127 -0.5213
vn -0.4429 -0.7127 -0.5440
vn -0.4154 -0.7127 -0.5652
vn -0.3870 -0.7127 -0.5850
vn -0.3577 -0.7127 -0.6034
vn -0.3275 -0.7127 -0.6203
vn -0.2964 -0.7127 -0.6357
vn -0.2646 -0.7127 -0.6496
vn -0.2321 -0.7127 -0.6619
vn -0.1990 -0.7127 -0.6726
vn -0.1653 -0.7128 -0.6817
vn -0.1311 -0.7127 -0.6891
vn -0.0967 -0.7127 -0.6947
vn -0.0622 -0.7127 -0.6987
vn -0.0276 -0.7127 -0.7009
vn 0.0070 -0.7127 -0.7014
vn 0.0416 -0.7127 -0.7002
vn 0.0762 -0.7127 -0.6973
vn 0.1105 -0.7127 -0.6927
vn 0.1446 -0.7127 -0.6864
vn 0.1784 -0.7127 -0.6784
vn 0.2119 -0.7128 -0.6686
vn 0.2278 -0.7062 -0.6704
vn 0.2080 -0.7010 -0.6822
vn 0.1703 -0.7010 -0.6925
vn 0.1322 -0.7010 -0.7008
vn 0.0938 -0.7010 -0.7069
vn 0.0552 -0.7010 -0.7110
vn 0.0164 -0.7010 -0.7129
vn -0.0224 -0.7010 -0.7128
vn -0.0611 -0.7010 -0.7105
vn -0.0997 -0.7010 -0.7061
vn -0.1382 -0.7010 -0.6996
vn -0.1763 -0.7010 -0.6910
vn -0.2140 -0.7010 -0.6803
vn -0.2510 -0.7010 -0.6675
vn -0.2872 -0.7010 -0.6528
vn -0.3224 -0.7010 -0.6361
vn -0.3566 -0.7010 -0.6176
vn -0.3897 -0.7010 -0.5972
vn -0.4216 -0.7010 -0.5752
vn -0.4522 -0.7010 -0.5514
vn -0.4816 -0.7010 -0.5260
vn -0.5095 -0.7010 -0.4990
vn -0.5360 -0.7010 -0.4704
vn -0.5610 -0.7010 -0.4403
vn -0.5843 -0.7010 -0.4089
vn -0.6059 -0.7010 -0.3762
vn -0.6256 -0.7010 -0.3424
vn -0.6433 -0.7010 -0.3077
vn -0.6592 -0.7010 -0.2722
vn -0.6730 -0.7010 -0.2359
vn -0.6848 -0.7010 -0.1990
vn -0.6946 -0.7010 -0.1614
vn -0.7024 -0.7010 -0.1234
vn -0.7081 -0.7010 -0.0849
vn -0.7117 -0.7010 -0.0461
vn -0.7131 -0.7010 -0.0071
vn -0.7125 -0.7010 0.0321
vn -0.7096 -0.7010 0.0712
vn -0.7046 -0.7010 0.1099
vn -0.6976 -0.7010 0.1483
vn -0.6884 -0.7010 0.1861
vn -0.6773 -0.7010 0.2232
vn -0.6641 -0.7010 0.2597
vn -0.6490 -0.7010 0.2955
vn -0.6320 -0.7010 0.3303
vn -0.6131 -0.7010 0.3643
vn -0.5923 -0.7010 0.3973
vn -0.5696 -0.7010 0.4291
vn -0.5451 -0.7009 0.4600
vn -0.5188 -0.7010 0.4893
vn -0.4911 -0.7010 0.5171
vn -0.4621 -0.7010 0.5432
vn -0.4317 -0.7010 0.5677
vn -0.4000 -0.7011 0.5903
vn -0.3672 -0.7010 0.6113
vn -0.3333 -0.7010 0.6305
vn -0.2984 -0.7010 0.6478
vn -0.2626 -0.7010 0.6631
vn -0.2258 -0.7010 0.6765
vn -0.1883 -0.7010 0.6879
vn -0.1502 -0.7009 0.6972
vn -0.1115 -0.7010 0.7044
vn -0.0726 -0.7010 0.7095
vn -0.0336 -0.7010 0.7124
vn 0.0054 -0.7010 0.7131
vn 0.0443 -0.7010 0.7118
vn 0.0830 -0.7010 0.7083
vn 0.1216 -0.7010 0.7027
vn 0.1597 -0.7010 0.6950
vn 0.1975 -0.7010 0.6853
vn 0.2348 -0.7010 0.6734
vn 0.2714 -0.7010 0.6595
vn 0.2905 -0.7060 0.6458
vn 0.2747 -0.7128 0.6454
vn 0.2422 -0.7128 0.6583
vn 0.2092 -0.7127 0.6695
vn 0.1758 -0.7127 0.6791
vn 0.1419 -0.7127 0.6869
vn 0.1077 -0.7127 0.6931
vn 0.0733 -0.7127 0.6976
vn 0.0387 -0.7127 0.7004
vn 0.0039 -0.7127 0.7014
vn -0.0310 -0.7127 0.7007
vn -0.0658 -0.7128 0.6983
vn -0.1006 -0.7128 0.6941
vn -0.1352 -0.7128 0.6883
vn -0.1693 -0.7128 0.6807
vn -0.2029 -0.7127 0.6714
vn -0.2360 -0.7127 0.6606
vn -0.2684 -0.7127 0.6481
vn -0.3001 -0.7127 0.6340
vn -0.3312 -0.7127 0.6184
vn -0.3614 -0.7127 0.6012
vn -0.3908 -0.7127 0.5825
vn -0.4192 -0.7127 0.5624
vn -0.4467 -0.7128 0.5407
vn -0.4728 -0.7125 0.5184
vn -0.4974 -0.7127 0.4946
vn -0.5213 -0.7127 0.4693
vn -0.5440 -0.7127 0.4429
vn -0.5652 -0.7127 0.4154
vn -0.5850 -0.7127 0.3870
vn -0.6034 -0.7127 0.3577
vn -0.6203 -0.7127 0.3275
vn -0.6357 -0.7127 0.2964
vn -0.6496 -0.7127 0.2646
vn -0.6619 -0.7127 0.2322
vn -0.6726 -0.7127 0.1990
vn -0.6817 -0.7128 0.1653
vn -0.6890 -0.7128 0.1311
vn -0.6947 -0.7127 0.0967
vn -0.6987 -0.7127 0.0622
vn -0.7009 -0.7127 0.0276
vn -0.7014 -0.7127 -0.0070
vn -0.7002 -0.7127 -0.0416
vn -0.6973 -0.7127 -0.0762
vn -0.6927 -0.7127 -0.1105
vn -0.6864 -0.7127 -0.1446
vn -0.6784 -0.7127 -0.1784
vn -0.6686 -0.7128 -0.2119
vn -0.6704 -0.7062 -0.2278
vn -0.6822 -0.7010 -0.2080
vn -0.6925 -0.7010 -0.1703
vn -0.7008 -0.7010 -0.1322
vn -0.7069 -0.7010 -0.0938
vn -0.7110 -0.7010 -0.0552
vn -0.7129 -0.7010 -0.0164
vn -0.7128 -0.7010 0.0224
vn -0.7105 -0.7010 0.0611
vn -0.7061 -0.7010 0.0997
vn -0.6997 -0.7010 0.1382
vn -0.6910 -0.7010 0.1763
vn -0.6803 -0.7010 0.2140
vn -0.6675 -0.7010 0.2510
vn -0.6528 -0.7010 0.2872
vn -0.6361 -0.7010 0.3224
vn -0.6176 -0.7010 0.3566
vn -0.5972 -0.7010 0.3897
vn -0.5752 -0.7010 0.4216
vn -0.5514 -0.7010 0.4522
vn -0.5260 -0.7010 0.4816
vn -0.4990 -0.7010 0.5095
vn -0.4704 -0.7010 0.5360
vn -0.4403 -0.7010 0.5610
vn -0.4089 -0.7010 0.5844
vn -0.3762 -0.7010 0.6059
vn -0.3424 -0.7010 0.6256
vn -0.3077 -0.7010 0.6434
vn -0.2722 -0.7010 0.6592
vn -0.2359 -0.7010 0.6730
vn -0.1990 -0.7010 0.6848
vn -0.1614 -0.7010 0.6946
vn -0.1234 -0.7010 0.7024
vn -0.0849 -0.7010 0.7081
vn -0.0461 -0.7010 0.7117
vn -0.0071 -0.7010 0.7131
vn 0.0321 -0.7010 0.7125
vn 0.0712 -0.7010 0.7096
vn 0.1099 -0.7010 0.7046
vn 0.1483 -0.7010 0.6976
vn 0.1861 -0.7010 0.6884
vn 0.2232 -0.7010 0.6773
vn 0.2597 -0.7010 0.6641
vn 0.2955 -0.7010 0.6490
vn 0.3303 -0.7010 0.6320
vn 0.3643 -0.7010 0.6131
vn 0.3973 -0.7010 0.5923
vn 0.4291 -0.7010 0.5696
vn 0.4600 -0.7009 0.5451
vn 0.4893 -0.7010 0.5188
vn 0.5171 -0.7010 0.4911
vn 0.5432 -0.7010 0.4621
vn 0.5677 -0.7010 0.4317
vn 0.5904 -0.7010 0.4000
vn 0.6113 -0.7010 0.3672
vn 0.6304 -0.7010 0.3333
vn 0.6477 -0.7010 0.2984
vn 0.6631 -0.7010 0.2626
vn 0.6765 -0.7010 0.2258
vn 0.6879 -0.7010 0.1883
vn 0.6972 -0.7009 0.1502
vn 0.7044 -0.7010 0.1115
vn 0.7095 -0.7010 0.0726
vn 0.7124 -0.7010 0.0336
vn 0.7131 -0.7010 -0.0054
vn 0.7118 -0.7010 -0.0443
vn 0.7083 -0.7010 -0.0830
vn 0.7027 -0.7010 -0.1216
vn 0.6950 -0.7010 -0.1597
vn 0.6853 -0.7010 -0.1975
vn 0.6734 -0.7010 -0.2348
vn 0.6595 -0.7010 -0.2714
vn 0.6458 -0.7061 -0.2905
vn 0.6454 -0.7128 -0.2747
vn 0.6583 -0.7128 -0.2422
vn 0.6695 -0.7127 -0.2092
vn 0.6790 -0.7127 -0.1758
vn 0.6870 -0.7127 -0.1419
vn 0.6931 -0.7127 -0.1077
vn 0.6976 -0.7127 -0.0733
vn 0.7004 -0.7127 -0.0386
vn 0.7014 -0.7127 -0.0039
vn 0.7007 -0.7127 0.0310
vn 0.6983 -0.7128 0.0659
vn 0.6941 -0.7128 0.1006
vn 0.6883 -0.7128 0.1352
vn 0.6807 -0.7128 0.1693
vn 0.6714 -0.7127 0.2029
vn 0.6606 -0.7127 0.2360
vn 0.6481 -0.7127 0.2684
vn 0.6340 -0.7127 0.3001
vn 0.6184 -0.7127 0.3312
vn 0.6012 -0.7127 0.3614
vn 0.5825 -0.7127 0.3908
vn 0.5624 -0.7127 0.4192
vn 0.5407 -0.7128 0.4467
vn 0.5184 -0.7125 0.4728
vn 0.4946 -0.7127 0.4974
vn 0.4693 -0.7127 0.5213
vn 0.4429 -0.7127 0.5440
vn 0.4154 -0.7127 0.5652
vn 0.3870 -0.7127 0.5850
vn 0.3577 -0.7127 0.6034
vn 0.3275 -0.7127 0.6203
vn 0.2964 -0.7127 0.6357
vn 0.2646 -0.7127 0.6496
vn 0.2321 -0.7127 0.6619
vn 0.1990 -0.7127 0.6726
vn 0.1653 -0.7128 0.6817
vn 0.1311 -0.7127 0.6891
vn 0.0967 -0.7127 0.6947
vn 0.0622 -0.7127 0.6987
vn 0.0276 -0.7127 0.7009
vn -0.0070 -0.7127 0.7014
vn -0.0416 -0.7127 0.7002
vn -0.0762 -0.7127 0.6973
vn -0.1105 -0.7127 0.6927
vn -0.1446 -0.7127 0.6864
vn -0.1784 -0.7127 0.6784
vn -0.2119 -0.7128 0.6686
vn -0.2278 -0.7062 0.6704
vn -0.2080 -0.7010 0.6822
vn -0.1703 -0.7010 0.6925
vn -0.1322 -0.7010 0.7008
vn -0.0938 -0.7010 0.7069
vn -0.0552 -0.7010 0.7110
vn -0.0164 -0.7010 0.7129
vn 0.0224 -0.7010 0.7128
vn 0.0611 -0.7010 0.7105
vn 0.0997 -0.7010 0.7061
vn 0.1382 -0.7010 0.6996
vn 0.1763 -0.7010 0.6910
vn 0.2140 -0.7010 0.6803
vn 0.2510 -0.7009 0.6676
vn 0.2872 -0.7010 0.6528
vn 0.3224 -0.7010 0.6361
vn 0.3566 -0.7010 0.6176
vn 0.3897 -0.7010 0.5972
vn 0.4216 -0.7010 0.5752
vn 0.4522 -0.7010 0.5514
vn 0.4816 -0.7010 0.5260
vn 0.5095 -0.7010 0.4990
vn 0.5360 -0.7010 0.4704
vn 0.5610 -0.7010 0.4403
vn 0.5843 -0.7010 0.4089
vn 0.6059 -0.7010 0.3762
vn 0.6256 -0.7010 0.3424
vn 0.6433 -0.7010 0.3077
vn 0.6592 -0.7010 0.2722
vn 0.6730 -0.7010 0.2359
vn 0.6848 -0.7010 0.1990
vn 0.6946 -0.7010 0.1614
vn 0.7024 -0.7010 0.1234
vn 0.7081 -0.7010 0.0849
vn 0.7117 -0.7010 0.0461
vn 0.7131 -0.7010 0.0071
vn 0.7125 -0.7010 -0.0321
vn 0.7096 -0.7010 -0.0712
vn 0.7046 -0.7010 -0.1099
vn 0.6976 -0.7010 -0.1483
vn 0.6884 -0.7010 -0.1861
vn 0.6773 -0.7010 -0.2232
vn 0.6641 -0.7010 -0.2597
vn 0.6490 -0.7010 -0.2955
vn 0.6320 -0.7010 -0.3303
vn 0.6131 -0.7010 -0.3643
vn 0.5923 -0.7010 -0.3973
vn 0.5696 -0.7010 -0.4291
vn 0.7643 -0.0000 -0.6449
vn 0.7275 -0.0000 -0.6861
vn 0.6887 -0.0000 -0.7251
vn 0.6479 -0.0000 -0.7617
vn 0.6053 -0.0000 -0.7960
vn 0.5609 -0.0000 -0.8279
vn 0.5149 -0.0000 -0.8572
vn 0.4674 -0.0000 -0.8840
vn 0.4185 -0.0000 -0.9082
vn 0.3682 -0.0000 -0.9298
vn 0.3167 -0.0000 -0.9485
vn 0.2641 -0.0000 -0.9645
vn 0.2105 -0.0000 -0.9776
vn 0.1563 -0.0000 -0.9877
vn 0.1018 -0.0000 -0.9948
vn 0.0472 -0.0000 -0.9989
vn -0.0075 -0.0000 -1.0000
vn -0.0621 -0.0000 -0.9981
vn -0.1164 -0.0000 -0.9932
vn -0.1704 -0.0000 -0.9854
vn -0.2240 -0.0000 -0.9746
vn -0.2769 -0.0000 -0.9609
vn -0.3292 -0.0000 -0.9443
vn -0.3806 -0.0000 -0.9248
vn -0.4102 -0.0000 -0.9120
vn -0.3917 -0.0000 -0.9201
vn -0.3454 -0.0000 -0.9385
vn -0.2983 -0.0000 -0.9545
vn -0.2506 -0.0000 -0.9681
vn -0.2023 -0.0000 -0.9793
vn -0.1536 -0.0000 -0.9881
vn -0.1045 -0.0000 -0.9945
vn -0.0551 -0.0000 -0.9985
vn -0.0055 -0.0000 -1.0000
vn 0.0442 -0.0000 -0.9990
vn 0.0939 -0.0000 -0.9956
vn 0.1435 -0.0000 -0.9897
vn 0.1927 -0.0000 -0.9813
vn 0.2413 -0.0000 -0.9704
vn 0.2893 -0.0000 -0.9572
vn 0.3364 -0.0000 -0.9417
vn 0.3826 -0.0000 -0.9239
vn 0.4279 -0.0000 -0.9038
vn 0.4721 -0.0000 -0.8815
vn 0.5152 -0.0000 -0.8571
vn 0.5571 -0.0000 -0.8305
vn 0.5977 -0.0000 -0.8018
vn 0.6369 -0.0000 -0.7710
vn 0.6739 -0.0000 -0.7389
vn 0.7091 -0.0000 -0.7051
vn 0.7432 -0.0000 -0.6690
vn 0.7755 -0.0000 -0.6314
vn 0.8057 -0.0000 -0.5923
vn 0.8340 -0.0000 -0.5517
vn 0.8602 -0.0000 -0.5099
vn 0.8843 -0.0000 -0.4668
vn 0.9063 -0.0000 -0.4226
vn 0.9261 -0.0000 -0.3773
vn 0.9436 -0.0000 -0.3310
vn 0.9589 -0.0000 -0.2837
vn 0.9718 -0.0000 -0.2356
vn 0.9824 -0.0000 -0.1869
vn 0.9904 -0.0000 -0.1379
vn 0.9961 -0.0000 -0.0887
vn 0.9992 -0.0000 -0.0394
vn 0.9999 -0.0000 0.0100
vn 0.9982 -0.0000 0.0593
vn 0.9941 -0.0000 0.1086
vn 0.9875 -0.0000 0.1576
vn 0.9785 -0.0000 0.2062
vn 0.9671 -0.0000 0.2544
vn 0.9533 -0.0000 0.3021
vn 0.9468 -0.0000 0.3217
vn 0.9565 -0.0000 0.2916
vn 0.9711 -0.0000 0.2387
vn 0.9827 -0.0000 0.1853
vn 0.9913 -0.0000 0.1315
vn 0.9970 -0.0000 0.0774
vn 0.9997 -0.0000 0.0230
vn 0.9995 -0.0000 -0.0313
vn 0.9963 -0.0000 -0.0857
vn 0.9902 -0.0000 -0.1399
vn 0.9811 -0.0000 -0.1937
vn 0.9690 -0.0000 -0.2472
vn 0.9539 -0.0000 -0.3000
vn 0.9360 -0.0000 -0.3520
vn 0.9153 -0.0000 -0.4027
vn 0.8920 -0.0000 -0.4521
vn 0.8660 -0.0000 -0.5001
vn 0.8375 -0.0000 -0.5464
vn 0.8066 -0.0000 -0.5912
vn 0.7732 -0.0000 -0.6341
vn 0.7376 -0.0000 -0.6753
vn 0.6997 -0.0000 -0.7145
vn 0.6596 -0.0000 -0.7516
vn 0.6174 -0.0000 -0.7866
vn 0.5733 -0.0000 -0.8193
vn 0.5274 -0.0000 -0.8496
vn 0.4801 -0.0000 -0.8772
vn 0.4315 -0.0000 -0.9021
vn 0.3817 -0.0000 -0.9243
vn 0.3308 -0.0000 -0.9437
vn 0.2790 -0.0000 -0.9603
vn 0.2264 -0.0000 -0.9740
vn 0.1730 -0.0000 -0.9849
vn 0.1191 -0.0000 -0.9929
vn 0.0647 -0.0000 -0.9979
vn 0.0099 -0.0000 -1.0000
vn -0.0450 -0.0000 -0.9990
vn -0.0998 -0.0000 -0.9950
vn -0.1542 -0.0000 -0.9880
vn -0.2079 -0.0000 -0.9781
vn -0.2609 -0.0000 -0.9654
vn -0.3130 -0.0000 -0.9497
vn -0.3642 -0.0000 -0.9313
vn -0.4143 -0.0000 -0.9101
vn -0.4632 -0.0000 -0.8862
vn -0.5108 -0.0000 -0.8597
vn -0.5570 -0.0000 -0.8305
vn -0.6017 -0.0000 -0.7987
vn -0.6449 -0.0000 -0.7643
vn -0.6861 -0.0000 -0.7275
vn -0.7251 -0.0000 -0.6887
vn -0.7617 -0.0000 -0.6479
vn -0.7960 -0.0000 -0.6053
vn -0.8279 -0.0000 -0.5609
vn -0.8572 -0.0000 -0.5149
vn -0.8840 -0.0000 -0.4674
vn -0.9082 -0.0000 -0.4185
vn -0.9298 -0.0000 -0.3682
vn -0.9485 -0.0000 -0.3167
vn -0.9645 -0.0000 -0.2641
vn -0.9776 -0.0000 -0.2105
vn -0.9877 -0.0000 -0.1563
vn -0.9948 -0.0000 -0.1018
vn -0.9989 -0.0000 -0.0472
vn -1.0000 -0.0000 0.0075
vn -0.9981 -0.0000 0.0621
vn -0.9932 -0.0000 0.1164
vn -0.9854 -0.0000 0.1704
vn -0.9746 -0.0000 0.2240
vn -0.9609 -0.0000 0.2769
vn -0.9443 -0.0000 0.3292
vn -0.9248 -0.0000 0.3806
vn -0.9120 -0.0000 0.4102
vn -0.9201 -0.0000 0.3917
vn -0.9385 -0.0000 0.3454
vn -0.9545 -0.0000 0.2983
vn -0.9681 -0.0000 0.2506
vn -0.9793 -0.0000 0.2023
vn -0.9881 -0.0000 0.1536
vn -0.9945 -0.0000 0.1045
vn -0.9985 -0.0000 0.0551
vn -1.0000 -0.0000 0.0055
vn -0.9990 -0.0000 -0.0442
vn -0.9956 -0.0000 -0.0939
vn -0.9897 -0.0000 -0.1435
vn -0.9813 -0.0000 -0.1927
vn -0.9704 -0.0000 -0.2413
vn -0.9572 -0.0000 -0.2893
vn -0.9417 -0.0000 -0.3364
vn -0.9239 -0.0000 -0.3826
vn -0.9038 -0.0000 -0.4279
vn -0.8815 -0.0000 -0.4721
vn -0.8571 -0.0000 -0.5152
vn -0.8305 -0.0000 -0.5571
vn -0.8018 -0.0000 -0.5977
vn -0.7710 -0.0000 -0.6369
vn -0.7389 -0.0000 -0.6739
vn -0.7051 -0.0000 -0.7091
vn -0.6690 -0.0000 -0.7432
vn -0.6314 -0.0000 -0.7755
vn -0.5923 -0.0000 -0.8057
vn -0.5517 -0.0000 -0.8340
vn -0.5099 -0.0000 -0.8602
vn -0.4668 -0.0000 -0.8843
vn -0.4226 -0.0000 -0.9063
vn -0.3773 -0.0000 -0.9261
vn -0.3310 -0.0000 -0.9436
vn -0.2837 -0.0000 -0.9589
vn -0.2356 -0.0000 -0.9718
vn -0.1870 -0.0000 -0.9824
vn -0.1379 -0.0000 -0.9904
vn -0.0887 -0.0000 -0.9961
vn -0.0394 -0.0000 -0.9992
vn 0.0100 -0.0000 -0.9999
vn 0.0593 -0.0000 -0.9982
vn 0.1086 -0.0000 -0.9941
vn 0.1576 -0.0000 -0.9875
vn 0.2062 -0.0000 -0.9785
vn 0.2544 -0.0000 -0.9671
vn 0.3021 -0.0000 -0.9533
vn 0.3217 -0.0000 -0.9468
vn 0.2916 -0.0000 -0.9565
vn 0.2387 -0.0000 -0.9711
vn 0.1853 -0.0000 -0.9827
vn 0.1315 -0.0000 -0.9913
vn 0.0774 -0.0000 -0.9970
vn 0.0230 -0.0000 -0.9997
vn -0.0313 -0.0000 -0.9995
vn -0.0857 -0.0000 -0.9963
vn -0.1399 -0.0000 -0.9902
vn -0.1937 -0.0000 -0.9811
vn -0.2472 -0.0000 -0.9690
vn -0.3000 -0.0000 -0.9539
vn -0.3520 -0.0000 -0.9360
vn -0.4027 -0.0000 -0.9153
vn -0.4521 -0.0000 -0.8920
vn -0.5001 -0.0000 -0.8660
vn -0.5464 -0.0000 -0.8375
vn -0.5912 -0.0000 -0.8066
vn -0.6341 -0.0000 -0.7732
vn -0.6753 -0.0000 -0.7376
vn -0.7145 -0.0000 -0.6997
vn -0.7516 -0.0000 -0.6596
vn -0.7866 -0.0000 -0.6174
vn -0.8193 -0.0000 -0.5733
vn -0.8496 -0.0000 -0.5274
vn -0.8772 -0.0000 -0.4801
vn -0.9021 -0.0000 -0.4315
vn -0.9243 -0.0000 -0.3817
vn -0.9437 -0.0000 -0.3308
vn -0.9603 -0.0000 -0.2790
vn -0.9740 -0.0000 -0.2264
vn -0.9849 -0.0000 -0.1730
vn -0.9929 -0.0000 -0.1191
vn -0.9979 -0.0000 -0.0647
vn -1.0000 -0.0000 -0.0099
vn -0.9990 -0.0000 0.0450
vn -0.9950 -0.0000 0.0998
vn -0.9880 -0.0000 0.1542
vn -0.9781 -0.0000 0.2079
vn -0.9654 -0.0000 0.2609
vn -0.9497 -0.0000 0.3130
vn -0.9313 -0.0000 0.3642
vn -0.9101 -0.0000 0.4143
vn -0.8862 -0.0000 0.4632
vn -0.8597 -0.0000 0.5108
vn -0.8305 -0.0000 0.5570
vn -0.7987 -0.0000 0.6017
vn -0.7643 -0.0000 0.6449
vn -0.7275 -0.0000 0.6861
vn -0.6887 -0.0000 0.7251
vn -0.6479 -0.0000 0.7617
vn -0.6053 -0.0000 0.7960
vn -0.5609 -0.0000 0.8279
vn -0.5149 -0.0000 0.8572
vn -0.4674 -0.0000 0.8840
vn -0.4185 -0.0000 0.9082
vn -0.3682 -0.0000 0.9298
vn -0.3167 -0.0000 0.9485
vn -0.2641 -0.0000 0.9645
vn -0.2105 -0.0000 0.9776
vn -0.1563 -0.0000 0.9877
vn -0.1018 -0.0000 0.9948
vn -0.0472 -0.0000 0.9989
vn 0.0075 -0.0000 1.0000
vn 0.0621 -0.0000 0.9981
vn 0.1164 -0.0000 0.9932
vn 0.1704 -0.0000 0.9854
vn 0.2240 -0.0000 0.9746
vn 0.2769 -0.0000 0.9609
vn 0.3292 -0.0000 0.9443
vn 0.3806 -0.0000 0.9248
vn 0.4102 -0.0000 0.9120
vn 0.3917 -0.0000 0.9201
vn 0.3454 -0.0000 0.9385
vn 0.2983 -0.0000 0.9545
vn 0.2506 -0.0000 0.9681
vn 0.2023 -0.0000 0.9793
vn 0.1536 -0.0000 0.9881
vn 0.1045 -0.0000 0.9945
vn 0.0551 -0.0000 0.9985
vn 0.0055 -0.0000 1.0000
vn -0.0442 -0.0000 0.9990
vn -0.0939 -0.0000 0.9956
vn -0.1435 -0.0000 0.9897
vn -0.1927 -0.0000 0.9813
vn -0.2413 -0.0000 0.9704
vn -0.2893 -0.0000 0.9572
vn -0.3364 -0.0000 0.9417
vn -0.3826 -0.0000 0.9239
vn -0.4279 -0.0000 0.9038
vn -0.4721 -0.0000 0.8815
vn -0.5152 -0.0000 0.8571
vn -0.5571 -0.0000 0.8305
vn -0.5977 -0.0000 0.8018
vn -0.6369 -0.0000 0.7710
vn -0.6739 -0.0000 0.7389
vn -0.7091 -0.0000 0.7051
vn -0.7432 -0.0000 0.6690
vn -0.7755 -0.0000 0.6314
vn -0.8057 -0.0000 0.5923
vn -0.8340 -0.0000 0.5517
vn -0.8602 -0.0000 0.5099
vn -0.8843 -0.0000 0.4668
vn -0.9063 -0.0000 0.4226
vn -0.9261 -0.0000 0.3773
vn -0.9436 -0.0000 0.3310
vn -0.9589 -0.0000 0.2837
vn -0.9718 -0.0000 0.2356
vn -0.9824 -0.0000 0.1869
vn -0.9904 -0.0000 0.1379
vn -0.9961 -0.0000 0.0887
vn -0.9992 -0.0000 0.0394
vn -1.0000 -0.0000 -0.0100
vn -0.9982 -0.0000 -0.0593
vn -0.9941 -0.0000 -0.1086
vn -0.9875 -0.0000 -0.1576
vn -0.9785 -0.0000 -0.2062
vn -0.9671 -0.0000 -0.2544
vn -0.9533 -0.0000 -0.3021
vn -0.9468 -0.0000 -0.3217
vn -0.9565 -0.0000 -0.2916
vn -0.9711 -0.0000 -0.2387
vn -0.9827 -0.0000 -0.1853
vn -0.9913 -0.0000 -0.1315
vn -0.9970 -0.0000 -0.0774
vn -0.9997 -0.0000 -0.0230
vn -0.9995 -0.0000 0.0313
vn -0.9963 -0.0000 0.0857
vn -0.9902 -0.0000 0.1399
vn -0.9811 -0.0000 0.1937
vn -0.9690 -0.0000 0.2472
vn -0.9539 -0.0000 0.3000
vn -0.9360 -0.0000 0.3520
vn -0.9153 -0.0000 0.4027
vn -0.8920 -0.0000 0.4521
vn -0.8660 -0.0000 0.5001
vn -0.8375 -0.0000 0.5464
vn -0.8066 -0.0000 0.5912
vn -0.7732 -0.0000 0.6341
vn -0.7376 -0.0000 0.6753
vn -0.6997 -0.0000 0.7145
vn -0.6596 -0.0000 0.7516
vn -0.6174 -0.0000 0.7866
vn -0.5733 -0.0000 0.8193
vn -0.5274 -0.0000 0.8496
vn -0.4801 -0.0000 0.8772
vn -0.4315 -0.0000 0.9021
vn -0.3817 -0.0000 0.9243
vn -0.3308 -0.0000 0.9437
vn -0.2790 -0.0000 0.9603
vn -0.2264 -0.0000 0.9740
vn -0.1730 -0.0000 0.9849
vn -0.1191 -0.0000 0.9929
vn -0.0647 -0.0000 0.9979
vn -0.0099 -0.0000 1.0000
vn 0.0450 -0.0000 0.9990
vn 0.0998 -0.0000 0.9950
vn 0.1542 -0.0000 0.9880
vn 0.2079 -0.0000 0.9781
vn 0.2609 -0.0000 0.9654
vn 0.3130 -0.0000 0.9497
vn 0.3642 -0.0000 0.9313
vn 0.4143 -0.0000 0.9101
vn 0.4632 -0.0000 0.8862
vn 0.5108 -0.0000 0.8597
vn 0.5570 -0.0000 0.8305
vn 0.6017 -0.0000 0.7987
vn 0.6449 -0.0000 0.7643
vn 0.6861 -0.0000 0.7275
vn 0.7251 -0.0000 0.6887
vn 0.7617 -0.0000 0.6479
vn 0.7960 -0.0000 0.6053
vn 0.8279 -0.0000 0.5609
vn 0.8572 -0.0000 0.5149
vn 0.8840 -0.0000 0.4674
vn 0.9082 -0.0000 0.4185
vn 0.9298 -0.0000 0.3682
vn 0.9485 -0.0000 0.3167
vn 0.9645 -0.0000 0.2641
vn 0.9776 -0.0000 0.2105
vn 0.9877 -0.0000 0.1563
vn 0.9948 -0.0000 0.1018
vn 0.9989 -0.0000 0.0472
vn 1.0000 -0.0000 -0.0075
vn 0.9981 -0.0000 -0.0621
vn 0.9932 -0.0000 -0.1164
vn 0.9854 -0.0000 -0.1704
vn 0.9746 -0.0000 -0.2240
vn 0.9609 -0.0000 -0.2769
vn 0.9443 -0.0000 -0.3292
vn 0.9248 -0.0000 -0.3806
vn 0.9120 -0.0000 -0.4102
vn 0.9201 -0.0000 -0.3917
vn 0.9385 -0.0000 -0.3454
vn 0.9545 -0.0000 -0.2983
vn 0.9681 -0.0000 -0.2506
vn 0.9793 -0.0000 -0.2023
vn 0.9881 -0.0000 -0.1536
vn 0.9945 -0.0000 -0.1045
vn 0.9985 -0.0000 -0.0551
vn 1.0000 -0.0000 -0.0055
vn 0.9990 -0.0000 0.0442
vn 0.9956 -0.0000 0.0939
vn 0.9897 -0.0000 0.1435
vn 0.9813 -0.0000 0.1927
vn 0.9704 -0.0000 0.2413
vn 0.9572 -0.0000 0.2893
vn 0.9417 -0.0000 0.3364
vn 0.9239 -0.0000 0.3826
vn 0.9038 -0.0000 0.4279
vn 0.8815 -0.0000 0.4721
vn 0.8571 -0.0000 0.5152
vn 0.8305 -0.0000 0.5571
vn 0.8018 -0.0000 0.5977
vn 0.7710 -0.0000 0.6369
vn 0.7389 -0.0000 0.6739
vn 0.7051 -0.0000 0.7091
vn 0.6690 -0.0000 0.7432
vn 0.6314 -0.0000 0.7755
vn 0.5923 -0.0000 0.8057
vn 0.5517 -0.0000 0.8340
vn 0.5099 -0.0000 0.8602
vn 0.4668 -0.0000 0.8843
vn 0.4226 -0.0000 0.9063
vn 0.3773 -0.0000 0.9261
vn 0.3310 -0.0000 0.9436
vn 0.2837 -0.0000 0.9589
vn 0.2356 -0.0000 0.9718
vn 0.1870 -0.0000 0.9824
vn 0.1379 -0.0000 0.9904
vn 0.0887 -0.0000 0.9961
vn 0.0394 -0.0000 0.9992
vn -0.0100 -0.0000 0.9999
vn -0.0593 -0.0000 0.9982
vn -0.1086 -0.0000 0.9941
vn -0.1576 -0.0000 0.9875
vn -0.2062 -0.0000 0.9785
vn -0.2544 -0.0000 0.9671
vn -0.3021 -0.0000 0.9533
vn -0.3217 -0.0000 0.9468
vn -0.2916 -0.0000 0.9565
vn -0.2387 -0.0000 0.9711
vn -0.1853 -0.0000 0.9827
vn -0.1315 -0.0000 0.9913
vn -0.0774 -0.0000 0.9970
vn -0.0230 -0.0000 0.9997
vn 0.0313 -0.0000 0.9995
vn 0.0857 -0.0000 0.9963
vn 0.1399 -0.0000 0.9902
vn 0.1937 -0.0000 0.9811
vn 0.2472 -0.0000 0.9690
vn 0.3000 -0.0000 0.9539
vn 0.3520 -0.0000 0.9360
vn 0.4027 -0.0000 0.9153
vn 0.4521 -0.0000 0.8920
vn 0.5001 -0.0000 0.8660
vn 0.5464 -0.0000 0.8375
vn 0.5912 -0.0000 0.8066
vn 0.6341 -0.0000 0.7732
vn 0.6753 -0.0000 0.7376
vn 0.7145 -0.0000 0.6997
vn 0.7516 -0.0000 0.6596
vn 0.7866 -0.0000 0.6174
vn 0.8193 -0.0000 0.5733
vn 0.8496 -0.0000 0.5274
vn 0.8772 -0.0000 0.4801
vn 0.9021 -0.0000 0.4315
vn 0.9243 -0.0000 0.3817
vn 0.9437 -0.0000 0.3308
vn 0.9603 -0.0000 0.2790
vn 0.9740 -0.0000 0.2264
vn 0.9849 -0.0000 0.1730
vn 0.9929 -0.0000 0.1191
vn 0.9979 -0.0000 0.0647
vn 1.0000 -0.0000 0.0099
vn 0.9990 -0.0000 -0.0450
vn 0.9950 -0.0000 -0.0998
vn 0.9880 -0.0000 -0.1542
vn 0.9781 -0.0000 -0.2079
vn 0.9654 -0.0000 -0.2609
vn 0.9497 -0.0000 -0.3130
vn 0.9313 -0.0000 -0.3642
vn 0.9101 -0.0000 -0.4143
vn 0.8862 -0.0000 -0.4632
vn 0.8597 -0.0000 -0.5108
vn 0.8305 -0.0000 -0.5570
vn 0.7987 -0.0000 -0.6017
vn 0.9824 -0.0000 -0.1870
vn -0.9824 -0.0000 0.1870
vn -0.9999 -0.0000 -0.0100
vn 0.7584 0.1297 -0.6387
vn 0.7222 0.1268 -0.6799
vn 0.6841 0.1238 -0.7188
vn 0.6440 0.1206 -0.7555
vn 0.6020 0.1172 -0.7899
vn 0.5582 0.1137 -0.8218
vn 0.5128 0.1100 -0.8514
vn 0.4659 0.1061 -0.8785
vn 0.4175 0.1021 -0.9029
vn 0.3677 0.0979 -0.9248
vn 0.3166 0.0937 -0.9439
vn 0.2644 0.0893 -0.9603
vn 0.2112 0.0847 -0.9738
vn 0.1573 0.0801 -0.9843
vn 0.1030 0.0755 -0.9918
vn 0.0485 0.0708 -0.9963
vn -0.0060 0.0661 -0.9978
vn -0.0605 0.0613 -0.9963
vn -0.1148 0.0565 -0.9918
vn -0.1687 0.0518 -0.9843
vn -0.2223 0.0471 -0.9738
vn -0.2753 0.0423 -0.9604
vn -0.3276 0.0377 -0.9441
vn -0.3790 0.0331 -0.9248
vn -0.4098 0.0302 -0.9117
vn -0.3926 0.0316 -0.9192
vn -0.3463 0.0355 -0.9375
vn -0.2992 0.0394 -0.9534
vn -0.2514 0.0431 -0.9669
vn -0.2032 0.0467 -0.9780
vn -0.1545 0.0501 -0.9867
vn -0.1054 0.0534 -0.9930
vn -0.0560 0.0566 -0.9968
vn -0.0064 0.0596 -0.9982
vn 0.0432 0.0625 -0.9971
vn 0.0929 0.0652 -0.9935
vn 0.1424 0.0677 -0.9875
vn 0.1915 0.0701 -0.9790
vn 0.2401 0.0722 -0.9681
vn 0.2879 0.0742 -0.9548
vn 0.3349 0.0759 -0.9392
vn 0.3810 0.0775 -0.9213
vn 0.4262 0.0788 -0.9012
vn 0.4703 0.0800 -0.8789
vn 0.5133 0.0809 -0.8544
vn 0.5551 0.0817 -0.8278
vn 0.5955 0.0822 -0.7991
vn 0.6347 0.0825 -0.7684
vn 0.6716 0.0826 -0.7363
vn 0.7067 0.0825 -0.7027
vn 0.7408 0.0822 -0.6667
vn 0.7730 0.0816 -0.6291
vn 0.8033 0.0809 -0.5901
vn 0.8315 0.0799 -0.5497
vn 0.8578 0.0788 -0.5080
vn 0.8819 0.0774 -0.4650
vn 0.9039 0.0759 -0.4209
vn 0.9238 0.0741 -0.3757
vn 0.9414 0.0722 -0.3295
vn 0.9568 0.0700 -0.2823
vn 0.9698 0.0677 -0.2343
vn 0.9804 0.0652 -0.1857
vn 0.9886 0.0625 -0.1368
vn 0.9944 0.0596 -0.0876
vn 0.9977 0.0566 -0.0383
vn 0.9985 0.0535 0.0110
vn 0.9969 0.0502 0.0603
vn 0.9929 0.0467 0.1095
vn 0.9864 0.0431 0.1586
vn 0.9775 0.0394 0.2072
vn 0.9662 0.0356 0.2554
vn 0.9524 0.0317 0.3031
vn 0.9465 0.0302 0.3214
vn 0.9564 0.0331 0.2900
vn 0.9707 0.0377 0.2372
vn 0.9821 0.0423 0.1837
vn 0.9904 0.0470 0.1299
vn 0.9958 0.0517 0.0758
vn 0.9982 0.0565 0.0215
vn 0.9976 0.0612 -0.0328
vn 0.9940 0.0660 -0.0870
vn 0.9875 0.0707 -0.1410
vn 0.9780 0.0754 -0.1946
vn 0.9655 0.0800 -0.2478
vn 0.9501 0.0846 -0.3003
vn 0.9318 0.0891 -0.3519
vn 0.9108 0.0935 -0.4022
vn 0.8871 0.0978 -0.4511
vn 0.8608 0.1019 -0.4986
vn 0.8321 0.1059 -0.5444
vn 0.8010 0.1098 -0.5886
vn 0.7675 0.1135 -0.6309
vn 0.7317 0.1170 -0.6715
vn 0.6938 0.1204 -0.7100
vn 0.6538 0.1236 -0.7465
vn 0.6117 0.1266 -0.7809
vn 0.5677 0.1295 -0.8130
vn 0.5221 0.1321 -0.8426
vn 0.4751 0.1345 -0.8696
vn 0.4268 0.1367 -0.8940
vn 0.3774 0.1387 -0.9156
vn 0.3270 0.1404 -0.9345
vn 0.2757 0.1420 -0.9507
vn 0.2237 0.1433 -0.9641
vn 0.1709 0.1443 -0.9747
vn 0.1176 0.1452 -0.9824
vn 0.0638 0.1458 -0.9873
vn 0.0097 0.1461 -0.9892
vn -0.0445 0.1463 -0.9882
vn -0.0986 0.1462 -0.9843
vn -0.1524 0.1458 -0.9775
vn -0.2055 0.1452 -0.9678
vn -0.2579 0.1444 -0.9553
vn -0.3095 0.1434 -0.9400
vn -0.3601 0.1421 -0.9220
vn -0.4097 0.1406 -0.9013
vn -0.4582 0.1389 -0.8779
vn -0.5055 0.1369 -0.8519
vn -0.5514 0.1347 -0.8233
vn -0.5958 0.1323 -0.7922
vn -0.6387 0.1297 -0.7584
vn -0.6799 0.1268 -0.7222
vn -0.7188 0.1238 -0.6841
vn -0.7555 0.1206 -0.6440
vn -0.7899 0.1172 -0.6020
vn -0.8218 0.1137 -0.5582
vn -0.8514 0.1100 -0.5129
vn -0.8785 0.1061 -0.4659
vn -0.9029 0.1021 -0.4174
vn -0.9248 0.0979 -0.3677
vn -0.9439 0.0937 -0.3166
vn -0.9603 0.0893 -0.2644
vn -0.9738 0.0847 -0.2112
vn -0.9843 0.0801 -0.1573
vn -0.9918 0.0755 -0.1030
vn -0.9963 0.0708 -0.0485
vn -0.9978 0.0661 0.0060
vn -0.9963 0.0613 0.0605
vn -0.9918 0.0565 0.1148
vn -0.9843 0.0518 0.1687
vn -0.9738 0.0471 0.2223
vn -0.9604 0.0423 0.2753
vn -0.9441 0.0377 0.3276
vn -0.9248 0.0331 0.3790
vn -0.9117 0.0302 0.4098
vn -0.9192 0.0316 0.3926
vn -0.9375 0.0355 0.3463
vn -0.9534 0.0394 0.2992
vn -0.9669 0.0431 0.2514
vn -0.9780 0.0467 0.2032
vn -0.9867 0.0501 0.1545
vn -0.9930 0.0534 0.1054
vn -0.9968 0.0566 0.0560
vn -0.9982 0.0596 0.0064
vn -0.9971 0.0625 -0.0432
vn -0.9935 0.0652 -0.0929
vn -0.9875 0.0677 -0.1424
vn -0.9790 0.0701 -0.1915
vn -0.9681 0.0722 -0.2401
vn -0.9548 0.0742 -0.2879
vn -0.9392 0.0759 -0.3349
vn -0.9213 0.0775 -0.3810
vn -0.9012 0.0788 -0.4262
vn -0.8789 0.0800 -0.4703
vn -0.8544 0.0809 -0.5133
vn -0.8278 0.0817 -0.5551
vn -0.7991 0.0822 -0.5955
vn -0.7684 0.0825 -0.6347
vn -0.7363 0.0826 -0.6716
vn -0.7027 0.0825 -0.7067
vn -0.6667 0.0822 -0.7408
vn -0.6291 0.0816 -0.7730
vn -0.5901 0.0809 -0.8033
vn -0.5497 0.0799 -0.8315
vn -0.5080 0.0788 -0.8578
vn -0.4650 0.0774 -0.8819
vn -0.4209 0.0759 -0.9039
vn -0.3757 0.0741 -0.9238
vn -0.3295 0.0722 -0.9414
vn -0.2823 0.0700 -0.9568
vn -0.2343 0.0677 -0.9698
vn -0.1857 0.0652 -0.9804
vn -0.1368 0.0625 -0.9886
vn -0.0876 0.0596 -0.9944
vn -0.0383 0.0566 -0.9977
vn 0.0110 0.0535 -0.9985
vn 0.0603 0.0502 -0.9969
vn 0.1096 0.0467 -0.9929
vn 0.1586 0.0431 -0.9864
vn 0.2072 0.0394 -0.9775
vn 0.2554 0.0356 -0.9662
vn 0.3031 0.0317 -0.9524
vn 0.3214 0.0302 -0.9465
vn 0.2900 0.0331 -0.9564
vn 0.2372 0.0377 -0.9707
vn 0.1837 0.0423 -0.9821
vn 0.1299 0.0470 -0.9904
vn 0.0758 0.0517 -0.9958
vn 0.0215 0.0565 -0.9982
vn -0.0328 0.0612 -0.9976
vn -0.0870 0.0660 -0.9940
vn -0.1410 0.0707 -0.9875
vn -0.1946 0.0754 -0.9780
vn -0.2478 0.0800 -0.9655
vn -0.3003 0.0846 -0.9501
vn -0.3519 0.0891 -0.9318
vn -0.4022 0.0935 -0.9108
vn -0.4511 0.0978 -0.8871
vn -0.4986 0.1019 -0.8608
vn -0.5444 0.1059 -0.8321
vn -0.5886 0.1098 -0.8010
vn -0.6309 0.1135 -0.7675
vn -0.6715 0.1170 -0.7317
vn -0.7100 0.1204 -0.6938
vn -0.7465 0.1236 -0.6538
vn -0.7809 0.1266 -0.6117
vn -0.8130 0.1295 -0.5677
vn -0.8426 0.1321 -0.5221
vn -0.8696 0.1345 -0.4751
vn -0.8940 0.1367 -0.4268
vn -0.9156 0.1387 -0.3774
vn -0.9345 0.1404 -0.3270
vn -0.9507 0.1420 -0.2757
vn -0.9641 0.1433 -0.2237
vn -0.9747 0.1443 -0.1709
vn -0.9824 0.1452 -0.1176
vn -0.9873 0.1458 -0.0638
vn -0.9892 0.1461 -0.0097
vn -0.9882 0.1463 0.0445
vn -0.9843 0.1462 0.0986
vn -0.9775 0.1458 0.1524
vn -0.9678 0.1452 0.2055
vn -0.9553 0.1444 0.2579
vn -0.9400 0.1434 0.3095
vn -0.9220 0.1421 0.3601
vn -0.9013 0.1406 0.4097
vn -0.8779 0.1389 0.4582
vn -0.8519 0.1369 0.5055
vn -0.8233 0.1347 0.5514
vn -0.7922 0.1323 0.5958
vn -0.7584 0.1297 0.6387
vn -0.7222 0.1268 0.6799
vn -0.6841 0.1238 0.7188
vn -0.6440 0.1206 0.7555
vn -0.6020 0.1172 0.7899
vn -0.5582 0.1137 0.8218
vn -0.5128 0.1100 0.8514
vn -0.4659 0.1061 0.8785
vn -0.4175 0.1021 0.9029
vn -0.3677 0.0979 0.9248
vn -0.3166 0.0937 0.9439
vn -0.2644 0.0893 0.9603
vn -0.2112 0.0847 0.9738
vn -0.1573 0.0801 0.9843
vn -0.1030 0.0755 0.9918
vn -0.0485 0.0708 0.9963
vn 0.0060 0.0661 0.9978
vn 0.0605 0.0613 0.9963
vn 0.1148 0.0565 0.9918
vn 0.1687 0.0518 0.9843
vn 0.2223 0.0471 0.9738
vn 0.2753 0.0423 0.9604
vn 0.3276 0.0377 0.9441
vn 0.3790 0.0331 0.9248
vn 0.4098 0.0302 0.9117
vn 0.3926 0.0316 0.9192
vn 0.3463 0.0355 0.9375
vn 0.2992 0.0394 0.9534
vn 0.2514 0.0431 0.9669
vn 0.2032 0.0467 0.9780
vn 0.1545 0.0501 0.9867
vn 0.1054 0.0534 0.9930
vn 0.0560 0.0566 0.9968
vn 0.0064 0.0596 0.9982
vn -0.0432 0.0625 0.9971
vn -0.0929 0.0652 0.9935
vn -0.1424 0.0677 0.9875
vn -0.1915 0.0701 0.9790
vn -0.2401 0.0722 0.9681
vn -0.2879 0.0742 0.9548
vn -0.3349 0.0759 0.9392
vn -0.3810 0.0775 0.9213
vn -0.4262 0.0788 0.9012
vn -0.4703 0.0800 0.8789
vn -0.5133 0.0809 0.8544
vn -0.5551 0.0817 0.8278
vn -0.5955 0.0822 0.7991
vn -0.6347 0.0825 0.7684
vn -0.6716 0.0826 0.7363
vn -0.7067 0.0825 0.7027
vn -0.7408 0.0822 0.6667
vn -0.7730 0.0816 0.6291
vn -0.8033 0.0809 0.5901
vn -0.8315 0.0799 0.5497
vn -0.8578 0.0788 0.5080
vn -0.8819 0.0774 0.4650
vn -0.9039 0.0759 0.4209
vn -0.9238 0.0741 0.3757
vn -0.9414 0.0722 0.3295
vn -0.9568 0.0700 0.2823
vn -0.9698 0.0677 0.2343
vn -0.9804 0.0652 0.1857
vn -0.9886 0.0625 0.1368
vn -0.9944 0.0596 0.0876
vn -0.9977 0.0566 0.0383
vn -0.9985 0.0535 -0.0110
vn -0.9969 0.0502 -0.0603
vn -0.9929 0.0467 -0.1095
vn -0.9864 0.0431 -0.1586
vn -0.9775 0.0394 -0.2072
vn -0.9662 0.0356 -0.2554
vn -0.9524 0.0317 -0.3031
vn -0.9465 0.0302 -0.3214
vn -0.9564 0.0331 -0.2900
vn -0.9707 0.0377 -0.2372
vn -0.9821 0.0423 -0.1837
vn -0.9904 0.0470 -0.1299
vn -0.9958 0.0517 -0.0758
vn -0.9982 0.0565 -0.0215
vn -0.9976 0.0612 0.0328
vn -0.9940 0.0660 0.0870
vn -0.9875 0.0707 0.1410
vn -0.9780 0.0754 0.1946
vn -0.9655 0.0800 0.2478
vn -0.9501 0.0846 0.3003
vn -0.9318 0.0891 0.3519
vn -0.9108 0.0935 0.4022
vn -0.8871 0.0978 0.4511
vn -0.8608 0.1019 0.4986
vn -0.8321 0.1059 0.5444
vn -0.8010 0.1098 0.5886
vn -0.7675 0.1135 0.6309
vn -0.7317 0.1170 0.6715
vn -0.6938 0.1204 0.7100
vn -0.6538 0.1236 0.7465
vn -0.6117 0.1266 0.7809
vn -0.5677 0.1295 0.8130
vn -0.5221 0.1321 0.8426
vn -0.4751 0.1345 0.8696
vn -0.4268 0.1367 0.8940
vn -0.3774 0.1387 0.9156
vn -0.3270 0.1404 0.9345
vn -0.2757 0.1420 0.9507
vn -0.2237 0.1433 0.9641
vn -0.1709 0.1443 0.9747
vn -0.1176 0.1452 0.9824
vn -0.0638 0.1458 0.9873
vn -0.0097 0.1461 0.9892
vn 0.0445 0.1463 0.9882
vn 0.0986 0.1462 0.9843
vn 0.1524 0.1458 0.9775
vn 0.2055 0.1452 0.9678
vn 0.2579 0.1444 0.9553
vn 0.3095 0.1434 0.9400
vn 0.3601 0.1421 0.9220
vn 0.4097 0.1406 0.9013
vn 0.4582 0.1389 0.8779
vn 0.5055 0.1369 0.8519
vn 0.5514 0.1347 0.8233
vn 0.5958 0.1323 0.7922
vn 0.6387 0.1297 0.7584
vn 0.6799 0.1268 0.7222
vn 0.7188 0.1238 0.6841
vn 0.7555 0.1206 0.6440
vn 0.7899 0.1172 0.6020
vn 0.8218 0.1137 0.5582
vn 0.8514 0.1100 0.5129
vn 0.8785 0.1061 0.4659
vn 0.9029 0.1021 0.4174
vn 0.9248 0.0979 0.3677
vn 0.9439 0.0937 0.3166
vn 0.9603 0.0893 0.2644
vn 0.9738 0.0847 0.2112
vn 0.9843 0.0801 0.1573
vn 0.9918 0.0755 0.1030
vn 0.9963 0.0708 0.0485
vn 0.9978 0.0661 -0.0060
vn 0.9963 0.0613 -0.0605
vn 0.9918 0.0565 -0.1148
vn 0.9843 0.0518 -0.1687
vn 0.9738 0.0471 -0.2223
vn 0.9604 0.0423 -0.2753
vn 0.9441 0.0377 -0.3276
vn 0.9248 0.0331 -0.3790
vn 0.9117 0.0302 -0.4098
vn 0.9192 0.0316 -0.3926
vn 0.9375 0.0355 -0.3463
vn 0.9534 0.0394 -0.2992
vn 0.9669 0.0431 -0.2514
vn 0.9780 0.0467 -0.2032
vn 0.9867 0.0501 -0.1545
vn 0.9930 0.0534 -0.1054
vn 0.9968 0.0566 -0.0560
vn 0.9982 0.0596 -0.0064
vn 0.9971 0.0625 0.0432
vn 0.9935 0.0652 0.0929
vn 0.9875 0.0677 0.1424
vn 0.9790 0.0701 0.1915
vn 0.9681 0.0722 0.2401
vn 0.9548 0.0742 0.2879
vn 0.9392 0.0759 0.3349
vn 0.9213 0.0775 0.3810
vn 0.9012 0.0788 0.4262
vn 0.8789 0.0800 0.4703
vn 0.8544 0.0809 0.5133
vn 0.8278 0.0817 0.5551
vn 0.7991 0.0822 0.5955
vn 0.7684 0.0825 0.6347
vn 0.7363 0.0826 0.6716
vn 0.7027 0.0825 0.7067
vn 0.6667 0.0822 0.7408
vn 0.6291 0.0816 0.7730
vn 0.5901 0.0809 0.8033
vn 0.5497 0.0799 0.8315
vn 0.5080 0.0788 0.8578
vn 0.4650 0.0774 0.8819
vn 0.4209 0.0759 0.9039
vn 0.3757 0.0741 0.9238
vn 0.3295 0.0722 0.9414
vn 0.2823 0.0700 0.9568
vn 0.2343 0.0677 0.9698
vn 0.1857 0.0652 0.9804
vn 0.1368 0.0625 0.9886
vn 0.0876 0.0596 0.9944
vn 0.0383 0.0566 0.9977
vn -0.0110 0.0535 0.9985
vn -0.0603 0.0502 0.9969
vn -0.1096 0.0467 0.9929
vn -0.1586 0.0431 0.9864
vn -0.2072 0.0394 0.9775
vn -0.2554 0.0356 0.9662
vn -0.3031 0.0317 0.9524
vn -0.3214 0.0302 0.9465
vn -0.2900 0.0331 0.9564
vn -0.2372 0.0377 0.9707
vn -0.1837 0.0423 0.9821
vn -0.1299 0.0470 0.9904
vn -0.0758 0.0517 0.9958
vn -0.0215 0.0565 0.9982
vn 0.0328 0.0612 0.9976
vn 0.0870 0.0660 0.9940
vn 0.1410 0.0707 0.9875
vn 0.1946 0.0754 0.9780
vn 0.2478 0.0800 0.9655
vn 0.3003 0.0846 0.9501
vn 0.3519 0.0891 0.9318
vn 0.4022 0.0935 0.9108
vn 0.4511 0.0978 0.8871
vn 0.4986 0.1019 0.8608
vn 0.5444 0.1059 0.8321
vn 0.5886 0.1098 0.8010
vn 0.6309 0.1135 0.7675
vn 0.6715 0.1170 0.7317
vn 0.7100 0.1204 0.6938
vn 0.7465 0.1236 0.6538
vn 0.7809 0.1266 0.6117
vn 0.8130 0.1295 0.5677
vn 0.8426 0.1321 0.5221
vn 0.8696 0.1345 0.4751
vn 0.8940 0.1367 0.4268
vn 0.9156 0.1387 0.3774
vn 0.9345 0.1404 0.3270
vn 0.9507 0.1420 0.2757
vn 0.9641 0.1433 0.2237
vn 0.9747 0.1443 0.1709
vn 0.9824 0.1452 0.1176
vn 0.9873 0.1458 0.0638
vn 0.9892 0.1461 0.0097
vn 0.9882 0.1463 -0.0445
vn 0.9843 0.1462 -0.0986
vn 0.9775 0.1458 -0.1524
vn 0.9678 0.1452 -0.2055
vn 0.9553 0.1444 -0.2579
vn 0.9400 0.1434 -0.3095
vn 0.9220 0.1421 -0.3601
vn 0.9013 0.1406 -0.4097
vn 0.8779 0.1389 -0.4582
vn 0.8519 0.1369 -0.5055
vn 0.8233 0.1347 -0.5514
vn 0.7922 0.1323 -0.5958
vn 0.6929 0.4235 -0.5836
vn 0.6621 0.4159 -0.6234
vn 0.6294 0.4078 -0.6614
vn 0.5948 0.3991 -0.6978
vn 0.5582 0.3898 -0.7324
vn 0.5198 0.3798 -0.7652
vn 0.4795 0.3693 -0.7960
vn 0.4375 0.3582 -0.8248
vn 0.3937 0.3465 -0.8514
vn 0.3483 0.3343 -0.8758
vn 0.3013 0.3214 -0.8977
vn 0.2527 0.3080 -0.9172
vn 0.2028 0.2940 -0.9340
vn 0.1518 0.2795 -0.9481
vn 0.1000 0.2646 -0.9592
vn 0.0475 0.2494 -0.9672
vn -0.0054 0.2339 -0.9723
vn -0.0587 0.2180 -0.9742
vn -0.1121 0.2020 -0.9729
vn -0.1655 0.1858 -0.9686
vn -0.2188 0.1695 -0.9610
vn -0.2717 0.1530 -0.9501
vn -0.3241 0.1366 -0.9361
vn -0.3759 0.1202 -0.9188
vn -0.4074 0.1097 -0.9066
vn -0.3908 0.1142 -0.9133
vn -0.3442 0.1283 -0.9301
vn -0.2969 0.1419 -0.9443
vn -0.2492 0.1550 -0.9560
vn -0.2010 0.1676 -0.9651
vn -0.1526 0.1796 -0.9718
vn -0.1041 0.1910 -0.9761
vn -0.0554 0.2019 -0.9778
vn -0.0067 0.2121 -0.9772
vn 0.0419 0.2218 -0.9742
vn 0.0902 0.2308 -0.9688
vn 0.1383 0.2392 -0.9611
vn 0.1858 0.2470 -0.9511
vn 0.2325 0.2540 -0.9388
vn 0.2785 0.2604 -0.9245
vn 0.3236 0.2661 -0.9080
vn 0.3677 0.2711 -0.8896
vn 0.4108 0.2754 -0.8691
vn 0.4530 0.2791 -0.8467
vn 0.4940 0.2821 -0.8224
vn 0.5338 0.2845 -0.7963
vn 0.5725 0.2861 -0.7683
vn 0.6100 0.2871 -0.7385
vn 0.6454 0.2874 -0.7077
vn 0.6793 0.2871 -0.6754
vn 0.7123 0.2861 -0.6409
vn 0.7436 0.2844 -0.6051
vn 0.7733 0.2820 -0.5679
vn 0.8011 0.2790 -0.5295
vn 0.8273 0.2753 -0.4897
vn 0.8515 0.2710 -0.4488
vn 0.8740 0.2660 -0.4067
vn 0.8945 0.2603 -0.3635
vn 0.9130 0.2539 -0.3193
vn 0.9295 0.2469 -0.2740
vn 0.9439 0.2391 -0.2278
vn 0.9561 0.2308 -0.1808
vn 0.9660 0.2217 -0.1333
vn 0.9735 0.2121 -0.0853
vn 0.9787 0.2019 -0.0371
vn 0.9815 0.1911 0.0113
vn 0.9819 0.1797 0.0599
vn 0.9798 0.1677 0.1086
vn 0.9753 0.1552 0.1573
vn 0.9682 0.1422 0.2058
vn 0.9586 0.1286 0.2540
vn 0.9464 0.1146 0.3019
vn 0.9412 0.1098 0.3195
vn 0.9502 0.1203 0.2875
vn 0.9625 0.1366 0.2345
vn 0.9715 0.1530 0.1811
vn 0.9773 0.1693 0.1276
vn 0.9798 0.1856 0.0740
vn 0.9792 0.2018 0.0206
vn 0.9755 0.2178 -0.0325
vn 0.9686 0.2335 -0.0852
vn 0.9587 0.2490 -0.1373
vn 0.9458 0.2642 -0.1886
vn 0.9301 0.2790 -0.2390
vn 0.9114 0.2935 -0.2884
vn 0.8901 0.3074 -0.3364
vn 0.8663 0.3208 -0.3828
vn 0.8402 0.3337 -0.4275
vn 0.8119 0.3460 -0.4703
vn 0.7814 0.3576 -0.5113
vn 0.7490 0.3687 -0.5504
vn 0.7148 0.3792 -0.5876
vn 0.6787 0.3892 -0.6228
vn 0.6410 0.3985 -0.6560
vn 0.6018 0.4072 -0.6871
vn 0.5610 0.4154 -0.7161
vn 0.5189 0.4229 -0.7429
vn 0.4757 0.4298 -0.7675
vn 0.4315 0.4361 -0.7897
vn 0.3866 0.4418 -0.8095
vn 0.3410 0.4468 -0.8271
vn 0.2948 0.4513 -0.8423
vn 0.2481 0.4551 -0.8552
vn 0.2009 0.4584 -0.8658
vn 0.1533 0.4610 -0.8740
vn 0.1054 0.4631 -0.8800
vn 0.0572 0.4646 -0.8837
vn 0.0087 0.4655 -0.8850
vn -0.0398 0.4658 -0.8840
vn -0.0883 0.4656 -0.8806
vn -0.1364 0.4647 -0.8749
vn -0.1841 0.4633 -0.8669
vn -0.2313 0.4612 -0.8566
vn -0.2779 0.4586 -0.8441
vn -0.3239 0.4554 -0.8292
vn -0.3693 0.4516 -0.8122
vn -0.4139 0.4472 -0.7929
vn -0.4577 0.4422 -0.7713
vn -0.5007 0.4366 -0.7475
vn -0.5426 0.4304 -0.7214
vn -0.5836 0.4235 -0.6929
vn -0.6234 0.4159 -0.6621
vn -0.6614 0.4078 -0.6294
vn -0.6978 0.3991 -0.5948
vn -0.7325 0.3898 -0.5582
vn -0.7652 0.3798 -0.5198
vn -0.7960 0.3693 -0.4795
vn -0.8248 0.3582 -0.4375
vn -0.8514 0.3465 -0.3937
vn -0.8758 0.3343 -0.3483
vn -0.8977 0.3214 -0.3013
vn -0.9172 0.3080 -0.2527
vn -0.9340 0.2940 -0.2028
vn -0.9481 0.2795 -0.1518
vn -0.9592 0.2646 -0.1000
vn -0.9672 0.2494 -0.0475
vn -0.9723 0.2339 0.0054
vn -0.9742 0.2180 0.0587
vn -0.9729 0.2020 0.1121
vn -0.9686 0.1858 0.1655
vn -0.9610 0.1695 0.2188
vn -0.9501 0.1530 0.2717
vn -0.9361 0.1366 0.3241
vn -0.9188 0.1202 0.3759
vn -0.9067 0.1097 0.4074
vn -0.9133 0.1142 0.3908
vn -0.9301 0.1283 0.3442
vn -0.9443 0.1419 0.2969
vn -0.9560 0.1550 0.2492
vn -0.9651 0.1676 0.2010
vn -0.9718 0.1796 0.1526
vn -0.9761 0.1910 0.1041
vn -0.9778 0.2019 0.0554
vn -0.9772 0.2121 0.0067
vn -0.9742 0.2218 -0.0419
vn -0.9688 0.2308 -0.0902
vn -0.9611 0.2392 -0.1383
vn -0.9511 0.2470 -0.1858
vn -0.9388 0.2540 -0.2326
vn -0.9245 0.2604 -0.2785
vn -0.9080 0.2661 -0.3236
vn -0.8896 0.2711 -0.3677
vn -0.8691 0.2754 -0.4108
vn -0.8467 0.2791 -0.4530
vn -0.8224 0.2821 -0.4940
vn -0.7963 0.2845 -0.5338
vn -0.7683 0.2861 -0.5725
vn -0.7385 0.2871 -0.6100
vn -0.7077 0.2874 -0.6454
vn -0.6754 0.2871 -0.6793
vn -0.6409 0.2861 -0.7123
vn -0.6051 0.2844 -0.7436
vn -0.5679 0.2820 -0.7733
vn -0.5295 0.2790 -0.8011
vn -0.4897 0.2753 -0.8273
vn -0.4488 0.2710 -0.8515
vn -0.4067 0.2660 -0.8740
vn -0.3635 0.2603 -0.8945
vn -0.3193 0.2539 -0.9130
vn -0.2740 0.2469 -0.9295
vn -0.2278 0.2391 -0.9439
vn -0.1808 0.2308 -0.9561
vn -0.1333 0.2217 -0.9660
vn -0.0854 0.2121 -0.9735
vn -0.0371 0.2019 -0.9787
vn 0.0113 0.1911 -0.9815
vn 0.0599 0.1797 -0.9819
vn 0.1086 0.1677 -0.9798
vn 0.1573 0.1552 -0.9753
vn 0.2058 0.1422 -0.9682
vn 0.2540 0.1286 -0.9586
vn 0.3019 0.1146 -0.9464
vn 0.3195 0.1098 -0.9412
vn 0.2875 0.1203 -0.9502
vn 0.2345 0.1366 -0.9625
vn 0.1811 0.1530 -0.9715
vn 0.1276 0.1693 -0.9773
vn 0.0740 0.1856 -0.9798
vn 0.0206 0.2018 -0.9792
vn -0.0325 0.2178 -0.9755
vn -0.0852 0.2335 -0.9686
vn -0.1373 0.2490 -0.9587
vn -0.1886 0.2642 -0.9458
vn -0.2390 0.2790 -0.9301
vn -0.2884 0.2935 -0.9114
vn -0.3364 0.3074 -0.8901
vn -0.3828 0.3208 -0.8663
vn -0.4275 0.3337 -0.8402
vn -0.4703 0.3460 -0.8119
vn -0.5113 0.3576 -0.7814
vn -0.5504 0.3687 -0.7490
vn -0.5876 0.3792 -0.7148
vn -0.6228 0.3892 -0.6787
vn -0.6560 0.3985 -0.6410
vn -0.6871 0.4072 -0.6018
vn -0.7161 0.4154 -0.5610
vn -0.7429 0.4229 -0.5189
vn -0.7675 0.4298 -0.4757
vn -0.7897 0.4361 -0.4315
vn -0.8095 0.4418 -0.3866
vn -0.8271 0.4468 -0.3410
vn -0.8423 0.4513 -0.2948
vn -0.8552 0.4551 -0.2481
vn -0.8658 0.4584 -0.2009
vn -0.8740 0.4610 -0.1533
vn -0.8800 0.4631 -0.1054
vn -0.8837 0.4646 -0.0572
vn -0.8850 0.4655 -0.0087
vn -0.8840 0.4658 0.0398
vn -0.8806 0.4656 0.0883
vn -0.8749 0.4647 0.1364
vn -0.8669 0.4633 0.1841
vn -0.8566 0.4612 0.2313
vn -0.8441 0.4586 0.2779
vn -0.8292 0.4554 0.3239
vn -0.8122 0.4516 0.3693
vn -0.7929 0.4472 0.4139
vn -0.7713 0.4422 0.4577
vn -0.7475 0.4366 0.5007
vn -0.7214 0.4304 0.5426
vn -0.6929 0.4235 0.5836
vn -0.6621 0.4159 0.6234
vn -0.6294 0.4078 0.6614
vn -0.5948 0.3991 0.6978
vn -0.5582 0.3898 0.7324
vn -0.5198 0.3798 0.7652
vn -0.4795 0.3693 0.7960
vn -0.4375 0.3582 0.8248
vn -0.3937 0.3465 0.8514
vn -0.3483 0.3343 0.8758
vn -0.3013 0.3214 0.8977
vn -0.2527 0.3080 0.9172
vn -0.2028 0.2940 0.9340
vn -0.1518 0.2795 0.9481
vn -0.1000 0.2646 0.9592
vn -0.0475 0.2494 0.9672
vn 0.0054 0.2339 0.9723
vn 0.0587 0.2180 0.9742
vn 0.1121 0.2020 0.9729
vn 0.1655 0.1858 0.9686
vn 0.2188 0.1695 0.9610
vn 0.2717 0.1530 0.9501
vn 0.3241 0.1366 0.9361
vn 0.3759 0.1202 0.9188
vn 0.4074 0.1097 0.9066
vn 0.3908 0.1142 0.9133
vn 0.3442 0.1283 0.9301
vn 0.2969 0.1419 0.9443
vn 0.2492 0.1550 0.9560
vn 0.2010 0.1676 0.9651
vn 0.1526 0.1796 0.9718
vn 0.1041 0.1910 0.9761
vn 0.0554 0.2019 0.9778
vn 0.0067 0.2121 0.9772
vn -0.0419 0.2218 0.9742
vn -0.0902 0.2308 0.9688
vn -0.1383 0.2392 0.9611
vn -0.1858 0.2470 0.9511
vn -0.2325 0.2540 0.9388
vn -0.2785 0.2604 0.9245
vn -0.3236 0.2661 0.9080
vn -0.3677 0.2711 0.8896
vn -0.4108 0.2754 0.8691
vn -0.4530 0.2791 0.8467
vn -0.4940 0.2821 0.8224
vn -0.5338 0.2845 0.7963
vn -0.5725 0.2861 0.7683
vn -0.6100 0.2871 0.7385
vn -0.6454 0.2874 0.7077
vn -0.6793 0.2871 0.6754
vn -0.7123 0.2861 0.6409
vn -0.7436 0.2844 0.6051
vn -0.7733 0.2820 0.5679
vn -0.8011 0.2790 0.5295
vn -0.8273 0.2753 0.4897
vn -0.8515 0.2710 0.4488
vn -0.8740 0.2660 0.4067
vn -0.8945 0.2603 0.3635
vn -0.9130 0.2539 0.3193
vn -0.9295 0.2469 0.2740
vn -0.9439 0.2391 0.2278
vn -0.9561 0.2308 0.1808
vn -0.9660 0.2217 0.1333
vn -0.9735 0.2121 0.0853
vn -0.9787 0.2019 0.0371
vn -0.9815 0.1911 -0.0113
vn -0.9819 0.1797 -0.0599
vn -0.9798 0.1677 -0.1086
vn -0.9753 0.1552 -0.1573
vn -0.9682 0.1422 -0.2058
vn -0.9586 0.1286 -0.2540
vn -0.9464 0.1146 -0.3019
vn -0.9412 0.1098 -0.3195
vn -0.9502 0.1203 -0.2875
vn -0.9625 0.1366 -0.2345
vn -0.9715 0.1530 -0.1811
vn -0.9773 0.1693 -0.1276
vn -0.9798 0.1856 -0.0740
vn -0.9792 0.2018 -0.0206
vn -0.9755 0.2178 0.0325
vn -0.9686 0.2335 0.0852
vn -0.9587 0.2490 0.1373
vn -0.9458 0.2642 0.1886
vn -0.9301 0.2790 0.2390
vn -0.9114 0.2935 0.2884
vn -0.8901 0.3074 0.3364
vn -0.8663 0.3208 0.3828
vn -0.8402 0.3337 0.4275
vn -0.8119 0.3460 0.4703
vn -0.7814 0.3576 0.5113
vn -0.7490 0.3687 0.5504
vn -0.7148 0.3792 0.5876
vn -0.6787 0.3892 0.6228
vn -0.6410 0.3985 0.6560
vn -0.6018 0.4072 0.6871
vn -0.5610 0.4154 0.7161
vn -0.5189 0.4229 0.7429
vn -0.4757 0.4298 0.7675
vn -0.4315 0.4361 0.7897
vn -0.3866 0.4418 0.8095
vn -0.3410 0.4468 0.8271
vn -0.2948 0.4513 0.8423
vn -0.2481 0.4551 0.8552
vn -0.2009 0.4584 0.8658
vn -0.1533 0.4610 0.8740
vn -0.1054 0.4631 0.8800
vn -0.0572 0.4646 0.8837
vn -0.0087 0.4655 0.8850
vn 0.0398 0.4658 0.8840
vn 0.0883 0.4656 0.8806
vn 0.1364 0.4647 0.8749
vn 0.1841 0.4633 0.8669
vn 0.2313 0.4612 0.8566
vn 0.2779 0.4586 0.8441
vn 0.3239 0.4554 0.8292
vn 0.3693 0.4516 0.8122
vn 0.4139 0.4472 0.7929
vn 0.4577 0.4422 0.7713
vn 0.5007 0.4366 0.7475
vn 0.5426 0.4304 0.7214
vn 0.5836 0.4235 0.6929
vn 0.6234 0.4159 0.6621
vn 0.6614 0.4078 0.6294
vn 0.6978 0.3991 0.5948
vn 0.7325 0.3898 0.5582
vn 0.7652 0.3798 0.5198
vn 0.7960 0.3693 0.4795
vn 0.8248 0.3582 0.4375
vn 0.8514 0.3465 0.3937
vn 0.8758 0.3343 0.3483
vn 0.8977 0.3214 0.3013
vn 0.9172 0.3080 0.2527
vn 0.9340 0.2940 0.2028
vn 0.9481 0.2795 0.1518
vn 0.9592 0.2646 0.1000
vn 0.9672 0.2494 0.0475
vn 0.9723 0.2339 -0.0054
vn 0.9742 0.2180 -0.0587
vn 0.9729 0.2020 -0.1121
vn 0.9686 0.1858 -0.1655
vn 0.9610 0.1695 -0.2188
vn 0.9501 0.1530 -0.2717
vn 0.9361 0.1366 -0.3241
vn 0.9188 0.1202 -0.3759
vn 0.9067 0.1097 -0.4074
vn 0.9133 0.1142 -0.3908
vn 0.9301 0.1283 -0.3442
vn 0.9443 0.1419 -0.2969
vn 0.9560 0.1550 -0.2492
vn 0.9651 0.1676 -0.2010
vn 0.9718 0.1796 -0.1526
vn 0.9761 0.1910 -0.1041
vn 0.9778 0.2019 -0.0554
vn 0.9772 0.2121 -0.0067
vn 0.9742 0.2218 0.0419
vn 0.9688 0.2308 0.0902
vn 0.9611 0.2392 0.1383
vn 0.9511 0.2470 0.1858
vn 0.9388 0.2540 0.2326
vn 0.9245 0.2604 0.2785
vn 0.9080 0.2661 0.3236
vn 0.8896 0.2711 0.3677
vn 0.8691 0.2754 0.4108
vn 0.8467 0.2791 0.4530
vn 0.8224 0.2821 0.4940
vn 0.7963 0.2845 0.5338
vn 0.7683 0.2861 0.5725
vn 0.7385 0.2871 0.6100
vn 0.7077 0.2874 0.6454
vn 0.6754 0.2871 0.6793
vn 0.6409 0.2861 0.7123
vn 0.6051 0.2844 0.7436
vn 0.5679 0.2820 0.7733
vn 0.5295 0.2790 0.8011
vn 0.4897 0.2753 0.8273
vn 0.4488 0.2710 0.8515
vn 0.4067 0.2660 0.8740
vn 0.3635 0.2603 0.8945
vn 0.3193 0.2539 0.9130
vn 0.2740 0.2469 0.9295
vn 0.2278 0.2391 0.9439
vn 0.1808 0.2308 0.9561
vn 0.1333 0.2217 0.9660
vn 0.0854 0.2121 0.9735
vn 0.0371 0.2019 0.9787
vn -0.0113 0.1911 0.9815
vn -0.0599 0.1797 0.9819
vn -0.1086 0.1677 0.9798
vn -0.1573 0.1552 0.9753
vn -0.2058 0.1422 0.9682
vn -0.2540 0.1286 0.9586
vn -0.3019 0.1146 0.9464
vn -0.3195 0.1098 0.9412
vn -0.2875 0.1203 0.9502
vn -0.2345 0.1366 0.9625
vn -0.1811 0.1530 0.9715
vn -0.1276 0.1693 0.9773
vn -0.0740 0.1856 0.9798
vn -0.0206 0.2018 0.9792
vn 0.0325 0.2178 0.9755
vn 0.0852 0.2335 0.9686
vn 0.1373 0.2490 0.9587
vn 0.1886 0.2642 0.9458
vn 0.2390 0.2790 0.9301
vn 0.2884 0.2935 0.9114
vn 0.3364 0.3074 0.8901
vn 0.3828 0.3208 0.8663
vn 0.4275 0.3337 0.8402
vn 0.4703 0.3460 0.8119
vn 0.5113 0.3576 0.7814
vn 0.5504 0.3687 0.7490
vn 0.5876 0.3792 0.7148
vn 0.6228 0.3892 0.6787
vn 0.6560 0.3985 0.6410
vn 0.6871 0.4072 0.6018
vn 0.7161 0.4154 0.5610
vn 0.7429 0.4229 0.5189
vn 0.7675 0.4298 0.4757
vn 0.7897 0.4361 0.4315
vn 0.8095 0.4418 0.3866
vn 0.8271 0.4468 0.3410
vn 0.8423 0.4513 0.2948
vn 0.8552 0.4551 0.2481
vn 0.8658 0.4584 0.2009
vn 0.8740 0.4610 0.1533
vn 0.8800 0.4631 0.1054
vn 0.8837 0.4646 0.0572
vn 0.8850 0.4655 0.0087
vn 0.8840 0.4658 -0.0398
vn 0.8806 0.4656 -0.0883
vn 0.8749 0.4647 -0.1364
vn 0.8669 0.4633 -0.1841
vn 0.8566 0.4612 -0.2313
vn 0.8441 0.4586 -0.2779
vn 0.8292 0.4554 -0.3239
vn 0.8122 0.4516 -0.3693
vn 0.7929 0.4472 -0.4139
vn 0.7713 0.4422 -0.4577
vn 0.7475 0.4366 -0.5007
vn 0.7214 0.4304 -0.5426
vn 0.5824 0.6475 -0.4915
vn 0.5597 0.6388 -0.5279
vn 0.5352 0.6293 -0.5635
vn 0.5089 0.6190 -0.5983
vn 0.4807 0.6077 -0.6321
vn 0.4506 0.5956 -0.6650
vn 0.4187 0.5825 -0.6967
vn 0.3847 0.5684 -0.7273
vn 0.3487 0.5533 -0.7565
vn 0.3108 0.5371 -0.7842
vn 0.2708 0.5198 -0.8103
vn 0.2288 0.5013 -0.8345
vn 0.1849 0.4818 -0.8566
vn 0.1392 0.4611 -0.8764
vn 0.0920 0.4394 -0.8936
vn 0.0434 0.4168 -0.9080
vn -0.0063 0.3933 -0.9194
vn -0.0570 0.3689 -0.9277
vn -0.1086 0.3437 -0.9328
vn -0.1608 0.3178 -0.9344
vn -0.2134 0.2913 -0.9325
vn -0.2662 0.2642 -0.9270
vn -0.3188 0.2368 -0.9177
vn -0.3712 0.2092 -0.9047
vn -0.4024 0.1919 -0.8951
vn -0.3847 0.2005 -0.9010
vn -0.3375 0.2244 -0.9142
vn -0.2900 0.2472 -0.9246
vn -0.2423 0.2689 -0.9322
vn -0.1945 0.2895 -0.9372
vn -0.1469 0.3090 -0.9396
vn -0.0995 0.3274 -0.9396
vn -0.0525 0.3446 -0.9373
vn -0.0058 0.3607 -0.9327
vn 0.0403 0.3756 -0.9259
vn 0.0859 0.3895 -0.9170
vn 0.1308 0.4022 -0.9061
vn 0.1749 0.4138 -0.8934
vn 0.2181 0.4243 -0.8788
vn 0.2603 0.4337 -0.8626
vn 0.3014 0.4421 -0.8448
vn 0.3415 0.4493 -0.8255
vn 0.3806 0.4556 -0.8047
vn 0.4188 0.4609 -0.7824
vn 0.4559 0.4652 -0.7588
vn 0.4921 0.4685 -0.7337
vn 0.5272 0.4709 -0.7074
vn 0.5614 0.4723 -0.6796
vn 0.5938 0.4727 -0.6511
vn 0.6251 0.4722 -0.6215
vn 0.6558 0.4708 -0.5902
vn 0.6852 0.4684 -0.5577
vn 0.7134 0.4650 -0.5242
vn 0.7403 0.4607 -0.4895
vn 0.7660 0.4554 -0.4537
vn 0.7903 0.4492 -0.4168
vn 0.8132 0.4419 -0.3788
vn 0.8347 0.4336 -0.3396
vn 0.8547 0.4242 -0.2993
vn 0.8731 0.4137 -0.2578
vn 0.8899 0.4021 -0.2152
vn 0.9049 0.3894 -0.1716
vn 0.9180 0.3756 -0.1272
vn 0.9291 0.3606 -0.0820
vn 0.9380 0.3446 -0.0362
vn 0.9448 0.3275 0.0103
vn 0.9493 0.3092 0.0573
vn 0.9513 0.2898 0.1048
vn 0.9509 0.2692 0.1527
vn 0.9478 0.2476 0.2007
vn 0.9421 0.2249 0.2489
vn 0.9335 0.2011 0.2970
vn 0.9292 0.1922 0.3156
vn 0.9357 0.2092 0.2841
vn 0.9437 0.2368 0.2310
vn 0.9480 0.2641 0.1778
vn 0.9485 0.2911 0.1249
vn 0.9455 0.3175 0.0725
vn 0.9390 0.3433 0.0209
vn 0.9292 0.3684 -0.0299
vn 0.9162 0.3928 -0.0794
vn 0.9002 0.4162 -0.1277
vn 0.8815 0.4388 -0.1746
vn 0.8600 0.4604 -0.2199
vn 0.8362 0.4811 -0.2634
vn 0.8102 0.5006 -0.3050
vn 0.7823 0.5190 -0.3445
vn 0.7527 0.5363 -0.3818
vn 0.7217 0.5525 -0.4170
vn 0.6894 0.5676 -0.4500
vn 0.6560 0.5817 -0.4809
vn 0.6215 0.5948 -0.5098
vn 0.5861 0.6070 -0.5367
vn 0.5499 0.6183 -0.5616
vn 0.5130 0.6286 -0.5846
vn 0.4754 0.6381 -0.6056
vn 0.4372 0.6468 -0.6249
vn 0.3987 0.6547 -0.6422
vn 0.3600 0.6618 -0.6576
vn 0.3211 0.6681 -0.6713
vn 0.2821 0.6736 -0.6831
vn 0.2431 0.6784 -0.6933
vn 0.2039 0.6826 -0.7018
vn 0.1647 0.6861 -0.7086
vn 0.1254 0.6889 -0.7139
vn 0.0861 0.6911 -0.7176
vn 0.0467 0.6927 -0.7197
vn 0.0071 0.6937 -0.7203
vn -0.0324 0.6940 -0.7192
vn -0.0719 0.6937 -0.7166
vn -0.1112 0.6928 -0.7125
vn -0.1502 0.6913 -0.7068
vn -0.1891 0.6891 -0.6995
vn -0.2277 0.6863 -0.6907
vn -0.2661 0.6829 -0.6803
vn -0.3043 0.6788 -0.6683
vn -0.3422 0.6740 -0.6546
vn -0.3799 0.6686 -0.6393
vn -0.4174 0.6623 -0.6222
vn -0.4545 0.6553 -0.6033
vn -0.4915 0.6475 -0.5824
vn -0.5279 0.6388 -0.5597
vn -0.5635 0.6293 -0.5352
vn -0.5983 0.6190 -0.5089
vn -0.6321 0.6077 -0.4807
vn -0.6650 0.5956 -0.4506
vn -0.6967 0.5825 -0.4187
vn -0.7273 0.5684 -0.3847
vn -0.7565 0.5533 -0.3487
vn -0.7842 0.5371 -0.3108
vn -0.8103 0.5198 -0.2708
vn -0.8345 0.5013 -0.2288
vn -0.8566 0.4818 -0.1849
vn -0.8764 0.4611 -0.1392
vn -0.8936 0.4394 -0.0920
vn -0.9080 0.4168 -0.0434
vn -0.9194 0.3933 0.0063
vn -0.9277 0.3689 0.0570
vn -0.9328 0.3437 0.1086
vn -0.9344 0.3178 0.1608
vn -0.9325 0.2913 0.2134
vn -0.9270 0.2642 0.2662
vn -0.9177 0.2368 0.3188
vn -0.9047 0.2092 0.3712
vn -0.8951 0.1919 0.4024
vn -0.9010 0.2005 0.3847
vn -0.9142 0.2244 0.3375
vn -0.9246 0.2472 0.2900
vn -0.9322 0.2689 0.2423
vn -0.9372 0.2896 0.1945
vn -0.9396 0.3090 0.1469
vn -0.9396 0.3273 0.0995
vn -0.9373 0.3446 0.0525
vn -0.9327 0.3607 0.0058
vn -0.9259 0.3756 -0.0403
vn -0.9170 0.3895 -0.0859
vn -0.9061 0.4022 -0.1308
vn -0.8934 0.4138 -0.1749
vn -0.8789 0.4243 -0.2181
vn -0.8626 0.4337 -0.2603
vn -0.8448 0.4421 -0.3014
vn -0.8255 0.4493 -0.3415
vn -0.8047 0.4556 -0.3807
vn -0.7824 0.4609 -0.4188
vn -0.7588 0.4652 -0.4559
vn -0.7338 0.4685 -0.4921
vn -0.7074 0.4709 -0.5272
vn -0.6796 0.4723 -0.5614
vn -0.6511 0.4727 -0.5938
vn -0.6215 0.4722 -0.6251
vn -0.5902 0.4708 -0.6558
vn -0.5577 0.4684 -0.6852
vn -0.5242 0.4650 -0.7134
vn -0.4895 0.4607 -0.7403
vn -0.4537 0.4554 -0.7660
vn -0.4168 0.4492 -0.7902
vn -0.3788 0.4419 -0.8132
vn -0.3396 0.4336 -0.8347
vn -0.2993 0.4242 -0.8547
vn -0.2578 0.4137 -0.8731
vn -0.2152 0.4021 -0.8899
vn -0.1716 0.3894 -0.9049
vn -0.1272 0.3756 -0.9180
vn -0.0820 0.3606 -0.9291
vn -0.0362 0.3446 -0.9380
vn 0.0102 0.3275 -0.9448
vn 0.0572 0.3092 -0.9493
vn 0.1048 0.2898 -0.9513
vn 0.1527 0.2692 -0.9509
vn 0.2007 0.2476 -0.9478
vn 0.2489 0.2249 -0.9421
vn 0.2970 0.2011 -0.9335
vn 0.3156 0.1922 -0.9292
vn 0.2841 0.2092 -0.9357
vn 0.2310 0.2368 -0.9437
vn 0.1778 0.2641 -0.9480
vn 0.1249 0.2911 -0.9485
vn 0.0725 0.3175 -0.9455
vn 0.0209 0.3433 -0.9390
vn -0.0299 0.3684 -0.9292
vn -0.0794 0.3928 -0.9162
vn -0.1277 0.4162 -0.9002
vn -0.1746 0.4388 -0.8815
vn -0.2199 0.4604 -0.8600
vn -0.2634 0.4811 -0.8362
vn -0.3050 0.5006 -0.8102
vn -0.3445 0.5190 -0.7823
vn -0.3818 0.5363 -0.7527
vn -0.4170 0.5525 -0.7217
vn -0.4500 0.5676 -0.6894
vn -0.4809 0.5817 -0.6560
vn -0.5098 0.5948 -0.6215
vn -0.5367 0.6070 -0.5861
vn -0.5616 0.6183 -0.5499
vn -0.5846 0.6286 -0.5130
vn -0.6056 0.6381 -0.4754
vn -0.6249 0.6468 -0.4372
vn -0.6422 0.6547 -0.3987
vn -0.6576 0.6618 -0.3600
vn -0.6713 0.6681 -0.3211
vn -0.6831 0.6736 -0.2821
vn -0.6933 0.6784 -0.2431
vn -0.7018 0.6826 -0.2039
vn -0.7086 0.6861 -0.1647
vn -0.7139 0.6889 -0.1254
vn -0.7176 0.6911 -0.0861
vn -0.7197 0.6927 -0.0467
vn -0.7203 0.6937 -0.0071
vn -0.7192 0.6940 0.0324
vn -0.7166 0.6937 0.0719
vn -0.7125 0.6928 0.1112
vn -0.7068 0.6913 0.1502
vn -0.6995 0.6891 0.1891
vn -0.6907 0.6863 0.2277
vn -0.6803 0.6829 0.2661
vn -0.6683 0.6788 0.3043
vn -0.6546 0.6740 0.3422
vn -0.6393 0.6686 0.3799
vn -0.6222 0.6623 0.4174
vn -0.6033 0.6553 0.4545
vn -0.5824 0.6475 0.4915
vn -0.5597 0.6388 0.5279
vn -0.5352 0.6293 0.5635
vn -0.5089 0.6190 0.5983
vn -0.4807 0.6077 0.6321
vn -0.4506 0.5956 0.6650
vn -0.4187 0.5825 0.6967
vn -0.3847 0.5684 0.7273
vn -0.3487 0.5533 0.7565
vn -0.3108 0.5371 0.7842
vn -0.2708 0.5198 0.8103
vn -0.2288 0.5013 0.8345
vn -0.1849 0.4818 0.8566
vn -0.1392 0.4611 0.8764
vn -0.0920 0.4394 0.8936
vn -0.0434 0.4168 0.9080
vn 0.0063 0.3933 0.9194
vn 0.0570 0.3689 0.9277
vn 0.1086 0.3437 0.9328
vn 0.1608 0.3178 0.9344
vn 0.2134 0.2913 0.9325
vn 0.2662 0.2642 0.9270
vn 0.3188 0.2368 0.9177
vn 0.3712 0.2092 0.9047
vn 0.4024 0.1919 0.8951
vn 0.3847 0.2005 0.9010
vn 0.3375 0.2244 0.9142
vn 0.2900 0.2472 0.9246
vn 0.2423 0.2689 0.9322
vn 0.1945 0.2895 0.9372
vn 0.1469 0.3090 0.9396
vn 0.0995 0.3274 0.9396
vn 0.0525 0.3446 0.9373
vn 0.0058 0.3607 0.9327
vn -0.0403 0.3756 0.9259
vn -0.0859 0.3895 0.9170
vn -0.1308 0.4022 0.9061
vn -0.1749 0.4138 0.8934
vn -0.2181 0.4243 0.8788
vn -0.2603 0.4337 0.8626
vn -0.3014 0.4421 0.8448
vn -0.3415 0.4493 0.8255
vn -0.3806 0.4556 0.8047
vn -0.4188 0.4609 0.7824
vn -0.4559 0.4652 0.7588
vn -0.4921 0.4685 0.7337
vn -0.5272 0.4709 0.7074
vn -0.5614 0.4723 0.6796
vn -0.5938 0.4727 0.6511
vn -0.6251 0.4722 0.6215
vn -0.6558 0.4708 0.5902
vn -0.6852 0.4684 0.5577
vn -0.7134 0.4650 0.5242
vn -0.7403 0.4607 0.4895
vn -0.7660 0.4554 0.4537
vn -0.7903 0.4492 0.4168
vn -0.8132 0.4419 0.3788
vn -0.8347 0.4336 0.3396
vn -0.8547 0.4242 0.2993
vn -0.8731 0.4137 0.2578
vn -0.8899 0.4021 0.2152
vn -0.9049 0.3894 0.1716
vn -0.9180 0.3756 0.1272
vn -0.9291 0.3606 0.0820
vn -0.9380 0.3446 0.0362
vn -0.9448 0.3275 -0.0103
vn -0.9493 0.3092 -0.0573
vn -0.9513 0.2898 -0.1048
vn -0.9509 0.2692 -0.1527
vn -0.9478 0.2476 -0.2007
vn -0.9421 0.2249 -0.2489
vn -0.9335 0.2011 -0.2970
vn -0.9292 0.1922 -0.3156
vn -0.9357 0.2092 -0.2841
vn -0.9437 0.2368 -0.2310
vn -0.9480 0.2641 -0.1778
vn -0.9485 0.2911 -0.1249
vn -0.9455 0.3175 -0.0725
vn -0.9390 0.3433 -0.0209
vn -0.9292 0.3684 0.0299
vn -0.9162 0.3928 0.0794
vn -0.9002 0.4162 0.1277
vn -0.8815 0.4388 0.1746
vn -0.8600 0.4604 0.2199
vn -0.8362 0.4811 0.2634
vn -0.8102 0.5006 0.3050
vn -0.7823 0.5190 0.3445
vn -0.7527 0.5363 0.3818
vn -0.7217 0.5525 0.4170
vn -0.6894 0.5676 0.4500
vn -0.6560 0.5817 0.4809
vn -0.6215 0.5948 0.5098
vn -0.5861 0.6070 0.5367
vn -0.5499 0.6183 0.5616
vn -0.5130 0.6286 0.5846
vn -0.4754 0.6381 0.6056
vn -0.4372 0.6468 0.6249
vn -0.3987 0.6547 0.6422
vn -0.3600 0.6618 0.6576
vn -0.3211 0.6681 0.6713
vn -0.2821 0.6736 0.6831
vn -0.2431 0.6784 0.6933
vn -0.2039 0.6826 0.7018
vn -0.1647 0.6861 0.7086
vn -0.1254 0.6889 0.7139
vn -0.0861 0.6911 0.7176
vn -0.0467 0.6927 0.7197
vn -0.0071 0.6937 0.7203
vn 0.0324 0.6940 0.7192
vn 0.0719 0.6937 0.7166
vn 0.1112 0.6928 0.7125
vn 0.1502 0.6913 0.7068
vn 0.1891 0.6891 0.6995
vn 0.2277 0.6863 0.6907
vn 0.2661 0.6829 0.6803
vn 0.3043 0.6788 0.6683
vn 0.3422 0.6740 0.6546
vn 0.3799 0.6686 0.6393
vn 0.4174 0.6623 0.6222
vn 0.4545 0.6553 0.6033
vn 0.4915 0.6475 0.5824
vn 0.5279 0.6388 0.5597
vn 0.5635 0.6293 0.5352
vn 0.5983 0.6190 0.5089
vn 0.6321 0.6077 0.4807
vn 0.6650 0.5956 0.4506
vn 0.6967 0.5825 0.4187
vn 0.7273 0.5684 0.3847
vn 0.7565 0.5533 0.3487
vn 0.7842 0.5371 0.3108
vn 0.8103 0.5198 0.2708
vn 0.8345 0.5013 0.2288
vn 0.8566 0.4818 0.1849
vn 0.8764 0.4611 0.1392
vn 0.8936 0.4394 0.0920
vn 0.9080 0.4168 0.0434
vn 0.9194 0.3933 -0.0063
vn 0.9277 0.3689 -0.0570
vn 0.9328 0.3437 -0.1086
vn 0.9344 0.3178 -0.1608
vn 0.9325 0.2913 -0.2134
vn 0.9270 0.2642 -0.2662
vn 0.9177 0.2368 -0.3188
vn 0.9047 0.2092 -0.3712
vn 0.8951 0.1919 -0.4024
vn 0.9010 0.2005 -0.3847
vn 0.9142 0.2244 -0.3375
vn 0.9246 0.2472 -0.2900
vn 0.9322 0.2689 -0.2423
vn 0.9372 0.2896 -0.1945
vn 0.9396 0.3090 -0.1469
vn 0.9396 0.3273 -0.0995
vn 0.9373 0.3446 -0.0525
vn 0.9327 0.3607 -0.0058
vn 0.9259 0.3756 0.0403
vn 0.9170 0.3895 0.0859
vn 0.9061 0.4022 0.1308
vn 0.8934 0.4138 0.1749
vn 0.8789 0.4243 0.2181
vn 0.8626 0.4337 0.2603
vn 0.8448 0.4421 0.3014
vn 0.8255 0.4493 0.3415
vn 0.8047 0.4556 0.3807
vn 0.7824 0.4609 0.4188
vn 0.7588 0.4652 0.4559
vn 0.7338 0.4685 0.4921
vn 0.7074 0.4709 0.5272
vn 0.6796 0.4723 0.5614
vn 0.6511 0.4727 0.5938
vn 0.6215 0.4722 0.6251
vn 0.5902 0.4708 0.6558
vn 0.5577 0.4684 0.6852
vn 0.5242 0.4650 0.7134
vn 0.4895 0.4607 0.7403
vn 0.4537 0.4554 0.7660
vn 0.4168 0.4492 0.7902
vn 0.3788 0.4419 0.8132
vn 0.3396 0.4336 0.8347
vn 0.2993 0.4242 0.8547
vn 0.2578 0.4137 0.8731
vn 0.2152 0.4021 0.8899
vn 0.1716 0.3894 0.9049
vn 0.1272 0.3756 0.9180
vn 0.0820 0.3606 0.9291
vn 0.0362 0.3446 0.9380
vn -0.0102 0.3275 0.9448
vn -0.0572 0.3092 0.9493
vn -0.1048 0.2898 0.9513
vn -0.1527 0.2692 0.9509
vn -0.2007 0.2476 0.9478
vn -0.2489 0.2249 0.9421
vn -0.2970 0.2011 0.9335
vn -0.3156 0.1922 0.9292
vn -0.2841 0.2092 0.9357
vn -0.2310 0.2368 0.9437
vn -0.1778 0.2641 0.9480
vn -0.1249 0.2911 0.9485
vn -0.0725 0.3175 0.9455
vn -0.0209 0.3433 0.9390
vn 0.0299 0.3684 0.9292
vn 0.0794 0.3928 0.9162
vn 0.1277 0.4162 0.9002
vn 0.1746 0.4388 0.8815
vn 0.2199 0.4604 0.8600
vn 0.2634 0.4811 0.8362
vn 0.3050 0.5006 0.8102
vn 0.3445 0.5190 0.7823
vn 0.3818 0.5363 0.7527
vn 0.4170 0.5525 0.7217
vn 0.4500 0.5676 0.6894
vn 0.4809 0.5817 0.6560
vn 0.5098 0.5948 0.6215
vn 0.5367 0.6070 0.5861
vn 0.5616 0.6183 0.5499
vn 0.5846 0.6286 0.5130
vn 0.6056 0.6381 0.4754
vn 0.6249 0.6468 0.4372
vn 0.6422 0.6547 0.3987
vn 0.6576 0.6618 0.3600
vn 0.6713 0.6681 0.3211
vn 0.6831 0.6736 0.2821
vn 0.6933 0.6784 0.2431
vn 0.7018 0.6826 0.2039
vn 0.7086 0.6861 0.1647
vn 0.7139 0.6889 0.1254
vn 0.7176 0.6911 0.0861
vn 0.7197 0.6927 0.0467
vn 0.7203 0.6937 0.0071
vn 0.7192 0.6940 -0.0324
vn 0.7166 0.6937 -0.0719
vn 0.7125 0.6928 -0.1112
vn 0.7068 0.6913 -0.1502
vn 0.6995 0.6891 -0.1891
vn 0.6907 0.6863 -0.2277
vn 0.6803 0.6829 -0.2661
vn 0.6683 0.6788 -0.3043
vn 0.6546 0.6740 -0.3422
vn 0.6393 0.6686 -0.3799
vn 0.6222 0.6623 -0.4174
vn 0.6033 0.6553 -0.4545
vn 0.4965 0.7601 -0.4192
vn 0.4789 0.7526 -0.4520
vn 0.4598 0.7443 -0.4844
vn 0.4391 0.7351 -0.5166
vn 0.4167 0.7250 -0.5484
vn 0.3926 0.7140 -0.5798
vn 0.3666 0.7019 -0.6107
vn 0.3388 0.6886 -0.6411
vn 0.3089 0.6742 -0.6709
vn 0.2770 0.6584 -0.6998
vn 0.2429 0.6413 -0.7278
vn 0.2065 0.6227 -0.7547
vn 0.1680 0.6025 -0.7802
vn 0.1273 0.5808 -0.8040
vn 0.0846 0.5575 -0.8259
vn 0.0400 0.5327 -0.8454
vn -0.0063 0.5063 -0.8624
vn -0.0543 0.4783 -0.8765
vn -0.1037 0.4488 -0.8876
vn -0.1544 0.4178 -0.8953
vn -0.2062 0.3855 -0.8994
vn -0.2586 0.3519 -0.8996
vn -0.3115 0.3172 -0.8957
vn -0.3644 0.2817 -0.8876
vn -0.3960 0.2593 -0.8809
vn -0.3779 0.2707 -0.8854
vn -0.3301 0.3017 -0.8944
vn -0.2823 0.3308 -0.9005
vn -0.2347 0.3582 -0.9037
vn -0.1875 0.3838 -0.9042
vn -0.1409 0.4077 -0.9022
vn -0.0950 0.4298 -0.8979
vn -0.0498 0.4503 -0.8915
vn -0.0054 0.4692 -0.8831
vn 0.0381 0.4865 -0.8728
vn 0.0808 0.5023 -0.8609
vn 0.1225 0.5168 -0.8473
vn 0.1631 0.5297 -0.8323
vn 0.2026 0.5413 -0.8160
vn 0.2410 0.5517 -0.7985
vn 0.2783 0.5607 -0.7798
vn 0.3146 0.5685 -0.7602
vn 0.3498 0.5752 -0.7394
vn 0.3842 0.5809 -0.7176
vn 0.4176 0.5854 -0.6949
vn 0.4502 0.5889 -0.6712
vn 0.4819 0.5914 -0.6465
vn 0.5129 0.5929 -0.6209
vn 0.5424 0.5933 -0.5947
vn 0.5711 0.5928 -0.5678
vn 0.5994 0.5913 -0.5395
vn 0.6269 0.5888 -0.5103
vn 0.6534 0.5853 -0.4801
vn 0.6791 0.5807 -0.4491
vn 0.7038 0.5751 -0.4170
vn 0.7277 0.5684 -0.3839
vn 0.7507 0.5605 -0.3498
vn 0.7726 0.5515 -0.3145
vn 0.7936 0.5412 -0.2780
vn 0.8135 0.5296 -0.2403
vn 0.8322 0.5166 -0.2014
vn 0.8496 0.5022 -0.1612
vn 0.8654 0.4864 -0.1200
vn 0.8797 0.4692 -0.0778
vn 0.8922 0.4504 -0.0346
vn 0.9028 0.4299 0.0097
vn 0.9114 0.4079 0.0548
vn 0.9178 0.3841 0.1010
vn 0.9217 0.3586 0.1479
vn 0.9231 0.3313 0.1954
vn 0.9216 0.3023 0.2434
vn 0.9172 0.2715 0.2916
vn 0.9144 0.2598 0.3105
vn 0.9180 0.2818 0.2790
vn 0.9211 0.3172 0.2257
vn 0.9200 0.3518 0.1729
vn 0.9149 0.3853 0.1208
vn 0.9060 0.4175 0.0699
vn 0.8936 0.4484 0.0202
vn 0.8780 0.4778 -0.0278
vn 0.8595 0.5057 -0.0741
vn 0.8384 0.5320 -0.1185
vn 0.8149 0.5568 -0.1610
vn 0.7893 0.5801 -0.2014
vn 0.7619 0.6018 -0.2396
vn 0.7330 0.6219 -0.2755
vn 0.7029 0.6406 -0.3091
vn 0.6720 0.6577 -0.3404
vn 0.6403 0.6735 -0.3695
vn 0.6080 0.6879 -0.3964
vn 0.5752 0.7012 -0.4213
vn 0.5421 0.7133 -0.4443
vn 0.5086 0.7244 -0.4654
vn 0.4750 0.7345 -0.4847
vn 0.4411 0.7437 -0.5024
vn 0.4072 0.7520 -0.5184
vn 0.3731 0.7595 -0.5329
vn 0.3391 0.7663 -0.5458
vn 0.3052 0.7723 -0.5572
vn 0.2715 0.7775 -0.5672
vn 0.2379 0.7822 -0.5758
vn 0.2045 0.7862 -0.5831
vn 0.1713 0.7896 -0.5892
vn 0.1382 0.7925 -0.5940
vn 0.1051 0.7948 -0.5977
vn 0.0721 0.7966 -0.6002
vn 0.0390 0.7979 -0.6015
vn 0.0060 0.7987 -0.6017
vn -0.0271 0.7989 -0.6008
vn -0.0601 0.7987 -0.5987
vn -0.0929 0.7980 -0.5955
vn -0.1257 0.7967 -0.5911
vn -0.1583 0.7950 -0.5856
vn -0.1909 0.7927 -0.5789
vn -0.2235 0.7899 -0.5711
vn -0.2560 0.7865 -0.5620
vn -0.2885 0.7826 -0.5517
vn -0.3211 0.7780 -0.5400
vn -0.3537 0.7727 -0.5270
vn -0.3864 0.7668 -0.5126
vn -0.4192 0.7601 -0.4965
vn -0.4520 0.7526 -0.4789
vn -0.4844 0.7443 -0.4598
vn -0.5166 0.7351 -0.4391
vn -0.5484 0.7250 -0.4167
vn -0.5798 0.7140 -0.3926
vn -0.6107 0.7019 -0.3666
vn -0.6411 0.6886 -0.3388
vn -0.6709 0.6742 -0.3089
vn -0.6998 0.6584 -0.2770
vn -0.7278 0.6413 -0.2429
vn -0.7547 0.6227 -0.2065
vn -0.7802 0.6025 -0.1680
vn -0.8040 0.5808 -0.1273
vn -0.8259 0.5575 -0.0846
vn -0.8454 0.5327 -0.0400
vn -0.8624 0.5063 0.0063
vn -0.8765 0.4783 0.0543
vn -0.8876 0.4488 0.1037
vn -0.8953 0.4178 0.1544
vn -0.8994 0.3855 0.2062
vn -0.8996 0.3519 0.2586
vn -0.8957 0.3172 0.3115
vn -0.8876 0.2817 0.3644
vn -0.8809 0.2593 0.3960
vn -0.8854 0.2707 0.3779
vn -0.8944 0.3017 0.3301
vn -0.9005 0.3308 0.2823
vn -0.9037 0.3582 0.2347
vn -0.9042 0.3838 0.1875
vn -0.9022 0.4077 0.1409
vn -0.8979 0.4298 0.0950
vn -0.8915 0.4503 0.0498
vn -0.8831 0.4692 0.0054
vn -0.8728 0.4865 -0.0381
vn -0.8609 0.5023 -0.0808
vn -0.8473 0.5168 -0.1225
vn -0.8323 0.5297 -0.1631
vn -0.8160 0.5413 -0.2026
vn -0.7985 0.5516 -0.2410
vn -0.7798 0.5607 -0.2783
vn -0.7601 0.5685 -0.3146
vn -0.7394 0.5752 -0.3498
vn -0.7176 0.5809 -0.3842
vn -0.6949 0.5854 -0.4176
vn -0.6712 0.5889 -0.4502
vn -0.6465 0.5914 -0.4819
vn -0.6209 0.5929 -0.5129
vn -0.5948 0.5933 -0.5424
vn -0.5678 0.5928 -0.5711
vn -0.5395 0.5913 -0.5994
vn -0.5103 0.5888 -0.6268
vn -0.4802 0.5853 -0.6534
vn -0.4491 0.5807 -0.6791
vn -0.4170 0.5751 -0.7039
vn -0.3840 0.5683 -0.7277
vn -0.3498 0.5605 -0.7507
vn -0.3145 0.5515 -0.7727
vn -0.2780 0.5412 -0.7936
vn -0.2403 0.5296 -0.8135
vn -0.2014 0.5166 -0.8322
vn -0.1613 0.5022 -0.8496
vn -0.1200 0.4864 -0.8654
vn -0.0778 0.4692 -0.8797
vn -0.0346 0.4503 -0.8922
vn 0.0097 0.4299 -0.9028
vn 0.0548 0.4079 -0.9114
vn 0.1010 0.3841 -0.9178
vn 0.1479 0.3586 -0.9217
vn 0.1953 0.3313 -0.9231
vn 0.2433 0.3023 -0.9216
vn 0.2916 0.2715 -0.9172
vn 0.3105 0.2598 -0.9144
vn 0.2790 0.2818 -0.9180
vn 0.2257 0.3172 -0.9211
vn 0.1729 0.3518 -0.9200
vn 0.1208 0.3853 -0.9149
vn 0.0699 0.4175 -0.9060
vn 0.0202 0.4484 -0.8936
vn -0.0278 0.4778 -0.8780
vn -0.0741 0.5057 -0.8595
vn -0.1185 0.5320 -0.8384
vn -0.1610 0.5568 -0.8149
vn -0.2014 0.5801 -0.7893
vn -0.2396 0.6018 -0.7619
vn -0.2755 0.6219 -0.7330
vn -0.3091 0.6406 -0.7029
vn -0.3404 0.6577 -0.6720
vn -0.3695 0.6735 -0.6403
vn -0.3964 0.6879 -0.6080
vn -0.4213 0.7012 -0.5752
vn -0.4443 0.7133 -0.5421
vn -0.4654 0.7244 -0.5086
vn -0.4847 0.7345 -0.4750
vn -0.5024 0.7437 -0.4411
vn -0.5184 0.7520 -0.4072
vn -0.5329 0.7595 -0.3731
vn -0.5458 0.7663 -0.3391
vn -0.5572 0.7723 -0.3052
vn -0.5672 0.7775 -0.2715
vn -0.5758 0.7822 -0.2379
vn -0.5831 0.7862 -0.2045
vn -0.5892 0.7896 -0.1713
vn -0.5940 0.7925 -0.1382
vn -0.5977 0.7948 -0.1051
vn -0.6002 0.7966 -0.0721
vn -0.6015 0.7979 -0.0390
vn -0.6017 0.7987 -0.0060
vn -0.6008 0.7989 0.0271
vn -0.5987 0.7987 0.0601
vn -0.5955 0.7980 0.0929
vn -0.5911 0.7967 0.1257
vn -0.5856 0.7950 0.1583
vn -0.5789 0.7927 0.1909
vn -0.5711 0.7899 0.2235
vn -0.5620 0.7865 0.2560
vn -0.5517 0.7826 0.2885
vn -0.5400 0.7780 0.3211
vn -0.5270 0.7727 0.3537
vn -0.5126 0.7668 0.3864
vn -0.4965 0.7601 0.4192
vn -0.4789 0.7526 0.4520
vn -0.4598 0.7443 0.4844
vn -0.4391 0.7351 0.5166
vn -0.4167 0.7250 0.5484
vn -0.3926 0.7140 0.5798
vn -0.3666 0.7019 0.6107
vn -0.3388 0.6886 0.6411
vn -0.3089 0.6742 0.6709
vn -0.2770 0.6584 0.6998
vn -0.2429 0.6413 0.7278
vn -0.2065 0.6227 0.7547
vn -0.1680 0.6025 0.7802
vn -0.1273 0.5808 0.8040
vn -0.0846 0.5575 0.8259
vn -0.0400 0.5327 0.8454
vn 0.0063 0.5063 0.8624
vn 0.0543 0.4783 0.8765
vn 0.1037 0.4488 0.8876
vn 0.1544 0.4178 0.8953
vn 0.2062 0.3855 0.8994
vn 0.2586 0.3519 0.8996
vn 0.3115 0.3172 0.8957
vn 0.3644 0.2817 0.8876
vn 0.3960 0.2593 0.8809
vn 0.3779 0.2707 0.8854
vn 0.3301 0.3017 0.8944
vn 0.2823 0.3308 0.9005
vn 0.2347 0.3582 0.9037
vn 0.1875 0.3838 0.9042
vn 0.1409 0.4077 0.9022
vn 0.0950 0.4298 0.8979
vn 0.0498 0.4503 0.8915
vn 0.0054 0.4692 0.8831
vn -0.0381 0.4865 0.8728
vn -0.0808 0.5023 0.8609
vn -0.1225 0.5168 0.8473
vn -0.1631 0.5297 0.8323
vn -0.2026 0.5413 0.8160
vn -0.2410 0.5517 0.7985
vn -0.2783 0.5607 0.7798
vn -0.3146 0.5685 0.7602
vn -0.3498 0.5752 0.7394
vn -0.3842 0.5809 0.7176
vn -0.4176 0.5854 0.6949
vn -0.4502 0.5889 0.6712
vn -0.4819 0.5914 0.6465
vn -0.5129 0.5929 0.6209
vn -0.5424 0.5933 0.5947
vn -0.5711 0.5928 0.5678
vn -0.5994 0.5913 0.5395
vn -0.6269 0.5888 0.5103
vn -0.6534 0.5853 0.4801
vn -0.6791 0.5807 0.4491
vn -0.7038 0.5751 0.4170
vn -0.7277 0.5684 0.3839
vn -0.7507 0.5605 0.3498
vn -0.7726 0.5515 0.3145
vn -0.7936 0.5412 0.2780
vn -0.8135 0.5296 0.2403
vn -0.8322 0.5166 0.2014
vn -0.8496 0.5022 0.1612
vn -0.8654 0.4864 0.1200
vn -0.8797 0.4692 0.0778
vn -0.8922 0.4504 0.0346
vn -0.9028 0.4299 -0.0097
vn -0.9114 0.4079 -0.0548
vn -0.9178 0.3841 -0.1010
vn -0.9217 0.3586 -0.1479
vn -0.9231 0.3313 -0.1954
vn -0.9216 0.3023 -0.2434
vn -0.9172 0.2715 -0.2916
vn -0.9144 0.2598 -0.3105
vn -0.9180 0.2818 -0.2790
vn -0.9211 0.3172 -0.2257
vn -0.9200 0.3518 -0.1729
vn -0.9149 0.3853 -0.1208
vn -0.9060 0.4175 -0.0699
vn -0.8936 0.4484 -0.0202
vn -0.8780 0.4778 0.0278
vn -0.8595 0.5057 0.0741
vn -0.8384 0.5320 0.1185
vn -0.8149 0.5568 0.1610
vn -0.7893 0.5801 0.2014
vn -0.7619 0.6018 0.2396
vn -0.7330 0.6219 0.2755
vn -0.7029 0.6406 0.3091
vn -0.6720 0.6577 0.3404
vn -0.6403 0.6735 0.3695
vn -0.6080 0.6879 0.3964
vn -0.5752 0.7012 0.4213
vn -0.5421 0.7133 0.4443
vn -0.5086 0.7244 0.4654
vn -0.4750 0.7345 0.4847
vn -0.4411 0.7437 0.5024
vn -0.4072 0.7520 0.5184
vn -0.3731 0.7595 0.5329
vn -0.3391 0.7663 0.5458
vn -0.3052 0.7723 0.5572
vn -0.2715 0.7775 0.5672
vn -0.2379 0.7822 0.5758
vn -0.2045 0.7862 0.5831
vn -0.1713 0.7896 0.5892
vn -0.1382 0.7925 0.5940
vn -0.1051 0.7948 0.5977
vn -0.0721 0.7966 0.6002
vn -0.0390 0.7979 0.6015
vn -0.0060 0.7987 0.6017
vn 0.0271 0.7989 0.6008
vn 0.0601 0.7987 0.5987
vn 0.0929 0.7980 0.5955
vn 0.1257 0.7967 0.5911
vn 0.1583 0.7950 0.5856
vn 0.1909 0.7927 0.5789
vn 0.2235 0.7899 0.5711
vn 0.2560 0.7865 0.5620
vn 0.2885 0.7826 0.5517
vn 0.3211 0.7780 0.5400
vn 0.3537 0.7727 0.5270
vn 0.3864 0.7668 0.5126
vn 0.4192 0.7601 0.4965
vn 0.4520 0.7526 0.4789
vn 0.4844 0.7443 0.4598
vn 0.5166 0.7351 0.4391
vn 0.5484 0.7250 0.4167
vn 0.5798 0.7140 0.3926
vn 0.6107 0.7019 0.3666
vn 0.6411 0.6886 0.3388
vn 0.6709 0.6742 0.3089
vn 0.6998 0.6584 0.2770
vn 0.7278 0.6413 0.2429
vn 0.7547 0.6227 0.2065
vn 0.7802 0.6025 0.1680
vn 0.8040 0.5808 0.1273
vn 0.8259 0.5575 0.0846
vn 0.8454 0.5327 0.0400
vn 0.8624 0.5063 -0.0063
vn 0.8765 0.4783 -0.0543
vn 0.8876 0.4488 -0.1037
vn 0.8953 0.4178 -0.1544
vn 0.8994 0.3855 -0.2062
vn 0.8996 0.3519 -0.2586
vn 0.8957 0.3172 -0.3115
vn 0.8876 0.2817 -0.3644
vn 0.8809 0.2593 -0.3960
vn 0.8854 0.2707 -0.3779
vn 0.8944 0.3017 -0.3301
vn 0.9005 0.3308 -0.2823
vn 0.9037 0.3582 -0.2347
vn 0.9042 0.3838 -0.1875
vn 0.9022 0.4077 -0.1409
vn 0.8979 0.4298 -0.0950
vn 0.8915 0.4503 -0.0498
vn 0.8831 0.4692 -0.0054
vn 0.8728 0.4865 0.0381
vn 0.8609 0.5023 0.0808
vn 0.8473 0.5168 0.1225
vn 0.8323 0.5297 0.1631
vn 0.8160 0.5413 0.2026
vn 0.7985 0.5516 0.2410
vn 0.7798 0.5607 0.2783
vn 0.7601 0.5685 0.3146
vn 0.7394 0.5752 0.3498
vn 0.7176 0.5809 0.3842
vn 0.6949 0.5854 0.4176
vn 0.6712 0.5889 0.4502
vn 0.6465 0.5914 0.4819
vn 0.6209 0.5929 0.5129
vn 0.5948 0.5933 0.5424
vn 0.5678 0.5928 0.5711
vn 0.5395 0.5913 0.5994
vn 0.5103 0.5888 0.6268
vn 0.4802 0.5853 0.6534
vn 0.4491 0.5807 0.6791
vn 0.4170 0.5751 0.7039
vn 0.3840 0.5683 0.7277
vn 0.3498 0.5605 0.7507
vn 0.3145 0.5515 0.7727
vn 0.2780 0.5412 0.7936
vn 0.2403 0.5296 0.8135
vn 0.2014 0.5166 0.8322
vn 0.1613 0.5022 0.8496
vn 0.1200 0.4864 0.8654
vn 0.0778 0.4692 0.8797
vn 0.0346 0.4503 0.8922
vn -0.0097 0.4299 0.9028
vn -0.0548 0.4079 0.9114
vn -0.1010 0.3841 0.9178
vn -0.1479 0.3586 0.9217
vn -0.1953 0.3313 0.9231
vn -0.2433 0.3023 0.9216
vn -0.2916 0.2715 0.9172
vn -0.3105 0.2598 0.9144
vn -0.2790 0.2818 0.9180
vn -0.2257 0.3172 0.9211
vn -0.1729 0.3518 0.9200
vn -0.1208 0.3853 0.9149
vn -0.0699 0.4175 0.9060
vn -0.0202 0.4484 0.8936
vn 0.0278 0.4778 0.8780
vn 0.0741 0.5057 0.8595
vn 0.1185 0.5320 0.8384
vn 0.1610 0.5568 0.8149
vn 0.2014 0.5801 0.7893
vn 0.2396 0.6018 0.7619
vn 0.2755 0.6219 0.7330
vn 0.3091 0.6406 0.7029
vn 0.3404 0.6577 0.6720
vn 0.3695 0.6735 0.6403
vn 0.3964 0.6879 0.6080
vn 0.4213 0.7012 0.5752
vn 0.4443 0.7133 0.5421
vn 0.4654 0.7244 0.5086
vn 0.4847 0.7345 0.4750
vn 0.5024 0.7437 0.4411
vn 0.5184 0.7520 0.4072
vn 0.5329 0.7595 0.3731
vn 0.5458 0.7663 0.3391
vn 0.5572 0.7723 0.3052
vn 0.5672 0.7775 0.2715
vn 0.5758 0.7822 0.2379
vn 0.5831 0.7862 0.2045
vn 0.5892 0.7896 0.1713
vn 0.5940 0.7925 0.1382
vn 0.5977 0.7948 0.1051
vn 0.6002 0.7966 0.0721
vn 0.6015 0.7979 0.0390
vn 0.6017 0.7987 0.0060
vn 0.6008 0.7989 -0.0271
vn 0.5987 0.7987 -0.0601
vn 0.5955 0.7980 -0.0929
vn 0.5911 0.7967 -0.1257
vn 0.5856 0.7950 -0.1583
vn 0.5789 0.7927 -0.1909
vn 0.5711 0.7899 -0.2235
vn 0.5620 0.7865 -0.2560
vn 0.5517 0.7826 -0.2885
vn 0.5400 0.7780 -0.3211
vn 0.5270 0.7727 -0.3537
vn 0.5126 0.7668 -0.3864
vn 0.4171 0.8378 -0.3523
vn 0.4034 0.8319 -0.3809
vn 0.3886 0.8254 -0.4096
vn 0.3724 0.8180 -0.4383
vn 0.3547 0.8099 -0.4671
vn 0.3356 0.8009 -0.4960
vn 0.3148 0.7908 -0.5249
vn 0.2923 0.7797 -0.5537
vn 0.2680 0.7674 -0.5826
vn 0.2416 0.7537 -0.6112
vn 0.2131 0.7385 -0.6396
vn 0.1824 0.7218 -0.6676
vn 0.1493 0.7033 -0.6951
vn 0.1139 0.6829 -0.7216
vn 0.0761 0.6605 -0.7469
vn 0.0361 0.6362 -0.7707
vn -0.0062 0.6096 -0.7927
vn -0.0507 0.5808 -0.8125
vn -0.0973 0.5497 -0.8297
vn -0.1459 0.5161 -0.8440
vn -0.1963 0.4802 -0.8549
vn -0.2482 0.4420 -0.8620
vn -0.3011 0.4016 -0.8649
vn -0.3547 0.3592 -0.8632
vn -0.3868 0.3323 -0.8602
vn -0.3682 0.3462 -0.8629
vn -0.3197 0.3835 -0.8665
vn -0.2717 0.4179 -0.8669
vn -0.2244 0.4497 -0.8645
vn -0.1782 0.4788 -0.8597
vn -0.1331 0.5054 -0.8526
vn -0.0891 0.5297 -0.8435
vn -0.0464 0.5517 -0.8327
vn -0.0049 0.5717 -0.8204
vn 0.0354 0.5898 -0.8068
vn 0.0744 0.6061 -0.7919
vn 0.1123 0.6207 -0.7760
vn 0.1489 0.6337 -0.7591
vn 0.1842 0.6452 -0.7415
vn 0.2184 0.6552 -0.7232
vn 0.2514 0.6640 -0.7042
vn 0.2834 0.6716 -0.6846
vn 0.3144 0.6780 -0.6645
vn 0.3447 0.6833 -0.6437
vn 0.3740 0.6876 -0.6224
vn 0.4027 0.6909 -0.6004
vn 0.4307 0.6932 -0.5779
vn 0.4582 0.6946 -0.5546
vn 0.4845 0.6950 -0.5312
vn 0.5102 0.6945 -0.5073
vn 0.5357 0.6931 -0.4822
vn 0.5608 0.6908 -0.4565
vn 0.5852 0.6874 -0.4301
vn 0.6091 0.6831 -0.4029
vn 0.6325 0.6778 -0.3748
vn 0.6554 0.6714 -0.3459
vn 0.6779 0.6638 -0.3159
vn 0.6998 0.6551 -0.2849
vn 0.7212 0.6450 -0.2528
vn 0.7420 0.6335 -0.2193
vn 0.7621 0.6206 -0.1845
vn 0.7815 0.6060 -0.1484
vn 0.7999 0.5897 -0.1111
vn 0.8173 0.5717 -0.0724
vn 0.8333 0.5518 -0.0324
vn 0.8481 0.5298 0.0090
vn 0.8612 0.5056 0.0517
vn 0.8725 0.4791 0.0959
vn 0.8817 0.4501 0.1414
vn 0.8886 0.4185 0.1880
vn 0.8927 0.3842 0.2356
vn 0.8937 0.3472 0.2841
vn 0.8929 0.3328 0.3033
vn 0.8928 0.3593 0.2716
vn 0.8894 0.4016 0.2183
vn 0.8816 0.4418 0.1660
vn 0.8697 0.4799 0.1152
vn 0.8542 0.5157 0.0662
vn 0.8355 0.5492 0.0193
vn 0.8140 0.5803 -0.0254
vn 0.7902 0.6090 -0.0678
vn 0.7645 0.6355 -0.1077
vn 0.7372 0.6599 -0.1453
vn 0.7085 0.6822 -0.1804
vn 0.6789 0.7026 -0.2131
vn 0.6486 0.7211 -0.2435
vn 0.6179 0.7379 -0.2714
vn 0.5871 0.7530 -0.2971
vn 0.5561 0.7667 -0.3207
vn 0.5253 0.7791 -0.3422
vn 0.4945 0.7902 -0.3620
vn 0.4639 0.8003 -0.3799
vn 0.4334 0.8094 -0.3963
vn 0.4032 0.8175 -0.4112
vn 0.3731 0.8249 -0.4247
vn 0.3432 0.8315 -0.4368
vn 0.3136 0.8374 -0.4477
vn 0.2842 0.8426 -0.4573
vn 0.2552 0.8473 -0.4658
vn 0.2265 0.8513 -0.4732
vn 0.1982 0.8549 -0.4795
vn 0.1701 0.8579 -0.4848
vn 0.1423 0.8605 -0.4892
vn 0.1146 0.8627 -0.4926
vn 0.0871 0.8644 -0.4952
vn 0.0597 0.8658 -0.4969
vn 0.0323 0.8667 -0.4977
vn 0.0050 0.8673 -0.4978
vn -0.0224 0.8675 -0.4969
vn -0.0497 0.8673 -0.4952
vn -0.0769 0.8668 -0.4927
vn -0.1041 0.8659 -0.4893
vn -0.1312 0.8645 -0.4851
vn -0.1584 0.8628 -0.4800
vn -0.1856 0.8607 -0.4741
vn -0.2129 0.8582 -0.4672
vn -0.2403 0.8552 -0.4593
vn -0.2679 0.8517 -0.4504
vn -0.2957 0.8477 -0.4405
vn -0.3238 0.8431 -0.4294
vn -0.3523 0.8378 -0.4171
vn -0.3809 0.8319 -0.4034
vn -0.4096 0.8254 -0.3886
vn -0.4383 0.8180 -0.3724
vn -0.4671 0.8099 -0.3547
vn -0.4960 0.8009 -0.3356
vn -0.5249 0.7908 -0.3148
vn -0.5537 0.7797 -0.2923
vn -0.5825 0.7674 -0.2680
vn -0.6112 0.7537 -0.2416
vn -0.6396 0.7385 -0.2131
vn -0.6676 0.7218 -0.1824
vn -0.6951 0.7033 -0.1493
vn -0.7216 0.6829 -0.1139
vn -0.7469 0.6605 -0.0761
vn -0.7707 0.6362 -0.0361
vn -0.7927 0.6096 0.0062
vn -0.8125 0.5808 0.0507
vn -0.8297 0.5497 0.0973
vn -0.8440 0.5161 0.1459
vn -0.8549 0.4802 0.1963
vn -0.8620 0.4420 0.2482
vn -0.8649 0.4016 0.3011
vn -0.8632 0.3592 0.3547
vn -0.8602 0.3323 0.3868
vn -0.8628 0.3462 0.3682
vn -0.8665 0.3835 0.3197
vn -0.8669 0.4179 0.2717
vn -0.8645 0.4496 0.2244
vn -0.8597 0.4788 0.1782
vn -0.8526 0.5054 0.1331
vn -0.8435 0.5297 0.0891
vn -0.8327 0.5517 0.0464
vn -0.8204 0.5718 0.0049
vn -0.8068 0.5898 -0.0354
vn -0.7919 0.6061 -0.0744
vn -0.7760 0.6207 -0.1123
vn -0.7591 0.6337 -0.1489
vn -0.7415 0.6452 -0.1842
vn -0.7232 0.6552 -0.2184
vn -0.7042 0.6640 -0.2514
vn -0.6846 0.6716 -0.2834
vn -0.6644 0.6780 -0.3144
vn -0.6437 0.6833 -0.3447
vn -0.6224 0.6876 -0.3740
vn -0.6004 0.6909 -0.4027
vn -0.5779 0.6932 -0.4307
vn -0.5546 0.6946 -0.4582
vn -0.5312 0.6950 -0.4845
vn -0.5073 0.6945 -0.5102
vn -0.4822 0.6931 -0.5357
vn -0.4565 0.6908 -0.5608
vn -0.4301 0.6874 -0.5852
vn -0.4029 0.6831 -0.6091
vn -0.3748 0.6778 -0.6325
vn -0.3459 0.6714 -0.6555
vn -0.3159 0.6638 -0.6779
vn -0.2849 0.6551 -0.6998
vn -0.2527 0.6450 -0.7212
vn -0.2193 0.6335 -0.7420
vn -0.1845 0.6206 -0.7621
vn -0.1484 0.6060 -0.7815
vn -0.1111 0.5897 -0.7999
vn -0.0724 0.5717 -0.8172
vn -0.0324 0.5518 -0.8334
vn 0.0090 0.5298 -0.8481
vn 0.0517 0.5056 -0.8612
vn 0.0959 0.4791 -0.8725
vn 0.1414 0.4501 -0.8817
vn 0.1880 0.4185 -0.8886
vn 0.2356 0.3842 -0.8927
vn 0.2841 0.3472 -0.8937
vn 0.3032 0.3328 -0.8929
vn 0.2716 0.3593 -0.8928
vn 0.2183 0.4016 -0.8894
vn 0.1660 0.4418 -0.8816
vn 0.1152 0.4799 -0.8697
vn 0.0662 0.5157 -0.8542
vn 0.0193 0.5492 -0.8355
vn -0.0254 0.5803 -0.8140
vn -0.0678 0.6090 -0.7902
vn -0.1077 0.6355 -0.7645
vn -0.1453 0.6599 -0.7372
vn -0.1804 0.6822 -0.7085
vn -0.2132 0.7026 -0.6789
vn -0.2435 0.7211 -0.6486
vn -0.2714 0.7379 -0.6179
vn -0.2971 0.7530 -0.5871
vn -0.3207 0.7667 -0.5561
vn -0.3422 0.7791 -0.5253
vn -0.3620 0.7902 -0.4945
vn -0.3799 0.8003 -0.4639
vn -0.3963 0.8094 -0.4334
vn -0.4112 0.8175 -0.4032
vn -0.4247 0.8249 -0.3731
vn -0.4368 0.8315 -0.3432
vn -0.4477 0.8374 -0.3136
vn -0.4573 0.8426 -0.2842
vn -0.4658 0.8473 -0.2552
vn -0.4732 0.8513 -0.2265
vn -0.4795 0.8549 -0.1982
vn -0.4848 0.8579 -0.1701
vn -0.4892 0.8605 -0.1423
vn -0.4926 0.8627 -0.1146
vn -0.4952 0.8644 -0.0871
vn -0.4969 0.8658 -0.0597
vn -0.4977 0.8667 -0.0323
vn -0.4978 0.8673 -0.0050
vn -0.4969 0.8675 0.0224
vn -0.4952 0.8673 0.0497
vn -0.4927 0.8668 0.0769
vn -0.4893 0.8659 0.1041
vn -0.4851 0.8645 0.1312
vn -0.4800 0.8628 0.1584
vn -0.4741 0.8607 0.1856
vn -0.4672 0.8582 0.2129
vn -0.4593 0.8552 0.2403
vn -0.4504 0.8517 0.2679
vn -0.4405 0.8477 0.2957
vn -0.4294 0.8431 0.3238
vn -0.4171 0.8378 0.3523
vn -0.4034 0.8319 0.3809
vn -0.3886 0.8254 0.4096
vn -0.3724 0.8180 0.4383
vn -0.3547 0.8099 0.4671
vn -0.3356 0.8009 0.4960
vn -0.3148 0.7908 0.5249
vn -0.2923 0.7797 0.5537
vn -0.2680 0.7674 0.5826
vn -0.2416 0.7537 0.6112
vn -0.2131 0.7385 0.6396
vn -0.1824 0.7218 0.6676
vn -0.1493 0.7033 0.6951
vn -0.1139 0.6829 0.7216
vn -0.0761 0.6605 0.7469
vn -0.0361 0.6362 0.7707
vn 0.0062 0.6096 0.7927
vn 0.0507 0.5808 0.8125
vn 0.0973 0.5497 0.8297
vn 0.1459 0.5161 0.8440
vn 0.1963 0.4802 0.8549
vn 0.2482 0.4420 0.8620
vn 0.3011 0.4016 0.8649
vn 0.3547 0.3592 0.8632
vn 0.3868 0.3323 0.8602
vn 0.3682 0.3462 0.8629
vn 0.3197 0.3835 0.8665
vn 0.2717 0.4179 0.8669
vn 0.2244 0.4497 0.8645
vn 0.1782 0.4788 0.8597
vn 0.1331 0.5054 0.8526
vn 0.0891 0.5297 0.8435
vn 0.0464 0.5517 0.8327
vn 0.0049 0.5717 0.8204
vn -0.0354 0.5898 0.8068
vn -0.0744 0.6061 0.7919
vn -0.1123 0.6207 0.7760
vn -0.1489 0.6337 0.7591
vn -0.1842 0.6452 0.7415
vn -0.2184 0.6552 0.7232
vn -0.2514 0.6640 0.7042
vn -0.2834 0.6716 0.6846
vn -0.3144 0.6780 0.6645
vn -0.3447 0.6833 0.6437
vn -0.3740 0.6876 0.6224
vn -0.4027 0.6909 0.6004
vn -0.4307 0.6932 0.5779
vn -0.4582 0.6946 0.5546
vn -0.4845 0.6950 0.5312
vn -0.5102 0.6945 0.5073
vn -0.5357 0.6931 0.4822
vn -0.5608 0.6908 0.4565
vn -0.5852 0.6874 0.4301
vn -0.6091 0.6831 0.4029
vn -0.6325 0.6778 0.3748
vn -0.6554 0.6714 0.3459
vn -0.6779 0.6638 0.3159
vn -0.6998 0.6551 0.2849
vn -0.7212 0.6450 0.2528
vn -0.7420 0.6335 0.2193
vn -0.7621 0.6206 0.1845
vn -0.7815 0.6060 0.1484
vn -0.7999 0.5897 0.1111
vn -0.8173 0.5717 0.0724
vn -0.8333 0.5518 0.0324
vn -0.8481 0.5298 -0.0090
vn -0.8612 0.5056 -0.0517
vn -0.8725 0.4791 -0.0959
vn -0.8817 0.4501 -0.1414
vn -0.8886 0.4185 -0.1880
vn -0.8927 0.3842 -0.2356
vn -0.8937 0.3472 -0.2841
vn -0.8929 0.3328 -0.3033
vn -0.8928 0.3593 -0.2716
vn -0.8894 0.4016 -0.2183
vn -0.8816 0.4418 -0.1660
vn -0.8697 0.4799 -0.1152
vn -0.8542 0.5157 -0.0662
vn -0.8355 0.5492 -0.0193
vn -0.8140 0.5803 0.0254
vn -0.7902 0.6090 0.0678
vn -0.7645 0.6355 0.1077
vn -0.7372 0.6599 0.1453
vn -0.7085 0.6822 0.1804
vn -0.6789 0.7026 0.2131
vn -0.6486 0.7211 0.2435
vn -0.6179 0.7379 0.2714
vn -0.5871 0.7530 0.2971
vn -0.5561 0.7667 0.3207
vn -0.5253 0.7791 0.3422
vn -0.4945 0.7902 0.3620
vn -0.4639 0.8003 0.3799
vn -0.4334 0.8094 0.3963
vn -0.4032 0.8175 0.4112
vn -0.3731 0.8249 0.4247
vn -0.3432 0.8315 0.4368
vn -0.3136 0.8374 0.4477
vn -0.2842 0.8426 0.4573
vn -0.2552 0.8473 0.4658
vn -0.2265 0.8513 0.4732
vn -0.1982 0.8549 0.4795
vn -0.1701 0.8579 0.4848
vn -0.1423 0.8605 0.4892
vn -0.1146 0.8627 0.4926
vn -0.0871 0.8644 0.4952
vn -0.0597 0.8658 0.4969
vn -0.0323 0.8667 0.4977
vn -0.0050 0.8673 0.4978
vn 0.0224 0.8675 0.4969
vn 0.0497 0.8673 0.4952
vn 0.0769 0.8668 0.4927
vn 0.1041 0.8659 0.4893
vn 0.1312 0.8645 0.4851
vn 0.1584 0.8628 0.4800
vn 0.1856 0.8607 0.4741
vn 0.2129 0.8582 0.4672
vn 0.2403 0.8552 0.4593
vn 0.2679 0.8517 0.4504
vn 0.2957 0.8477 0.4405
vn 0.3238 0.8431 0.4294
vn 0.3523 0.8378 0.4171
vn 0.3809 0.8319 0.4034
vn 0.4096 0.8254 0.3886
vn 0.4383 0.8180 0.3724
vn 0.4671 0.8099 0.3547
vn 0.4960 0.8009 0.3356
vn 0.5249 0.7908 0.3148
vn 0.5537 0.7797 0.2923
vn 0.5825 0.7674 0.2680
vn 0.6112 0.7537 0.2416
vn 0.6396 0.7385 0.2131
vn 0.6676 0.7218 0.1824
vn 0.6951 0.7033 0.1493
vn 0.7216 0.6829 0.1139
vn 0.7469 0.6605 0.0761
vn 0.7707 0.6362 0.0361
vn 0.7927 0.6096 -0.0062
vn 0.8125 0.5808 -0.0507
vn 0.8297 0.5497 -0.0973
vn 0.8440 0.5161 -0.1459
vn 0.8549 0.4802 -0.1963
vn 0.8620 0.4420 -0.2482
vn 0.8649 0.4016 -0.3011
vn 0.8632 0.3592 -0.3547
vn 0.8602 0.3323 -0.3868
vn 0.8628 0.3462 -0.3682
vn 0.8665 0.3835 -0.3197
vn 0.8669 0.4179 -0.2717
vn 0.8645 0.4496 -0.2244
vn 0.8597 0.4788 -0.1782
vn 0.8526 0.5054 -0.1331
vn 0.8435 0.5297 -0.0891
vn 0.8327 0.5517 -0.0464
vn 0.8204 0.5718 -0.0049
vn 0.8068 0.5898 0.0354
vn 0.7919 0.6061 0.0744
vn 0.7760 0.6207 0.1123
vn 0.7591 0.6337 0.1489
vn 0.7415 0.6452 0.1842
vn 0.7232 0.6552 0.2184
vn 0.7042 0.6640 0.2514
vn 0.6846 0.6716 0.2834
vn 0.6644 0.6780 0.3144
vn 0.6437 0.6833 0.3447
vn 0.6224 0.6876 0.3740
vn 0.6004 0.6909 0.4027
vn 0.5779 0.6932 0.4307
vn 0.5546 0.6946 0.4582
vn 0.5312 0.6950 0.4845
vn 0.5073 0.6945 0.5102
vn 0.4822 0.6931 0.5357
vn 0.4565 0.6908 0.5608
vn 0.4301 0.6874 0.5852
vn 0.4029 0.6831 0.6091
vn 0.3748 0.6778 0.6325
vn 0.3459 0.6714 0.6555
vn 0.3159 0.6638 0.6779
vn 0.2849 0.6551 0.6998
vn 0.2527 0.6450 0.7212
vn 0.2193 0.6335 0.7420
vn 0.1845 0.6206 0.7621
vn 0.1484 0.6060 0.7815
vn 0.1111 0.5897 0.7999
vn 0.0724 0.5717 0.8172
vn 0.0324 0.5518 0.8334
vn -0.0090 0.5298 0.8481
vn -0.0517 0.5056 0.8612
vn -0.0959 0.4791 0.8725
vn -0.1414 0.4501 0.8817
vn -0.1880 0.4185 0.8886
vn -0.2356 0.3842 0.8927
vn -0.2841 0.3472 0.8937
vn -0.3032 0.3328 0.8929
vn -0.2716 0.3593 0.8928
vn -0.2183 0.4016 0.8894
vn -0.1660 0.4418 0.8816
vn -0.1152 0.4799 0.8697
vn -0.0662 0.5157 0.8542
vn -0.0193 0.5492 0.8355
vn 0.0254 0.5803 0.8140
vn 0.0678 0.6090 0.7902
vn 0.1077 0.6355 0.7645
vn 0.1453 0.6599 0.7372
vn 0.1804 0.6822 0.7085
vn 0.2132 0.7026 0.6789
vn 0.2435 0.7211 0.6486
vn 0.2714 0.7379 0.6179
vn 0.2971 0.7530 0.5871
vn 0.3207 0.7667 0.5561
vn 0.3422 0.7791 0.5253
vn 0.3620 0.7902 0.4945
vn 0.3799 0.8003 0.4639
vn 0.3963 0.8094 0.4334
vn 0.4112 0.8175 0.4032
vn 0.4247 0.8249 0.3731
vn 0.4368 0.8315 0.3432
vn 0.4477 0.8374 0.3136
vn 0.4573 0.8426 0.2842
vn 0.4658 0.8473 0.2552
vn 0.4732 0.8513 0.2265
vn 0.4795 0.8549 0.1982
vn 0.4848 0.8579 0.1701
vn 0.4892 0.8605 0.1423
vn 0.4926 0.8627 0.1146
vn 0.4952 0.8644 0.0871
vn 0.4969 0.8658 0.0597
vn 0.4977 0.8667 0.0323
vn 0.4978 0.8673 0.0050
vn 0.4969 0.8675 -0.0224
vn 0.4952 0.8673 -0.0497
vn 0.4927 0.8668 -0.0769
vn 0.4893 0.8659 -0.1041
vn 0.4851 0.8645 -0.1312
vn 0.4800 0.8628 -0.1584
vn 0.4741 0.8607 -0.1856
vn 0.4672 0.8582 -0.2129
vn 0.4593 0.8552 -0.2403
vn 0.4504 0.8517 -0.2679
vn 0.4405 0.8477 -0.2957
vn 0.4294 0.8431 -0.3238
vn 0.3420 0.8942 -0.2890
vn 0.3316 0.8899 -0.3133
vn 0.3202 0.8851 -0.3377
vn 0.3077 0.8797 -0.3624
vn 0.2941 0.8737 -0.3875
vn 0.2792 0.8669 -0.4129
vn 0.2629 0.8594 -0.4386
vn 0.2451 0.8508 -0.4647
vn 0.2257 0.8413 -0.4912
vn 0.2045 0.8305 -0.5181
vn 0.1814 0.8184 -0.5453
vn 0.1562 0.8048 -0.5727
vn 0.1286 0.7894 -0.6003
vn 0.0987 0.7721 -0.6278
vn 0.0664 0.7528 -0.6549
vn 0.0316 0.7311 -0.6815
vn -0.0059 0.7069 -0.7073
vn -0.0461 0.6800 -0.7318
vn -0.0889 0.6500 -0.7547
vn -0.1345 0.6167 -0.7756
vn -0.1827 0.5799 -0.7939
vn -0.2333 0.5396 -0.8090
vn -0.2859 0.4955 -0.8202
vn -0.3401 0.4479 -0.8269
vn -0.3727 0.4171 -0.8289
vn -0.3537 0.4334 -0.8289
vn -0.3044 0.4758 -0.8252
vn -0.2563 0.5141 -0.8186
vn -0.2100 0.5484 -0.8094
vn -0.1654 0.5791 -0.7983
vn -0.1224 0.6065 -0.7856
vn -0.0814 0.6309 -0.7716
vn -0.0420 0.6526 -0.7565
vn -0.0042 0.6719 -0.7406
vn 0.0319 0.6891 -0.7240
vn 0.0665 0.7042 -0.7068
vn 0.0999 0.7176 -0.6892
vn 0.1318 0.7294 -0.6713
vn 0.1624 0.7396 -0.6531
vn 0.1918 0.7485 -0.6347
vn 0.2201 0.7562 -0.6162
vn 0.2474 0.7628 -0.5975
vn 0.2739 0.7683 -0.5786
vn 0.2996 0.7728 -0.5594
vn 0.3246 0.7765 -0.5401
vn 0.3491 0.7793 -0.5204
vn 0.3731 0.7812 -0.5005
vn 0.3966 0.7824 -0.4801
vn 0.4194 0.7828 -0.4598
vn 0.4416 0.7824 -0.4391
vn 0.4640 0.7812 -0.4177
vn 0.4861 0.7792 -0.3957
vn 0.5079 0.7764 -0.3733
vn 0.5294 0.7727 -0.3502
vn 0.5508 0.7681 -0.3265
vn 0.5721 0.7626 -0.3020
vn 0.5932 0.7560 -0.2766
vn 0.6143 0.7484 -0.2502
vn 0.6352 0.7395 -0.2227
vn 0.6561 0.7293 -0.1941
vn 0.6769 0.7175 -0.1640
vn 0.6976 0.7042 -0.1326
vn 0.7179 0.6890 -0.0998
vn 0.7377 0.6719 -0.0655
vn 0.7570 0.6527 -0.0296
vn 0.7757 0.6311 0.0080
vn 0.7935 0.6067 0.0475
vn 0.8102 0.5794 0.0889
vn 0.8254 0.5488 0.1322
vn 0.8388 0.5147 0.1773
vn 0.8500 0.4767 0.2243
vn 0.8584 0.4344 0.2728
vn 0.8603 0.4178 0.2922
vn 0.8552 0.4480 0.2605
vn 0.8435 0.4955 0.2074
vn 0.8274 0.5394 0.1562
vn 0.8078 0.5796 0.1074
vn 0.7851 0.6163 0.0613
vn 0.7601 0.6495 0.0180
vn 0.7334 0.6795 -0.0225
vn 0.7053 0.7064 -0.0601
vn 0.6762 0.7306 -0.0949
vn 0.6466 0.7522 -0.1271
vn 0.6166 0.7715 -0.1567
vn 0.5865 0.7888 -0.1838
vn 0.5565 0.8042 -0.2086
vn 0.5269 0.8179 -0.2312
vn 0.4978 0.8300 -0.2517
vn 0.4691 0.8408 -0.2702
vn 0.4410 0.8504 -0.2871
vn 0.4134 0.8589 -0.3023
vn 0.3862 0.8665 -0.3162
vn 0.3596 0.8733 -0.3286
vn 0.3334 0.8794 -0.3399
vn 0.3077 0.8848 -0.3500
vn 0.2823 0.8896 -0.3591
vn 0.2573 0.8938 -0.3672
vn 0.2328 0.8976 -0.3743
vn 0.2086 0.9009 -0.3806
vn 0.1849 0.9038 -0.3860
vn 0.1615 0.9063 -0.3906
vn 0.1385 0.9084 -0.3944
vn 0.1157 0.9103 -0.3976
vn 0.0931 0.9118 -0.4000
vn 0.0707 0.9130 -0.4018
vn 0.0484 0.9139 -0.4030
vn 0.0262 0.9146 -0.4035
vn 0.0040 0.9150 -0.4035
vn -0.0181 0.9151 -0.4027
vn -0.0403 0.9150 -0.4014
vn -0.0624 0.9146 -0.3994
vn -0.0844 0.9140 -0.3969
vn -0.1065 0.9131 -0.3936
vn -0.1286 0.9119 -0.3898
vn -0.1508 0.9104 -0.3853
vn -0.1732 0.9086 -0.3800
vn -0.1958 0.9065 -0.3741
vn -0.2186 0.9040 -0.3674
vn -0.2417 0.9012 -0.3598
vn -0.2651 0.8979 -0.3514
vn -0.2890 0.8942 -0.3420
vn -0.3133 0.8899 -0.3316
vn -0.3377 0.8851 -0.3202
vn -0.3624 0.8797 -0.3077
vn -0.3875 0.8737 -0.2941
vn -0.4129 0.8669 -0.2792
vn -0.4386 0.8594 -0.2629
vn -0.4647 0.8508 -0.2451
vn -0.4912 0.8413 -0.2257
vn -0.5181 0.8305 -0.2045
vn -0.5453 0.8184 -0.1814
vn -0.5727 0.8048 -0.1562
vn -0.6003 0.7894 -0.1286
vn -0.6278 0.7721 -0.0987
vn -0.6549 0.7528 -0.0664
vn -0.6815 0.7311 -0.0316
vn -0.7073 0.7069 0.0059
vn -0.7318 0.6800 0.0461
vn -0.7547 0.6500 0.0889
vn -0.7756 0.6167 0.1345
vn -0.7939 0.5799 0.1827
vn -0.8090 0.5396 0.2333
vn -0.8202 0.4955 0.2859
vn -0.8269 0.4479 0.3401
vn -0.8289 0.4171 0.3727
vn -0.8289 0.4334 0.3537
vn -0.8252 0.4758 0.3044
vn -0.8186 0.5140 0.2564
vn -0.8094 0.5484 0.2100
vn -0.7984 0.5790 0.1653
vn -0.7856 0.6065 0.1225
vn -0.7716 0.6309 0.0814
vn -0.7565 0.6526 0.0420
vn -0.7406 0.6719 0.0043
vn -0.7240 0.6891 -0.0319
vn -0.7069 0.7042 -0.0665
vn -0.6892 0.7176 -0.0998
vn -0.6713 0.7294 -0.1318
vn -0.6531 0.7396 -0.1624
vn -0.6348 0.7485 -0.1918
vn -0.6162 0.7562 -0.2201
vn -0.5975 0.7628 -0.2474
vn -0.5786 0.7683 -0.2739
vn -0.5594 0.7728 -0.2996
vn -0.5401 0.7765 -0.3246
vn -0.5204 0.7793 -0.3491
vn -0.5005 0.7813 -0.3731
vn -0.4801 0.7824 -0.3966
vn -0.4598 0.7828 -0.4194
vn -0.4392 0.7824 -0.4416
vn -0.4176 0.7812 -0.4640
vn -0.3957 0.7792 -0.4861
vn -0.3733 0.7764 -0.5078
vn -0.3502 0.7727 -0.5294
vn -0.3265 0.7681 -0.5508
vn -0.3019 0.7626 -0.5721
vn -0.2766 0.7561 -0.5932
vn -0.2502 0.7484 -0.6143
vn -0.2227 0.7395 -0.6352
vn -0.1941 0.7292 -0.6562
vn -0.1641 0.7175 -0.6770
vn -0.1326 0.7041 -0.6976
vn -0.0998 0.6890 -0.7179
vn -0.0655 0.6719 -0.7377
vn -0.0296 0.6527 -0.7571
vn 0.0080 0.6310 -0.7757
vn 0.0475 0.6067 -0.7935
vn 0.0888 0.5794 -0.8102
vn 0.1322 0.5488 -0.8254
vn 0.1774 0.5147 -0.8389
vn 0.2242 0.4766 -0.8500
vn 0.2728 0.4344 -0.8584
vn 0.2922 0.4178 -0.8603
vn 0.2605 0.4480 -0.8552
vn 0.2074 0.4955 -0.8435
vn 0.1562 0.5394 -0.8274
vn 0.1074 0.5796 -0.8078
vn 0.0613 0.6163 -0.7851
vn 0.0180 0.6495 -0.7601
vn -0.0225 0.6795 -0.7334
vn -0.0601 0.7064 -0.7053
vn -0.0949 0.7306 -0.6762
vn -0.1271 0.7522 -0.6466
vn -0.1567 0.7715 -0.6166
vn -0.1838 0.7888 -0.5865
vn -0.2086 0.8042 -0.5565
vn -0.2312 0.8179 -0.5269
vn -0.2517 0.8300 -0.4978
vn -0.2702 0.8408 -0.4691
vn -0.2871 0.8504 -0.4410
vn -0.3023 0.8589 -0.4134
vn -0.3162 0.8665 -0.3862
vn -0.3286 0.8733 -0.3596
vn -0.3399 0.8794 -0.3334
vn -0.3500 0.8848 -0.3077
vn -0.3591 0.8896 -0.2823
vn -0.3672 0.8938 -0.2573
vn -0.3743 0.8976 -0.2328
vn -0.3806 0.9009 -0.2086
vn -0.3860 0.9038 -0.1849
vn -0.3906 0.9063 -0.1615
vn -0.3944 0.9084 -0.1385
vn -0.3976 0.9103 -0.1157
vn -0.4000 0.9118 -0.0931
vn -0.4018 0.9130 -0.0707
vn -0.4030 0.9139 -0.0484
vn -0.4035 0.9146 -0.0262
vn -0.4035 0.9150 -0.0040
vn -0.4027 0.9151 0.0181
vn -0.4014 0.9150 0.0403
vn -0.3994 0.9146 0.0624
vn -0.3969 0.9140 0.0844
vn -0.3936 0.9131 0.1065
vn -0.3898 0.9119 0.1286
vn -0.3853 0.9104 0.1508
vn -0.3800 0.9086 0.1732
vn -0.3741 0.9065 0.1958
vn -0.3674 0.9040 0.2186
vn -0.3598 0.9012 0.2417
vn -0.3514 0.8979 0.2651
vn -0.3420 0.8942 0.2890
vn -0.3316 0.8899 0.3133
vn -0.3202 0.8851 0.3377
vn -0.3077 0.8797 0.3624
vn -0.2941 0.8737 0.3875
vn -0.2792 0.8669 0.4129
vn -0.2629 0.8594 0.4386
vn -0.2451 0.8508 0.4647
vn -0.2257 0.8413 0.4912
vn -0.2045 0.8305 0.5181
vn -0.1814 0.8184 0.5453
vn -0.1562 0.8048 0.5727
vn -0.1286 0.7894 0.6003
vn -0.0987 0.7721 0.6278
vn -0.0664 0.7528 0.6549
vn -0.0316 0.7311 0.6815
vn 0.0059 0.7069 0.7073
vn 0.0461 0.6800 0.7318
vn 0.0889 0.6500 0.7547
vn 0.1345 0.6167 0.7756
vn 0.1827 0.5799 0.7939
vn 0.2333 0.5396 0.8090
vn 0.2859 0.4955 0.8202
vn 0.3401 0.4479 0.8269
vn 0.3727 0.4171 0.8289
vn 0.3537 0.4334 0.8289
vn 0.3044 0.4758 0.8252
vn 0.2563 0.5141 0.8186
vn 0.2100 0.5484 0.8094
vn 0.1654 0.5791 0.7983
vn 0.1224 0.6065 0.7856
vn 0.0814 0.6309 0.7716
vn 0.0420 0.6526 0.7565
vn 0.0042 0.6719 0.7406
vn -0.0319 0.6891 0.7240
vn -0.0665 0.7042 0.7068
vn -0.0999 0.7176 0.6892
vn -0.1318 0.7294 0.6713
vn -0.1624 0.7396 0.6531
vn -0.1918 0.7485 0.6347
vn -0.2201 0.7562 0.6162
vn -0.2474 0.7628 0.5975
vn -0.2739 0.7683 0.5786
vn -0.2996 0.7728 0.5594
vn -0.3246 0.7765 0.5401
vn -0.3491 0.7793 0.5204
vn -0.3731 0.7812 0.5005
vn -0.3966 0.7824 0.4801
vn -0.4194 0.7828 0.4598
vn -0.4416 0.7824 0.4391
vn -0.4640 0.7812 0.4177
vn -0.4861 0.7792 0.3957
vn -0.5079 0.7764 0.3733
vn -0.5294 0.7727 0.3502
vn -0.5508 0.7681 0.3265
vn -0.5721 0.7626 0.3020
vn -0.5932 0.7560 0.2766
vn -0.6143 0.7484 0.2502
vn -0.6352 0.7395 0.2227
vn -0.6561 0.7293 0.1941
vn -0.6769 0.7175 0.1640
vn -0.6976 0.7042 0.1326
vn -0.7179 0.6890 0.0998
vn -0.7377 0.6719 0.0655
vn -0.7570 0.6527 0.0296
vn -0.7757 0.6311 -0.0080
vn -0.7935 0.6067 -0.0475
vn -0.8102 0.5794 -0.0889
vn -0.8254 0.5488 -0.1322
vn -0.8388 0.5147 -0.1773
vn -0.8500 0.4767 -0.2243
vn -0.8584 0.4344 -0.2728
vn -0.8603 0.4178 -0.2922
vn -0.8552 0.4480 -0.2605
vn -0.8435 0.4955 -0.2074
vn -0.8274 0.5394 -0.1562
vn -0.8078 0.5796 -0.1074
vn -0.7851 0.6163 -0.0613
vn -0.7601 0.6495 -0.0180
vn -0.7334 0.6795 0.0225
vn -0.7053 0.7064 0.0601
vn -0.6762 0.7306 0.0949
vn -0.6466 0.7522 0.1271
vn -0.6166 0.7715 0.1567
vn -0.5865 0.7888 0.1838
vn -0.5565 0.8042 0.2086
vn -0.5269 0.8179 0.2312
vn -0.4978 0.8300 0.2517
vn -0.4691 0.8408 0.2702
vn -0.4410 0.8504 0.2871
vn -0.4134 0.8589 0.3023
vn -0.3862 0.8665 0.3162
vn -0.3596 0.8733 0.3286
vn -0.3334 0.8794 0.3399
vn -0.3077 0.8848 0.3500
vn -0.2823 0.8896 0.3591
vn -0.2573 0.8938 0.3672
vn -0.2328 0.8976 0.3743
vn -0.2086 0.9009 0.3806
vn -0.1849 0.9038 0.3860
vn -0.1615 0.9063 0.3906
vn -0.1385 0.9084 0.3944
vn -0.1157 0.9103 0.3976
vn -0.0931 0.9118 0.4000
vn -0.0707 0.9130 0.4018
vn -0.0484 0.9139 0.4030
vn -0.0262 0.9146 0.4035
vn -0.0040 0.9150 0.4035
vn 0.0181 0.9151 0.4027
vn 0.0403 0.9150 0.4014
vn 0.0624 0.9146 0.3994
vn 0.0844 0.9140 0.3969
vn 0.1065 0.9131 0.3936
vn 0.1286 0.9119 0.3898
vn 0.1508 0.9104 0.3853
vn 0.1732 0.9086 0.3800
vn 0.1958 0.9065 0.3741
vn 0.2186 0.9040 0.3674
vn 0.2417 0.9012 0.3598
vn 0.2651 0.8979 0.3514
vn 0.2890 0.8942 0.3420
vn 0.3133 0.8899 0.3316
vn 0.3377 0.8851 0.3202
vn 0.3624 0.8797 0.3077
vn 0.3875 0.8737 0.2941
vn 0.4129 0.8669 0.2792
vn 0.4386 0.8594 0.2629
vn 0.4647 0.8508 0.2451
vn 0.4912 0.8413 0.2257
vn 0.5181 0.8305 0.2045
vn 0.5453 0.8184 0.1814
vn 0.5727 0.8048 0.1562
vn 0.6003 0.7894 0.1286
vn 0.6278 0.7721 0.0987
vn 0.6549 0.7528 0.0664
vn 0.6815 0.7311 0.0316
vn 0.7073 0.7069 -0.0059
vn 0.7318 0.6800 -0.0461
vn 0.7547 0.6500 -0.0889
vn 0.7756 0.6167 -0.1345
vn 0.7939 0.5799 -0.1827
vn 0.8090 0.5396 -0.2333
vn 0.8202 0.4955 -0.2859
vn 0.8269 0.4479 -0.3401
vn 0.8289 0.4171 -0.3727
vn 0.8289 0.4334 -0.3537
vn 0.8252 0.4758 -0.3044
vn 0.8186 0.5140 -0.2564
vn 0.8094 0.5484 -0.2100
vn 0.7984 0.5790 -0.1653
vn 0.7856 0.6065 -0.1225
vn 0.7716 0.6309 -0.0814
vn 0.7565 0.6526 -0.0420
vn 0.7406 0.6719 -0.0043
vn 0.7240 0.6891 0.0319
vn 0.7069 0.7042 0.0665
vn 0.6892 0.7176 0.0998
vn 0.6713 0.7294 0.1318
vn 0.6531 0.7396 0.1624
vn 0.6348 0.7485 0.1918
vn 0.6162 0.7562 0.2201
vn 0.5975 0.7628 0.2474
vn 0.5786 0.7683 0.2739
vn 0.5594 0.7728 0.2996
vn 0.5401 0.7765 0.3246
vn 0.5204 0.7793 0.3491
vn 0.5005 0.7813 0.3731
vn 0.4801 0.7824 0.3966
vn 0.4598 0.7828 0.4194
vn 0.4392 0.7824 0.4416
vn 0.4176 0.7812 0.4640
vn 0.3957 0.7792 0.4861
vn 0.3733 0.7764 0.5078
vn 0.3502 0.7727 0.5294
vn 0.3265 0.7681 0.5508
vn 0.3019 0.7626 0.5721
vn 0.2766 0.7561 0.5932
vn 0.2502 0.7484 0.6143
vn 0.2227 0.7395 0.6352
vn 0.1941 0.7292 0.6562
vn 0.1641 0.7175 0.6770
vn 0.1326 0.7041 0.6976
vn 0.0998 0.6890 0.7179
vn 0.0655 0.6719 0.7377
vn 0.0296 0.6527 0.7571
vn -0.0080 0.6310 0.7757
vn -0.0475 0.6067 0.7935
vn -0.0888 0.5794 0.8102
vn -0.1322 0.5488 0.8254
vn -0.1774 0.5147 0.8389
vn -0.2242 0.4766 0.8500
vn -0.2728 0.4344 0.8584
vn -0.2922 0.4178 0.8603
vn -0.2605 0.4480 0.8552
vn -0.2074 0.4955 0.8435
vn -0.1562 0.5394 0.8274
vn -0.1074 0.5796 0.8078
vn -0.0613 0.6163 0.7851
vn -0.0180 0.6495 0.7601
vn 0.0225 0.6795 0.7334
vn 0.0601 0.7064 0.7053
vn 0.0949 0.7306 0.6762
vn 0.1271 0.7522 0.6466
vn 0.1567 0.7715 0.6166
vn 0.1838 0.7888 0.5865
vn 0.2086 0.8042 0.5565
vn 0.2312 0.8179 0.5269
vn 0.2517 0.8300 0.4978
vn 0.2702 0.8408 0.4691
vn 0.2871 0.8504 0.4410
vn 0.3023 0.8589 0.4134
vn 0.3162 0.8665 0.3862
vn 0.3286 0.8733 0.3596
vn 0.3399 0.8794 0.3334
vn 0.3500 0.8848 0.3077
vn 0.3591 0.8896 0.2823
vn 0.3672 0.8938 0.2573
vn 0.3743 0.8976 0.2328
vn 0.3806 0.9009 0.2086
vn 0.3860 0.9038 0.1849
vn 0.3906 0.9063 0.1615
vn 0.3944 0.9084 0.1385
vn 0.3976 0.9103 0.1157
vn 0.4000 0.9118 0.0931
vn 0.4018 0.9130 0.0707
vn 0.4030 0.9139 0.0484
vn 0.4035 0.9146 0.0262
vn 0.4035 0.9150 0.0040
vn 0.4027 0.9151 -0.0181
vn 0.4014 0.9150 -0.0403
vn 0.3994 0.9146 -0.0624
vn 0.3969 0.9140 -0.0844
vn 0.3936 0.9131 -0.1065
vn 0.3898 0.9119 -0.1286
vn 0.3853 0.9104 -0.1508
vn 0.3800 0.9086 -0.1732
vn 0.3741 0.9065 -0.1958
vn 0.3674 0.9040 -0.2186
vn 0.3598 0.9012 -0.2417
vn 0.3514 0.8979 -0.2651
vn 0.2702 0.9353 -0.2285
vn 0.2625 0.9325 -0.2481
vn 0.2539 0.9294 -0.2680
vn 0.2446 0.9258 -0.2883
vn 0.2343 0.9217 -0.3090
vn 0.2231 0.9172 -0.3302
vn 0.2107 0.9120 -0.3519
vn 0.1971 0.9062 -0.3742
vn 0.1822 0.8995 -0.3971
vn 0.1658 0.8919 -0.4207
vn 0.1478 0.8833 -0.4450
vn 0.1279 0.8734 -0.4700
vn 0.1059 0.8620 -0.4957
vn 0.0818 0.8490 -0.5220
vn 0.0553 0.8341 -0.5489
vn 0.0263 0.8170 -0.5760
vn -0.0055 0.7974 -0.6034
vn -0.0402 0.7749 -0.6308
vn -0.0780 0.7491 -0.6578
vn -0.1192 0.7195 -0.6842
vn -0.1638 0.6855 -0.7094
vn -0.2119 0.6468 -0.7327
vn -0.2632 0.6027 -0.7533
vn -0.3175 0.5530 -0.7704
vn -0.3503 0.5202 -0.7789
vn -0.3306 0.5382 -0.7753
vn -0.2809 0.5833 -0.7622
vn -0.2337 0.6225 -0.7470
vn -0.1893 0.6564 -0.7303
vn -0.1474 0.6857 -0.7128
vn -0.1081 0.7111 -0.6947
vn -0.0711 0.7332 -0.6763
vn -0.0363 0.7523 -0.6578
vn -0.0035 0.7689 -0.6394
vn 0.0276 0.7833 -0.6210
vn 0.0569 0.7958 -0.6028
vn 0.0849 0.8068 -0.5848
vn 0.1114 0.8162 -0.5670
vn 0.1367 0.8243 -0.5494
vn 0.1609 0.8313 -0.5321
vn 0.1841 0.8372 -0.5150
vn 0.2063 0.8422 -0.4981
vn 0.2279 0.8465 -0.4812
vn 0.2488 0.8499 -0.4645
vn 0.2692 0.8527 -0.4478
vn 0.2892 0.8548 -0.4310
vn 0.3087 0.8563 -0.4141
vn 0.3280 0.8571 -0.3971
vn 0.3468 0.8574 -0.3803
vn 0.3653 0.8571 -0.3632
vn 0.3840 0.8562 -0.3457
vn 0.4026 0.8547 -0.3278
vn 0.4211 0.8526 -0.3095
vn 0.4395 0.8498 -0.2909
vn 0.4581 0.8464 -0.2717
vn 0.4768 0.8421 -0.2518
vn 0.4958 0.8371 -0.2313
vn 0.5149 0.8311 -0.2099
vn 0.5344 0.8242 -0.1875
vn 0.5542 0.8161 -0.1641
vn 0.5743 0.8067 -0.1394
vn 0.5949 0.7958 -0.1133
vn 0.6158 0.7832 -0.0858
vn 0.6369 0.7689 -0.0568
vn 0.6583 0.7523 -0.0259
vn 0.6798 0.7333 0.0068
vn 0.7016 0.7114 0.0418
vn 0.7233 0.6860 0.0791
vn 0.7446 0.6568 0.1190
vn 0.7653 0.6231 0.1616
vn 0.7848 0.5842 0.2069
vn 0.8026 0.5393 0.2549
vn 0.8083 0.5209 0.2746
vn 0.7968 0.5531 0.2433
vn 0.7748 0.6027 0.1911
vn 0.7495 0.6466 0.1421
vn 0.7219 0.6853 0.0965
vn 0.6927 0.7191 0.0546
vn 0.6627 0.7487 0.0162
vn 0.6323 0.7745 -0.0189
vn 0.6019 0.7970 -0.0509
vn 0.5717 0.8166 -0.0798
vn 0.5420 0.8336 -0.1061
vn 0.5129 0.8486 -0.1300
vn 0.4845 0.8616 -0.1515
vn 0.4568 0.8730 -0.1710
vn 0.4301 0.8829 -0.1884
vn 0.4043 0.8916 -0.2041
vn 0.3793 0.8992 -0.2183
vn 0.3551 0.9058 -0.2310
vn 0.3317 0.9117 -0.2424
vn 0.3089 0.9169 -0.2527
vn 0.2868 0.9215 -0.2619
vn 0.2653 0.9255 -0.2702
vn 0.2442 0.9291 -0.2777
vn 0.2236 0.9323 -0.2843
vn 0.2035 0.9351 -0.2902
vn 0.1837 0.9376 -0.2953
vn 0.1644 0.9397 -0.2998
vn 0.1455 0.9416 -0.3037
vn 0.1270 0.9432 -0.3070
vn 0.1088 0.9446 -0.3098
vn 0.0908 0.9457 -0.3120
vn 0.0731 0.9467 -0.3137
vn 0.0554 0.9475 -0.3150
vn 0.0379 0.9481 -0.3158
vn 0.0205 0.9485 -0.3161
vn 0.0032 0.9488 -0.3160
vn -0.0142 0.9489 -0.3154
vn -0.0316 0.9488 -0.3144
vn -0.0489 0.9485 -0.3129
vn -0.0662 0.9481 -0.3109
vn -0.0835 0.9475 -0.3085
vn -0.1009 0.9468 -0.3057
vn -0.1184 0.9458 -0.3023
vn -0.1361 0.9447 -0.2984
vn -0.1539 0.9433 -0.2940
vn -0.1721 0.9417 -0.2890
vn -0.1905 0.9399 -0.2835
vn -0.2092 0.9378 -0.2772
vn -0.2285 0.9353 -0.2702
vn -0.2481 0.9325 -0.2625
vn -0.2680 0.9294 -0.2539
vn -0.2883 0.9258 -0.2446
vn -0.3090 0.9217 -0.2343
vn -0.3302 0.9172 -0.2231
vn -0.3519 0.9120 -0.2107
vn -0.3742 0.9062 -0.1971
vn -0.3971 0.8995 -0.1822
vn -0.4207 0.8919 -0.1658
vn -0.4450 0.8833 -0.1478
vn -0.4700 0.8734 -0.1279
vn -0.4957 0.8620 -0.1059
vn -0.5220 0.8490 -0.0818
vn -0.5489 0.8341 -0.0553
vn -0.5760 0.8170 -0.0263
vn -0.6034 0.7974 0.0055
vn -0.6308 0.7749 0.0402
vn -0.6578 0.7491 0.0780
vn -0.6842 0.7195 0.1192
vn -0.7094 0.6855 0.1638
vn -0.7327 0.6468 0.2119
vn -0.7533 0.6027 0.2632
vn -0.7704 0.5530 0.3175
vn -0.7789 0.5202 0.3503
vn -0.7753 0.5382 0.3306
vn -0.7622 0.5833 0.2809
vn -0.7469 0.6225 0.2337
vn -0.7303 0.6563 0.1892
vn -0.7128 0.6857 0.1474
vn -0.6947 0.7112 0.1081
vn -0.6763 0.7332 0.0711
vn -0.6579 0.7523 0.0363
vn -0.6394 0.7689 0.0035
vn -0.6210 0.7833 -0.0275
vn -0.6029 0.7958 -0.0569
vn -0.5848 0.8068 -0.0849
vn -0.5669 0.8162 -0.1114
vn -0.5494 0.8243 -0.1367
vn -0.5321 0.8313 -0.1609
vn -0.5149 0.8372 -0.1841
vn -0.4980 0.8423 -0.2063
vn -0.4812 0.8465 -0.2279
vn -0.4645 0.8499 -0.2488
vn -0.4477 0.8527 -0.2692
vn -0.4309 0.8548 -0.2892
vn -0.4141 0.8563 -0.3087
vn -0.3971 0.8571 -0.3281
vn -0.3803 0.8574 -0.3468
vn -0.3632 0.8571 -0.3653
vn -0.3456 0.8562 -0.3840
vn -0.3278 0.8547 -0.4025
vn -0.3096 0.8526 -0.4210
vn -0.2908 0.8498 -0.4396
vn -0.2717 0.8463 -0.4582
vn -0.2519 0.8421 -0.4769
vn -0.2313 0.8371 -0.4958
vn -0.2099 0.8311 -0.5149
vn -0.1876 0.8242 -0.5344
vn -0.1641 0.8161 -0.5542
vn -0.1394 0.8066 -0.5744
vn -0.1133 0.7958 -0.5949
vn -0.0857 0.7833 -0.6158
vn -0.0567 0.7689 -0.6369
vn -0.0259 0.7523 -0.6583
vn 0.0068 0.7333 -0.6799
vn 0.0417 0.7114 -0.7016
vn 0.0792 0.6860 -0.7232
vn 0.1190 0.6568 -0.7446
vn 0.1616 0.6231 -0.7653
vn 0.2068 0.5841 -0.7849
vn 0.2549 0.5393 -0.8026
vn 0.2747 0.5209 -0.8082
vn 0.2433 0.5531 -0.7968
vn 0.1911 0.6027 -0.7748
vn 0.1421 0.6466 -0.7495
vn 0.0965 0.6853 -0.7219
vn 0.0546 0.7191 -0.6927
vn 0.0162 0.7487 -0.6627
vn -0.0189 0.7745 -0.6323
vn -0.0509 0.7970 -0.6019
vn -0.0799 0.8166 -0.5717
vn -0.1061 0.8336 -0.5420
vn -0.1300 0.8486 -0.5129
vn -0.1515 0.8616 -0.4845
vn -0.1710 0.8730 -0.4568
vn -0.1884 0.8829 -0.4301
vn -0.2041 0.8916 -0.4043
vn -0.2183 0.8992 -0.3793
vn -0.2310 0.9058 -0.3551
vn -0.2424 0.9117 -0.3317
vn -0.2527 0.9169 -0.3089
vn -0.2619 0.9215 -0.2868
vn -0.2702 0.9255 -0.2653
vn -0.2777 0.9291 -0.2442
vn -0.2843 0.9323 -0.2236
vn -0.2902 0.9351 -0.2035
vn -0.2953 0.9376 -0.1837
vn -0.2998 0.9397 -0.1644
vn -0.3037 0.9416 -0.1455
vn -0.3070 0.9432 -0.1270
vn -0.3098 0.9446 -0.1088
vn -0.3120 0.9457 -0.0908
vn -0.3137 0.9467 -0.0730
vn -0.3150 0.9475 -0.0554
vn -0.3158 0.9481 -0.0380
vn -0.3161 0.9485 -0.0205
vn -0.3160 0.9488 -0.0032
vn -0.3154 0.9489 0.0142
vn -0.3144 0.9488 0.0316
vn -0.3129 0.9485 0.0489
vn -0.3109 0.9481 0.0662
vn -0.3085 0.9475 0.0835
vn -0.3057 0.9468 0.1009
vn -0.3023 0.9458 0.1184
vn -0.2984 0.9447 0.1361
vn -0.2940 0.9433 0.1539
vn -0.2890 0.9417 0.1721
vn -0.2835 0.9399 0.1905
vn -0.2772 0.9378 0.2092
vn -0.2702 0.9353 0.2285
vn -0.2625 0.9325 0.2481
vn -0.2539 0.9294 0.2680
vn -0.2446 0.9258 0.2883
vn -0.2343 0.9217 0.3090
vn -0.2231 0.9172 0.3302
vn -0.2107 0.9120 0.3519
vn -0.1971 0.9062 0.3742
vn -0.1822 0.8995 0.3971
vn -0.1658 0.8919 0.4207
vn -0.1478 0.8833 0.4450
vn -0.1279 0.8734 0.4700
vn -0.1059 0.8620 0.4957
vn -0.0818 0.8490 0.5220
vn -0.0553 0.8341 0.5489
vn -0.0263 0.8170 0.5760
vn 0.0055 0.7974 0.6034
vn 0.0402 0.7749 0.6308
vn 0.0780 0.7491 0.6578
vn 0.1192 0.7195 0.6842
vn 0.1638 0.6855 0.7094
vn 0.2119 0.6468 0.7327
vn 0.2632 0.6027 0.7533
vn 0.3175 0.5530 0.7704
vn 0.3503 0.5202 0.7789
vn 0.3306 0.5382 0.7753
vn 0.2809 0.5833 0.7622
vn 0.2337 0.6225 0.7470
vn 0.1893 0.6564 0.7303
vn 0.1474 0.6857 0.7128
vn 0.1081 0.7111 0.6947
vn 0.0711 0.7332 0.6763
vn 0.0363 0.7523 0.6578
vn 0.0035 0.7689 0.6394
vn -0.0276 0.7833 0.6210
vn -0.0569 0.7958 0.6028
vn -0.0849 0.8068 0.5848
vn -0.1114 0.8162 0.5670
vn -0.1367 0.8243 0.5494
vn -0.1609 0.8313 0.5321
vn -0.1841 0.8372 0.5150
vn -0.2063 0.8422 0.4981
vn -0.2279 0.8465 0.4812
vn -0.2488 0.8499 0.4645
vn -0.2692 0.8527 0.4478
vn -0.2892 0.8548 0.4310
vn -0.3087 0.8563 0.4141
vn -0.3280 0.8571 0.3971
vn -0.3468 0.8574 0.3803
vn -0.3653 0.8571 0.3632
vn -0.3840 0.8562 0.3457
vn -0.4026 0.8547 0.3278
vn -0.4211 0.8526 0.3095
vn -0.4395 0.8498 0.2909
vn -0.4581 0.8464 0.2717
vn -0.4768 0.8421 0.2518
vn -0.4958 0.8371 0.2313
vn -0.5149 0.8311 0.2099
vn -0.5344 0.8242 0.1875
vn -0.5542 0.8161 0.1641
vn -0.5743 0.8067 0.1394
vn -0.5949 0.7958 0.1133
vn -0.6158 0.7832 0.0858
vn -0.6369 0.7689 0.0568
vn -0.6583 0.7523 0.0259
vn -0.6798 0.7333 -0.0068
vn -0.7016 0.7114 -0.0418
vn -0.7233 0.6860 -0.0791
vn -0.7446 0.6568 -0.1190
vn -0.7653 0.6231 -0.1616
vn -0.7848 0.5842 -0.2069
vn -0.8026 0.5393 -0.2549
vn -0.8083 0.5209 -0.2746
vn -0.7968 0.5531 -0.2433
vn -0.7748 0.6027 -0.1911
vn -0.7495 0.6466 -0.1421
vn -0.7219 0.6853 -0.0965
vn -0.6927 0.7191 -0.0546
vn -0.6627 0.7487 -0.0162
vn -0.6323 0.7745 0.0189
vn -0.6019 0.7970 0.0509
vn -0.5717 0.8166 0.0798
vn -0.5420 0.8336 0.1061
vn -0.5129 0.8486 0.1300
vn -0.4845 0.8616 0.1515
vn -0.4568 0.8730 0.1710
vn -0.4301 0.8829 0.1884
vn -0.4043 0.8916 0.2041
vn -0.3793 0.8992 0.2183
vn -0.3551 0.9058 0.2310
vn -0.3317 0.9117 0.2424
vn -0.3089 0.9169 0.2527
vn -0.2868 0.9215 0.2619
vn -0.2653 0.9255 0.2702
vn -0.2442 0.9291 0.2777
vn -0.2236 0.9323 0.2843
vn -0.2035 0.9351 0.2902
vn -0.1837 0.9376 0.2953
vn -0.1644 0.9397 0.2998
vn -0.1455 0.9416 0.3037
vn -0.1270 0.9432 0.3070
vn -0.1088 0.9446 0.3098
vn -0.0908 0.9457 0.3120
vn -0.0731 0.9467 0.3137
vn -0.0554 0.9475 0.3150
vn -0.0379 0.9481 0.3158
vn -0.0205 0.9485 0.3161
vn -0.0032 0.9488 0.3160
vn 0.0142 0.9489 0.3154
vn 0.0316 0.9488 0.3144
vn 0.0489 0.9485 0.3129
vn 0.0662 0.9481 0.3109
vn 0.0835 0.9475 0.3085
vn 0.1009 0.9468 0.3057
vn 0.1184 0.9458 0.3023
vn 0.1361 0.9447 0.2984
vn 0.1539 0.9433 0.2940
vn 0.1721 0.9417 0.2890
vn 0.1905 0.9399 0.2835
vn 0.2092 0.9378 0.2772
vn 0.2285 0.9353 0.2702
vn 0.2481 0.9325 0.2625
vn 0.2680 0.9294 0.2539
vn 0.2883 0.9258 0.2446
vn 0.3090 0.9217 0.2343
vn 0.3302 0.9172 0.2231
vn 0.3519 0.9120 0.2107
vn 0.3742 0.9062 0.1971
vn 0.3971 0.8995 0.1822
vn 0.4207 0.8919 0.1658
vn 0.4450 0.8833 0.1478
vn 0.4700 0.8734 0.1279
vn 0.4957 0.8620 0.1059
vn 0.5220 0.8490 0.0818
vn 0.5489 0.8341 0.0553
vn 0.5760 0.8170 0.0263
vn 0.6034 0.7974 -0.0055
vn 0.6308 0.7749 -0.0402
vn 0.6578 0.7491 -0.0780
vn 0.6842 0.7195 -0.1192
vn 0.7094 0.6855 -0.1638
vn 0.7327 0.6468 -0.2119
vn 0.7533 0.6027 -0.2632
vn 0.7704 0.5530 -0.3175
vn 0.7789 0.5202 -0.3503
vn 0.7753 0.5382 -0.3306
vn 0.7622 0.5833 -0.2809
vn 0.7469 0.6225 -0.2337
vn 0.7303 0.6563 -0.1892
vn 0.7128 0.6857 -0.1474
vn 0.6947 0.7112 -0.1081
vn 0.6763 0.7332 -0.0711
vn 0.6579 0.7523 -0.0363
vn 0.6394 0.7689 -0.0035
vn 0.6210 0.7833 0.0275
vn 0.6029 0.7958 0.0569
vn 0.5848 0.8068 0.0849
vn 0.5669 0.8162 0.1114
vn 0.5494 0.8243 0.1367
vn 0.5321 0.8313 0.1609
vn 0.5149 0.8372 0.1841
vn 0.4980 0.8423 0.2063
vn 0.4812 0.8465 0.2279
vn 0.4645 0.8499 0.2488
vn 0.4477 0.8527 0.2692
vn 0.4309 0.8548 0.2892
vn 0.4141 0.8563 0.3087
vn 0.3971 0.8571 0.3281
vn 0.3803 0.8574 0.3468
vn 0.3632 0.8571 0.3653
vn 0.3456 0.8562 0.3840
vn 0.3278 0.8547 0.4025
vn 0.3096 0.8526 0.4210
vn 0.2908 0.8498 0.4396
vn 0.2717 0.8463 0.4582
vn 0.2519 0.8421 0.4769
vn 0.2313 0.8371 0.4958
vn 0.2099 0.8311 0.5149
vn 0.1876 0.8242 0.5344
vn 0.1641 0.8161 0.5542
vn 0.1394 0.8066 0.5744
vn 0.1133 0.7958 0.5949
vn 0.0857 0.7833 0.6158
vn 0.0567 0.7689 0.6369
vn 0.0259 0.7523 0.6583
vn -0.0068 0.7333 0.6799
vn -0.0417 0.7114 0.7016
vn -0.0792 0.6860 0.7232
vn -0.1190 0.6568 0.7446
vn -0.1616 0.6231 0.7653
vn -0.2068 0.5841 0.7849
vn -0.2549 0.5393 0.8026
vn -0.2747 0.5209 0.8082
vn -0.2433 0.5531 0.7968
vn -0.1911 0.6027 0.7748
vn -0.1421 0.6466 0.7495
vn -0.0965 0.6853 0.7219
vn -0.0546 0.7191 0.6927
vn -0.0162 0.7487 0.6627
vn 0.0189 0.7745 0.6323
vn 0.0509 0.7970 0.6019
vn 0.0799 0.8166 0.5717
vn 0.1061 0.8336 0.5420
vn 0.1300 0.8486 0.5129
vn 0.1515 0.8616 0.4845
vn 0.1710 0.8730 0.4568
vn 0.1884 0.8829 0.4301
vn 0.2041 0.8916 0.4043
vn 0.2183 0.8992 0.3793
vn 0.2310 0.9058 0.3551
vn 0.2424 0.9117 0.3317
vn 0.2527 0.9169 0.3089
vn 0.2619 0.9215 0.2868
vn 0.2702 0.9255 0.2653
vn 0.2777 0.9291 0.2442
vn 0.2843 0.9323 0.2236
vn 0.2902 0.9351 0.2035
vn 0.2953 0.9376 0.1837
vn 0.2998 0.9397 0.1644
vn 0.3037 0.9416 0.1455
vn 0.3070 0.9432 0.1270
vn 0.3098 0.9446 0.1088
vn 0.3120 0.9457 0.0908
vn 0.3137 0.9467 0.0730
vn 0.3150 0.9475 0.0554
vn 0.3158 0.9481 0.0380
vn 0.3161 0.9485 0.0205
vn 0.3160 0.9488 0.0032
vn 0.3154 0.9489 -0.0142
vn 0.3144 0.9488 -0.0316
vn 0.3129 0.9485 -0.0489
vn 0.3109 0.9481 -0.0662
vn 0.3085 0.9475 -0.0835
vn 0.3057 0.9468 -0.1009
vn 0.3023 0.9458 -0.1184
vn 0.2984 0.9447 -0.1361
vn 0.2940 0.9433 -0.1539
vn 0.2890 0.9417 -0.1721
vn 0.2835 0.9399 -0.1905
vn 0.2772 0.9378 -0.2092
vn 0.2008 0.9648 -0.1699
vn 0.1953 0.9632 -0.1847
vn 0.1893 0.9614 -0.1999
vn 0.1826 0.9593 -0.2154
vn 0.1753 0.9570 -0.2313
vn 0.1672 0.9543 -0.2477
vn 0.1583 0.9513 -0.2647
vn 0.1485 0.9478 -0.2823
vn 0.1377 0.9438 -0.3005
vn 0.1257 0.9392 -0.3195
vn 0.1124 0.9339 -0.3394
vn 0.0977 0.9277 -0.3602
vn 0.0813 0.9206 -0.3820
vn 0.0630 0.9122 -0.4048
vn 0.0428 0.9025 -0.4286
vn 0.0202 0.8911 -0.4534
vn -0.0048 0.8776 -0.4793
vn -0.0328 0.8618 -0.5062
vn -0.0640 0.8429 -0.5342
vn -0.0988 0.8205 -0.5630
vn -0.1376 0.7937 -0.5925
vn -0.1808 0.7617 -0.6222
vn -0.2285 0.7234 -0.6516
vn -0.2810 0.6776 -0.6796
vn -0.3128 0.6471 -0.6953
vn -0.2926 0.6653 -0.6868
vn -0.2438 0.7077 -0.6631
vn -0.1994 0.7426 -0.6393
vn -0.1594 0.7714 -0.6161
vn -0.1223 0.7953 -0.5937
vn -0.0887 0.8153 -0.5722
vn -0.0577 0.8321 -0.5516
vn -0.0291 0.8463 -0.5320
vn -0.0024 0.8583 -0.5132
vn 0.0222 0.8685 -0.4952
vn 0.0454 0.8772 -0.4779
vn 0.0672 0.8847 -0.4613
vn 0.0877 0.8911 -0.4453
vn 0.1071 0.8965 -0.4299
vn 0.1257 0.9011 -0.4150
vn 0.1433 0.9050 -0.4005
vn 0.1602 0.9083 -0.3865
vn 0.1766 0.9110 -0.3727
vn 0.1925 0.9132 -0.3591
vn 0.2080 0.9150 -0.3458
vn 0.2231 0.9163 -0.3325
vn 0.2380 0.9173 -0.3193
vn 0.2529 0.9178 -0.3061
vn 0.2672 0.9180 -0.2931
vn 0.2815 0.9178 -0.2800
vn 0.2961 0.9172 -0.2665
vn 0.3106 0.9163 -0.2530
vn 0.3251 0.9149 -0.2391
vn 0.3398 0.9132 -0.2250
vn 0.3548 0.9109 -0.2105
vn 0.3701 0.9082 -0.1956
vn 0.3856 0.9049 -0.1800
vn 0.4017 0.9010 -0.1639
vn 0.4182 0.8964 -0.1469
vn 0.4353 0.8910 -0.1291
vn 0.4531 0.8846 -0.1102
vn 0.4716 0.8772 -0.0901
vn 0.4910 0.8685 -0.0687
vn 0.5112 0.8583 -0.0459
vn 0.5323 0.8463 -0.0213
vn 0.5545 0.8322 0.0052
vn 0.5777 0.8156 0.0340
vn 0.6023 0.7956 0.0655
vn 0.6281 0.7717 0.0999
vn 0.6549 0.7431 0.1378
vn 0.6825 0.7085 0.1794
vn 0.7106 0.6665 0.2253
vn 0.7213 0.6478 0.2452
vn 0.7030 0.6777 0.2156
vn 0.6702 0.7233 0.1661
vn 0.6366 0.7616 0.1215
vn 0.6031 0.7935 0.0814
vn 0.5702 0.8202 0.0456
vn 0.5383 0.8426 0.0137
vn 0.5076 0.8615 -0.0147
vn 0.4782 0.8773 -0.0399
vn 0.4501 0.8908 -0.0624
vn 0.4233 0.9022 -0.0825
vn 0.3978 0.9120 -0.1004
vn 0.3734 0.9203 -0.1165
vn 0.3502 0.9275 -0.1308
vn 0.3282 0.9337 -0.1435
vn 0.3072 0.9390 -0.1548
vn 0.2871 0.9436 -0.1650
vn 0.2679 0.9476 -0.1741
vn 0.2496 0.9511 -0.1822
vn 0.2319 0.9541 -0.1895
vn 0.2148 0.9568 -0.1960
vn 0.1982 0.9592 -0.2018
vn 0.1822 0.9612 -0.2070
vn 0.1666 0.9631 -0.2116
vn 0.1513 0.9647 -0.2157
vn 0.1365 0.9661 -0.2193
vn 0.1220 0.9673 -0.2224
vn 0.1079 0.9683 -0.2251
vn 0.0941 0.9693 -0.2273
vn 0.0805 0.9700 -0.2292
vn 0.0672 0.9707 -0.2307
vn 0.0540 0.9712 -0.2319
vn 0.0410 0.9717 -0.2327
vn 0.0281 0.9720 -0.2333
vn 0.0152 0.9722 -0.2335
vn 0.0023 0.9724 -0.2333
vn -0.0105 0.9724 -0.2329
vn -0.0233 0.9724 -0.2322
vn -0.0361 0.9723 -0.2311
vn -0.0489 0.9720 -0.2297
vn -0.0617 0.9717 -0.2280
vn -0.0746 0.9713 -0.2259
vn -0.0876 0.9707 -0.2236
vn -0.1007 0.9701 -0.2208
vn -0.1140 0.9693 -0.2177
vn -0.1276 0.9684 -0.2142
vn -0.1413 0.9674 -0.2102
vn -0.1554 0.9662 -0.2058
vn -0.1699 0.9648 -0.2008
vn -0.1847 0.9632 -0.1953
vn -0.1999 0.9614 -0.1893
vn -0.2154 0.9593 -0.1826
vn -0.2313 0.9570 -0.1753
vn -0.2477 0.9543 -0.1672
vn -0.2647 0.9513 -0.1583
vn -0.2823 0.9478 -0.1485
vn -0.3005 0.9438 -0.1377
vn -0.3195 0.9392 -0.1257
vn -0.3394 0.9339 -0.1124
vn -0.3602 0.9277 -0.0977
vn -0.3820 0.9206 -0.0813
vn -0.4048 0.9123 -0.0630
vn -0.4286 0.9025 -0.0428
vn -0.4534 0.8911 -0.0203
vn -0.4793 0.8776 0.0048
vn -0.5062 0.8618 0.0328
vn -0.5342 0.8429 0.0640
vn -0.5630 0.8205 0.0988
vn -0.5925 0.7937 0.1376
vn -0.6222 0.7617 0.1808
vn -0.6515 0.7234 0.2285
vn -0.6796 0.6776 0.2810
vn -0.6953 0.6471 0.3128
vn -0.6868 0.6655 0.2925
vn -0.6630 0.7077 0.2439
vn -0.6393 0.7426 0.1996
vn -0.6162 0.7714 0.1592
vn -0.5937 0.7954 0.1223
vn -0.5722 0.8153 0.0886
vn -0.5517 0.8321 0.0576
vn -0.5319 0.8463 0.0290
vn -0.5132 0.8583 0.0025
vn -0.4953 0.8685 -0.0222
vn -0.4780 0.8772 -0.0454
vn -0.4612 0.8848 -0.0672
vn -0.4453 0.8911 -0.0877
vn -0.4298 0.8965 -0.1072
vn -0.4150 0.9011 -0.1257
vn -0.4005 0.9050 -0.1433
vn -0.3864 0.9083 -0.1602
vn -0.3726 0.9110 -0.1766
vn -0.3591 0.9132 -0.1925
vn -0.3458 0.9150 -0.2080
vn -0.3324 0.9163 -0.2232
vn -0.3193 0.9173 -0.2381
vn -0.3061 0.9178 -0.2529
vn -0.2931 0.9180 -0.2673
vn -0.2799 0.9178 -0.2815
vn -0.2665 0.9172 -0.2960
vn -0.2530 0.9163 -0.3106
vn -0.2391 0.9149 -0.3251
vn -0.2250 0.9132 -0.3399
vn -0.2105 0.9109 -0.3548
vn -0.1956 0.9082 -0.3700
vn -0.1801 0.9049 -0.3856
vn -0.1638 0.9010 -0.4016
vn -0.1470 0.8964 -0.4181
vn -0.1291 0.8910 -0.4352
vn -0.1102 0.8846 -0.4531
vn -0.0901 0.8772 -0.4716
vn -0.0687 0.8685 -0.4909
vn -0.0459 0.8583 -0.5111
vn -0.0214 0.8463 -0.5323
vn 0.0052 0.8322 -0.5545
vn 0.0340 0.8155 -0.5778
vn 0.0655 0.7956 -0.6023
vn 0.1001 0.7717 -0.6280
vn 0.1377 0.7431 -0.6548
vn 0.1793 0.7085 -0.6825
vn 0.2253 0.6665 -0.7107
vn 0.2452 0.6478 -0.7213
vn 0.2156 0.6777 -0.7030
vn 0.1661 0.7233 -0.6702
vn 0.1215 0.7615 -0.6366
vn 0.0814 0.7935 -0.6031
vn 0.0456 0.8202 -0.5702
vn 0.0137 0.8426 -0.5383
vn -0.0147 0.8615 -0.5076
vn -0.0399 0.8773 -0.4782
vn -0.0624 0.8908 -0.4501
vn -0.0825 0.9022 -0.4233
vn -0.1004 0.9120 -0.3978
vn -0.1165 0.9203 -0.3734
vn -0.1308 0.9275 -0.3502
vn -0.1435 0.9337 -0.3282
vn -0.1548 0.9390 -0.3072
vn -0.1650 0.9436 -0.2871
vn -0.1741 0.9476 -0.2680
vn -0.1822 0.9511 -0.2496
vn -0.1894 0.9541 -0.2319
vn -0.1960 0.9568 -0.2148
vn -0.2018 0.9592 -0.1982
vn -0.2070 0.9612 -0.1822
vn -0.2116 0.9631 -0.1666
vn -0.2157 0.9647 -0.1513
vn -0.2193 0.9661 -0.1365
vn -0.2224 0.9673 -0.1220
vn -0.2251 0.9683 -0.1079
vn -0.2273 0.9693 -0.0941
vn -0.2292 0.9700 -0.0805
vn -0.2307 0.9707 -0.0672
vn -0.2319 0.9712 -0.0540
vn -0.2327 0.9717 -0.0410
vn -0.2333 0.9720 -0.0281
vn -0.2335 0.9722 -0.0152
vn -0.2333 0.9724 -0.0023
vn -0.2329 0.9724 0.0105
vn -0.2322 0.9724 0.0233
vn -0.2311 0.9723 0.0361
vn -0.2297 0.9720 0.0489
vn -0.2280 0.9717 0.0617
vn -0.2259 0.9713 0.0746
vn -0.2236 0.9707 0.0876
vn -0.2208 0.9701 0.1007
vn -0.2177 0.9693 0.1140
vn -0.2142 0.9684 0.1276
vn -0.2102 0.9674 0.1413
vn -0.2058 0.9662 0.1554
vn -0.2008 0.9648 0.1699
vn -0.1953 0.9632 0.1847
vn -0.1893 0.9614 0.1999
vn -0.1826 0.9593 0.2154
vn -0.1753 0.9570 0.2313
vn -0.1672 0.9543 0.2477
vn -0.1583 0.9513 0.2647
vn -0.1485 0.9478 0.2823
vn -0.1377 0.9438 0.3005
vn -0.1257 0.9392 0.3195
vn -0.1124 0.9339 0.3394
vn -0.0977 0.9277 0.3602
vn -0.0813 0.9206 0.3820
vn -0.0630 0.9122 0.4048
vn -0.0428 0.9025 0.4286
vn -0.0202 0.8911 0.4534
vn 0.0048 0.8776 0.4793
vn 0.0328 0.8618 0.5062
vn 0.0640 0.8429 0.5342
vn 0.0988 0.8205 0.5630
vn 0.1376 0.7937 0.5925
vn 0.1808 0.7617 0.6222
vn 0.2285 0.7234 0.6516
vn 0.2810 0.6776 0.6796
vn 0.3128 0.6471 0.6953
vn 0.2926 0.6653 0.6868
vn 0.2438 0.7077 0.6631
vn 0.1994 0.7426 0.6393
vn 0.1594 0.7714 0.6161
vn 0.1223 0.7953 0.5937
vn 0.0887 0.8153 0.5722
vn 0.0577 0.8321 0.5516
vn 0.0291 0.8463 0.5320
vn 0.0024 0.8583 0.5132
vn -0.0222 0.8685 0.4952
vn -0.0454 0.8772 0.4779
vn -0.0672 0.8847 0.4613
vn -0.0877 0.8911 0.4453
vn -0.1071 0.8965 0.4299
vn -0.1257 0.9011 0.4150
vn -0.1433 0.9050 0.4005
vn -0.1602 0.9083 0.3865
vn -0.1766 0.9110 0.3727
vn -0.1925 0.9132 0.3591
vn -0.2080 0.9150 0.3458
vn -0.2231 0.9163 0.3325
vn -0.2380 0.9173 0.3193
vn -0.2529 0.9178 0.3061
vn -0.2672 0.9180 0.2931
vn -0.2815 0.9178 0.2800
vn -0.2961 0.9172 0.2665
vn -0.3106 0.9163 0.2530
vn -0.3251 0.9149 0.2391
vn -0.3398 0.9132 0.2250
vn -0.3548 0.9109 0.2105
vn -0.3701 0.9082 0.1956
vn -0.3856 0.9049 0.1800
vn -0.4017 0.9010 0.1639
vn -0.4182 0.8964 0.1469
vn -0.4353 0.8910 0.1291
vn -0.4531 0.8846 0.1102
vn -0.4716 0.8772 0.0901
vn -0.4910 0.8685 0.0687
vn -0.5112 0.8583 0.0459
vn -0.5323 0.8463 0.0213
vn -0.5545 0.8322 -0.0052
vn -0.5777 0.8156 -0.0340
vn -0.6023 0.7956 -0.0655
vn -0.6281 0.7717 -0.0999
vn -0.6549 0.7431 -0.1378
vn -0.6825 0.7085 -0.1794
vn -0.7106 0.6665 -0.2253
vn -0.7213 0.6478 -0.2452
vn -0.7030 0.6777 -0.2156
vn -0.6702 0.7233 -0.1661
vn -0.6366 0.7616 -0.1215
vn -0.6031 0.7935 -0.0814
vn -0.5702 0.8202 -0.0456
vn -0.5383 0.8426 -0.0137
vn -0.5076 0.8615 0.0147
vn -0.4782 0.8773 0.0399
vn -0.4501 0.8908 0.0624
vn -0.4233 0.9022 0.0825
vn -0.3978 0.9120 0.1004
vn -0.3734 0.9203 0.1165
vn -0.3502 0.9275 0.1308
vn -0.3282 0.9337 0.1435
vn -0.3072 0.9390 0.1548
vn -0.2871 0.9436 0.1650
vn -0.2679 0.9476 0.1741
vn -0.2496 0.9511 0.1822
vn -0.2319 0.9541 0.1895
vn -0.2148 0.9568 0.1960
vn -0.1982 0.9592 0.2018
vn -0.1822 0.9612 0.2070
vn -0.1666 0.9631 0.2116
vn -0.1513 0.9647 0.2157
vn -0.1365 0.9661 0.2193
vn -0.1220 0.9673 0.2224
vn -0.1079 0.9683 0.2251
vn -0.0941 0.9693 0.2273
vn -0.0805 0.9700 0.2292
vn -0.0672 0.9707 0.2307
vn -0.0540 0.9712 0.2319
vn -0.0410 0.9717 0.2327
vn -0.0281 0.9720 0.2333
vn -0.0152 0.9722 0.2335
vn -0.0023 0.9724 0.2333
vn 0.0105 0.9724 0.2329
vn 0.0233 0.9724 0.2322
vn 0.0361 0.9723 0.2311
vn 0.0489 0.9720 0.2297
vn 0.0617 0.9717 0.2280
vn 0.0746 0.9713 0.2259
vn 0.0876 0.9707 0.2236
vn 0.1007 0.9701 0.2208
vn 0.1140 0.9693 0.2177
vn 0.1276 0.9684 0.2142
vn 0.1413 0.9674 0.2102
vn 0.1554 0.9662 0.2058
vn 0.1699 0.9648 0.2008
vn 0.1847 0.9632 0.1953
vn 0.1999 0.9614 0.1893
vn 0.2154 0.9593 0.1826
vn 0.2313 0.9570 0.1753
vn 0.2477 0.9543 0.1672
vn 0.2647 0.9513 0.1583
vn 0.2823 0.9478 0.1485
vn 0.3005 0.9438 0.1377
vn 0.3195 0.9392 0.1257
vn 0.3394 0.9339 0.1124
vn 0.3602 0.9277 0.0977
vn 0.3820 0.9206 0.0813
vn 0.4048 0.9123 0.0630
vn 0.4286 0.9025 0.0428
vn 0.4534 0.8911 0.0203
vn 0.4793 0.8776 -0.0048
vn 0.5062 0.8618 -0.0328
vn 0.5342 0.8429 -0.0640
vn 0.5630 0.8205 -0.0988
vn 0.5925 0.7937 -0.1376
vn 0.6222 0.7617 -0.1808
vn 0.6515 0.7234 -0.2285
vn 0.6796 0.6776 -0.2810
vn 0.6953 0.6471 -0.3128
vn 0.6868 0.6655 -0.2925
vn 0.6630 0.7077 -0.2439
vn 0.6393 0.7426 -0.1996
vn 0.6162 0.7714 -0.1592
vn 0.5937 0.7954 -0.1223
vn 0.5722 0.8153 -0.0886
vn 0.5517 0.8321 -0.0576
vn 0.5319 0.8463 -0.0290
vn 0.5132 0.8583 -0.0025
vn 0.4953 0.8685 0.0222
vn 0.4780 0.8772 0.0454
vn 0.4612 0.8848 0.0672
vn 0.4453 0.8911 0.0877
vn 0.4298 0.8965 0.1072
vn 0.4150 0.9011 0.1257
vn 0.4005 0.9050 0.1433
vn 0.3864 0.9083 0.1602
vn 0.3726 0.9110 0.1766
vn 0.3591 0.9132 0.1925
vn 0.3458 0.9150 0.2080
vn 0.3324 0.9163 0.2232
vn 0.3193 0.9173 0.2381
vn 0.3061 0.9178 0.2529
vn 0.2931 0.9180 0.2673
vn 0.2799 0.9178 0.2815
vn 0.2665 0.9172 0.2960
vn 0.2530 0.9163 0.3106
vn 0.2391 0.9149 0.3251
vn 0.2250 0.9132 0.3399
vn 0.2105 0.9109 0.3548
vn 0.1956 0.9082 0.3700
vn 0.1801 0.9049 0.3856
vn 0.1638 0.9010 0.4016
vn 0.1470 0.8964 0.4181
vn 0.1291 0.8910 0.4352
vn 0.1102 0.8846 0.4531
vn 0.0901 0.8772 0.4716
vn 0.0687 0.8685 0.4909
vn 0.0459 0.8583 0.5111
vn 0.0214 0.8463 0.5323
vn -0.0052 0.8322 0.5545
vn -0.0340 0.8155 0.5778
vn -0.0655 0.7956 0.6023
vn -0.1001 0.7717 0.6280
vn -0.1377 0.7431 0.6548
vn -0.1793 0.7085 0.6825
vn -0.2253 0.6665 0.7107
vn -0.2452 0.6478 0.7213
vn -0.2156 0.6777 0.7030
vn -0.1661 0.7233 0.6702
vn -0.1215 0.7615 0.6366
vn -0.0814 0.7935 0.6031
vn -0.0456 0.8202 0.5702
vn -0.0137 0.8426 0.5383
vn 0.0147 0.8615 0.5076
vn 0.0399 0.8773 0.4782
vn 0.0624 0.8908 0.4501
vn 0.0825 0.9022 0.4233
vn 0.1004 0.9120 0.3978
vn 0.1165 0.9203 0.3734
vn 0.1308 0.9275 0.3502
vn 0.1435 0.9337 0.3282
vn 0.1548 0.9390 0.3072
vn 0.1650 0.9436 0.2871
vn 0.1741 0.9476 0.2680
vn 0.1822 0.9511 0.2496
vn 0.1894 0.9541 0.2319
vn 0.1960 0.9568 0.2148
vn 0.2018 0.9592 0.1982
vn 0.2070 0.9612 0.1822
vn 0.2116 0.9631 0.1666
vn 0.2157 0.9647 0.1513
vn 0.2193 0.9661 0.1365
vn 0.2224 0.9673 0.1220
vn 0.2251 0.9683 0.1079
vn 0.2273 0.9693 0.0941
vn 0.2292 0.9700 0.0805
vn 0.2307 0.9707 0.0672
vn 0.2319 0.9712 0.0540
vn 0.2327 0.9717 0.0410
vn 0.2333 0.9720 0.0281
vn 0.2335 0.9722 0.0152
vn 0.2333 0.9724 0.0023
vn 0.2329 0.9724 -0.0105
vn 0.2322 0.9724 -0.0233
vn 0.2311 0.9723 -0.0361
vn 0.2297 0.9720 -0.0489
vn 0.2280 0.9717 -0.0617
vn 0.2259 0.9713 -0.0746
vn 0.2236 0.9707 -0.0876
vn 0.2208 0.9701 -0.1007
vn 0.2177 0.9693 -0.1140
vn 0.2142 0.9684 -0.1276
vn 0.2102 0.9674 -0.1413
vn 0.2058 0.9662 -0.1554
vn 0.1331 0.9847 -0.1128
vn 0.1296 0.9839 -0.1227
vn 0.1257 0.9831 -0.1329
vn 0.1214 0.9822 -0.1434
vn 0.1167 0.9811 -0.1543
vn 0.1115 0.9799 -0.1655
vn 0.1057 0.9785 -0.1771
vn 0.0994 0.9769 -0.1893
vn 0.0923 0.9750 -0.2020
vn 0.0845 0.9729 -0.2154
vn 0.0757 0.9704 -0.2295
vn 0.0660 0.9674 -0.2445
vn 0.0551 0.9639 -0.2604
vn 0.0428 0.9598 -0.2773
vn 0.0290 0.9550 -0.2953
vn 0.0135 0.9492 -0.3145
vn -0.0039 0.9422 -0.3351
vn -0.0238 0.9337 -0.3573
vn -0.0464 0.9233 -0.3812
vn -0.0723 0.9105 -0.4071
vn -0.1020 0.8946 -0.4351
vn -0.1363 0.8746 -0.4653
vn -0.1760 0.8492 -0.4979
vn -0.2218 0.8167 -0.5327
vn -0.2489 0.7958 -0.5521
vn -0.2282 0.8114 -0.5380
vn -0.1853 0.8416 -0.5074
vn -0.1494 0.8646 -0.4797
vn -0.1166 0.8829 -0.4549
vn -0.0885 0.8973 -0.4325
vn -0.0633 0.9089 -0.4121
vn -0.0407 0.9184 -0.3936
vn -0.0202 0.9262 -0.3765
vn -0.0012 0.9327 -0.3607
vn 0.0158 0.9381 -0.3461
vn 0.0318 0.9426 -0.3323
vn 0.0469 0.9465 -0.3194
vn 0.0608 0.9497 -0.3072
vn 0.0739 0.9524 -0.2957
vn 0.0863 0.9547 -0.2847
vn 0.0983 0.9566 -0.2742
vn 0.1097 0.9582 -0.2641
vn 0.1207 0.9596 -0.2543
vn 0.1312 0.9607 -0.2447
vn 0.1416 0.9615 -0.2354
vn 0.1519 0.9622 -0.2262
vn 0.1620 0.9626 -0.2171
vn 0.1719 0.9629 -0.2081
vn 0.1817 0.9630 -0.1992
vn 0.1915 0.9629 -0.1904
vn 0.2013 0.9626 -0.1813
vn 0.2112 0.9622 -0.1722
vn 0.2214 0.9615 -0.1629
vn 0.2316 0.9606 -0.1535
vn 0.2419 0.9596 -0.1438
vn 0.2529 0.9582 -0.1338
vn 0.2641 0.9566 -0.1235
vn 0.2754 0.9547 -0.1127
vn 0.2877 0.9524 -0.1013
vn 0.3005 0.9496 -0.0893
vn 0.3138 0.9464 -0.0766
vn 0.3278 0.9426 -0.0630
vn 0.3430 0.9381 -0.0484
vn 0.3593 0.9326 -0.0327
vn 0.3767 0.9262 -0.0156
vn 0.3955 0.9185 0.0032
vn 0.4160 0.9091 0.0239
vn 0.4384 0.8976 0.0470
vn 0.4636 0.8830 0.0730
vn 0.4911 0.8650 0.1025
vn 0.5222 0.8418 0.1363
vn 0.5561 0.8124 0.1754
vn 0.5725 0.7964 0.1948
vn 0.5511 0.8168 0.1705
vn 0.5123 0.8492 0.1283
vn 0.4763 0.8745 0.0920
vn 0.4430 0.8945 0.0608
vn 0.4124 0.9104 0.0338
vn 0.3843 0.9232 0.0105
vn 0.3584 0.9335 -0.0097
vn 0.3345 0.9420 -0.0273
vn 0.3124 0.9490 -0.0428
vn 0.2918 0.9548 -0.0564
vn 0.2726 0.9597 -0.0684
vn 0.2546 0.9638 -0.0790
vn 0.2378 0.9673 -0.0884
vn 0.2219 0.9702 -0.0967
vn 0.2071 0.9728 -0.1041
vn 0.1931 0.9749 -0.1107
vn 0.1797 0.9768 -0.1165
vn 0.1670 0.9784 -0.1217
vn 0.1549 0.9798 -0.1264
vn 0.1433 0.9810 -0.1305
vn 0.1320 0.9821 -0.1342
vn 0.1212 0.9831 -0.1375
vn 0.1107 0.9839 -0.1404
vn 0.1005 0.9846 -0.1430
vn 0.0905 0.9852 -0.1453
vn 0.0809 0.9858 -0.1472
vn 0.0715 0.9863 -0.1489
vn 0.0623 0.9867 -0.1503
vn 0.0533 0.9870 -0.1515
vn 0.0444 0.9873 -0.1525
vn 0.0357 0.9875 -0.1532
vn 0.0271 0.9877 -0.1537
vn 0.0185 0.9879 -0.1540
vn 0.0100 0.9880 -0.1541
vn 0.0016 0.9881 -0.1540
vn -0.0069 0.9881 -0.1538
vn -0.0154 0.9881 -0.1533
vn -0.0239 0.9880 -0.1526
vn -0.0323 0.9879 -0.1517
vn -0.0408 0.9878 -0.1506
vn -0.0493 0.9876 -0.1493
vn -0.0579 0.9873 -0.1477
vn -0.0667 0.9870 -0.1460
vn -0.0755 0.9867 -0.1440
vn -0.0845 0.9863 -0.1417
vn -0.0937 0.9858 -0.1392
vn -0.1031 0.9853 -0.1363
vn -0.1128 0.9847 -0.1331
vn -0.1228 0.9839 -0.1296
vn -0.1330 0.9831 -0.1257
vn -0.1434 0.9822 -0.1214
vn -0.1543 0.9811 -0.1167
vn -0.1655 0.9799 -0.1115
vn -0.1771 0.9785 -0.1057
vn -0.1893 0.9769 -0.0994
vn -0.2020 0.9750 -0.0923
vn -0.2154 0.9729 -0.0845
vn -0.2295 0.9704 -0.0757
vn -0.2445 0.9674 -0.0660
vn -0.2603 0.9639 -0.0550
vn -0.2773 0.9598 -0.0428
vn -0.2953 0.9550 -0.0290
vn -0.3145 0.9491 -0.0135
vn -0.3351 0.9422 0.0039
vn -0.3573 0.9337 0.0238
vn -0.3812 0.9233 0.0464
vn -0.4071 0.9105 0.0723
vn -0.4351 0.8946 0.1020
vn -0.4654 0.8746 0.1363
vn -0.4979 0.8492 0.1760
vn -0.5327 0.8167 0.2218
vn -0.5520 0.7959 0.2487
vn -0.5379 0.8115 0.2281
vn -0.5072 0.8416 0.1857
vn -0.4797 0.8647 0.1489
vn -0.4550 0.8828 0.1168
vn -0.4324 0.8973 0.0884
vn -0.4123 0.9089 0.0632
vn -0.3936 0.9184 0.0406
vn -0.3765 0.9262 0.0200
vn -0.3608 0.9327 0.0013
vn -0.3461 0.9381 -0.0159
vn -0.3323 0.9426 -0.0319
vn -0.3195 0.9464 -0.0468
vn -0.3072 0.9497 -0.0608
vn -0.2958 0.9524 -0.0740
vn -0.2848 0.9547 -0.0864
vn -0.2742 0.9566 -0.0983
vn -0.2640 0.9583 -0.1097
vn -0.2542 0.9596 -0.1207
vn -0.2448 0.9607 -0.1313
vn -0.2354 0.9615 -0.1417
vn -0.2263 0.9622 -0.1519
vn -0.2170 0.9626 -0.1619
vn -0.2081 0.9629 -0.1719
vn -0.1994 0.9629 -0.1817
vn -0.1904 0.9629 -0.1914
vn -0.1813 0.9626 -0.2013
vn -0.1721 0.9621 -0.2113
vn -0.1629 0.9615 -0.2214
vn -0.1533 0.9606 -0.2316
vn -0.1438 0.9595 -0.2421
vn -0.1338 0.9582 -0.2529
vn -0.1234 0.9566 -0.2640
vn -0.1127 0.9547 -0.2755
vn -0.1014 0.9524 -0.2876
vn -0.0894 0.9496 -0.3003
vn -0.0765 0.9464 -0.3137
vn -0.0631 0.9426 -0.3279
vn -0.0484 0.9381 -0.3431
vn -0.0326 0.9327 -0.3593
vn -0.0157 0.9262 -0.3767
vn 0.0030 0.9185 -0.3955
vn 0.0239 0.9090 -0.4161
vn 0.0471 0.8974 -0.4386
vn 0.0733 0.8831 -0.4635
vn 0.1029 0.8650 -0.4911
vn 0.1364 0.8420 -0.5219
vn 0.1752 0.8123 -0.5563
vn 0.1949 0.7964 -0.5725
vn 0.1705 0.8168 -0.5511
vn 0.1283 0.8492 -0.5123
vn 0.0920 0.8745 -0.4763
vn 0.0608 0.8945 -0.4430
vn 0.0338 0.9104 -0.4124
vn 0.0105 0.9232 -0.3843
vn -0.0097 0.9335 -0.3584
vn -0.0273 0.9420 -0.3345
vn -0.0428 0.9490 -0.3124
vn -0.0564 0.9548 -0.2918
vn -0.0684 0.9597 -0.2726
vn -0.0790 0.9638 -0.2546
vn -0.0884 0.9673 -0.2378
vn -0.0967 0.9702 -0.2220
vn -0.1041 0.9728 -0.2071
vn -0.1107 0.9749 -0.1931
vn -0.1165 0.9768 -0.1797
vn -0.1217 0.9784 -0.1670
vn -0.1264 0.9798 -0.1549
vn -0.1305 0.9810 -0.1433
vn -0.1342 0.9821 -0.1320
vn -0.1375 0.9831 -0.1212
vn -0.1404 0.9839 -0.1107
vn -0.1430 0.9846 -0.1005
vn -0.1453 0.9852 -0.0905
vn -0.1472 0.9858 -0.0809
vn -0.1489 0.9863 -0.0715
vn -0.1503 0.9867 -0.0623
vn -0.1515 0.9870 -0.0533
vn -0.1525 0.9873 -0.0445
vn -0.1532 0.9875 -0.0357
vn -0.1537 0.9877 -0.0271
vn -0.1540 0.9879 -0.0186
vn -0.1541 0.9880 -0.0100
vn -0.1540 0.9881 -0.0016
vn -0.1538 0.9881 0.0069
vn -0.1533 0.9881 0.0154
vn -0.1526 0.9880 0.0239
vn -0.1517 0.9879 0.0323
vn -0.1506 0.9878 0.0408
vn -0.1493 0.9876 0.0493
vn -0.1477 0.9873 0.0579
vn -0.1460 0.9870 0.0666
vn -0.1440 0.9867 0.0755
vn -0.1417 0.9863 0.0845
vn -0.1392 0.9858 0.0937
vn -0.1363 0.9853 0.1031
vn -0.1331 0.9847 0.1128
vn -0.1296 0.9839 0.1227
vn -0.1257 0.9831 0.1329
vn -0.1214 0.9822 0.1434
vn -0.1167 0.9811 0.1543
vn -0.1115 0.9799 0.1655
vn -0.1057 0.9785 0.1771
vn -0.0994 0.9769 0.1893
vn -0.0923 0.9750 0.2020
vn -0.0845 0.9729 0.2154
vn -0.0757 0.9704 0.2295
vn -0.0660 0.9674 0.2445
vn -0.0551 0.9639 0.2604
vn -0.0428 0.9598 0.2773
vn -0.0290 0.9550 0.2953
vn -0.0135 0.9492 0.3145
vn 0.0039 0.9422 0.3351
vn 0.0238 0.9337 0.3573
vn 0.0464 0.9233 0.3812
vn 0.0723 0.9105 0.4071
vn 0.1020 0.8946 0.4351
vn 0.1363 0.8746 0.4653
vn 0.1760 0.8492 0.4979
vn 0.2218 0.8167 0.5327
vn 0.2489 0.7958 0.5521
vn 0.2282 0.8114 0.5380
vn 0.1853 0.8416 0.5074
vn 0.1494 0.8646 0.4797
vn 0.1166 0.8829 0.4549
vn 0.0885 0.8973 0.4325
vn 0.0633 0.9089 0.4121
vn 0.0407 0.9184 0.3936
vn 0.0202 0.9262 0.3765
vn 0.0012 0.9327 0.3607
vn -0.0158 0.9381 0.3461
vn -0.0318 0.9426 0.3323
vn -0.0469 0.9465 0.3194
vn -0.0608 0.9497 0.3072
vn -0.0739 0.9524 0.2957
vn -0.0863 0.9547 0.2847
vn -0.0983 0.9566 0.2742
vn -0.1097 0.9582 0.2641
vn -0.1207 0.9596 0.2543
vn -0.1312 0.9607 0.2447
vn -0.1416 0.9615 0.2354
vn -0.1519 0.9622 0.2262
vn -0.1620 0.9626 0.2171
vn -0.1719 0.9629 0.2081
vn -0.1817 0.9630 0.1992
vn -0.1915 0.9629 0.1904
vn -0.2013 0.9626 0.1813
vn -0.2112 0.9622 0.1722
vn -0.2214 0.9615 0.1629
vn -0.2316 0.9606 0.1535
vn -0.2419 0.9596 0.1438
vn -0.2529 0.9582 0.1338
vn -0.2641 0.9566 0.1235
vn -0.2754 0.9547 0.1127
vn -0.2877 0.9524 0.1013
vn -0.3005 0.9496 0.0893
vn -0.3138 0.9464 0.0766
vn -0.3278 0.9426 0.0630
vn -0.3430 0.9381 0.0484
vn -0.3593 0.9326 0.0327
vn -0.3767 0.9262 0.0156
vn -0.3955 0.9185 -0.0032
vn -0.4160 0.9091 -0.0239
vn -0.4384 0.8976 -0.0470
vn -0.4636 0.8830 -0.0730
vn -0.4911 0.8650 -0.1025
vn -0.5222 0.8418 -0.1363
vn -0.5561 0.8124 -0.1754
vn -0.5725 0.7964 -0.1948
vn -0.5511 0.8168 -0.1705
vn -0.5123 0.8492 -0.1283
vn -0.4763 0.8745 -0.0920
vn -0.4430 0.8945 -0.0608
vn -0.4124 0.9104 -0.0338
vn -0.3843 0.9232 -0.0105
vn -0.3584 0.9335 0.0097
vn -0.3345 0.9420 0.0273
vn -0.3124 0.9490 0.0428
vn -0.2918 0.9548 0.0564
vn -0.2726 0.9597 0.0684
vn -0.2546 0.9638 0.0790
vn -0.2378 0.9673 0.0884
vn -0.2219 0.9702 0.0967
vn -0.2071 0.9728 0.1041
vn -0.1931 0.9749 0.1107
vn -0.1797 0.9768 0.1165
vn -0.1670 0.9784 0.1217
vn -0.1549 0.9798 0.1264
vn -0.1433 0.9810 0.1305
vn -0.1320 0.9821 0.1342
vn -0.1212 0.9831 0.1375
vn -0.1107 0.9839 0.1404
vn -0.1005 0.9846 0.1430
vn -0.0905 0.9852 0.1453
vn -0.0809 0.9858 0.1472
vn -0.0715 0.9863 0.1489
vn -0.0623 0.9867 0.1503
vn -0.0533 0.9870 0.1515
vn -0.0444 0.9873 0.1525
vn -0.0357 0.9875 0.1532
vn -0.0271 0.9877 0.1537
vn -0.0185 0.9879 0.1540
vn -0.0100 0.9880 0.1541
vn -0.0016 0.9881 0.1540
vn 0.0069 0.9881 0.1538
vn 0.0154 0.9881 0.1533
vn 0.0239 0.9880 0.1526
vn 0.0323 0.9879 0.1517
vn 0.0408 0.9878 0.1506
vn 0.0493 0.9876 0.1493
vn 0.0579 0.9873 0.1477
vn 0.0667 0.9870 0.1460
vn 0.0755 0.9867 0.1440
vn 0.0845 0.9863 0.1417
vn 0.0937 0.9858 0.1392
vn 0.1031 0.9853 0.1363
vn 0.1128 0.9847 0.1331
vn 0.1228 0.9839 0.1296
vn 0.1330 0.9831 0.1257
vn 0.1434 0.9822 0.1214
vn 0.1543 0.9811 0.1167
vn 0.1655 0.9799 0.1115
vn 0.1771 0.9785 0.1057
vn 0.1893 0.9769 0.0994
vn 0.2020 0.9750 0.0923
vn 0.2154 0.9729 0.0845
vn 0.2295 0.9704 0.0757
vn 0.2445 0.9674 0.0660
vn 0.2603 0.9639 0.0550
vn 0.2773 0.9598 0.0428
vn 0.2953 0.9550 0.0290
vn 0.3145 0.9491 0.0135
vn 0.3351 0.9422 -0.0039
vn 0.3573 0.9337 -0.0238
vn 0.3812 0.9233 -0.0464
vn 0.4071 0.9105 -0.0723
vn 0.4351 0.8946 -0.1020
vn 0.4654 0.8746 -0.1363
vn 0.4979 0.8492 -0.1760
vn 0.5327 0.8167 -0.2218
vn 0.5520 0.7959 -0.2487
vn 0.5379 0.8115 -0.2281
vn 0.5072 0.8416 -0.1857
vn 0.4797 0.8647 -0.1489
vn 0.4550 0.8828 -0.1168
vn 0.4324 0.8973 -0.0884
vn 0.4123 0.9089 -0.0632
vn 0.3936 0.9184 -0.0406
vn 0.3765 0.9262 -0.0200
vn 0.3608 0.9327 -0.0013
vn 0.3461 0.9381 0.0159
vn 0.3323 0.9426 0.0319
vn 0.3195 0.9464 0.0468
vn 0.3072 0.9497 0.0608
vn 0.2958 0.9524 0.0740
vn 0.2848 0.9547 0.0864
vn 0.2742 0.9566 0.0983
vn 0.2640 0.9583 0.1097
vn 0.2542 0.9596 0.1207
vn 0.2448 0.9607 0.1313
vn 0.2354 0.9615 0.1417
vn 0.2263 0.9622 0.1519
vn 0.2170 0.9626 0.1619
vn 0.2081 0.9629 0.1719
vn 0.1994 0.9629 0.1817
vn 0.1904 0.9629 0.1914
vn 0.1813 0.9626 0.2013
vn 0.1721 0.9621 0.2113
vn 0.1629 0.9615 0.2214
vn 0.1533 0.9606 0.2316
vn 0.1438 0.9595 0.2421
vn 0.1338 0.9582 0.2529
vn 0.1234 0.9566 0.2640
vn 0.1127 0.9547 0.2755
vn 0.1014 0.9524 0.2876
vn 0.0894 0.9496 0.3003
vn 0.0765 0.9464 0.3137
vn 0.0631 0.9426 0.3279
vn 0.0484 0.9381 0.3431
vn 0.0326 0.9327 0.3593
vn 0.0157 0.9262 0.3767
vn -0.0030 0.9185 0.3955
vn -0.0239 0.9090 0.4161
vn -0.0471 0.8974 0.4386
vn -0.0733 0.8831 0.4635
vn -0.1029 0.8650 0.4911
vn -0.1364 0.8420 0.5219
vn -0.1752 0.8123 0.5563
vn -0.1949 0.7964 0.5725
vn -0.1705 0.8168 0.5511
vn -0.1283 0.8492 0.5123
vn -0.0920 0.8745 0.4763
vn -0.0608 0.8945 0.4430
vn -0.0338 0.9104 0.4124
vn -0.0105 0.9232 0.3843
vn 0.0097 0.9335 0.3584
vn 0.0273 0.9420 0.3345
vn 0.0428 0.9490 0.3124
vn 0.0564 0.9548 0.2918
vn 0.0684 0.9597 0.2726
vn 0.0790 0.9638 0.2546
vn 0.0884 0.9673 0.2378
vn 0.0967 0.9702 0.2220
vn 0.1041 0.9728 0.2071
vn 0.1107 0.9749 0.1931
vn 0.1165 0.9768 0.1797
vn 0.1217 0.9784 0.1670
vn 0.1264 0.9798 0.1549
vn 0.1305 0.9810 0.1433
vn 0.1342 0.9821 0.1320
vn 0.1375 0.9831 0.1212
vn 0.1404 0.9839 0.1107
vn 0.1430 0.9846 0.1005
vn 0.1453 0.9852 0.0905
vn 0.1472 0.9858 0.0809
vn 0.1489 0.9863 0.0715
vn 0.1503 0.9867 0.0623
vn 0.1515 0.9870 0.0533
vn 0.1525 0.9873 0.0445
vn 0.1532 0.9875 0.0357
vn 0.1537 0.9877 0.0271
vn 0.1540 0.9879 0.0186
vn 0.1541 0.9880 0.0100
vn 0.1540 0.9881 0.0016
vn 0.1538 0.9881 -0.0069
vn 0.1533 0.9881 -0.0154
vn 0.1526 0.9880 -0.0239
vn 0.1517 0.9879 -0.0323
vn 0.1506 0.9878 -0.0408
vn 0.1493 0.9876 -0.0493
vn 0.1477 0.9873 -0.0579
vn 0.1460 0.9870 -0.0666
vn 0.1440 0.9867 -0.0755
vn 0.1417 0.9863 -0.0845
vn 0.1392 0.9858 -0.0937
vn 0.1363 0.9853 -0.1031
vn 0.0665 0.9962 -0.0566
vn 0.0648 0.9960 -0.0616
vn 0.0629 0.9958 -0.0668
vn 0.0607 0.9955 -0.0721
vn 0.0584 0.9953 -0.0776
vn 0.0558 0.9950 -0.0833
vn 0.0530 0.9946 -0.0893
vn 0.0498 0.9942 -0.0956
vn 0.0463 0.9937 -0.1022
vn 0.0424 0.9931 -0.1091
vn 0.0380 0.9925 -0.1165
vn 0.0331 0.9917 -0.1244
vn 0.0276 0.9907 -0.1329
vn 0.0213 0.9896 -0.1420
vn 0.0143 0.9883 -0.1519
vn 0.0063 0.9867 -0.1625
vn -0.0028 0.9847 -0.1742
vn -0.0133 0.9823 -0.1871
vn -0.0255 0.9792 -0.2013
vn -0.0398 0.9753 -0.2173
vn -0.0565 0.9703 -0.2353
vn -0.0765 0.9637 -0.2558
vn -0.1008 0.9548 -0.2795
vn -0.1302 0.9427 -0.3071
vn -0.1442 0.9368 -0.3189
vn -0.1253 0.9452 -0.3016
vn -0.1010 0.9552 -0.2783
vn -0.0788 0.9627 -0.2589
vn -0.0607 0.9683 -0.2424
vn -0.0460 0.9725 -0.2281
vn -0.0321 0.9759 -0.2156
vn -0.0205 0.9786 -0.2045
vn -0.0099 0.9808 -0.1946
vn 0.0004 0.9826 -0.1856
vn 0.0085 0.9841 -0.1774
vn 0.0170 0.9853 -0.1698
vn 0.0244 0.9864 -0.1628
vn 0.0310 0.9872 -0.1563
vn 0.0378 0.9879 -0.1501
vn 0.0443 0.9885 -0.1443
vn 0.0502 0.9890 -0.1388
vn 0.0556 0.9895 -0.1336
vn 0.0609 0.9898 -0.1285
vn 0.0662 0.9901 -0.1236
vn 0.0714 0.9903 -0.1188
vn 0.0767 0.9905 -0.1141
vn 0.0818 0.9906 -0.1095
vn 0.0869 0.9907 -0.1049
vn 0.0917 0.9907 -0.1005
vn 0.0967 0.9907 -0.0961
vn 0.1015 0.9906 -0.0915
vn 0.1064 0.9905 -0.0870
vn 0.1115 0.9903 -0.0824
vn 0.1168 0.9901 -0.0777
vn 0.1223 0.9898 -0.0729
vn 0.1276 0.9895 -0.0679
vn 0.1339 0.9890 -0.0628
vn 0.1397 0.9885 -0.0574
vn 0.1461 0.9879 -0.0518
vn 0.1528 0.9872 -0.0458
vn 0.1599 0.9863 -0.0395
vn 0.1679 0.9853 -0.0327
vn 0.1755 0.9841 -0.0254
vn 0.1843 0.9827 -0.0174
vn 0.1941 0.9809 -0.0088
vn 0.2056 0.9786 0.0008
vn 0.2172 0.9761 0.0116
vn 0.2308 0.9727 0.0238
vn 0.2468 0.9683 0.0377
vn 0.2657 0.9626 0.0539
vn 0.2865 0.9553 0.0731
vn 0.3116 0.9453 0.0963
vn 0.3301 0.9372 0.1128
vn 0.3180 0.9427 0.1006
vn 0.2877 0.9549 0.0739
vn 0.2621 0.9636 0.0521
vn 0.2396 0.9703 0.0342
vn 0.2202 0.9753 0.0192
vn 0.2029 0.9792 0.0065
vn 0.1877 0.9822 -0.0042
vn 0.1740 0.9847 -0.0135
vn 0.1615 0.9866 -0.0215
vn 0.1501 0.9883 -0.0284
vn 0.1397 0.9896 -0.0345
vn 0.1300 0.9907 -0.0398
vn 0.1210 0.9917 -0.0446
vn 0.1127 0.9924 -0.0487
vn 0.1050 0.9931 -0.0524
vn 0.0977 0.9937 -0.0556
vn 0.0908 0.9942 -0.0585
vn 0.0842 0.9946 -0.0611
vn 0.0780 0.9949 -0.0633
vn 0.0721 0.9953 -0.0654
vn 0.0664 0.9955 -0.0672
vn 0.0609 0.9958 -0.0688
vn 0.0556 0.9960 -0.0702
vn 0.0504 0.9962 -0.0715
vn 0.0454 0.9963 -0.0726
vn 0.0406 0.9965 -0.0736
vn 0.0358 0.9966 -0.0744
vn 0.0312 0.9967 -0.0751
vn 0.0267 0.9968 -0.0756
vn 0.0222 0.9969 -0.0761
vn 0.0178 0.9969 -0.0764
vn 0.0135 0.9970 -0.0767
vn 0.0093 0.9970 -0.0768
vn 0.0050 0.9970 -0.0769
vn 0.0007 0.9970 -0.0768
vn -0.0035 0.9970 -0.0767
vn -0.0077 0.9970 -0.0765
vn -0.0119 0.9970 -0.0761
vn -0.0161 0.9970 -0.0757
vn -0.0204 0.9970 -0.0751
vn -0.0247 0.9969 -0.0745
vn -0.0290 0.9969 -0.0737
vn -0.0334 0.9968 -0.0729
vn -0.0378 0.9967 -0.0719
vn -0.0423 0.9966 -0.0708
vn -0.0469 0.9965 -0.0695
vn -0.0516 0.9963 -0.0681
vn -0.0566 0.9962 -0.0665
vn -0.0616 0.9960 -0.0648
vn -0.0667 0.9958 -0.0629
vn -0.0721 0.9955 -0.0608
vn -0.0776 0.9953 -0.0584
vn -0.0833 0.9950 -0.0558
vn -0.0892 0.9946 -0.0530
vn -0.0956 0.9942 -0.0498
vn -0.1022 0.9937 -0.0463
vn -0.1091 0.9931 -0.0424
vn -0.1165 0.9925 -0.0380
vn -0.1244 0.9917 -0.0331
vn -0.1328 0.9908 -0.0276
vn -0.1420 0.9896 -0.0214
vn -0.1520 0.9883 -0.0143
vn -0.1625 0.9867 -0.0063
vn -0.1742 0.9847 0.0028
vn -0.1870 0.9823 0.0133
vn -0.2012 0.9792 0.0255
vn -0.2173 0.9753 0.0397
vn -0.2354 0.9703 0.0565
vn -0.2558 0.9637 0.0765
vn -0.2795 0.9548 0.1007
vn -0.3071 0.9427 0.1302
vn -0.3187 0.9368 0.1440
vn -0.3012 0.9452 0.1259
vn -0.2783 0.9552 0.1002
vn -0.2601 0.9624 0.0790
vn -0.2416 0.9684 0.0610
vn -0.2279 0.9726 0.0456
vn -0.2160 0.9759 0.0322
vn -0.2049 0.9786 0.0203
vn -0.1942 0.9809 0.0096
vn -0.1857 0.9826 -0.0000
vn -0.1774 0.9841 -0.0087
vn -0.1700 0.9853 -0.0168
vn -0.1628 0.9864 -0.0243
vn -0.1561 0.9872 -0.0313
vn -0.1505 0.9879 -0.0379
vn -0.1448 0.9885 -0.0441
vn -0.1387 0.9891 -0.0500
vn -0.1332 0.9895 -0.0557
vn -0.1282 0.9899 -0.0612
vn -0.1238 0.9901 -0.0665
vn -0.1192 0.9903 -0.0716
vn -0.1146 0.9904 -0.0767
vn -0.1095 0.9906 -0.0818
vn -0.1047 0.9907 -0.0868
vn -0.1006 0.9907 -0.0917
vn -0.0964 0.9906 -0.0965
vn -0.0916 0.9906 -0.1015
vn -0.0868 0.9905 -0.1066
vn -0.0823 0.9903 -0.1117
vn -0.0778 0.9901 -0.1169
vn -0.0728 0.9898 -0.1223
vn -0.0675 0.9895 -0.1279
vn -0.0628 0.9890 -0.1336
vn -0.0573 0.9885 -0.1396
vn -0.0521 0.9879 -0.1460
vn -0.0462 0.9872 -0.1527
vn -0.0397 0.9863 -0.1599
vn -0.0326 0.9853 -0.1676
vn -0.0259 0.9841 -0.1758
vn -0.0171 0.9826 -0.1848
vn -0.0094 0.9808 -0.1946
vn 0.0014 0.9787 -0.2055
vn 0.0112 0.9760 -0.2176
vn 0.0233 0.9726 -0.2313
vn 0.0376 0.9683 -0.2469
vn 0.0542 0.9628 -0.2649
vn 0.0727 0.9554 -0.2861
vn 0.0974 0.9453 -0.3114
vn 0.1128 0.9371 -0.3304
vn 0.1005 0.9428 -0.3179
vn 0.0739 0.9548 -0.2878
vn 0.0521 0.9637 -0.2620
vn 0.0342 0.9702 -0.2397
vn 0.0192 0.9753 -0.2202
vn 0.0066 0.9792 -0.2030
vn -0.0042 0.9822 -0.1877
vn -0.0135 0.9847 -0.1740
vn -0.0215 0.9866 -0.1615
vn -0.0284 0.9883 -0.1501
vn -0.0345 0.9896 -0.1397
vn -0.0398 0.9907 -0.1300
vn -0.0445 0.9916 -0.1211
vn -0.0487 0.9924 -0.1127
vn -0.0524 0.9931 -0.1050
vn -0.0556 0.9937 -0.0977
vn -0.0585 0.9942 -0.0908
vn -0.0611 0.9946 -0.0843
vn -0.0633 0.9949 -0.0780
vn -0.0654 0.9953 -0.0721
vn -0.0672 0.9955 -0.0664
vn -0.0688 0.9958 -0.0609
vn -0.0702 0.9960 -0.0556
vn -0.0715 0.9962 -0.0504
vn -0.0726 0.9963 -0.0454
vn -0.0736 0.9965 -0.0405
vn -0.0744 0.9966 -0.0358
vn -0.0751 0.9967 -0.0312
vn -0.0756 0.9968 -0.0267
vn -0.0761 0.9969 -0.0223
vn -0.0764 0.9969 -0.0179
vn -0.0767 0.9970 -0.0136
vn -0.0768 0.9970 -0.0093
vn -0.0769 0.9970 -0.0050
vn -0.0768 0.9970 -0.0008
vn -0.0767 0.9970 0.0035
vn -0.0765 0.9970 0.0077
vn -0.0761 0.9970 0.0119
vn -0.0757 0.9970 0.0162
vn -0.0751 0.9970 0.0204
vn -0.0745 0.9969 0.0247
vn -0.0737 0.9969 0.0290
vn -0.0729 0.9968 0.0333
vn -0.0719 0.9967 0.0378
vn -0.0708 0.9966 0.0423
vn -0.0695 0.9965 0.0469
vn -0.0681 0.9963 0.0517
vn -0.0665 0.9962 0.0566
vn -0.0648 0.9960 0.0616
vn -0.0629 0.9958 0.0668
vn -0.0607 0.9955 0.0721
vn -0.0584 0.9953 0.0776
vn -0.0558 0.9950 0.0833
vn -0.0530 0.9946 0.0893
vn -0.0498 0.9942 0.0956
vn -0.0463 0.9937 0.1022
vn -0.0424 0.9931 0.1091
vn -0.0380 0.9925 0.1165
vn -0.0331 0.9917 0.1244
vn -0.0276 0.9907 0.1329
vn -0.0213 0.9896 0.1420
vn -0.0143 0.9883 0.1519
vn -0.0063 0.9867 0.1625
vn 0.0028 0.9847 0.1742
vn 0.0133 0.9823 0.1871
vn 0.0255 0.9792 0.2013
vn 0.0398 0.9753 0.2173
vn 0.0565 0.9703 0.2353
vn 0.0765 0.9637 0.2558
vn 0.1008 0.9548 0.2795
vn 0.1302 0.9427 0.3071
vn 0.1442 0.9368 0.3189
vn 0.1253 0.9452 0.3016
vn 0.1010 0.9552 0.2783
vn 0.0788 0.9627 0.2589
vn 0.0607 0.9683 0.2424
vn 0.0460 0.9725 0.2281
vn 0.0321 0.9759 0.2156
vn 0.0205 0.9786 0.2045
vn 0.0099 0.9808 0.1946
vn -0.0004 0.9826 0.1856
vn -0.0085 0.9841 0.1774
vn -0.0170 0.9853 0.1698
vn -0.0244 0.9864 0.1628
vn -0.0310 0.9872 0.1563
vn -0.0378 0.9879 0.1501
vn -0.0443 0.9885 0.1443
vn -0.0502 0.9890 0.1388
vn -0.0556 0.9895 0.1336
vn -0.0609 0.9898 0.1285
vn -0.0662 0.9901 0.1236
vn -0.0714 0.9903 0.1188
vn -0.0767 0.9905 0.1141
vn -0.0818 0.9906 0.1095
vn -0.0869 0.9907 0.1049
vn -0.0917 0.9907 0.1005
vn -0.0967 0.9907 0.0961
vn -0.1015 0.9906 0.0915
vn -0.1064 0.9905 0.0870
vn -0.1115 0.9903 0.0824
vn -0.1168 0.9901 0.0777
vn -0.1223 0.9898 0.0729
vn -0.1276 0.9895 0.0679
vn -0.1339 0.9890 0.0628
vn -0.1397 0.9885 0.0574
vn -0.1461 0.9879 0.0518
vn -0.1528 0.9872 0.0458
vn -0.1599 0.9863 0.0395
vn -0.1679 0.9853 0.0327
vn -0.1755 0.9841 0.0254
vn -0.1843 0.9827 0.0174
vn -0.1941 0.9809 0.0088
vn -0.2056 0.9786 -0.0008
vn -0.2172 0.9761 -0.0116
vn -0.2308 0.9727 -0.0238
vn -0.2468 0.9683 -0.0377
vn -0.2657 0.9626 -0.0539
vn -0.2865 0.9553 -0.0731
vn -0.3116 0.9453 -0.0963
vn -0.3301 0.9372 -0.1128
vn -0.3180 0.9427 -0.1006
vn -0.2877 0.9549 -0.0739
vn -0.2621 0.9636 -0.0521
vn -0.2396 0.9703 -0.0342
vn -0.2202 0.9753 -0.0192
vn -0.2029 0.9792 -0.0065
vn -0.1877 0.9822 0.0042
vn -0.1740 0.9847 0.0135
vn -0.1615 0.9866 0.0215
vn -0.1501 0.9883 0.0284
vn -0.1397 0.9896 0.0345
vn -0.1300 0.9907 0.0398
vn -0.1210 0.9917 0.0446
vn -0.1127 0.9924 0.0487
vn -0.1050 0.9931 0.0524
vn -0.0977 0.9937 0.0556
vn -0.0908 0.9942 0.0585
vn -0.0842 0.9946 0.0611
vn -0.0780 0.9949 0.0633
vn -0.0721 0.9953 0.0654
vn -0.0664 0.9955 0.0672
vn -0.0609 0.9958 0.0688
vn -0.0556 0.9960 0.0702
vn -0.0504 0.9962 0.0715
vn -0.0454 0.9963 0.0726
vn -0.0406 0.9965 0.0736
vn -0.0358 0.9966 0.0744
vn -0.0312 0.9967 0.0751
vn -0.0267 0.9968 0.0756
vn -0.0222 0.9969 0.0761
vn -0.0178 0.9969 0.0764
vn -0.0135 0.9970 0.0767
vn -0.0093 0.9970 0.0768
vn -0.0050 0.9970 0.0769
vn -0.0007 0.9970 0.0768
vn 0.0035 0.9970 0.0767
vn 0.0077 0.9970 0.0765
vn 0.0119 0.9970 0.0761
vn 0.0161 0.9970 0.0757
vn 0.0204 0.9970 0.0751
vn 0.0247 0.9969 0.0745
vn 0.0290 0.9969 0.0737
vn 0.0334 0.9968 0.0729
vn 0.0378 0.9967 0.0719
vn 0.0423 0.9966 0.0708
vn 0.0469 0.9965 0.0695
vn 0.0516 0.9963 0.0681
vn 0.0566 0.9962 0.0665
vn 0.0616 0.9960 0.0648
vn 0.0667 0.9958 0.0629
vn 0.0721 0.9955 0.0608
vn 0.0776 0.9953 0.0584
vn 0.0833 0.9950 0.0558
vn 0.0892 0.9946 0.0530
vn 0.0956 0.9942 0.0498
vn 0.1022 0.9937 0.0463
vn 0.1091 0.9931 0.0424
vn 0.1165 0.9925 0.0380
vn 0.1244 0.9917 0.0331
vn 0.1328 0.9908 0.0276
vn 0.1420 0.9896 0.0214
vn 0.1520 0.9883 0.0143
vn 0.1625 0.9867 0.0063
vn 0.1742 0.9847 -0.0028
vn 0.1870 0.9823 -0.0133
vn 0.2012 0.9792 -0.0255
vn 0.2173 0.9753 -0.0397
vn 0.2354 0.9703 -0.0565
vn 0.2558 0.9637 -0.0765
vn 0.2795 0.9548 -0.1007
vn 0.3071 0.9427 -0.1302
vn 0.3187 0.9368 -0.1440
vn 0.3012 0.9452 -0.1259
vn 0.2783 0.9552 -0.1002
vn 0.2601 0.9624 -0.0790
vn 0.2416 0.9684 -0.0610
vn 0.2279 0.9726 -0.0456
vn 0.2160 0.9759 -0.0322
vn 0.2049 0.9786 -0.0203
vn 0.1942 0.9809 -0.0096
vn 0.1857 0.9826 -0.0000
vn 0.1774 0.9841 0.0087
vn 0.1700 0.9853 0.0168
vn 0.1628 0.9864 0.0243
vn 0.1561 0.9872 0.0313
vn 0.1505 0.9879 0.0379
vn 0.1448 0.9885 0.0441
vn 0.1387 0.9891 0.0500
vn 0.1332 0.9895 0.0557
vn 0.1282 0.9899 0.0612
vn 0.1238 0.9901 0.0665
vn 0.1192 0.9903 0.0716
vn 0.1146 0.9904 0.0767
vn 0.1095 0.9906 0.0818
vn 0.1047 0.9907 0.0868
vn 0.1006 0.9907 0.0917
vn 0.0964 0.9906 0.0965
vn 0.0916 0.9906 0.1015
vn 0.0868 0.9905 0.1066
vn 0.0823 0.9903 0.1117
vn 0.0778 0.9901 0.1169
vn 0.0728 0.9898 0.1223
vn 0.0675 0.9895 0.1279
vn 0.0628 0.9890 0.1336
vn 0.0573 0.9885 0.1396
vn 0.0521 0.9879 0.1460
vn 0.0462 0.9872 0.1527
vn 0.0397 0.9863 0.1599
vn 0.0326 0.9853 0.1676
vn 0.0259 0.9841 0.1758
vn 0.0171 0.9826 0.1848
vn 0.0094 0.9808 0.1946
vn -0.0014 0.9787 0.2055
vn -0.0112 0.9760 0.2176
vn -0.0233 0.9726 0.2313
vn -0.0376 0.9683 0.2469
vn -0.0542 0.9628 0.2649
vn -0.0727 0.9554 0.2861
vn -0.0974 0.9453 0.3114
vn -0.1128 0.9371 0.3304
vn -0.1005 0.9428 0.3179
vn -0.0739 0.9548 0.2878
vn -0.0521 0.9637 0.2620
vn -0.0342 0.9702 0.2397
vn -0.0192 0.9753 0.2202
vn -0.0066 0.9792 0.2030
vn 0.0042 0.9822 0.1877
vn 0.0135 0.9847 0.1740
vn 0.0215 0.9866 0.1615
vn 0.0284 0.9883 0.1501
vn 0.0345 0.9896 0.1397
vn 0.0398 0.9907 0.1300
vn 0.0445 0.9916 0.1211
vn 0.0487 0.9924 0.1127
vn 0.0524 0.9931 0.1050
vn 0.0556 0.9937 0.0977
vn 0.0585 0.9942 0.0908
vn 0.0611 0.9946 0.0843
vn 0.0633 0.9949 0.0780
vn 0.0654 0.9953 0.0721
vn 0.0672 0.9955 0.0664
vn 0.0688 0.9958 0.0609
vn 0.0702 0.9960 0.0556
vn 0.0715 0.9962 0.0504
vn 0.0726 0.9963 0.0454
vn 0.0736 0.9965 0.0405
vn 0.0744 0.9966 0.0358
vn 0.0751 0.9967 0.0312
vn 0.0756 0.9968 0.0267
vn 0.0761 0.9969 0.0223
vn 0.0764 0.9969 0.0179
vn 0.0767 0.9970 0.0136
vn 0.0768 0.9970 0.0093
vn 0.0769 0.9970 0.0050
vn 0.0768 0.9970 0.0008
vn 0.0767 0.9970 -0.0035
vn 0.0765 0.9970 -0.0077
vn 0.0761 0.9970 -0.0119
vn 0.0757 0.9970 -0.0162
vn 0.0751 0.9970 -0.0204
vn 0.0745 0.9969 -0.0247
vn 0.0737 0.9969 -0.0290
vn 0.0729 0.9968 -0.0333
vn 0.0719 0.9967 -0.0378
vn 0.0708 0.9966 -0.0423
vn 0.0695 0.9965 -0.0469
vn 0.0681 0.9963 -0.0517
vn -0.0000 1.0000 -0.0000
s 1
f 1//1 2//2 482//482 481//481
f 2//2 3//3 483//483 482//482
f 3//3 4//4 484//484 483//483
f 4//4 5//5 485//485 484//484
f 5//5 6//6 486//486 485//485
f 6//6 7//7 487//487 486//486
f 7//7 8//8 488//488 487//487
f 8//8 9//9 489//489 488//488
f 9//9 10//10 490//490 489//489
f 10//10 11//11 491//491 490//490
f 11//11 12//12 492//492 491//491
f 12//12 13//13 493//493 492//492
f 13//13 14//14 494//494 493//493
f 14//14 15//15 495//495 494//494
f 15//15 16//16 496//496 495//495
f 16//16 17//17 497//497 496//496
f 17//17 18//18 498//498 497//497
f 18//18 19//19 499//499 498//498
f 19//19 20//20 500//500 499//499
f 20//20 21//21 501//501 500//500
f 21//21 22//22 502//502 501//501
f 22//22 23//23 503//503 502//502
f 23//23 24//24 504//504 503//503
f 24//24 25//25 505//505 504//504
f 25//25 26//26 506//506 505//505
f 26//26 27//27 507//507 506//506
f 27//27 28//28 508//508 507//507
f 28//28 29//29 509//509 508//508
f 29//29 30//30 510//510 509//509
f 30//30 31//31 511//511 510//510
f 31//31 32//32 512//512 511//511
f 32//32 33//33 513//513 512//512
f 33//33 34//34 514//514 513//513
f 34//34 35//35 515//515 514//514
f 35//35 36//36 516//516 515//515
f 36//36 37//37 517//517 516//516
f 37//37 38//38 518//518 517//517
f 38//38 39//39 519//519 518//518
f 39//39 40//40 520//520 519//519
f 40//40 41//41 521//521 520//520
f 41//41 42//42 522//522 521//521
f 42//42 43//43 523//523 522//522
f 43//43 44//44 524//524 523//523
f 44//44 45//45 525//525 524//524
f 45//45 46//46 526//526 525//525
f 46//46 47//47 527//527 526//526
f 47//47 48//48 528//528 527//527
f 48//48 49//49 529//529 528//528
f 49//49 50//50 530//530 529//529
f 50//50 51//51 531//531 530//530
f 51//51 52//52 532//532 531//531
f 52//52 53//53 533//533 532//532
f 53//53 54//54 534//534 533//533
f 54//54 55//55 535//535 534//534
f 55//55 56//56 536//536 535//535
f 56//56 57//57 537//537 536//536
f 57//57 58//58 538//538 537//537
f 58//58 59//59 539//539 538//538
f 59//59 60//60 540//540 539//539
f 60//60 61//61 541//541 540//540
f 61//61 62//62 542//542 541//541
f 62//62 63//63 543//543 542//542
f 63//63 64//64 544//544 543//543
f 64//64 65//65 545//545 544//544
f 65//65 66//66 546//546 545//545
f 66//66 67//67 547//547 546//546
f 67//67 68//68 548//548 547//547
f 68//68 69//69 549//549 548//548
f 69//69 70//70 550//550 549//549
f 70//70 71//71 551//551 550//550
f 71//71 72//72 552//552 551//551
f 72//72 73//73 553//553 552//552
f 73//73 74//74 554//554 553//553
f 74//74 75//75 555//555 554//554
f 75//75 76//76 556//556 555//555
f 76//76 77//77 557//557 556//556
f 77//77 78//78 558//558 557//557
f 78//78 79//79 559//559 558//558
f 79//79 80//80 560//560 559//559
f 80//80 81//81 561//561 560//560
f 81//81 82//82 562//562 561//561
f 82//82 83//83 563//563 562//562
f 83//83 84//84 564//564 563//563
f 84//84 85//85 565//565 564//564
f 85//85 86//86 566//566 565//565
f 86//86 87//87 567//567 566//566
f 87//87 88//88 568//568 567//567
f 88//88 89//89 569//569 568//568
f 89//89 90//90 570//570 569//569
f 90//90 91//91 571//571 570//570
f 91//91 92//92 572//572 571//571
f 92//92 93//93 573//573 572//572
f 93//93 94//94 574//574 573//573
f 94//94 95//95 575//575 574//574
f 95//95 96//96 576//576 575//575
f 96//96 97//97 577//577 576//576
f 97//97 98//98 578//578 577//577
f 98//98 99//99 579//579 578//578
f 99//99 100//100 580//580 579//579
f 100//100 101//101 581//581 580//580
f 101//101 102//102 582//582 581//581
f 102//102 103//103 583//583 582//582
f 103//103 104//104 584//584 583//583
f 104//104 105//105 585//585 584//584
f 105//105 106//106 586//586 585//585
f 106//106 107//107 587//587 586//586
f 107//107 108//108 588//588 587//587
f 108//108 109//109 589//589 588//588
f 109//109 110//110 590//590 589//589
f 110//110 111//111 591//591 590//590
f 111//111 112//112 592//592 591//591
f 112//112 113//113 593//593 592//592
f 113//113 114//114 594//594 593//593
f 114//114 115//115 595//595 594//594
f 115//115 116//116 596//596 595//595
f 116//116 117//117 597//597 596//596
f 117//117 118//118 598//598 597//597
f 118//118 119//119 599//599 598//598
f 119//119 120//120 600//600 599//599
f 120//120 121//121 601//601 600//600
f 121//121 122//122 602//602 601//601
f 122//122 123//123 603//603 602//602
f 123//123 124//124 604//604 603//603
f 124//124 125//125 605//605 604//604
f 125//125 126//126 606//606 605//605
f 126//126 127//127 607//607 606//606
f 127//127 128//128 608//608 607//607
f 128//128 129//129 609//609 608//608
f 129//129 130//130 610//610 609//609
f 130//130 131//131 611//611 610//610
f 131//131 132//132 612//612 611//611
f 132//132 133//133 613//613 612//612
f 133//133 134//134 614//614 613//613
f 134//134 135//135 615//615 614//614
f 135//135 136//136 616//616 615//615
f 136//136 137//137 617//617 616//616
f 137//137 138//138 618//618 617//617
f 138//138 139//139 619//619 618//618
f 139//139 140//140 620//620 619//619
f 140//140 141//141 621//621 620//620
f 141//141 142//142 622//622 621//621
f 142//142 143//143 623//623 622//622
f 143//143 144//144 624//624 623//623
f 144//144 145//145 625//625 624//624
f 145//145 146//146 626//626 625//625
f 146//146 147//147 627//627 626//626
f 147//147 148//148 628//628 627//627
f 148//148 149//149 629//629 628//628
f 149//149 150//150 630//630 629//629
f 150//150 151//151 631//631 630//630
f 151//151 152//152 632//632 631//631
f 152//152 153//153 633//633 632//632
f 153//153 154//154 634//634 633//633
f 154//154 155//155 635//635 634//634
f 155//155 156//156 636//636 635//635
f 156//156 157//157 637//637 636//636
f 157//157 158//158 638//638 637//637
f 158//158 159//159 639//639 638//638
f 159//159 160//160 640//640 639//639
f 160//160 161//161 641//641 640//640
f 161//161 162//162 642//642 641//641
f 162//162 163//163 643//643 642//642
f 163//163 164//164 644//644 643//643
f 164//164 165//165 645//645 644//644
f 165//165 166//166 646//646 645//645
f 166//166 167//167 647//647 646//646
f 167//167 168//168 648//648 647//647
f 168//168 169//169 649//649 648//648
f 169//169 170//170 650//650 649//649
f 170//170 171//171 651//651 650//650
f 171//171 172//172 652//652 651//651
f 172//172 173//173 653//653 652//652
f 173//173 174//174 654//654 653//653
f 174//174 175//175 655//655 654//654
f 175//175 176//176 656//656 655//655
f 176//176 177//177 657//657 656//656
f 177//177 178//178 658//658 657//657
f 178//178 179//179 659//659 658//658
f 179//179 180//180 660//660 659//659
f 180//180 181//181 661//661 660//660
f 181//181 182//182 662//662 661//661
f 182//182 183//183 663//663 662//662
f 183//183 184//184 664//664 663//663
f 184//184 185//185 665//665 664//664
f 185//185 186//186 666//666 665//665
f 186//186 187//187 667//667 666//666
f 187//187 188//188 668//668 667//667
f 188//188 189//189 669//669 668//668
f 189//189 190//190 670//670 669//669
f 190//190 191//191 671//671 670//670
f 191//191 192//192 672//672 671//671
f 192//192 193//193 673//673 672//672
f 193//193 194//194 674//674 673//673
f 194//194 195//195 675//675 674//674
f 195//195 196//196 676//676 675//675
f 196//196 197//197 677//677 676//676
f 197//197 198//198 678//678 677//677
f 198//198 199//199 679//679 678//678
f 199//199 200//200 680//680 679//679
f 200//200 201//201 681//681 680//680
f 201//201 202//202 682//682 681//681
f 202//202 203//203 683//683 682//682
f 203//203 204//204 684//684 683//683
f 204//204 205//205 685//685 684//684
f 205//205 206//206 686//686 685//685
f 206//206 207//207 687//687 686//686
f 207//207 208//208 688//688 687//687
f 208//208 209//209 689//689 688//688
f 209//209 210//210 690//690 689//689
f 210//210 211//211 691//691 690//690
f 211//211 212//212 692//692 691//691
f 212//212 213//213 693//693 692//692
f 213//213 214//214 694//694 693//693
f 214//214 215//215 695//695 694//694
f 215//215 216//216 696//696 695//695
f 216//216 217//217 697//697 696//696
f 217//217 218//218 698//698 697//697
f 218//218 219//219 699//699 698//698
f 219//219 220//220 700//700 699//699
f 220//220 221//221 701//701 700//700
f 221//221 222//222 702//702 701//701
f 222//222 223//223 703//703 702//702
f 223//223 224//224 704//704 703//703
f 224//224 225//225 705//705 704//704
f 225//225 226//226 706//706 705//705
f 226//226 227//227 707//707 706//706
f 227//227 228//228 708//708 707//707
f 228//228 229//229 709//709 708//708
f 229//229 230//230 710//710 709//709
f 230//230 231//231 711//711 710//710
f 231//231 232//232 712//712 711//711
f 232//232 233//233 713//713 712//712
f 233//233 234//234 714//714 713//713
f 234//234 235//235 715//715 714//714
f 235//235 236//236 716//716 715//715
f 236//236 237//237 717//717 716//716
f 237//237 238//238 718//718 717//717
f 238//238 239//239 719//719 718//718
f 239//239 240//240 720//720 719//719
f 240//240 241//241 721//721 720//720
f 241//241 242//242 722//722 721//721
f 242//242 243//243 723//723 722//722
f 243//243 244//244 724//724 723//723
f 244//244 245//245 725//725 724//724
f 245//245 246//246 726//726 725//725
f 246//246 247//247 727//727 726//726
f 247//247 248//248 728//728 727//727
f 248//248 249//249 729//729 728//728
f 249//249 250//250 730//730 729//729
f 250//250 251//251 731//731 730//730
f 251//251 252//252 732//732 731//731
f 252//252 253//253 733//733 732//732
f 253//253 254//254 734//734 733//733
f 254//254 255//255 735//735 734//734
f 255//255 256//256 736//736 735//735
f 256//256 257//257 737//737 736//736
f 257//257 258//258 738//738 737//737
f 258//258 259//259 739//739 738//738
f 259//259 260//260 740//740 739//739
f 260//260 261//261 741//741 740//740
f 261//261 262//262 742//742 741//741
f 262//262 263//263 743//743 742//742
f 263//263 264//264 744//744 743//743
f 264//264 265//265 745//745 744//744
f 265//265 266//266 746//746 745//745
f 266//266 267//267 747//747 746//746
f 267//267 268//268 748//748 747//747
f 268//268 269//269 749//749 748//748
f 269//269 270//270 750//750 749//749
f 270//270 271//271 751//751 750//750
f 271//271 272//272 752//752 751//751
f 272//272 273//273 753//753 752//752
f 273//273 274//274 754//754 753//753
f 274//274 275//275 755//755 754//754
f 275//275 276//276 756//756 755//755
f 276//276 277//277 757//757 756//756
f 277//277 278//278 758//758 757//757
f 278//278 279//279 759//759 758//758
f 279//279 280//280 760//760 759//759
f 280//280 281//281 761//761 760//760
f 281//281 282//282 762//762 761//761
f 282//282 283//283 763//763 762//762
f 283//283 284//284 764//764 763//763
f 284//284 285//285 765//765 764//764
f 285//285 286//286 766//766 765//765
f 286//286 287//287 767//767 766//766
f 287//287 288//288 768//768 767//767
f 288//288 289//289 769//769 768//768
f 289//289 290//290 770//770 769//769
f 290//290 291//291 771//771 770//770
f 291//291 292//292 772//772 771//771
f 292//292 293//293 773//773 772//772
f 293//293 294//294 774//774 773//773
f 294//294 295//295 775//775 774//774
f 295//295 296//296 776//776 775//775
f 296//296 297//297 777//777 776//776
f 297//297 298//298 778//778 777//777
f 298//298 299//299 779//779 778//778
f 299//299 300//300 780//780 779//779
f 300//300 301//301 781//781 780//780
f 301//301 302//302 782//782 781//781
f 302//302 303//303 783//783 782//782
f 303//303 304//304 784//784 783//783
f 304//304 305//305 785//785 784//784
f 305//305 306//306 786//786 785//785
f 306//306 307//307 787//787 786//786
f 307//307 308//308 788//788 787//787
f 308//308 309//309 789//789 788//788
f 309//309 310//310 790//790 789//789
f 310//310 311//311 791//791 790//790
f 311//311 312//312 792//792 791//791
f 312//312 313//313 793//793 792//792
f 313//313 314//314 794//794 793//793
f 314//314 315//315 795//795 794//794
f 315//315 316//316 796//796 795//795
f 316//316 317//317 797//797 796//796
f 317//317 318//318 798//798 797//797
f 318//318 319//319 799//799 798//798
f 319//319 320//320 800//800 799//799
f 320//320 321//321 801//801 800//800
f 321//321 322//322 802//802 801//801
f 322//322 323//323 803//803 802//802
f 323//323 324//324 804//804 803//803
f 324//324 325//325 805//805 804//804
f 325//325 326//326 806//806 805//805
f 326//326 327//327 807//807 806//806
f 327//327 328//328 808//808 807//807
f 328//328 329//329 809//809 808//808
f 329//329 330//330 810//810 809//809
f 330//330 331//331 811//811 810//810
f 331//331 332//332 812//812 811//811
f 332//332 333//333 813//813 812//812
f 333//333 334//334 814//814 813//813
f 334//334 335//335 815//815 814//814
f 335//335 336//336 816//816 815//815
f 336//336 337//337 817//817 816//816
f 337//337 338//338 818//818 817//817
f 338//338 339//339 819//819 818//818
f 339//339 340//340 820//820 819//819
f 340//340 341//341 821//821 820//820
f 341//341 342//342 822//822 821//821
f 342//342 343//343 823//823 822//822
f 343//343 344//344 824//824 823//823
f 344//344 345//345 825//825 824//824
f 345//345 346//346 826//826 825//825
f 346//346 347//347 827//827 826//826
f 347//347 348//348 828//828 827//827
f 348//348 349//349 829//829 828//828
f 349//349 350//350 830//830 829//829
f 350//350 351//351 831//831 830//830
f 351//351 352//352 832//832 831//831
f 352//352 353//353 833//833 832//832
f 353//353 354//354 834//834 833//833
f 354//354 355//355 835//835 834//834
f 355//355 356//356 836//836 835//835
f 356//356 357//357 837//837 836//836
f 357//357 358//358 838//838 837//837
f 358//358 359//359 839//839 838//838
f 359//359 360//360 840//840 839//839
f 360//360 361//361 841//841 840//840
f 361//361 362//362 842//842 841//841
f 362//362 363//363 843//843 842//842
f 363//363 364//364 844//844 843//843
f 364//364 365//365 845//845 844//844
f 365//365 366//366 846//846 845//845
f 366//366 367//367 847//847 846//846
f 367//367 368//368 848//848 847//847
f 368//368 369//369 849//849 848//848
f 369//369 370//370 850//850 849//849
f 370//370 371//371 851//851 850//850
f 371//371 372//372 852//852 851//851
f 372//372 373//373 853//853 852//852
f 373//373 374//374 854//854 853//853
f 374//374 375//375 855//855 854//854
f 375//375 376//376 856//856 855//855
f 376//376 377//377 857//857 856//856
f 377//377 378//378 858//858 857//857
f 378//378 379//379 859//859 858//858
f 379//379 380//380 860//860 859//859
f 380//380 381//381 861//861 860//860
f 381//381 382//382 862//862 861//861
f 382//382 383//383 863//863 862//862
f 383//383 384//384 864//864 863//863
f 384//384 385//385 865//865 864//864
f 385//385 386//386 866//866 865//865
f 386//386 387//387 867//867 866//866
f 387//387 388//388 868//868 867//867
f 388//388 389//389 869//869 868//868
f 389//389 390//390 870//870 869//869
f 390//390 391//391 871//871 870//870
f 391//391 392//392 872//872 871//871
f 392//392 393//393 873//873 872//872
f 393//393 394//394 874//874 873//873
f 394//394 395//395 875//875 874//874
f 395//395 396//396 876//876 875//875
f 396//396 397//397 877//877 876//876
f 397//397 398//398 878//878 877//877
f 398//398 399//399 879//879 878//878
f 399//399 400//400 880//880 879//879
f 400//400 401//401 881//881 880//880
f 401//401 402//402 882//882 881//881
f 402//402 403//403 883//883 882//882
f 403//403 404//404 884//884 883//883
f 404//404 405//405 885//885 884//884
f 405//405 406//406 886//886 885//885
f 406//406 407//407 887//887 886//886
f 407//407 408//408 888//888 887//887
f 408//408 409//409 889//889 888//888
f 409//409 410//410 890//890 889//889
f 410//410 411//411 891//891 890//890
f 411//411 412//412 892//892 891//891
f 412//412 413//413 893//893 892//892
f 413//413 414//414 894//894 893//893
f 414//414 415//415 895//895 894//894
f 415//415 416//416 896//896 895//895
f 416//416 417//417 897//897 896//896
f 417//417 418//418 898//898 897//897
f 418//418 419//419 899//899 898//898
f 419//419 420//420 900//900 899//899
f 420//420 421//421 901//901 900//900
f 421//421 422//422 902//902 901//901
f 422//422 423//423 903//903 902//902
f 423//423 424//424 904//904 903//903
f 424//424 425//425 905//905 904//904
f 425//425 426//426 906//906 905//905
f 426//426 427//427 907//907 906//906
f 427//427 428//428 908//908 907//907
f 428//428 429//429 909//909 908//908
f 429//429 430//430 910//910 909//909
f 430//430 431//431 911//911 910//910
f 431//431 432//432 912//912 911//911
f 432//432 433//433 913//913 912//912
f 433//433 434//434 914//914 913//913
f 434//434 435//435 915//915 914//914
f 435//435 436//436 916//916 915//915
f 436//436 437//437 917//917 916//916
f 437//437 438//438 918//918 917//917
f 438//438 439//439 919//919 918//918
f 439//439 440//440 920//920 919//919
f 440//440 441//441 921//921 920//920
f 441//441 442//442 922//922 921//921
f 442//442 443//443 923//923 922//922
f 443//443 444//444 924//924 923//923
f 444//444 445//445 925//925 924//924
f 445//445 446//446 926//926 925//925
f 446//446 447//447 927//927 926//926
f 447//447 448//448 928//928 927//927
f 448//448 449//449 929//929 928//928
f 449//449 450//450 930//930 929//929
f 450//450 451//451 931//931 930//930
f 451//451 452//452 932//932 931//931
f 452//452 453//453 933//933 932//932
f 453//453 454//454 934//934 933//933
f 454//454 455//455 935//935 934//934
f 455//455 456//456 936//936 935//935
f 456//456 457//457 937//937 936//936
f 457//457 458//458 938//938 937//937
f 458//458 459//459 939//939 938//938
f 459//459 460//460 940//940 939//939
f 460//460 461//461 941//941 940//940
f 461//461 462//462 942//942 941//941
f 462//462 463//463 943//943 942//942
f 463//463 464//464 944//944 943//943
f 464//464 465//465 945//945 944//944
f 465//465 466//466 946//946 945//945
f 466//466 467//467 947//947 946//946
f 467//467 468//468 948//948 947//947
f 468//468 469//469 949//949 948//948
f 469//469 470//470 950//950 949//949
f 470//470 471//471 951//951 950//950
f 471//471 472//472 952//952 951//951
f 472//472 473//473 953//953 952//952
f 473//473 474//474 954//954 953//953
f 474//474 475//475 955//955 954//954
f 475//475 476//476 956//956 955//955
f 476//476 477//477 957//957 956//956
f 477//477 478//478 958//958 957//957
f 478//478 479//479 959//959 958//958
f 479//479 480//480 960//960 959//959
f 480//480 1//1 481//481 960//960
f 481//481 482//482 962//482 961//481
f 482//482 483//483 963//483 962//482
f 483//483 484//484 964//484 963//483
f 484//484 485//485 965//485 964//484
f 485//485 486//486 966//486 965//485
f 486//486 487//487 967//487 966//486
f 487//487 488//488 968//488 967//487
f 488//488 489//489 969//489 968//488
f 489//489 490//490 970//490 969//489
f 490//490 491//491 971//491 970//490
f 491//491 492//492 972//492 971//491
f 492//492 493//493 973//493 972//492
f 493//493 494//494 974//494 973//493
f 494//494 495//495 975//495 974//494
f 495//495 496//496 976//496 975//495
f 496//496 497//497 977//497 976//496
f 497//497 498//498 978//498 977//497
f 498//498 499//499 979//499 978//498
f 499//499 500//500 980//500 979//499
f 500//500 501//501 981//501 980//500
f 501//501 502//502 982//502 981//501
f 502//502 503//503 983//503 982//502
f 503//503 504//504 984//504 983//503
f 504//504 505//505 985//505 984//504
f 505//505 506//506 986//506 985//505
f 506//506 507//507 987//507 986//506
f 507//507 508//508 988//508 987//507
f 508//508 509//509 989//509 988//508
f 509//509 510//510 990//510 989//509
f 510//510 511//511 991//511 990//510
f 511//511 512//512 992//512 991//511
f 512//512 513//513 993//513 992//512
f 513//513 514//514 994//514 993//513
f 514//514 515//515 995//515 994//514
f 515//515 516//516 996//516 995//515
f 516//516 517//517 997//517 996//516
f 517//517 518//518 998//518 997//517
f 518//518 519//519 999//519 998//518
f 519//519 520//520 1000//520 999//519
f 520//520 521//521 1001//521 1000//520
f 521//521 522//522 1002//522 1001//521
f 522//522 523//523 1003//523 1002//522
f 523//523 524//524 1004//524 1003//523
f 524//524 525//525 1005//525 1004//524
f 525//525 526//526 1006//526 1005//525
f 526//526 527//527 1007//527 1006//526
f 527//527 528//528 1008//528 1007//527
f 528//528 529//529 1009//529 1008//528
f 529//529 530//530 1010//530 1009//529
f 530//530 531//531 1011//531 1010//530
f 531//531 532//532 1012//532 1011//531
f 532//532 533//533 1013//533 1012//532
f 533//533 534//534 1014//534 1013//533
f 534//534 535//535 1015//535 1014//534
f 535//535 536//536 1016//536 1015//535
f 536//536 537//537 1017//537 1016//536
f 537//537 538//538 1018//538 1017//537
f 538//538 539//539 1019//539 1018//538
f 539//539 540//540 1020//540 1019//539
f 540//540 541//541 1021//541 1020//540
f 541//541 542//542 1022//961 1021//541
f 542//542 543//543 1023//543 1022//961
f 543//543 544//544 1024//544 1023//543
f 544//544 545//545 1025//545 1024//544
f 545//545 546//546 1026//546 1025//545
f 546//546 547//547 1027//547 1026//546
f 547//547 548//548 1028//548 1027//547
f 548//548 549//549 1029//549 1028//548
f 549//549 550//550 1030//550 1029//549
f 550//550 551//551 1031//551 1030//550
f 551//551 552//552 1032//552 1031//551
f 552//552 553//553 1033//553 1032//552
f 553//553 554//554 1034//554 1033//553
f 554//554 555//555 1035//555 1034//554
f 555//555 556//556 1036//556 1035//555
f 556//556 557//557 1037//557 1036//556
f 557//557 558//558 1038//558 1037//557
f 558//558 559//559 1039//559 1038//558
f 559//559 560//560 1040//560 1039//559
f 560//560 561//561 1041//561 1040//560
f 561//561 562//562 1042//562 1041//561
f 562//562 563//563 1043//563 1042//562
f 563//563 564//564 1044//564 1043//563
f 564//564 565//565 1045//565 1044//564
f 565//565 566//566 1046//566 1045//565
f 566//566 567//567 1047//567 1046//566
f 567//567 568//568 1048//568 1047//567
f 568//568 569//569 1049//569 1048//568
f 569//569 570//570 1050//570 1049//569
f 570//570 571//571 1051//571 1050//570
f 571//571 572//572 1052//572 1051//571
f 572//572 573//573 1053//573 1052//572
f 573//573 574//574 1054//574 1053//573
f 574//574 575//575 1055//575 1054//574
f 575//575 576//576 1056//576 1055//575
f 576//576 577//577 1057//577 1056//576
f 577//577 578//578 1058//578 1057//577
f 578//578 579//579 1059//579 1058//578
f 579//579 580//580 1060//580 1059//579
f 580//580 581//581 1061//581 1060//580
f 581//581 582//582 1062//582 1061//581
f 582//582 583//583 1063//583 1062//582
f 583//583 584//584 1064//584 1063//583
f 584//584 585//585 1065//585 1064//584
f 585//585 586//586 1066//586 1065//585
f 586//586 587//587 1067//587 1066//586
f 587//587 588//588 1068//588 1067//587
f 588//588 589//589 1069//589 1068//588
f 589//589 590//590 1070//590 1069//589
f 590//590 591//591 1071//591 1070//590
f 591//591 592//592 1072//592 1071//591
f 592//592 593//593 1073//593 1072//592
f 593//593 594//594 1074//594 1073//593
f 594//594 595//595 1075//595 1074//594
f 595//595 596//596 1076//596 1075//595
f 596//596 597//597 1077//597 1076//596
f 597//597 598//598 1078//598 1077//597
f 598//598 599//599 1079//599 1078//598
f 599//599 600//600 1080//600 1079//599
f 600//600 601//601 1081//601 1080//600
f 601//601 602//602 1082//602 1081//601
f 602//602 603//603 1083//603 1082//602
f 603//603 604//604 1084//604 1083//603
f 604//604 605//605 1085//605 1084//604
f 605//605 606//606 1086//606 1085//605
f 606//606 607//607 1087//607 1086//606
f 607//607 608//608 1088//608 1087//607
f 608//608 609//609 1089//609 1088//608
f 609//609 610//610 1090//610 1089//609
f 610//610 611//611 1091//611 1090//610
f 611//611 612//612 1092//612 1091//611
f 612//612 613//613 1093//613 1092//612
f 613//613 614//614 1094//614 1093//613
f 614//614 615//615 1095//615 1094//614
f 615//615 616//616 1096//616 1095//615
f 616//616 617//617 1097//617 1096//616
f 617//617 618//618 1098//618 1097//617
f 618//618 619//619 1099//619 1098//618
f 619//619 620//620 1100//620 1099//619
f 620//620 621//621 1101//621 1100//620
f 621//621 622//622 1102//622 1101//621
f 622//622 623//623 1103//623 1102//622
f 623//623 624//624 1104//624 1103//623
f 624//624 625//625 1105//625 1104//624
f 625//625 626//626 1106//626 1105//625
f 626//626 627//627 1107//627 1106//626
f 627//627 628//628 1108//628 1107//627
f 628//628 629//629 1109//629 1108//628
f 629//629 630//630 1110//630 1109//629
f 630//630 631//631 1111//631 1110//630
f 631//631 632//632 1112//632 1111//631
f 632//632 633//633 1113//633 1112//632
f 633//633 634//634 1114//634 1113//633
f 634//634 635//635 1115//635 1114//634
f 635//635 636//636 1116//636 1115//635
f 636//636 637//637 1117//637 1116//636
f 637//637 638//638 1118//638 1117//637
f 638//638 639//639 1119//639 1118//638
f 639//639 640//640 1120//640 1119//639
f 640//640 641//641 1121//641 1120//640
f 641//641 642//642 1122//642 1121//641
f 642//642 643//643 1123//643 1122//642
f 643//643 644//644 1124//644 1123//643
f 644//644 645//645 1125//645 1124//644
f 645//645 646//646 1126//646 1125//645
f 646//646 647//647 1127//647 1126//646
f 647//647 648//648 1128//648 1127//647
f 648//648 649//649 1129//649 1128//648
f 649//649 650//650 1130//650 1129//649
f 650//650 651//651 1131//651 1130//650
f 651//651 652//652 1132//652 1131//651
f 652//652 653//653 1133//653 1132//652
f 653//653 654//654 1134//654 1133//653
f 654//654 655//655 1135//655 1134//654
f 655//655 656//656 1136//656 1135//655
f 656//656 657//657 1137//657 1136//656
f 657//657 658//658 1138//658 1137//657
f 658//658 659//659 1139//659 1138//658
f 659//659 660//660 1140//660 1139//659
f 660//660 661//661 1141//661 1140//660
f 661//661 662//662 1142//662 1141//661
f 662//662 663//663 1143//663 1142//662
f 663//663 664//664 1144//664 1143//663
f 664//664 665//665 1145//665 1144//664
f 665//665 666//666 1146//666 1145//665
f 666//666 667//667 1147//667 1146//666
f 667//667 668//668 1148//668 1147//667
f 668//668 669//669 1149//669 1148//668
f 669//669 670//670 1150//670 1149//669
f 670//670 671//671 1151//671 1150//670
f 671//671 672//672 1152//672 1151//671
f 672//672 673//673 1153//673 1152//672
f 673//673 674//674 1154//674 1153//673
f 674//674 675//675 1155//675 1154//674
f 675//675 676//676 1156//676 1155//675
f 676//676 677//677 1157//677 1156//676
f 677//677 678//678 1158//678 1157//677
f 678//678 679//679 1159//679 1158//678
f 679//679 680//680 1160//680 1159//679
f 680//680 681//681 1161//681 1160//680
f 681//681 682//682 1162//682 1161//681
f 682//682 683//683 1163//683 1162//682
f 683//683 684//684 1164//684 1163//683
f 684//684 685//685 1165//685 1164//684
f 685//685 686//686 1166//686 1165//685
f 686//686 687//687 1167//687 1166//686
f 687//687 688//688 1168//688 1167//687
f 688//688 689//689 1169//689 1168//688
f 689//689 690//690 1170//690 1169//689
f 690//690 691//691 1171//691 1170//690
f 691//691 692//692 1172//692 1171//691
f 692//692 693//693 1173//693 1172//692
f 693//693 694//694 1174//694 1173//693
f 694//694 695//695 1175//695 1174//694
f 695//695 696//696 1176//696 1175//695
f 696//696 697//697 1177//697 1176//696
f 697//697 698//698 1178//698 1177//697
f 698//698 699//699 1179//699 1178//698
f 699//699 700//700 1180//700 1179//699
f 700//700 701//701 1181//701 1180//700
f 701//701 702//702 1182//702 1181//701
f 702//702 703//703 1183//703 1182//702
f 703//703 704//704 1184//704 1183//703
f 704//704 705//705 1185//705 1184//704
f 705//705 706//706 1186//706 1185//705
f 706//706 707//707 1187//707 1186//706
f 707//707 708//708 1188//708 1187//707
f 708//708 709//709 1189//709 1188//708
f 709//709 710//710 1190//710 1189//709
f 710//710 711//711 1191//711 1190//710
f 711//711 712//712 1192//712 1191//711
f 712//712 713//713 1193//713 1192//712
f 713//713 714//714 1194//714 1193//713
f 714//714 715//715 1195//715 1194//714
f 715//715 716//716 1196//716 1195//715
f 716//716 717//717 1197//717 1196//716
f 717//717 718//718 1198//718 1197//717
f 718//718 719//719 1199//719 1198//718
f 719//719 720//720 1200//720 1199//719
f 720//720 721//721 1201//721 1200//720
f 721//721 722//722 1202//722 1201//721
f 722//722 723//723 1203//723 1202//722
f 723//723 724//724 1204//724 1203//723
f 724//724 725//725 1205//725 1204//724
f 725//725 726//726 1206//726 1205//725
f 726//726 727//727 1207//727 1206//726
f 727//727 728//728 1208//728 1207//727
f 728//728 729//729 1209//729 1208//728
f 729//729 730//730 1210//730 1209//729
f 730//730 731//731 1211//731 1210//730
f 731//731 732//732 1212//732 1211//731
f 732//732 733//733 1213//733 1212//732
f 733//733 734//734 1214//734 1213//733
f 734//734 735//735 1215//735 1214//734
f 735//735 736//736 1216//736 1215//735
f 736//736 737//737 1217//737 1216//736
f 737//737 738//738 1218//738 1217//737
f 738//738 739//739 1219//739 1218//738
f 739//739 740//740 1220//740 1219//739
f 740//740 741//741 1221//741 1220//740
f 741//741 742//742 1222//742 1221//741
f 742//742 743//743 1223//743 1222//742
f 743//743 744//744 1224//744 1223//743
f 744//744 745//745 1225//745 1224//744
f 745//745 746//746 1226//746 1225//745
f 746//746 747//747 1227//747 1226//746
f 747//747 748//748 1228//748 1227//747
f 748//748 749//749 1229//749 1228//748
f 749//749 750//750 1230//750 1229//749
f 750//750 751//751 1231//751 1230//750
f 751//751 752//752 1232//752 1231//751
f 752//752 753//753 1233//753 1232//752
f 753//753 754//754 1234//754 1233//753
f 754//754 755//755 1235//755 1234//754
f 755//755 756//756 1236//756 1235//755
f 756//756 757//757 1237//757 1236//756
f 757//757 758//758 1238//758 1237//757
f 758//758 759//759 1239//759 1238//758
f 759//759 760//760 1240//760 1239//759
f 760//760 761//761 1241//761 1240//760
f 761//761 762//762 1242//762 1241//761
f 762//762 763//763 1243//763 1242//762
f 763//763 764//764 1244//764 1243//763
f 764//764 765//765 1245//765 1244//764
f 765//765 766//766 1246//766 1245//765
f 766//766 767//767 1247//767 1246//766
f 767//767 768//768 1248//768 1247//767
f 768//768 769//769 1249//769 1248//768
f 769//769 770//770 1250//770 1249//769
f 770//770 771//771 1251//771 1250//770
f 771//771 772//772 1252//772 1251//771
f 772//772 773//773 1253//773 1252//772
f 773//773 774//774 1254//774 1253//773
f 774//774 775//775 1255//775 1254//774
f 775//775 776//776 1256//776 1255//775
f 776//776 777//777 1257//777 1256//776
f 777//777 778//778 1258//778 1257//777
f 778//778 779//779 1259//779 1258//778
f 779//779 780//780 1260//780 1259//779
f 780//780 781//781 1261//781 1260//780
f 781//781 782//782 1262//962 1261//781
f 782//782 783//783 1263//783 1262//962
f 783//783 784//784 1264//784 1263//783
f 784//784 785//785 1265//785 1264//784
f 785//785 786//786 1266//786 1265//785
f 786//786 787//787 1267//787 1266//786
f 787//787 788//788 1268//788 1267//787
f 788//788 789//789 1269//789 1268//788
f 789//789 790//790 1270//790 1269//789
f 790//790 791//791 1271//791 1270//790
f 791//791 792//792 1272//792 1271//791
f 792//792 793//793 1273//793 1272//792
f 793//793 794//794 1274//794 1273//793
f 794//794 795//795 1275//795 1274//794
f 795//795 796//796 1276//796 1275//795
f 796//796 797//797 1277//797 1276//796
f 797//797 798//798 1278//798 1277//797
f 798//798 799//799 1279//799 1278//798
f 799//799 800//800 1280//800 1279//799
f 800//800 801//801 1281//801 1280//800
f 801//801 802//802 1282//802 1281//801
f 802//802 803//803 1283//803 1282//802
f 803//803 804//804 1284//804 1283//803
f 804//804 805//805 1285//805 1284//804
f 805//805 806//806 1286//806 1285//805
f 806//806 807//807 1287//807 1286//806
f 807//807 808//808 1288//808 1287//807
f 808//808 809//809 1289//809 1288//808
f 809//809 810//810 1290//810 1289//809
f 810//810 811//811 1291//811 1290//810
f 811//811 812//812 1292//812 1291//811
f 812//812 813//813 1293//813 1292//812
f 813//813 814//814 1294//814 1293//813
f 814//814 815//815 1295//815 1294//814
f 815//815 816//816 1296//816 1295//815
f 816//816 817//817 1297//817 1296//816
f 817//817 818//818 1298//818 1297//817
f 818//818 819//819 1299//819 1298//818
f 819//819 820//820 1300//820 1299//819
f 820//820 821//821 1301//821 1300//820
f 821//821 822//822 1302//822 1301//821
f 822//822 823//823 1303//823 1302//822
f 823//823 824//824 1304//824 1303//823
f 824//824 825//825 1305//825 1304//824
f 825//825 826//826 1306//826 1305//825
f 826//826 827//827 1307//827 1306//826
f 827//827 828//828 1308//828 1307//827
f 828//828 829//829 1309//829 1308//828
f 829//829 830//830 1310//830 1309//829
f 830//830 831//831 1311//831 1310//830
f 831//831 832//832 1312//832 1311//831
f 832//832 833//833 1313//833 1312//832
f 833//833 834//834 1314//834 1313//833
f 834//834 835//835 1315//835 1314//834
f 835//835 836//836 1316//836 1315//835
f 836//836 837//837 1317//837 1316//836
f 837//837 838//838 1318//838 1317//837
f 838//838 839//839 1319//839 1318//838
f 839//839 840//840 1320//840 1319//839
f 840//840 841//841 1321//841 1320//840
f 841//841 842//842 1322//842 1321//841
f 842//842 843//843 1323//843 1322//842
f 843//843 844//844 1324//844 1323//843
f 844//844 845//845 1325//845 1324//844
f 845//845 846//846 1326//846 1325//845
f 846//846 847//847 1327//847 1326//846
f 847//847 848//848 1328//848 1327//847
f 848//848 849//849 1329//849 1328//848
f 849//849 850//850 1330//850 1329//849
f 850//850 851//851 1331//851 1330//850
f 851//851 852//852 1332//852 1331//851
f 852//852 853//853 1333//853 1332//852
f 853//853 854//854 1334//854 1333//853
f 854//854 855//855 1335//855 1334//854
f 855//855 856//856 1336//856 1335//855
f 856//856 857//857 1337//857 1336//856
f 857//857 858//858 1338//858 1337//857
f 858//858 859//859 1339//859 1338//858
f 859//859 860//860 1340//860 1339//859
f 860//860 861//861 1341//861 1340//860
f 861//861 862//862 1342//862 1341//861
f 862//862 863//863 1343//863 1342//862
f 863//863 864//864 1344//864 1343//863
f 864//864 865//865 1345//865 1344//864
f 865//865 866//866 1346//866 1345//865
f 866//866 867//867 1347//867 1346//866
f 867//867 868//868 1348//868 1347//867
f 868//868 869//869 1349//869 1348//868
f 869//869 870//870 1350//870 1349//869
f 870//870 871//871 1351//871 1350//870
f 871//871 872//872 1352//872 1351//871
f 872//872 873//873 1353//873 1352//872
f 873//873 874//874 1354//874 1353//873
f 874//874 875//875 1355//875 1354//874
f 875//875 876//876 1356//876 1355//875
f 876//876 877//877 1357//877 1356//876
f 877//877 878//878 1358//878 1357//877
f 878//878 879//879 1359//879 1358//878
f 879//879 880//880 1360//880 1359//879
f 880//880 881//881 1361//881 1360//880
f 881//881 882//882 1362//882 1361//881
f 882//882 883//883 1363//883 1362//882
f 883//883 884//884 1364//884 1363//883
f 884//884 885//885 1365//885 1364//884
f 885//885 886//886 1366//886 1365//885
f 886//886 887//887 1367//887 1366//886
f 887//887 888//888 1368//888 1367//887
f 888//888 889//889 1369//889 1368//888
f 889//889 890//890 1370//890 1369//889
f 890//890 891//891 1371//891 1370//890
f 891//891 892//892 1372//892 1371//891
f 892//892 893//893 1373//893 1372//892
f 893//893 894//894 1374//894 1373//893
f 894//894 895//895 1375//895 1374//894
f 895//895 896//896 1376//896 1375//895
f 896//896 897//897 1377//897 1376//896
f 897//897 898//898 1378//898 1377//897
f 898//898 899//899 1379//899 1378//898
f 899//899 900//900 1380//900 1379//899
f 900//900 901//901 1381//901 1380//900
f 901//901 902//902 1382//902 1381//901
f 902//902 903//903 1383//903 1382//902
f 903//903 904//904 1384//904 1383//903
f 904//904 905//905 1385//905 1384//904
f 905//905 906//906 1386//906 1385//905
f 906//906 907//907 1387//907 1386//906
f 907//907 908//908 1388//908 1387//907
f 908//908 909//909 1389//909 1388//908
f 909//909 910//910 1390//910 1389//909
f 910//910 911//911 1391//911 1390//910
f 911//911 912//912 1392//912 1391//911
f 912//912 913//913 1393//913 1392//912
f 913//913 914//914 1394//914 1393//913
f 914//914 915//915 1395//915 1394//914
f 915//915 916//916 1396//916 1395//915
f 916//916 917//917 1397//917 1396//916
f 917//917 918//918 1398//918 1397//917
f 918//918 919//919 1399//919 1398//918
f 919//919 920//920 1400//920 1399//919
f 920//920 921//921 1401//921 1400//920
f 921//921 922//922 1402//922 1401//921
f 922//922 923//923 1403//923 1402//922
f 923//923 924//924 1404//924 1403//923
f 924//924 925//925 1405//925 1404//924
f 925//925 926//926 1406//926 1405//925
f 926//926 927//927 1407//927 1406//926
f 927//927 928//928 1408//928 1407//927
f 928//928 929//929 1409//929 1408//928
f 929//929 930//930 1410//930 1409//929
f 930//930 931//931 1411//931 1410//930
f 931//931 932//932 1412//932 1411//931
f 932//932 933//933 1413//933 1412//932
f 933//933 934//934 1414//934 1413//933
f 934//934 935//935 1415//935 1414//934
f 935//935 936//936 1416//936 1415//935
f 936//936 937//937 1417//937 1416//936
f 937//937 938//938 1418//938 1417//937
f 938//938 939//939 1419//939 1418//938
f 939//939 940//940 1420//940 1419//939
f 940//940 941//941 1421//941 1420//940
f 941//941 942//942 1422//942 1421//941
f 942//942 943//943 1423//943 1422//942
f 943//943 944//944 1424//944 1423//943
f 944//944 945//945 1425//945 1424//944
f 945//945 946//946 1426//946 1425//945
f 946//946 947//947 1427//947 1426//946
f 947//947 948//948 1428//948 1427//947
f 948//948 949//949 1429//949 1428//948
f 949//949 950//950 1430//950 1429//949
f 950//950 951//951 1431//951 1430//950
f 951//951 952//952 1432//952 1431//951
f 952//952 953//953 1433//953 1432//952
f 953//953 954//954 1434//954 1433//953
f 954//954 955//955 1435//955 1434//954
f 955//955 956//956 1436//956 1435//955
f 956//956 957//957 1437//957 1436//956
f 957//957 958//958 1438//958 1437//957
f 958//958 959//959 1439//959 1438//958
f 959//959 960//960 1440//960 1439//959
f 960//960 481//481 961//481 1440//960
f 961//481 962//482 1442//482 1441//481
f 962//482 963//483 1443//483 1442//482
f 963//483 964//484 1444//484 1443//483
f 964//484 965//485 1445//485 1444//484
f 965//485 966//486 1446//486 1445//485
f 966//486 967//487 1447//487 1446//486
f 967//487 968//488 1448//488 1447//487
f 968//488 969//489 1449//489 1448//488
f 969//489 970//490 1450//490 1449//489
f 970//490 971//491 1451//491 1450//490
f 971//491 972//492 1452//492 1451//491
f 972//492 973//493 1453//493 1452//492
f 973//493 974//494 1454//494 1453//493
f 974//494 975//495 1455//495 1454//494
f 975//495 976//496 1456//496 1455//495
f 976//496 977//497 1457//497 1456//496
f 977//497 978//498 1458//498 1457//497
f 978//498 979//499 1459//499 1458//498
f 979//499 980//500 1460//500 1459//499
f 980//500 981//501 1461//501 1460//500
f 981//501 982//502 1462//502 1461//501
f 982//502 983//503 1463//503 1462//502
f 983//503 984//504 1464//504 1463//503
f 984//504 985//505 1465//505 1464//504
f 985//505 986//506 1466//506 1465//505
f 986//506 987//507 1467//507 1466//506
f 987//507 988//508 1468//508 1467//507
f 988//508 989//509 1469//509 1468//508
f 989//509 990//510 1470//510 1469//509
f 990//510 991//511 1471//511 1470//510
f 991//511 992//512 1472//512 1471//511
f 992//512 993//513 1473//513 1472//512
f 993//513 994//514 1474//514 1473//513
f 994//514 995//515 1475//515 1474//514
f 995//515 996//516 1476//516 1475//515
f 996//516 997//517 1477//517 1476//516
f 997//517 998//518 1478//518 1477//517
f 998//518 999//519 1479//519 1478//518
f 999//519 1000//520 1480//520 1479//519
f 1000//520 1001//521 1481//521 1480//520
f 1001//521 1002//522 1482//522 1481//521
f 1002//522 1003//523 1483//523 1482//522
f 1003//523 1004//524 1484//524 1483//523
f 1004//524 1005//525 1485//525 1484//524
f 1005//525 1006//526 1486//526 1485//525
f 1006//526 1007//527 1487//527 1486//526
f 1007//527 1008//528 1488//528 1487//527
f 1008//528 1009//529 1489//529 1488//528
f 1009//529 1010//530 1490//530 1489//529
f 1010//530 1011//531 1491//531 1490//530
f 1011//531 1012//532 1492//532 1491//531
f 1012//532 1013//533 1493//533 1492//532
f 1013//533 1014//534 1494//534 1493//533
f 1014//534 1015//535 1495//535 1494//534
f 1015//535 1016//536 1496//536 1495//535
f 1016//536 1017//537 1497//537 1496//536
f 1017//537 1018//538 1498//538 1497//537
f 1018//538 1019//539 1499//539 1498//538
f 1019//539 1020//540 1500//540 1499//539
f 1020//540 1021//541 1501//541 1500//540
f 1021//541 1022//961 1502//961 1501//541
f 1022//961 1023//543 1503//543 1502//961
f 1023//543 1024//544 1504//544 1503//543
f 1024//544 1025//545 1505//545 1504//544
f 1025//545 1026//546 1506//546 1505//545
f 1026//546 1027//547 1507//547 1506//546
f 1027//547 1028//548 1508//548 1507//547
f 1028//548 1029//549 1509//549 1508//548
f 1029//549 1030//550 1510//550 1509//549
f 1030//550 1031//551 1511//551 1510//550
f 1031//551 1032//552 1512//552 1511//551
f 1032//552 1033//553 1513//553 1512//552
f 1033//553 1034//554 1514//554 1513//553
f 1034//554 1035//555 1515//555 1514//554
f 1035//555 1036//556 1516//556 1515//555
f 1036//556 1037//557 1517//557 1516//556
f 1037//557 1038//558 1518//558 1517//557
f 1038//558 1039//559 1519//559 1518//558
f 1039//559 1040//560 1520//560 1519//559
f 1040//560 1041//561 1521//561 1520//560
f 1041//561 1042//562 1522//562 1521//561
f 1042//562 1043//563 1523//563 1522//562
f 1043//563 1044//564 1524//564 1523//563
f 1044//564 1045//565 1525//565 1524//564
f 1045//565 1046//566 1526//566 1525//565
f 1046//566 1047//567 1527//567 1526//566
f 1047//567 1048//568 1528//568 1527//567
f 1048//568 1049//569 1529//569 1528//568
f 1049//569 1050//570 1530//570 1529//569
f 1050//570 1051//571 1531//571 1530//570
f 1051//571 1052//572 1532//572 1531//571
f 1052//572 1053//573 1533//573 1532//572
f 1053//573 1054//574 1534//574 1533//573
f 1054//574 1055//575 1535//575 1534//574
f 1055//575 1056//576 1536//576 1535//575
f 1056//576 1057//577 1537//577 1536//576
f 1057//577 1058//578 1538//578 1537//577
f 1058//578 1059//579 1539//579 1538//578
f 1059//579 1060//580 1540//580 1539//579
f 1060//580 1061//581 1541//581 1540//580
f 1061//581 1062//582 1542//582 1541//581
f 1062//582 1063//583 1543//583 1542//582
f 1063//583 1064//584 1544//584 1543//583
f 1064//584 1065//585 1545//585 1544//584
f 1065//585 1066//586 1546//586 1545//585
f 1066//586 1067//587 1547//587 1546//586
f 1067//587 1068//588 1548//588 1547//587
f 1068//588 1069//589 1549//589 1548//588
f 1069//589 1070//590 1550//590 1549//589
f 1070//590 1071//591 1551//591 1550//590
f 1071//591 1072//592 1552//592 1551//591
f 1072//592 1073//593 1553//593 1552//592
f 1073//593 1074//594 1554//594 1553//593
f 1074//594 1075//595 1555//595 1554//594
f 1075//595 1076//596 1556//596 1555//595
f 1076//596 1077//597 1557//597 1556//596
f 1077//597 1078//598 1558//598 1557//597
f 1078//598 1079//599 1559//599 1558//598
f 1079//599 1080//600 1560//600 1559//599
f 1080//600 1081//601 1561//601 1560//600
f 1081//601 1082//602 1562//602 1561//601
f 1082//602 1083//603 1563//603 1562//602
f 1083//603 1084//604 1564//604 1563//603
f 1084//604 1085//605 1565//605 1564//604
f 1085//605 1086//606 1566//606 1565//605
f 1086//606 1087//607 1567//607 1566//606
f 1087//607 1088//608 1568//608 1567//607
f 1088//608 1089//609 1569//609 1568//608
f 1089//609 1090//610 1570//610 1569//609
f 1090//610 1091//611 1571//611 1570//610
f 1091//611 1092//612 1572//612 1571//611
f 1092//612 1093//613 1573//613 1572//612
f 1093//613 1094//614 1574//614 1573//613
f 1094//614 1095//615 1575//615 1574//614
f 1095//615 1096//616 1576//616 1575//615
f 1096//616 1097//617 1577//617 1576//616
f 1097//617 1098//618 1578//618 1577//617
f 1098//618 1099//619 1579//619 1578//618
f 1099//619 1100//620 1580//620 1579//619
f 1100//620 1101//621 1581//621 1580//620
f 1101//621 1102//622 1582//622 1581//621
f 1102//622 1103//623 1583//623 1582//622
f 1103//623 1104//624 1584//624 1583//623
f 1104//624 1105//625 1585//625 1584//624
f 1105//625 1106//626 1586//626 1585//625
f 1106//626 1107//627 1587//627 1586//626
f 1107//627 1108//628 1588//628 1587//627
f 1108//628 1109//629 1589//629 1588//628
f 1109//629 1110//630 1590//630 1589//629
f 1110//630 1111//631 1591//631 1590//630
f 1111//631 1112//632 1592//632 1591//631
f 1112//632 1113//633 1593//633 1592//632
f 1113//633 1114//634 1594//634 1593//633
f 1114//634 1115//635 1595//635 1594//634
f 1115//635 1116//636 1596//636 1595//635
f 1116//636 1117//637 1597//637 1596//636
f 1117//637 1118//638 1598//638 1597//637
f 1118//638 1119//639 1599//639 1598//638
f 1119//639 1120//640 1600//640 1599//639
f 1120//640 1121//641 1601//641 1600//640
f 1121//641 1122//642 1602//642 1601//641
f 1122//642 1123//643 1603//643 1602//642
f 1123//643 1124//644 1604//644 1603//643
f 1124//644 1125//645 1605//645 1604//644
f 1125//645 1126//646 1606//646 1605//645
f 1126//646 1127//647 1607//647 1606//646
f 1127//647 1128//648 1608//648 1607//647
f 1128//648 1129//649 1609//649 1608//648
f 1129//649 1130//650 1610//650 1609//649
f 1130//650 1131//651 1611//651 1610//650
f 1131//651 1132//652 1612//652 1611//651
f 1132//652 1133//653 1613//653 1612//652
f 1133//653 1134//654 1614//654 1613//653
f 1134//654 1135//655 1615//655 1614//654
f 1135//655 1136//656 1616//656 1615//655
f 1136//656 1137//657 1617//657 1616//656
f 1137//657 1138//658 1618//658 1617//657
f 1138//658 1139//659 1619//659 1618//658
f 1139//659 1140//660 1620//660 1619//659
f 1140//660 1141//661 1621//661 1620//660
f 1141//661 1142//662 1622//662 1621//661
f 1142//662 1143//663 1623//663 1622//662
f 1143//663 1144//664 1624//664 1623//663
f 1144//664 1145//665 1625//665 1624//664
f 1145//665 1146//666 1626//666 1625//665
f 1146//666 1147//667 1627//667 1626//666
f 1147//667 1148//668 1628//668 1627//667
f 1148//668 1149//669 1629//669 1628//668
f 1149//669 1150//670 1630//670 1629//669
f 1150//670 1151//671 1631//671 1630//670
f 1151//671 1152//672 1632//672 1631//671
f 1152//672 1153//673 1633//673 1632//672
f 1153//673 1154//674 1634//674 1633//673
f 1154//674 1155//675 1635//675 1634//674
f 1155//675 1156//676 1636//676 1635//675
f 1156//676 1157//677 1637//677 1636//676
f 1157//677 1158//678 1638//678 1637//677
f 1158//678 1159//679 1639//679 1638//678
f 1159//679 1160//680 1640//680 1639//679
f 1160//680 1161//681 1641//681 1640//680
f 1161//681 1162//682 1642//682 1641//681
f 1162//682 1163//683 1643//683 1642//682
f 1163//683 1164//684 1644//684 1643//683
f 1164//684 1165//685 1645//685 1644//684
f 1165//685 1166//686 1646//686 1645//685
f 1166//686 1167//687 1647//687 1646//686
f 1167//687 1168//688 1648//688 1647//687
f 1168//688 1169//689 1649//689 1648//688
f 1169//689 1170//690 1650//690 1649//689
f 1170//690 1171//691 1651//691 1650//690
f 1171//691 1172//692 1652//692 1651//691
f 1172//692 1173//693 1653//693 1652//692
f 1173//693 1174//694 1654//694 1653//693
f 1174//694 1175//695 1655//695 1654//694
f 1175//695 1176//696 1656//696 1655//695
f 1176//696 1177//697 1657//697 1656//696
f 1177//697 1178//698 1658//698 1657//697
f 1178//698 1179//699 1659//699 1658//698
f 1179//699 1180//700 1660//700 1659//699
f 1180//700 1181//701 1661//701 1660//700
f 1181//701 1182//702 1662//702 1661//701
f 1182//702 1183//703 1663//703 1662//702
f 1183//703 1184//704 1664//704 1663//703
f 1184//704 1185//705 1665//705 1664//704
f 1185//705 1186//706 1666//706 1665//705
f 1186//706 1187//707 1667//707 1666//706
f 1187//707 1188//708 1668//708 1667//707
f 1188//708 1189//709 1669//709 1668//708
f 1189//709 1190//710 1670//710 1669//709
f 1190//710 1191//711 1671//711 1670//710
f 1191//711 1192//712 1672//712 1671//711
f 1192//712 1193//713 1673//713 1672//712
f 1193//713 1194//714 1674//714 1673//713
f 1194//714 1195//715 1675//715 1674//714
f 1195//715 1196//716 1676//716 1675//715
f 1196//716 1197//717 1677//717 1676//716
f 1197//717 1198//718 1678//718 1677//717
f 1198//718 1199//719 1679//719 1678//718
f 1199//719 1200//720 1680//720 1679//719
f 1200//720 1201//721 1681//721 1680//720
f 1201//721 1202//722 1682//722 1681//721
f 1202//722 1203//723 1683//723 1682//722
f 1203//723 1204//724 1684//724 1683//723
f 1204//724 1205//725 1685//725 1684//724
f 1205//725 1206//726 1686//726 1685//725
f 1206//726 1207//727 1687//727 1686//726
f 1207//727 1208//728 1688//728 1687//727
f 1208//728 1209//729 1689//729 1688//728
f 1209//729 1210//730 1690//730 1689//729
f 1210//730 1211//731 1691//731 1690//730
f 1211//731 1212//732 1692//732 1691//731
f 1212//732 1213//733 1693//733 1692//732
f 1213//733 1214//734 1694//734 1693//733
f 1214//734 1215//735 1695//735 1694//734
f 1215//735 1216//736 1696//736 1695//735
f 1216//736 1217//737 1697//737 1696//736
f 1217//737 1218//738 1698//738 1697//737
f 1218//738 1219//739 1699//739 1698//738
f 1219//739 1220//740 1700//740 1699//739
f 1220//740 1221//741 1701//741 1700//740
f 1221//741 1222//742 1702//742 1701//741
f 1222//742 1223//743 1703//743 1702//742
f 1223//743 1224//744 1704//744 1703//743
f 1224//744 1225//745 1705//745 1704//744
f 1225//745 1226//746 1706//746 1705//745
f 1226//746 1227//747 1707//747 1706//746
f 1227//747 1228//748 1708//748 1707//747
f 1228//748 1229//749 1709//749 1708//748
f 1229//749 1230//750 1710//750 1709//749
f 1230//750 1231//751 1711//751 1710//750
f 1231//751 1232//752 1712//752 1711//751
f 1232//752 1233//753 1713//753 1712//752
f 1233//753 1234//754 1714//754 1713//753
f 1234//754 1235//755 1715//755 1714//754
f 1235//755 1236//756 1716//756 1715//755
f 1236//756 1237//757 1717//757 1716//756
f 1237//757 1238//758 1718//758 1717//757
f 1238//758 1239//759 1719//759 1718//758
f 1239//759 1240//760 1720//760 1719//759
f 1240//760 1241//761 1721//761 1720//760
f 1241//761 1242//762 1722//762 1721//761
f 1242//762 1243//763 1723//763 1722//762
f 1243//763 1244//764 1724//764 1723//763
f 1244//764 1245//765 1725//765 1724//764
f 1245//765 1246//766 1726//766 1725//765
f 1246//766 1247//767 1727//767 1726//766
f 1247//767 1248//768 1728//768 1727//767
f 1248//768 1249//769 1729//769 1728//768
f 1249//769 1250//770 1730//770 1729//769
f 1250//770 1251//771 1731//771 1730//770
f 1251//771 1252//772 1732//772 1731//771
f 1252//772 1253//773 1733//773 1732//772
f 1253//773 1254//774 1734//774 1733//773
f 1254//774 1255//775 1735//775 1734//774
f 1255//775 1256//776 1736//776 1735//775
f 1256//776 1257//777 1737//777 1736//776
f 1257//777 1258//778 1738//778 1737//777
f 1258//778 1259//779 1739//779 1738//778
f 1259//779 1260//780 1740//780 1739//779
f 1260//780 1261//781 1741//781 1740//780
f 1261//781 1262//962 1742//962 1741//781
f 1262//962 1263//783 1743//783 1742//962
f 1263//783 1264//784 1744//784 1743//783
f 1264//784 1265//785 1745//785 1744//784
f 1265//785 1266//786 1746//786 1745//785
f 1266//786 1267//787 1747//787 1746//786
f 1267//787 1268//788 1748//788 1747//787
f 1268//788 1269//789 1749//789 1748//788
f 1269//789 1270//790 1750//790 1749//789
f 1270//790 1271//791 1751//791 1750//790
f 1271//791 1272//792 1752//792 1751//791
f 1272//792 1273//793 1753//793 1752//792
f 1273//793 1274//794 1754//794 1753//793
f 1274//794 1275//795 1755//795 1754//794
f 1275//795 1276//796 1756//796 1755//795
f 1276//796 1277//797 1757//797 1756//796
f 1277//797 1278//798 1758//798 1757//797
f 1278//798 1279//799 1759//799 1758//798
f 1279//799 1280//800 1760//800 1759//799
f 1280//800 1281//801 1761//801 1760//800
f 1281//801 1282//802 1762//802 1761//801
f 1282//802 1283//803 1763//803 1762//802
f 1283//803 1284//804 1764//804 1763//803
f 1284//804 1285//805 1765//805 1764//804
f 1285//805 1286//806 1766//806 1765//805
f 1286//806 1287//807 1767//807 1766//806
f 1287//807 1288//808 1768//808 1767//807
f 1288//808 1289//809 1769//809 1768//808
f 1289//809 1290//810 1770//810 1769//809
f 1290//810 1291//811 1771//811 1770//810
f 1291//811 1292//812 1772//812 1771//811
f 1292//812 1293//813 1773//813 1772//812
f 1293//813 1294//814 1774//814 1773//813
f 1294//814 1295//815 1775//815 1774//814
f 1295//815 1296//816 1776//816 1775//815
f 1296//816 1297//817 1777//817 1776//816
f 1297//817 1298//818 1778//818 1777//817
f 1298//818 1299//819 1779//819 1778//818
f 1299//819 1300//820 1780//820 1779//819
f 1300//820 1301//821 1781//821 1780//820
f 1301//821 1302//822 1782//822 1781//821
f 1302//822 1303//823 1783//823 1782//822
f 1303//823 1304//824 1784//824 1783//823
f 1304//824 1305//825 1785//825 1784//824
f 1305//825 1306//826 1786//826 1785//825
f 1306//826 1307//827 1787//827 1786//826
f 1307//827 1308//828 1788//828 1787//827
f 1308//828 1309//829 1789//829 1788//828
f 1309//829 1310//830 1790//830 1789//829
f 1310//830 1311//831 1791//831 1790//830
f 1311//831 1312//832 1792//832 1791//831
f 1312//832 1313//833 1793//833 1792//832
f 1313//833 1314//834 1794//834 1793//833
f 1314//834 1315//835 1795//835 1794//834
f 1315//835 1316//836 1796//836 1795//835
f 1316//836 1317//837 1797//837 1796//836
f 1317//837 1318//838 1798//838 1797//837
f 1318//838 1319//839 1799//839 1798//838
f 1319//839 1320//840 1800//840 1799//839
f 1320//840 1321//841 1801//841 1800//840
f 1321//841 1322//842 1802//842 1801//841
f 1322//842 1323//843 1803//843 1802//842
f 1323//843 1324//844 1804//844 1803//843
f 1324//844 1325//845 1805//845 1804//844
f 1325//845 1326//846 1806//846 1805//845
f 1326//846 1327//847 1807//847 1806//846
f 1327//847 1328//848 1808//848 1807//847
f 1328//848 1329//849 1809//849 1808//848
f 1329//849 1330//850 1810//850 1809//849
f 1330//850 1331//851 1811//851 1810//850
f 1331//851 1332//852 1812//852 1811//851
f 1332//852 1333//853 1813//853 1812//852
f 1333//853 1334//854 1814//854 1813//853
f 1334//854 1335//855 1815//855 1814//854
f 1335//855 1336//856 1816//856 1815//855
f 1336//856 1337//857 1817//857 1816//856
f 1337//857 1338//858 1818//858 1817//857
f 1338//858 1339//859 1819//859 1818//858
f 1339//859 1340//860 1820//860 1819//859
f 1340//860 1341//861 1821//861 1820//860
f 1341//861 1342//862 1822//862 1821//861
f 1342//862 1343//863 1823//863 1822//862
f 1343//863 1344//864 1824//864 1823//863
f 1344//864 1345//865 1825//865 1824//864
f 1345//865 1346//866 1826//866 1825//865
f 1346//866 1347//867 1827//867 1826//866
f 1347//867 1348//868 1828//868 1827//867
f 1348//868 1349//869 1829//869 1828//868
f 1349//869 1350//870 1830//870 1829//869
f 1350//870 1351//871 1831//871 1830//870
f 1351//871 1352//872 1832//872 1831//871
f 1352//872 1353//873 1833//873 1832//872
f 1353//873 1354//874 1834//874 1833//873
f 1354//874 1355//875 1835//875 1834//874
f 1355//875 1356//876 1836//876 1835//875
f 1356//876 1357//877 1837//877 1836//876
f 1357//877 1358//878 1838//878 1837//877
f 1358//878 1359//879 1839//879 1838//878
f 1359//879 1360//880 1840//880 1839//879
f 1360//880 1361//881 1841//881 1840//880
f 1361//881 1362//882 1842//882 1841//881
f 1362//882 1363//883 1843//883 1842//882
f 1363//883 1364//884 1844//884 1843//883
f 1364//884 1365//885 1845//885 1844//884
f 1365//885 1366//886 1846//886 1845//885
f 1366//886 1367//887 1847//887 1846//886
f 1367//887 1368//888 1848//888 1847//887
f 1368//888 1369//889 1849//889 1848//888
f 1369//889 1370//890 1850//890 1849//889
f 1370//890 1371//891 1851//891 1850//890
f 1371//891 1372//892 1852//892 1851//891
f 1372//892 1373//893 1853//893 1852//892
f 1373//893 1374//894 1854//894 1853//893
f 1374//894 1375//895 1855//895 1854//894
f 1375//895 1376//896 1856//896 1855//895
f 1376//896 1377//897 1857//897 1856//896
f 1377//897 1378//898 1858//898 1857//897
f 1378//898 1379//899 1859//899 1858//898
f 1379//899 1380//900 1860//900 1859//899
f 1380//900 1381//901 1861//901 1860//900
f 1381//901 1382//902 1862//902 1861//901
f 1382//902 1383//903 1863//903 1862//902
f 1383//903 1384//904 1864//904 1863//903
f 1384//904 1385//905 1865//905 1864//904
f 1385//905 1386//906 1866//906 1865//905
f 1386//906 1387//907 1867//907 1866//906
f 1387//907 1388//908 1868//908 1867//907
f 1388//908 1389//909 1869//909 1868//908
f 1389//909 1390//910 1870//910 1869//909
f 1390//910 1391//911 1871//911 1870//910
f 1391//911 1392//912 1872//912 1871//911
f 1392//912 1393//913 1873//913 1872//912
f 1393//913 1394//914 1874//914 1873//913
f 1394//914 1395//915 1875//915 1874//914
f 1395//915 1396//916 1876//916 1875//915
f 1396//916 1397//917 1877//917 1876//916
f 1397//917 1398//918 1878//918 1877//917
f 1398//918 1399//919 1879//919 1878//918
f 1399//919 1400//920 1880//920 1879//919
f 1400//920 1401//921 1881//921 1880//920
f 1401//921 1402//922 1882//922 1881//921
f 1402//922 1403//923 1883//923 1882//922
f 1403//923 1404//924 1884//924 1883//923
f 1404//924 1405//925 1885//925 1884//924
f 1405//925 1406//926 1886//926 1885//925
f 1406//926 1407//927 1887//927 1886//926
f 1407//927 1408//928 1888//928 1887//927
f 1408//928 1409//929 1889//929 1888//928
f 1409//929 1410//930 1890//930 1889//929
f 1410//930 1411//931 1891//931 1890//930
f 1411//931 1412//932 1892//932 1891//931
f 1412//932 1413//933 1893//933 1892//932
f 1413//933 1414//934 1894//934 1893//933
f 1414//934 1415//935 1895//935 1894//934
f 1415//935 1416//936 1896//936 1895//935
f 1416//936 1417//937 1897//937 1896//936
f 1417//937 1418//938 1898//938 1897//937
f 1418//938 1419//939 1899//939 1898//938
f 1419//939 1420//940 1900//940 1899//939
f 1420//940 1421//941 1901//941 1900//940
f 1421//941 1422//942 1902//942 1901//941
f 1422//942 1423//943 1903//943 1902//942
f 1423//943 1424//944 1904//944 1903//943
f 1424//944 1425//945 1905//945 1904//944
f 1425//945 1426//946 1906//946 1905//945
f 1426//946 1427//947 1907//947 1906//946
f 1427//947 1428//948 1908//948 1907//947
f 1428//948 1429//949 1909//949 1908//948
f 1429//949 1430//950 1910//950 1909//949
f 1430//950 1431//951 1911//951 1910//950
f 1431//951 1432//952 1912//952 1911//951
f 1432//952 1433//953 1913//953 1912//952
f 1433//953 1434//954 1914//954 1913//953
f 1434//954 1435//955 1915//955 1914//954
f 1435//955 1436//956 1916//956 1915//955
f 1436//956 1437//957 1917//957 1916//956
f 1437//957 1438//958 1918//958 1917//957
f 1438//958 1439//959 1919//959 1918//958
f 1439//959 1440//960 1920//960 1919//959
f 1440//960 961//481 1441//481 1920//960
f 1441//481 1442//482 1922//482 1921//481
f 1442//482 1443//483 1923//483 1922//482
f 1443//483 1444//484 1924//484 1923//483
f 1444//484 1445//485 1925//485 1924//484
f 1445//485 1446//486 1926//486 1925//485
f 1446//486 1447//487 1927//487 1926//486
f 1447//487 1448//488 1928//488 1927//487
f 1448//488 1449//489 1929//489 1928//488
f 1449//489 1450//490 1930//490 1929//489
f 1450//490 1451//491 1931//491 1930//490
f 1451//491 1452//492 1932//492 1931//491
f 1452//492 1453//493 1933//493 1932//492
f 1453//493 1454//494 1934//494 1933//493
f 1454//494 1455//495 1935//495 1934//494
f 1455//495 1456//496 1936//496 1935//495
f 1456//496 1457//497 1937//497 1936//496
f 1457//497 1458//498 1938//498 1937//497
f 1458//498 1459//499 1939//499 1938//498
f 1459//499 1460//500 1940//500 1939//499
f 1460//500 1461//501 1941//501 1940//500
f 1461//501 1462//502 1942//502 1941//501
f 1462//502 1463//503 1943//503 1942//502
f 1463//503 1464//504 1944//504 1943//503
f 1464//504 1465//505 1945//505 1944//504
f 1465//505 1466//506 1946//506 1945//505
f 1466//506 1467//507 1947//507 1946//506
f 1467//507 1468//508 1948//508 1947//507
f 1468//508 1469//509 1949//509 1948//508
f 1469//509 1470//510 1950//510 1949//509
f 1470//510 1471//511 1951//511 1950//510
f 1471//511 1472//512 1952//512 1951//511
f 1472//512 1473//513 1953//513 1952//512
f 1473//513 1474//514 1954//514 1953//513
f 1474//514 1475//515 1955//515 1954//514
f 1475//515 1476//516 1956//516 1955//515
f 1476//516 1477//517 1957//517 1956//516
f 1477//517 1478//518 1958//518 1957//517
f 1478//518 1479//519 1959//519 1958//518
f 1479//519 1480//520 1960//520 1959//519
f 1480//520 1481//521 1961//521 1960//520
f 1481//521 1482//522 1962//522 1961//521
f 1482//522 1483//523 1963//523 1962//522
f 1483//523 1484//524 1964//524 1963//523
f 1484//524 1485//525 1965//525 1964//524
f 1485//525 1486//526 1966//526 1965//525
f 1486//526 1487//527 1967//527 1966//526
f 1487//527 1488//528 1968//528 1967//527
f 1488//528 1489//529 1969//529 1968//528
f 1489//529 1490//530 1970//530 1969//529
f 1490//530 1491//531 1971//531 1970//530
f 1491//531 1492//532 1972//532 1971//531
f 1492//532 1493//533 1973//533 1972//532
f 1493//533 1494//534 1974//534 1973//533
f 1494//534 1495//535 1975//535 1974//534
f 1495//535 1496//536 1976//536 1975//535
f 1496//536 1497//537 1977//537 1976//536
f 1497//537 1498//538 1978//538 1977//537
f 1498//538 1499//539 1979//539 1978//538
f 1499//539 1500//540 1980//540 1979//539
f 1500//540 1501//541 1981//541 1980//540
f 1501//541 1502//961 1982//961 1981//541
f 1502//961 1503//543 1983//543 1982//961
f 1503//543 1504//544 1984//544 1983//543
f 1504//544 1505//545 1985//545 1984//544
f 1505//545 1506//546 1986//546 1985//545
f 1506//546 1507//547 1987//547 1986//546
f 1507//547 1508//548 1988//548 1987//547
f 1508//548 1509//549 1989//549 1988//548
f 1509//549 1510//550 1990//550 1989//549
f 1510//550 1511//551 1991//551 1990//550
f 1511//551 1512//552 1992//552 1991//551
f 1512//552 1513//553 1993//553 1992//552
f 1513//553 1514//554 1994//554 1993//553
f 1514//554 1515//555 1995//555 1994//554
f 1515//555 1516//556 1996//556 1995//555
f 1516//556 1517//557 1997//557 1996//556
f 1517//557 1518//558 1998//558 1997//557
f 1518//558 1519//559 1999//559 1998//558
f 1519//559 1520//560 2000//560 1999//559
f 1520//560 1521//561 2001//561 2000//560
f 1521//561 1522//562 2002//562 2001//561
f 1522//562 1523//563 2003//563 2002//562
f 1523//563 1524//564 2004//564 2003//563
f 1524//564 1525//565 2005//565 2004//564
f 1525//565 1526//566 2006//566 2005//565
f 1526//566 1527//567 2007//567 2006//566
f 1527//567 1528//568 2008//568 2007//567
f 1528//568 1529//569 2009//569 2008//568
f 1529//569 1530//570 2010//570 2009//569
f 1530//570 1531//571 2011//571 2010//570
f 1531//571 1532//572 2012//572 2011//571
f 1532//572 1533//573 2013//573 2012//572
f 1533//573 1534//574 2014//574 2013//573
f 1534//574 1535//575 2015//575 2014//574
f 1535//575 1536//576 2016//576 2015//575
f 1536//576 1537//577 2017//577 2016//576
f 1537//577 1538//578 2018//578 2017//577
f 1538//578 1539//579 2019//579 2018//578
f 1539//579 1540//580 2020//580 2019//579
f 1540//580 1541//581 2021//581 2020//580
f 1541//581 1542//582 2022//582 2021//581
f 1542//582 1543//583 2023//583 2022//582
f 1543//583 1544//584 2024//584 2023//583
f 1544//584 1545//585 2025//585 2024//584
f 1545//585 1546//586 2026//586 2025//585
f 1546//586 1547//587 2027//587 2026//586
f 1547//587 1548//588 2028//588 2027//587
f 1548//588 1549//589 2029//589 2028//588
f 1549//589 1550//590 2030//590 2029//589
f 1550//590 1551//591 2031//591 2030//590
f 1551//591 1552//592 2032//592 2031//591
f 1552//592 1553//593 2033//593 2032//592
f 1553//593 1554//594 2034//594 2033//593
f 1554//594 1555//595 2035//595 2034//594
f 1555//595 1556//596 2036//596 2035//595
f 1556//596 1557//597 2037//597 2036//596
f 1557//597 1558//598 2038//598 2037//597
f 1558//598 1559//599 2039//599 2038//598
f 1559//599 1560//600 2040//600 2039//599
f 1560//600 1561//601 2041//601 2040//600
f 1561//601 1562//602 2042//602 2041//601
f 1562//602 1563//603 2043//603 2042//602
f 1563//603 1564//604 2044//604 2043//603
f 1564//604 1565//605 2045//605 2044//604
f 1565//605 1566//606 2046//606 2045//605
f 1566//606 1567//607 2047//607 2046//606
f 1567//607 1568//608 2048//608 2047//607
f 1568//608 1569//609 2049//609 2048//608
f 1569//609 1570//610 2050//610 2049//609
f 1570//610 1571//611 2051//611 2050//610
f 1571//611 1572//612 2052//612 2051//611
f 1572//612 1573//613 2053//613 2052//612
f 1573//613 1574//614 2054//614 2053//613
f 1574//614 1575//615 2055//615 2054//614
f 1575//615 1576//616 2056//616 2055//615
f 1576//616 1577//617 2057//617 2056//616
f 1577//617 1578//618 2058//618 2057//617
f 1578//618 1579//619 2059//619 2058//618
f 1579//619 1580//620 2060//620 2059//619
f 1580//620 1581//621 2061//621 2060//620
f 1581//621 1582//622 2062//622 2061//621
f 1582//622 1583//623 2063//623 2062//622
f 1583//623 1584//624 2064//624 2063//623
f 1584//624 1585//625 2065//625 2064//624
f 1585//625 1586//626 2066//626 2065//625
f 1586//626 1587//627 2067//627 2066//626
f 1587//627 1588//628 2068//628 2067//627
f 1588//628 1589//629 2069//629 2068//628
f 1589//629 1590//630 2070//630 2069//629
f 1590//630 1591//631 2071//631 2070//630
f 1591//631 1592//632 2072//632 2071//631
f 1592//632 1593//633 2073//633 2072//632
f 1593//633 1594//634 2074//634 2073//633
f 1594//634 1595//635 2075//635 2074//634
f 1595//635 1596//636 2076//636 2075//635
f 1596//636 1597//637 2077//637 2076//636
f 1597//637 1598//638 2078//638 2077//637
f 1598//638 1599//639 2079//639 2078//638
f 1599//639 1600//640 2080//640 2079//639
f 1600//640 1601//641 2081//641 2080//640
f 1601//641 1602//642 2082//642 2081//641
f 1602//642 1603//643 2083//643 2082//642
f 1603//643 1604//644 2084//644 2083//643
f 1604//644 1605//645 2085//645 2084//644
f 1605//645 1606//646 2086//646 2085//645
f 1606//646 1607//647 2087//647 2086//646
f 1607//647 1608//648 2088//648 2087//647
f 1608//648 1609//649 2089//649 2088//648
f 1609//649 1610//650 2090//650 2089//649
f 1610//650 1611//651 2091//651 2090//650
f 1611//651 1612//652 2092//652 2091//651
f 1612//652 1613//653 2093//653 2092//652
f 1613//653 1614//654 2094//654 2093//653
f 1614//654 1615//655 2095//655 2094//654
f 1615//655 1616//656 2096//656 2095//655
f 1616//656 1617//657 2097//657 2096//656
f 1617//657 1618//658 2098//658 2097//657
f 1618//658 1619//659 2099//659 2098//658
f 1619//659 1620//660 2100//660 2099//659
f 1620//660 1621//661 2101//661 2100//660
f 1621//661 1622//662 2102//662 2101//661
f 1622//662 1623//663 2103//663 2102//662
f 1623//663 1624//664 2104//664 2103//663
f 1624//664 1625//665 2105//665 2104//664
f 1625//665 1626//666 2106//666 2105//665
f 1626//666 1627//667 2107//667 2106//666
f 1627//667 1628//668 2108//668 2107//667
f 1628//668 1629//669 2109//669 2108//668
f 1629//669 1630//670 2110//670 2109//669
f 1630//670 1631//671 2111//671 2110//670
f 1631//671 1632//672 2112//672 2111//671
f 1632//672 1633//673 2113//673 2112//672
f 1633//673 1634//674 2114//674 2113//673
f 1634//674 1635//675 2115//675 2114//674
f 1635//675 1636//676 2116//676 2115//675
f 1636//676 1637//677 2117//677 2116//676
f 1637//677 1638//678 2118//678 2117//677
f 1638//678 1639//679 2119//679 2118//678
f 1639//679 1640//680 2120//680 2119//679
f 1640//680 1641//681 2121//681 2120//680
f 1641//681 1642//682 2122//682 2121//681
f 1642//682 1643//683 2123//683 2122//682
f 1643//683 1644//684 2124//684 2123//683
f 1644//684 1645//685 2125//685 2124//684
f 1645//685 1646//686 2126//686 2125//685
f 1646//686 1647//687 2127//687 2126//686
f 1647//687 1648//688 2128//688 2127//687
f 1648//688 1649//689 2129//689 2128//688
f 1649//689 1650//690 2130//690 2129//689
f 1650//690 1651//691 2131//691 2130//690
f 1651//691 1652//692 2132//692 2131//691
f 1652//692 1653//693 2133//693 2132//692
f 1653//693 1654//694 2134//694 2133//693
f 1654//694 1655//695 2135//695 2134//694
f 1655//695 1656//696 2136//696 2135//695
f 1656//696 1657//697 2137//697 2136//696
f 1657//697 1658//698 2138//698 2137//697
f 1658//698 1659//699 2139//699 2138//698
f 1659//699 1660//700 2140//700 2139//699
f 1660//700 1661//701 2141//701 2140//700
f 1661//701 1662//702 2142//702 2141//701
f 1662//702 1663//703 2143//703 2142//702
f 1663//703 1664//704 2144//704 2143//703
f 1664//704 1665//705 2145//705 2144//704
f 1665//705 1666//706 2146//706 2145//705
f 1666//706 1667//707 2147//707 2146//706
f 1667//707 1668//708 2148//708 2147//707
f 1668//708 1669//709 2149//709 2148//708
f 1669//709 1670//710 2150//710 2149//709
f 1670//710 1671//711 2151//711 2150//710
f 1671//711 1672//712 2152//712 2151//711
f 1672//712 1673//713 2153//713 2152//712
f 1673//713 1674//714 2154//714 2153//713
f 1674//714 1675//715 2155//715 2154//714
f 1675//715 1676//716 2156//716 2155//715
f 1676//716 1677//717 2157//717 2156//716
f 1677//717 1678//718 2158//718 2157//717
f 1678//718 1679//719 2159//719 2158//718
f 1679//719 1680//720 2160//720 2159//719
f 1680//720 1681//721 2161//721 2160//720
f 1681//721 1682//722 2162//722 2161//721
f 1682//722 1683//723 2163//723 2162//722
f 1683//723 1684//724 2164//724 2163//723
f 1684//724 1685//725 2165//725 2164//724
f 1685//725 1686//726 2166//726 2165//725
f 1686//726 1687//727 2167//727 2166//726
f 1687//727 1688//728 2168//728 2167//727
f 1688//728 1689//729 2169//729 2168//728
f 1689//729 1690//730 2170//730 2169//729
f 1690//730 1691//731 2171//731 2170//730
f 1691//731 1692//732 2172//732 2171//731
f 1692//732 1693//733 2173//733 2172//732
f 1693//733 1694//734 2174//734 2173//733
f 1694//734 1695//735 2175//735 2174//734
f 1695//735 1696//736 2176//736 2175//735
f 1696//736 1697//737 2177//737 2176//736
f 1697//737 1698//738 2178//738 2177//737
f 1698//738 1699//739 2179//739 2178//738
f 1699//739 1700//740 2180//740 2179//739
f 1700//740 1701//741 2181//741 2180//740
f 1701//741 1702//742 2182//742 2181//741
f 1702//742 1703//743 2183//743 2182//742
f 1703//743 1704//744 2184//744 2183//743
f 1704//744 1705//745 2185//745 2184//744
f 1705//745 1706//746 2186//746 2185//745
f 1706//746 1707//747 2187//747 2186//746
f 1707//747 1708//748 2188//748 2187//747
f 1708//748 1709//749 2189//749 2188//748
f 1709//749 1710//750 2190//750 2189//749
f 1710//750 1711//751 2191//751 2190//750
f 1711//751 1712//752 2192//752 2191//751
f 1712//752 1713//753 2193//753 2192//752
f 1713//753 1714//754 2194//754 2193//753
f 1714//754 1715//755 2195//755 2194//754
f 1715//755 1716//756 2196//756 2195//755
f 1716//756 1717//757 2197//757 2196//756
f 1717//757 1718//758 2198//758 2197//757
f 1718//758 1719//759 2199//759 2198//758
f 1719//759 1720//760 2200//760 2199//759
f 1720//760 1721//761 2201//761 2200//760
f 1721//761 1722//762 2202//762 2201//761
f 1722//762 1723//763 2203//763 2202//762
f 1723//763 1724//764 2204//764 2203//763
f 1724//764 1725//765 2205//765 2204//764
f 1725//765 1726//766 2206//766 2205//765
f 1726//766 1727//767 2207//767 2206//766
f 1727//767 1728//768 2208//768 2207//767
f 1728//768 1729//769 2209//769 2208//768
f 1729//769 1730//770 2210//770 2209//769
f 1730//770 1731//771 2211//771 2210//770
f 1731//771 1732//772 2212//772 2211//771
f 1732//772 1733//773 2213//773 2212//772
f 1733//773 1734//774 2214//774 2213//773
f 1734//774 1735//775 2215//775 2214//774
f 1735//775 1736//776 2216//776 2215//775
f 1736//776 1737//777 2217//777 2216//776
f 1737//777 1738//778 2218//778 2217//777
f 1738//778 1739//779 2219//779 2218//778
f 1739//779 1740//780 2220//780 2219//779
f 1740//780 1741//781 2221//781 2220//780
f 1741//781 1742//962 2222//962 2221//781
f 1742//962 1743//783 2223//783 2222//962
f 1743//783 1744//784 2224//784 2223//783
f 1744//784 1745//785 2225//785 2224//784
f 1745//785 1746//786 2226//786 2225//785
f 1746//786 1747//787 2227//787 2226//786
f 1747//787 1748//788 2228//788 2227//787
f 1748//788 1749//789 2229//789 2228//788
f 1749//789 1750//790 2230//790 2229//789
f 1750//790 1751//791 2231//791 2230//790
f 1751//791 1752//792 2232//792 2231//791
f 1752//792 1753//793 2233//793 2232//792
f 1753//793 1754//794 2234//794 2233//793
f 1754//794 1755//795 2235//795 2234//794
f 1755//795 1756//796 2236//796 2235//795
f 1756//796 1757//797 2237//797 2236//796
f 1757//797 1758//798 2238//798 2237//797
f 1758//798 1759//799 2239//799 2238//798
f 1759//799 1760//800 2240//800 2239//799
f 1760//800 1761//801 2241//801 2240//800
f 1761//801 1762//802 2242//802 2241//801
f 1762//802 1763//803 2243//803 2242//802
f 1763//803 1764//804 2244//804 2243//803
f 1764//804 1765//805 2245//805 2244//804
f 1765//805 1766//806 2246//806 2245//805
f 1766//806 1767//807 2247//807 2246//806
f 1767//807 1768//808 2248//808 2247//807
f 1768//808 1769//809 2249//809 2248//808
f 1769//809 1770//810 2250//810 2249//809
f 1770//810 1771//811 2251//811 2250//810
f 1771//811 1772//812 2252//812 2251//811
f 1772//812 1773//813 2253//813 2252//812
f 1773//813 1774//814 2254//814 2253//813
f 1774//814 1775//815 2255//815 2254//814
f 1775//815 1776//816 2256//816 2255//815
f 1776//816 1777//817 2257//817 2256//816
f 1777//817 1778//818 2258//818 2257//817
f 1778//818 1779//819 2259//819 2258//818
f 1779//819 1780//820 2260//820 2259//819
f 1780//820 1781//821 2261//821 2260//820
f 1781//821 1782//822 2262//822 2261//821
f 1782//822 1783//823 2263//823 2262//822
f 1783//823 1784//824 2264//824 2263//823
f 1784//824 1785//825 2265//825 2264//824
f 1785//825 1786//826 2266//826 2265//825
f 1786//826 1787//827 2267//827 2266//826
f 1787//827 1788//828 2268//828 2267//827
f 1788//828 1789//829 2269//829 2268//828
f 1789//829 1790//830 2270//830 2269//829
f 1790//830 1791//831 2271//831 2270//830
f 1791//831 1792//832 2272//832 2271//831
f 1792//832 1793//833 2273//833 2272//832
f 1793//833 1794//834 2274//834 2273//833
f 1794//834 1795//835 2275//835 2274//834
f 1795//835 1796//836 2276//836 2275//835
f 1796//836 1797//837 2277//837 2276//836
f 1797//837 1798//838 2278//838 2277//837
f 1798//838 1799//839 2279//839 2278//838
f 1799//839 1800//840 2280//840 2279//839
f 1800//840 1801//841 2281//841 2280//840
f 1801//841 1802//842 2282//842 2281//841
f 1802//842 1803//843 2283//843 2282//842
f 1803//843 1804//844 2284//844 2283//843
f 1804//844 1805//845 2285//845 2284//844
f 1805//845 1806//846 2286//846 2285//845
f 1806//846 1807//847 2287//847 2286//846
f 1807//847 1808//848 2288//848 2287//847
f 1808//848 1809//849 2289//849 2288//848
f 1809//849 1810//850 2290//850 2289//849
f 1810//850 1811//851 2291//851 2290//850
f 1811//851 1812//852 2292//852 2291//851
f 1812//852 1813//853 2293//853 2292//852
f 1813//853 1814//854 2294//854 2293//853
f 1814//854 1815//855 2295//855 2294//854
f 1815//855 1816//856 2296//856 2295//855
f 1816//856 1817//857 2297//857 2296//856
f 1817//857 1818//858 2298//858 2297//857
f 1818//858 1819//859 2299//859 2298//858
f 1819//859 1820//860 2300//860 2299//859
f 1820//860 1821//861 2301//861 2300//860
f 1821//861 1822//862 2302//862 2301//861
f 1822//862 1823//863 2303//863 2302//862
f 1823//863 1824//864 2304//864 2303//863
f 1824//864 1825//865 2305//865 2304//864
f 1825//865 1826//866 2306//866 2305//865
f 1826//866 1827//867 2307//867 2306//866
f 1827//867 1828//868 2308//868 2307//867
f 1828//868 1829//869 2309//869 2308//868
f 1829//869 1830//870 2310//870 2309//869
f 1830//870 1831//871 2311//871 2310//870
f 1831//871 1832//872 2312//872 2311//871
f 1832//872 1833//873 2313//873 2312//872
f 1833//873 1834//874 2314//874 2313//873
f 1834//874 1835//875 2315//875 2314//874
f 1835//875 1836//876 2316//876 2315//875
f 1836//876 1837//877 2317//877 2316//876
f 1837//877 1838//878 2318//878 2317//877
f 1838//878 1839//879 2319//879 2318//878
f 1839//879 1840//880 2320//880 2319//879
f 1840//880 1841//881 2321//881 2320//880
f 1841//881 1842//882 2322//882 2321//881
f 1842//882 1843//883 2323//883 2322//882
f 1843//883 1844//884 2324//884 2323//883
f 1844//884 1845//885 2325//885 2324//884
f 1845//885 1846//886 2326//886 2325//885
f 1846//886 1847//887 2327//887 2326//886
f 1847//887 1848//888 2328//888 2327//887
f 1848//888 1849//889 2329//889 2328//888
f 1849//889 1850//890 2330//890 2329//889
f 1850//890 1851//891 2331//891 2330//890
f 1851//891 1852//892 2332//892 2331//891
f 1852//892 1853//893 2333//893 2332//892
f 1853//893 1854//894 2334//894 2333//893
f 1854//894 1855//895 2335//895 2334//894
f 1855//895 1856//896 2336//896 2335//895
f 1856//896 1857//897 2337//897 2336//896
f 1857//897 1858//898 2338//898 2337//897
f 1858//898 1859//899 2339//899 2338//898
f 1859//899 1860//900 2340//900 2339//899
f 1860//900 1861//901 2341//901 2340//900
f 1861//901 1862//902 2342//902 2341//901
f 1862//902 1863//903 2343//903 2342//902
f 1863//903 1864//904 2344//904 2343//903
f 1864//904 1865//905 2345//905 2344//904
f 1865//905 1866//906 2346//906 2345//905
f 1866//906 1867//907 2347//907 2346//906
f 1867//907 1868//908 2348//908 2347//907
f 1868//908 1869//909 2349//909 2348//908
f 1869//909 1870//910 2350//910 2349//909
f 1870//910 1871//911 2351//911 2350//910
f 1871//911 1872//912 2352//912 2351//911
f 1872//912 1873//913 2353//913 2352//912
f 1873//913 1874//914 2354//914 2353//913
f 1874//914 1875//915 2355//915 2354//914
f 1875//915 1876//916 2356//916 2355//915
f 1876//916 1877//917 2357//917 2356//916
f 1877//917 1878//918 2358//918 2357//917
f 1878//918 1879//919 2359//919 2358//918
f 1879//919 1880//920 2360//920 2359//919
f 1880//920 1881//921 2361//921 2360//920
f 1881//921 1882//922 2362//922 2361//921
f 1882//922 1883//923 2363//923 2362//922
f 1883//923 1884//924 2364//924 2363//923
f 1884//924 1885//925 2365//925 2364//924
f 1885//925 1886//926 2366//926 2365//925
f 1886//926 1887//927 2367//927 2366//926
f 1887//927 1888//928 2368//928 2367//927
f 1888//928 1889//929 2369//929 2368//928
f 1889//929 1890//930 2370//930 2369//929
f 1890//930 1891//931 2371//931 2370//930
f 1891//931 1892//932 2372//932 2371//931
f 1892//932 1893//933 2373//933 2372//932
f 1893//933 1894//934 2374//934 2373//933
f 1894//934 1895//935 2375//935 2374//934
f 1895//935 1896//936 2376//936 2375//935
f 1896//936 1897//937 2377//937 2376//936
f 1897//937 1898//938 2378//938 2377//937
f 1898//938 1899//939 2379//939 2378//938
f 1899//939 1900//940 2380//940 2379//939
f 1900//940 1901//941 2381//941 2380//940
f 1901//941 1902//942 2382//942 2381//941
f 1902//942 1903//943 2383//943 2382//942
f 1903//943 1904//944 2384//944 2383//943
f 1904//944 1905//945 2385//945 2384//944
f 1905//945 1906//946 2386//946 2385//945
f 1906//946 1907//947 2387//947 2386//946
f 1907//947 1908//948 2388//948 2387//947
f 1908//948 1909//949 2389//949 2388//948
f 1909//949 1910//950 2390//950 2389//949
f 1910//950 1911//951 2391//951 2390//950
f 1911//951 1912//952 2392//952 2391//951
f 1912//952 1913//953 2393//953 2392//952
f 1913//953 1914//954 2394//954 2393//953
f 1914//954 1915//955 2395//955 2394//954
f 1915//955 1916//956 2396//956 2395//955
f 1916//956 1917//957 2397//957 2396//956
f 1917//957 1918//958 2398//958 2397//957
f 1918//958 1919//959 2399//959 2398//958
f 1919//959 1920//960 2400//960 2399//959
f 1920//960 1441//481 1921//481 2400//960
f 1921//481 1922//482 2402//482 2401//481
f 1922//482 1923//483 2403//483 2402//482
f 1923//483 1924//484 2404//484 2403//483
f 1924//484 1925//485 2405//485 2404//484
f 1925//485 1926//486 2406//486 2405//485
f 1926//486 1927//487 2407//487 2406//486
f 1927//487 1928//488 2408//488 2407//487
f 1928//488 1929//489 2409//489 2408//488
f 1929//489 1930//490 2410//490 2409//489
f 1930//490 1931//491 2411//491 2410//490
f 1931//491 1932//492 2412//492 2411//491
f 1932//492 1933//493 2413//493 2412//492
f 1933//493 1934//494 2414//494 2413//493
f 1934//494 1935//495 2415//495 2414//494
f 1935//495 1936//496 2416//496 2415//495
f 1936//496 1937//497 2417//497 2416//496
f 1937//497 1938//498 2418//498 2417//497
f 1938//498 1939//499 2419//499 2418//498
f 1939//499 1940//500 2420//500 2419//499
f 1940//500 1941//501 2421//501 2420//500
f 1941//501 1942//502 2422//502 2421//501
f 1942//502 1943//503 2423//503 2422//502
f 1943//503 1944//504 2424//504 2423//503
f 1944//504 1945//505 2425//505 2424//504
f 1945//505 1946//506 2426//506 2425//505
f 1946//506 1947//507 2427//507 2426//506
f 1947//507 1948//508 2428//508 2427//507
f 1948//508 1949//509 2429//509 2428//508
f 1949//509 1950//510 2430//510 2429//509
f 1950//510 1951//511 2431//511 2430//510
f 1951//511 1952//512 2432//512 2431//511
f 1952//512 1953//513 2433//513 2432//512
f 1953//513 1954//514 2434//514 2433//513
f 1954//514 1955//515 2435//515 2434//514
f 1955//515 1956//516 2436//516 2435//515
f 1956//516 1957//517 2437//517 2436//516
f 1957//517 1958//518 2438//518 2437//517
f 1958//518 1959//519 2439//519 2438//518
f 1959//519 1960//520 2440//520 2439//519
f 1960//520 1961//521 2441//521 2440//520
f 1961//521 1962//522 2442//522 2441//521
f 1962//522 1963//523 2443//523 2442//522
f 1963//523 1964//524 2444//524 2443//523
f 1964//524 1965//525 2445//525 2444//524
f 1965//525 1966//526 2446//526 2445//525
f 1966//526 1967//527 2447//527 2446//526
f 1967//527 1968//528 2448//528 2447//527
f 1968//528 1969//529 2449//529 2448//528
f 1969//529 1970//530 2450//530 2449//529
f 1970//530 1971//531 2451//531 2450//530
f 1971//531 1972//532 2452//532 2451//531
f 1972//532 1973//533 2453//533 2452//532
f 1973//533 1974//534 2454//534 2453//533
f 1974//534 1975//535 2455//535 2454//534
f 1975//535 1976//536 2456//536 2455//535
f 1976//536 1977//537 2457//537 2456//536
f 1977//537 1978//538 2458//538 2457//537
f 1978//538 1979//539 2459//539 2458//538
f 1979//539 1980//540 2460//540 2459//539
f 1980//540 1981//541 2461//541 2460//540
f 1981//541 1982//961 2462//961 2461//541
f 1982//961 1983//543 2463//543 2462//961
f 1983//543 1984//544 2464//544 2463//543
f 1984//544 1985//545 2465//545 2464//544
f 1985//545 1986//546 2466//546 2465//545
f 1986//546 1987//547 2467//547 2466//546
f 1987//547 1988//548 2468//548 2467//547
f 1988//548 1989//549 2469//549 2468//548
f 1989//549 1990//550 2470//550 2469//549
f 1990//550 1991//551 2471//551 2470//550
f 1991//551 1992//552 2472//552 2471//551
f 1992//552 1993//553 2473//553 2472//552
f 1993//553 1994//554 2474//554 2473//553
f 1994//554 1995//555 2475//555 2474//554
f 1995//555 1996//556 2476//556 2475//555
f 1996//556 1997//557 2477//557 2476//556
f 1997//557 1998//558 2478//558 2477//557
f 1998//558 1999//559 2479//559 2478//558
f 1999//559 2000//560 2480//560 2479//559
f 2000//560 2001//561 2481//561 2480//560
f 2001//561 2002//562 2482//562 2481//561
f 2002//562 2003//563 2483//563 2482//562
f 2003//563 2004//564 2484//564 2483//563
f 2004//564 2005//565 2485//565 2484//564
f 2005//565 2006//566 2486//566 2485//565
f 2006//566 2007//567 2487//567 2486//566
f 2007//567 2008//568 2488//568 2487//567
f 2008//568 2009//569 2489//569 2488//568
f 2009//569 2010//570 2490//570 2489//569
f 2010//570 2011//571 2491//571 2490//570
f 2011//571 2012//572 2492//572 2491//571
f 2012//572 2013//573 2493//573 2492//572
f 2013//573 2014//574 2494//574 2493//573
f 2014//574 2015//575 2495//575 2494//574
f 2015//575 2016//576 2496//576 2495//575
f 2016//576 2017//577 2497//577 2496//576
f 2017//577 2018//578 2498//578 2497//577
f 2018//578 2019//579 2499//579 2498//578
f 2019//579 2020//580 2500//580 2499//579
f 2020//580 2021//581 2501//581 2500//580
f 2021//581 2022//582 2502//582 2501//581
f 2022//582 2023//583 2503//583 2502//582
f 2023//583 2024//584 2504//584 2503//583
f 2024//584 2025//585 2505//585 2504//584
f 2025//585 2026//586 2506//586 2505//585
f 2026//586 2027//587 2507//587 2506//586
f 2027//587 2028//588 2508//588 2507//587
f 2028//588 2029//589 2509//589 2508//588
f 2029//589 2030//590 2510//590 2509//589
f 2030//590 2031//591 2511//591 2510//590
f 2031//591 2032//592 2512//592 2511//591
f 2032//592 2033//593 2513//593 2512//592
f 2033//593 2034//594 2514//594 2513//593
f 2034//594 2035//595 2515//595 2514//594
f 2035//595 2036//596 2516//596 2515//595
f 2036//596 2037//597 2517//597 2516//596
f 2037//597 2038//598 2518//598 2517//597
f 2038//598 2039//599 2519//599 2518//598
f 2039//599 2040//600 2520//600 2519//599
f 2040//600 2041//601 2521//601 2520//600
f 2041//601 2042//602 2522//602 2521//601
f 2042//602 2043//603 2523//603 2522//602
f 2043//603 2044//604 2524//604 2523//603
f 2044//604 2045//605 2525//605 2524//604
f 2045//605 2046//606 2526//606 2525//605
f 2046//606 2047//607 2527//607 2526//606
f 2047//607 2048//608 2528//608 2527//607
f 2048//608 2049//609 2529//609 2528//608
f 2049//609 2050//610 2530//610 2529//609
f 2050//610 2051//611 2531//611 2530//610
f 2051//611 2052//612 2532//612 2531//611
f 2052//612 2053//613 2533//613 2532//612
f 2053//613 2054//614 2534//614 2533//613
f 2054//614 2055//615 2535//615 2534//614
f 2055//615 2056//616 2536//616 2535//615
f 2056//616 2057//617 2537//617 2536//616
f 2057//617 2058//618 2538//618 2537//617
f 2058//618 2059//619 2539//619 2538//618
f 2059//619 2060//620 2540//620 2539//619
f 2060//620 2061//621 2541//621 2540//620
f 2061//621 2062//622 2542//622 2541//621
f 2062//622 2063//623 2543//623 2542//622
f 2063//623 2064//624 2544//624 2543//623
f 2064//624 2065//625 2545//625 2544//624
f 2065//625 2066//626 2546//626 2545//625
f 2066//626 2067//627 2547//627 2546//626
f 2067//627 2068//628 2548//628 2547//627
f 2068//628 2069//629 2549//629 2548//628
f 2069//629 2070//630 2550//630 2549//629
f 2070//630 2071//631 2551//631 2550//630
f 2071//631 2072//632 2552//632 2551//631
f 2072//632 2073//633 2553//633 2552//632
f 2073//633 2074//634 2554//634 2553//633
f 2074//634 2075//635 2555//635 2554//634
f 2075//635 2076//636 2556//636 2555//635
f 2076//636 2077//637 2557//637 2556//636
f 2077//637 2078//638 2558//638 2557//637
f 2078//638 2079//639 2559//639 2558//638
f 2079//639 2080//640 2560//640 2559//639
f 2080//640 2081//641 2561//641 2560//640
f 2081//641 2082//642 2562//642 2561//641
f 2082//642 2083//643 2563//643 2562//642
f 2083//643 2084//644 2564//644 2563//643
f 2084//644 2085//645 2565//645 2564//644
f 2085//645 2086//646 2566//646 2565//645
f 2086//646 2087//647 2567//647 2566//646
f 2087//647 2088//648 2568//648 2567//647
f 2088//648 2089//649 2569//649 2568//648
f 2089//649 2090//650 2570//650 2569//649
f 2090//650 2091//651 2571//651 2570//650
f 2091//651 2092//652 2572//652 2571//651
f 2092//652 2093//653 2573//653 2572//652
f 2093//653 2094//654 2574//654 2573//653
f 2094//654 2095//655 2575//655 2574//654
f 2095//655 2096//656 2576//656 2575//655
f 2096//656 2097//657 2577//657 2576//656
f 2097//657 2098//658 2578//658 2577//657
f 2098//658 2099//659 2579//659 2578//658
f 2099//659 2100//660 2580//660 2579//659
f 2100//660 2101//661 2581//661 2580//660
f 2101//661 2102//662 2582//662 2581//661
f 2102//662 2103//663 2583//663 2582//662
f 2103//663 2104//664 2584//664 2583//663
f 2104//664 2105//665 2585//665 2584//664
f 2105//665 2106//666 2586//666 2585//665
f 2106//666 2107//667 2587//667 2586//666
f 2107//667 2108//668 2588//668 2587//667
f 2108//668 2109//669 2589//669 2588//668
f 2109//669 2110//670 2590//670 2589//669
f 2110//670 2111//671 2591//671 2590//670
f 2111//671 2112//672 2592//672 2591//671
f 2112//672 2113//673 2593//673 2592//672
f 2113//673 2114//674 2594//674 2593//673
f 2114//674 2115//675 2595//675 2594//674
f 2115//675 2116//676 2596//676 2595//675
f 2116//676 2117//677 2597//677 2596//676
f 2117//677 2118//678 2598//678 2597//677
f 2118//678 2119//679 2599//679 2598//678
f 2119//679 2120//680 2600//680 2599//679
f 2120//680 2121//681 2601//681 2600//680
f 2121//681 2122//682 2602//682 2601//681
f 2122//682 2123//683 2603//683 2602//682
f 2123//683 2124//684 2604//684 2603//683
f 2124//684 2125//685 2605//685 2604//684
f 2125//685 2126//686 2606//686 2605//685
f 2126//686 2127//687 2607//687 2606//686
f 2127//687 2128//688 2608//688 2607//687
f 2128//688 2129//689 2609//689 2608//688
f 2129//689 2130//690 2610//690 2609//689
f 2130//690 2131//691 2611//691 2610//690
f 2131//691 2132//692 2612//692 2611//691
f 2132//692 2133//693 2613//693 2612//692
f 2133//693 2134//694 2614//694 2613//693
f 2134//694 2135//695 2615//695 2614//694
f 2135//695 2136//696 2616//696 2615//695
f 2136//696 2137//697 2617//697 2616//696
f 2137//697 2138//698 2618//698 2617//697
f 2138//698 2139//699 2619//699 2618//698
f 2139//699 2140//700 2620//700 2619//699
f 2140//700 2141//701 2621//701 2620//700
f 2141//701 2142//702 2622//702 2621//701
f 2142//702 2143//703 2623//703 2622//702
f 2143//703 2144//704 2624//704 2623//703
f 2144//704 2145//705 2625//705 2624//704
f 2145//705 2146//706 2626//706 2625//705
f 2146//706 2147//707 2627//707 2626//706
f 2147//707 2148//708 2628//708 2627//707
f 2148//708 2149//709 2629//709 2628//708
f 2149//709 2150//710 2630//710 2629//709
f 2150//710 2151//711 2631//711 2630//710
f 2151//711 2152//712 2632//712 2631//711
f 2152//712 2153//713 2633//713 2632//712
f 2153//713 2154//714 2634//714 2633//713
f 2154//714 2155//715 2635//715 2634//714
f 2155//715 2156//716 2636//716 2635//715
f 2156//716 2157//717 2637//717 2636//716
f 2157//717 2158//718 2638//718 2637//717
f 2158//718 2159//719 2639//719 2638//718
f 2159//719 2160//720 2640//720 2639//719
f 2160//720 2161//721 2641//721 2640//720
f 2161//721 2162//722 2642//722 2641//721
f 2162//722 2163//723 2643//723 2642//722
f 2163//723 2164//724 2644//724 2643//723
f 2164//724 2165//725 2645//725 2644//724
f 2165//725 2166//726 2646//726 2645//725
f 2166//726 2167//727 2647//727 2646//726
f 2167//727 2168//728 2648//728 2647//727
f 2168//728 2169//729 2649//729 2648//728
f 2169//729 2170//730 2650//730 2649//729
f 2170//730 2171//731 2651//731 2650//730
f 2171//731 2172//732 2652//732 2651//731
f 2172//732 2173//733 2653//733 2652//732
f 2173//733 2174//734 2654//734 2653//733
f 2174//734 2175//735 2655//735 2654//734
f 2175//735 2176//736 2656//736 2655//735
f 2176//736 2177//737 2657//737 2656//736
f 2177//737 2178//738 2658//738 2657//737
f 2178//738 2179//739 2659//739 2658//738
f 2179//739 2180//740 2660//740 2659//739
f 2180//740 2181//741 2661//741 2660//740
f 2181//741 2182//742 2662//742 2661//741
f 2182//742 2183//743 2663//743 2662//742
f 2183//743 2184//744 2664//744 2663//743
f 2184//744 2185//745 2665//745 2664//744
f 2185//745 2186//746 2666//746 2665//745
f 2186//746 2187//747 2667//747 2666//746
f 2187//747 2188//748 2668//748 2667//747
f 2188//748 2189//749 2669//749 2668//748
f 2189//749 2190//750 2670//750 2669//749
f 2190//750 2191//751 2671//751 2670//750
f 2191//751 2192//752 2672//752 2671//751
f 2192//752 2193//753 2673//753 2672//752
f 2193//753 2194//754 2674//754 2673//753
f 2194//754 2195//755 2675//755 2674//754
f 2195//755 2196//756 2676//756 2675//755
f 2196//756 2197//757 2677//757 2676//756
f 2197//757 2198//758 2678//758 2677//757
f 2198//758 2199//759 2679//759 2678//758
f 2199//759 2200//760 2680//760 2679//759
f 2200//760 2201//761 2681//761 2680//760
f 2201//761 2202//762 2682//762 2681//761
f 2202//762 2203//763 2683//763 2682//762
f 2203//763 2204//764 2684//764 2683//763
f 2204//764 2205//765 2685//765 2684//764
f 2205//765 2206//766 2686//766 2685//765
f 2206//766 2207//767 2687//767 2686//766
f 2207//767 2208//768 2688//768 2687//767
f 2208//768 2209//769 2689//769 2688//768
f 2209//769 2210//770 2690//770 2689//769
f 2210//770 2211//771 2691//771 2690//770
f 2211//771 2212//772 2692//772 2691//771
f 2212//772 2213//773 2693//773 2692//772
f 2213//773 2214//774 2694//774 2693//773
f 2214//774 2215//775 2695//775 2694//774
f 2215//775 2216//776 2696//776 2695//775
f 2216//776 2217//777 2697//777 2696//776
f 2217//777 2218//778 2698//778 2697//777
f 2218//778 2219//779 2699//779 2698//778
f 2219//779 2220//780 2700//780 2699//779
f 2220//780 2221//781 2701//781 2700//780
f 2221//781 2222//962 2702//962 2701//781
f 2222//962 2223//783 2703//783 2702//962
f 2223//783 2224//784 2704//784 2703//783
f 2224//784 2225//785 2705//785 2704//784
f 2225//785 2226//786 2706//786 2705//785
f 2226//786 2227//787 2707//787 2706//786
f 2227//787 2228//788 2708//788 2707//787
f 2228//788 2229//789 2709//789 2708//788
f 2229//789 2230//790 2710//790 2709//789
f 2230//790 2231//791 2711//791 2710//790
f 2231//791 2232//792 2712//792 2711//791
f 2232//792 2233//793 2713//793 2712//792
f 2233//793 2234//794 2714//794 2713//793
f 2234//794 2235//795 2715//795 2714//794
f 2235//795 2236//796 2716//796 2715//795
f 2236//796 2237//797 2717//797 2716//796
f 2237//797 2238//798 2718//798 2717//797
f 2238//798 2239//799 2719//799 2718//798
f 2239//799 2240//800 2720//800 2719//799
f 2240//800 2241//801 2721//801 2720//800
f 2241//801 2242//802 2722//802 2721//801
f 2242//802 2243//803 2723//803 2722//802
f 2243//803 2244//804 2724//804 2723//803
f 2244//804 2245//805 2725//805 2724//804
f 2245//805 2246//806 2726//806 2725//805
f 2246//806 2247//807 2727//807 2726//806
f 2247//807 2248//808 2728//808 2727//807
f 2248//808 2249//809 2729//809 2728//808
f 2249//809 2250//810 2730//810 2729//809
f 2250//810 2251//811 2731//811 2730//810
f 2251//811 2252//812 2732//812 2731//811
f 2252//812 2253//813 2733//813 2732//812
f 2253//813 2254//814 2734//814 2733//813
f 2254//814 2255//815 2735//815 2734//814
f 2255//815 2256//816 2736//816 2735//815
f 2256//816 2257//817 2737//817 2736//816
f 2257//817 2258//818 2738//818 2737//817
f 2258//818 2259//819 2739//819 2738//818
f 2259//819 2260//820 2740//820 2739//819
f 2260//820 2261//821 2741//821 2740//820
f 2261//821 2262//822 2742//822 2741//821
f 2262//822 2263//823 2743//823 2742//822
f 2263//823 2264//824 2744//824 2743//823
f 2264//824 2265//825 2745//825 2744//824
f 2265//825 2266//826 2746//826 2745//825
f 2266//826 2267//827 2747//827 2746//826
f 2267//827 2268//828 2748//828 2747//827
f 2268//828 2269//829 2749//829 2748//828
f 2269//829 2270//830 2750//830 2749//829
f 2270//830 2271//831 2751//831 2750//830
f 2271//831 2272//832 2752//832 2751//831
f 2272//832 2273//833 2753//833 2752//832
f 2273//833 2274//834 2754//834 2753//833
f 2274//834 2275//835 2755//835 2754//834
f 2275//835 2276//836 2756//836 2755//835
f 2276//836 2277//837 2757//837 2756//836
f 2277//837 2278//838 2758//838 2757//837
f 2278//838 2279//839 2759//839 2758//838
f 2279//839 2280//840 2760//840 2759//839
f 2280//840 2281//841 2761//841 2760//840
f 2281//841 2282//842 2762//842 2761//841
f 2282//842 2283//843 2763//843 2762//842
f 2283//843 2284//844 2764//844 2763//843
f 2284//844 2285//845 2765//845 2764//844
f 2285//845 2286//846 2766//846 2765//845
f 2286//846 2287//847 2767//847 2766//846
f 2287//847 2288//848 2768//848 2767//847
f 2288//848 2289//849 2769//849 2768//848
f 2289//849 2290//850 2770//850 2769//849
f 2290//850 2291//851 2771//851 2770//850
f 2291//851 2292//852 2772//852 2771//851
f 2292//852 2293//853 2773//853 2772//852
f 2293//853 2294//854 2774//854 2773//853
f 2294//854 2295//855 2775//855 2774//854
f 2295//855 2296//856 2776//856 2775//855
f 2296//856 2297//857 2777//857 2776//856
f 2297//857 2298//858 2778//858 2777//857
f 2298//858 2299//859 2779//859 2778//858
f 2299//859 2300//860 2780//860 2779//859
f 2300//860 2301//861 2781//861 2780//860
f 2301//861 2302//862 2782//862 2781//861
f 2302//862 2303//863 2783//863 2782//862
f 2303//863 2304//864 2784//864 2783//863
f 2304//864 2305//865 2785//865 2784//864
f 2305//865 2306//866 2786//866 2785//865
f 2306//866 2307//867 2787//867 2786//866
f 2307//867 2308//868 2788//868 2787//867
f 2308//868 2309//869 2789//869 2788//868
f 2309//869 2310//870 2790//870 2789//869
f 2310//870 2311//871 2791//871 2790//870
f 2311//871 2312//872 2792//872 2791//871
f 2312//872 2313//873 2793//873 2792//872
f 2313//873 2314//874 2794//874 2793//873
f 2314//874 2315//875 2795//875 2794//874
f 2315//875 2316//876 2796//876 2795//875
f 2316//876 2317//877 2797//877 2796//876
f 2317//877 2318//878 2798//878 2797//877
f 2318//878 2319//879 2799//879 2798//878
f 2319//879 2320//880 2800//880 2799//879
f 2320//880 2321//881 2801//881 2800//880
f 2321//881 2322//882 2802//882 2801//881
f 2322//882 2323//883 2803//883 2802//882
f 2323//883 2324//884 2804//884 2803//883
f 2324//884 2325//885 2805//885 2804//884
f 2325//885 2326//886 2806//886 2805//885
f 2326//886 2327//887 2807//887 2806//886
f 2327//887 2328//888 2808//888 2807//887
f 2328//888 2329//889 2809//889 2808//888
f 2329//889 2330//890 2810//890 2809//889
f 2330//890 2331//891 2811//891 2810//890
f 2331//891 2332//892 2812//892 2811//891
f 2332//892 2333//893 2813//893 2812//892
f 2333//893 2334//894 2814//894 2813//893
f 2334//894 2335//895 2815//895 2814//894
f 2335//895 2336//896 2816//896 2815//895
f 2336//896 2337//897 2817//897 2816//896
f 2337//897 2338//898 2818//898 2817//897
f 2338//898 2339//899 2819//899 2818//898
f 2339//899 2340//900 2820//900 2819//899
f 2340//900 2341//901 2821//901 2820//900
f 2341//901 2342//902 2822//902 2821//901
f 2342//902 2343//903 2823//903 2822//902
f 2343//903 2344//904 2824//904 2823//903
f 2344//904 2345//905 2825//905 2824//904
f 2345//905 2346//906 2826//906 2825//905
f 2346//906 2347//907 2827//907 2826//906
f 2347//907 2348//908 2828//908 2827//907
f 2348//908 2349//909 2829//909 2828//908
f 2349//909 2350//910 2830//910 2829//909
f 2350//910 2351//911 2831//911 2830//910
f 2351//911 2352//912 2832//912 2831//911
f 2352//912 2353//913 2833//913 2832//912
f 2353//913 2354//914 2834//914 2833//913
f 2354//914 2355//915 2835//915 2834//914
f 2355//915 2356//916 2836//916 2835//915
f 2356//916 2357//917 2837//917 2836//916
f 2357//917 2358//918 2838//918 2837//917
f 2358//918 2359//919 2839//919 2838//918
f 2359//919 2360//920 2840//920 2839//919
f 2360//920 2361//921 2841//921 2840//920
f 2361//921 2362//922 2842//922 2841//921
f 2362//922 2363//923 2843//923 2842//922
f 2363//923 2364//924 2844//924 2843//923
f 2364//924 2365//925 2845//925 2844//924
f 2365//925 2366//926 2846//926 2845//925
f 2366//926 2367//927 2847//927 2846//926
f 2367//927 2368//928 2848//928 2847//927
f 2368//928 2369//929 2849//929 2848//928
f 2369//929 2370//930 2850//930 2849//929
f 2370//930 2371//931 2851//931 2850//930
f 2371//931 2372//932 2852//932 2851//931
f 2372//932 2373//933 2853//933 2852//932
f 2373//933 2374//934 2854//934 2853//933
f 2374//934 2375//935 2855//935 2854//934
f 2375//935 2376//936 2856//936 2855//935
f 2376//936 2377//937 2857//937 2856//936
f 2377//937 2378//938 2858//938 2857//937
f 2378//938 2379//939 2859//939 2858//938
f 2379//939 2380//940 2860//940 2859//939
f 2380//940 2381//941 2861//941 2860//940
f 2381//941 2382//942 2862//942 2861//941
f 2382//942 2383//943 2863//943 2862//942
f 2383//943 2384//944 2864//944 2863//943
f 2384//944 2385//945 2865//945 2864//944
f 2385//945 2386//946 2866//946 2865//945
f 2386//946 2387//947 2867//947 2866//946
f 2387//947 2388//948 2868//948 2867//947
f 2388//948 2389//949 2869//949 2868//948
f 2389//949 2390//950 2870//950 2869//949
f 2390//950 2391//951 2871//951 2870//950
f 2391//951 2392//952 2872//952 2871//951
f 2392//952 2393//953 2873//953 2872//952
f 2393//953 2394//954 2874//954 2873//953
f 2394//954 2395//955 2875//955 2874//954
f 2395//955 2396//956 2876//956 2875//955
f 2396//956 2397//957 2877//957 2876//956
f 2397//957 2398//958 2878//958 2877//957
f 2398//958 2399//959 2879//959 2878//958
f 2399//959 2400//960 2880//960 2879//959
f 2400//960 1921//481 2401//481 2880//960
f 2401//481 2402//482 2882//482 2881//481
f 2402//482 2403//483 2883//483 2882//482
f 2403//483 2404//484 2884//484 2883//483
f 2404//484 2405//485 2885//485 2884//484
f 2405//485 2406//486 2886//486 2885//485
f 2406//486 2407//487 2887//487 2886//486
f 2407//487 2408//488 2888//488 2887//487
f 2408//488 2409//489 2889//489 2888//488
f 2409//489 2410//490 2890//490 2889//489
f 2410//490 2411//491 2891//491 2890//490
f 2411//491 2412//492 2892//492 2891//491
f 2412//492 2413//493 2893//493 2892//492
f 2413//493 2414//494 2894//494 2893//493
f 2414//494 2415//495 2895//495 2894//494
f 2415//495 2416//496 2896//496 2895//495
f 2416//496 2417//497 2897//497 2896//496
f 2417//497 2418//498 2898//498 2897//497
f 2418//498 2419//499 2899//499 2898//498
f 2419//499 2420//500 2900//500 2899//499
f 2420//500 2421//501 2901//501 2900//500
f 2421//501 2422//502 2902//502 2901//501
f 2422//502 2423//503 2903//503 2902//502
f 2423//503 2424//504 2904//504 2903//503
f 2424//504 2425//505 2905//505 2904//504
f 2425//505 2426//506 2906//506 2905//505
f 2426//506 2427//507 2907//507 2906//506
f 2427//507 2428//508 2908//508 2907//507
f 2428//508 2429//509 2909//509 2908//508
f 2429//509 2430//510 2910//510 2909//509
f 2430//510 2431//511 2911//511 2910//510
f 2431//511 2432//512 2912//512 2911//511
f 2432//512 2433//513 2913//513 2912//512
f 2433//513 2434//514 2914//514 2913//513
f 2434//514 2435//515 2915//515 2914//514
f 2435//515 2436//516 2916//516 2915//515
f 2436//516 2437//517 2917//517 2916//516
f 2437//517 2438//518 2918//518 2917//517
f 2438//518 2439//519 2919//519 2918//518
f 2439//519 2440//520 2920//520 2919//519
f 2440//520 2441//521 2921//521 2920//520
f 2441//521 2442//522 2922//522 2921//521
f 2442//522 2443//523 2923//523 2922//522
f 2443//523 2444//524 2924//524 2923//523
f 2444//524 2445//525 2925//525 2924//524
f 2445//525 2446//526 2926//526 2925//525
f 2446//526 2447//527 2927//527 2926//526
f 2447//527 2448//528 2928//528 2927//527
f 2448//528 2449//529 2929//529 2928//528
f 2449//529 2450//530 2930//530 2929//529
f 2450//530 2451//531 2931//531 2930//530
f 2451//531 2452//532 2932//532 2931//531
f 2452//532 2453//533 2933//533 2932//532
f 2453//533 2454//534 2934//534 2933//533
f 2454//534 2455//535 2935//535 2934//534
f 2455//535 2456//536 2936//536 2935//535
f 2456//536 2457//537 2937//537 2936//536
f 2457//537 2458//538 2938//538 2937//537
f 2458//538 2459//539 2939//539 2938//538
f 2459//539 2460//540 2940//540 2939//539
f 2460//540 2461//541 2941//541 2940//540
f 2461//541 2462//961 2942//961 2941//541
f 2462//961 2463//543 2943//543 2942//961
f 2463//543 2464//544 2944//544 2943//543
f 2464//544 2465//545 2945//545 2944//544
f 2465//545 2466//546 2946//546 2945//545
f 2466//546 2467//547 2947//547 2946//546
f 2467//547 2468//548 2948//548 2947//547
f 2468//548 2469//549 2949//549 2948//548
f 2469//549 2470//550 2950//550 2949//549
f 2470//550 2471//551 2951//551 2950//550
f 2471//551 2472//552 2952//552 2951//551
f 2472//552 2473//553 2953//553 2952//552
f 2473//553 2474//554 2954//554 2953//553
f 2474//554 2475//555 2955//555 2954//554
f 2475//555 2476//556 2956//556 2955//555
f 2476//556 2477//557 2957//557 2956//556
f 2477//557 2478//558 2958//558 2957//557
f 2478//558 2479//559 2959//559 2958//558
f 2479//559 2480//560 2960//560 2959//559
f 2480//560 2481//561 2961//561 2960//560
f 2481//561 2482//562 2962//562 2961//561
f 2482//562 2483//563 2963//563 2962//562
f 2483//563 2484//564 2964//564 2963//563
f 2484//564 2485//565 2965//565 2964//564
f 2485//565 2486//566 2966//566 2965//565
f 2486//566 2487//567 2967//567 2966//566
f 2487//567 2488//568 2968//568 2967//567
f 2488//568 2489//569 2969//569 2968//568
f 2489//569 2490//570 2970//570 2969//569
f 2490//570 2491//571 2971//571 2970//570
f 2491//571 2492//572 2972//572 2971//571
f 2492//572 2493//573 2973//573 2972//572
f 2493//573 2494//574 2974//574 2973//573
f 2494//574 2495//575 2975//575 2974//574
f 2495//575 2496//576 2976//576 2975//575
f 2496//576 2497//577 2977//577 2976//576
f 2497//577 2498//578 2978//578 2977//577
f 2498//578 2499//579 2979//579 2978//578
f 2499//579 2500//580 2980//580 2979//579
f 2500//580 2501//581 2981//581 2980//580
f 2501//581 2502//582 2982//582 2981//581
f 2502//582 2503//583 2983//583 2982//582
f 2503//583 2504//584 2984//584 2983//583
f 2504//584 2505//585 2985//585 2984//584
f 2505//585 2506//586 2986//586 2985//585
f 2506//586 2507//587 2987//587 2986//586
f 2507//587 2508//588 2988//588 2987//587
f 2508//588 2509//589 2989//589 2988//588
f 2509//589 2510//590 2990//590 2989//589
f 2510//590 2511//591 2991//591 2990//590
f 2511//591 2512//592 2992//592 2991//591
f 2512//592 2513//593 2993//593 2992//592
f 2513//593 2514//594 2994//594 2993//593
f 2514//594 2515//595 2995//595 2994//594
f 2515//595 2516//596 2996//596 2995//595
f 2516//596 2517//597 2997//597 2996//596
f 2517//597 2518//598 2998//598 2997//597
f 2518//598 2519//599 2999//599 2998//598
f 2519//599 2520//600 3000//600 2999//599
f 2520//600 2521//601 3001//601 3000//600
f 2521//601 2522//602 3002//602 3001//601
f 2522//602 2523//603 3003//603 3002//602
f 2523//603 2524//604 3004//604 3003//603
f 2524//604 2525//605 3005//605 3004//604
f 2525//605 2526//606 3006//606 3005//605
f 2526//606 2527//607 3007//607 3006//606
f 2527//607 2528//608 3008//608 3007//607
f 2528//608 2529//609 3009//609 3008//608
f 2529//609 2530//610 3010//610 3009//609
f 2530//610 2531//611 3011//611 3010//610
f 2531//611 2532//612 3012//612 3011//611
f 2532//612 2533//613 3013//613 3012//612
f 2533//613 2534//614 3014//614 3013//613
f 2534//614 2535//615 3015//615 3014//614
f 2535//615 2536//616 3016//616 3015//615
f 2536//616 2537//617 3017//617 3016//616
f 2537//617 2538//618 3018//618 3017//617
f 2538//618 2539//619 3019//619 3018//618
f 2539//619 2540//620 3020//620 3019//619
f 2540//620 2541//621 3021//621 3020//620
f 2541//621 2542//622 3022//622 3021//621
f 2542//622 2543//623 3023//623 3022//622
f 2543//623 2544//624 3024//624 3023//623
f 2544//624 2545//625 3025//625 3024//624
f 2545//625 2546//626 3026//626 3025//625
f 2546//626 2547//627 3027//627 3026//626
f 2547//627 2548//628 3028//628 3027//627
f 2548//628 2549//629 3029//629 3028//628
f 2549//629 2550//630 3030//630 3029//629
f 2550//630 2551//631 3031//631 3030//630
f 2551//631 2552//632 3032//632 3031//631
f 2552//632 2553//633 3033//633 3032//632
f 2553//633 2554//634 3034//634 3033//633
f 2554//634 2555//635 3035//635 3034//634
f 2555//635 2556//636 3036//636 3035//635
f 2556//636 2557//637 3037//637 3036//636
f 2557//637 2558//638 3038//638 3037//637
f 2558//638 2559//639 3039//639 3038//638
f 2559//639 2560//640 3040//640 3039//639
f 2560//640 2561//641 3041//641 3040//640
f 2561//641 2562//642 3042//642 3041//641
f 2562//642 2563//643 3043//643 3042//642
f 2563//643 2564//644 3044//644 3043//643
f 2564//644 2565//645 3045//645 3044//644
f 2565//645 2566//646 3046//646 3045//645
f 2566//646 2567//647 3047//647 3046//646
f 2567//647 2568//648 3048//648 3047//647
f 2568//648 2569//649 3049//649 3048//648
f 2569//649 2570//650 3050//650 3049//649
f 2570//650 2571//651 3051//651 3050//650
f 2571//651 2572//652 3052//652 3051//651
f 2572//652 2573//653 3053//653 3052//652
f 2573//653 2574//654 3054//654 3053//653
f 2574//654 2575//655 3055//655 3054//654
f 2575//655 2576//656 3056//656 3055//655
f 2576//656 2577//657 3057//657 3056//656
f 2577//657 2578//658 3058//658 3057//657
f 2578//658 2579//659 3059//659 3058//658
f 2579//659 2580//660 3060//660 3059//659
f 2580//660 2581//661 3061//661 3060//660
f 2581//661 2582//662 3062//662 3061//661
f 2582//662 2583//663 3063//663 3062//662
f 2583//663 2584//664 3064//664 3063//663
f 2584//664 2585//665 3065//665 3064//664
f 2585//665 2586//666 3066//666 3065//665
f 2586//666 2587//667 3067//667 3066//666
f 2587//667 2588//668 3068//668 3067//667
f 2588//668 2589//669 3069//669 3068//668
f 2589//669 2590//670 3070//670 3069//669
f 2590//670 2591//671 3071//671 3070//670
f 2591//671 2592//672 3072//672 3071//671
f 2592//672 2593//673 3073//673 3072//672
f 2593//673 2594//674 3074//674 3073//673
f 2594//674 2595//675 3075//675 3074//674
f 2595//675 2596//676 3076//676 3075//675
f 2596//676 2597//677 3077//677 3076//676
f 2597//677 2598//678 3078//678 3077//677
f 2598//678 2599//679 3079//679 3078//678
f 2599//679 2600//680 3080//680 3079//679
f 2600//680 2601//681 3081//681 3080//680
f 2601//681 2602//682 3082//682 3081//681
f 2602//682 2603//683 3083//683 3082//682
f 2603//683 2604//684 3084//684 3083//683
f 2604//684 2605//685 3085//685 3084//684
f 2605//685 2606//686 3086//686 3085//685
f 2606//686 2607//687 3087//687 3086//686
f 2607//687 2608//688 3088//688 3087//687
f 2608//688 2609//689 3089//689 3088//688
f 2609//689 2610//690 3090//690 3089//689
f 2610//690 2611//691 3091//691 3090//690
f 2611//691 2612//692 3092//692 3091//691
f 2612//692 2613//693 3093//693 3092//692
f 2613//693 2614//694 3094//694 3093//693
f 2614//694 2615//695 3095//695 3094//694
f 2615//695 2616//696 3096//696 3095//695
f 2616//696 2617//697 3097//697 3096//696
f 2617//697 2618//698 3098//698 3097//697
f 2618//698 2619//699 3099//699 3098//698
f 2619//699 2620//700 3100//700 3099//699
f 2620//700 2621//701 3101//701 3100//700
f 2621//701 2622//702 3102//702 3101//701
f 2622//702 2623//703 3103//703 3102//702
f 2623//703 2624//704 3104//704 3103//703
f 2624//704 2625//705 3105//705 3104//704
f 2625//705 2626//706 3106//706 3105//705
f 2626//706 2627//707 3107//707 3106//706
f 2627//707 2628//708 3108//708 3107//707
f 2628//708 2629//709 3109//709 3108//708
f 2629//709 2630//710 3110//710 3109//709
f 2630//710 2631//711 3111//711 3110//710
f 2631//711 2632//712 3112//712 3111//711
f 2632//712 2633//713 3113//713 3112//712
f 2633//713 2634//714 3114//714 3113//713
f 2634//714 2635//715 3115//715 3114//714
f 2635//715 2636//716 3116//716 3115//715
f 2636//716 2637//717 3117//717 3116//716
f 2637//717 2638//718 3118//718 3117//717
f 2638//718 2639//719 3119//719 3118//718
f 2639//719 2640//720 3120//720 3119//719
f 2640//720 2641//721 3121//721 3120//720
f 2641//721 2642//722 3122//722 3121//721
f 2642//722 2643//723 3123//723 3122//722
f 2643//723 2644//724 3124//724 3123//723
f 2644//724 2645//725 3125//725 3124//724
f 2645//725 2646//726 3126//726 3125//725
f 2646//726 2647//727 3127//727 3126//726
f 2647//727 2648//728 3128//728 3127//727
f 2648//728 2649//729 3129//729 3128//728
f 2649//729 2650//730 3130//730 3129//729
f 2650//730 2651//731 3131//731 3130//730
f 2651//731 2652//732 3132//732 3131//731
f 2652//732 2653//733 3133//733 3132//732
f 2653//733 2654//734 3134//734 3133//733
f 2654//734 2655//735 3135//735 3134//734
f 2655//735 2656//736 3136//736 3135//735
f 2656//736 2657//737 3137//737 3136//736
f 2657//737 2658//738 3138//738 3137//737
f 2658//738 2659//739 3139//739 3138//738
f 2659//739 2660//740 3140//740 3139//739
f 2660//740 2661//741 3141//741 3140//740
f 2661//741 2662//742 3142//742 3141//741
f 2662//742 2663//743 3143//743 3142//742
f 2663//743 2664//744 3144//744 3143//743
f 2664//744 2665//745 3145//745 3144//744
f 2665//745 2666//746 3146//746 3145//745
f 2666//746 2667//747 3147//747 3146//746
f 2667//747 2668//748 3148//748 3147//747
f 2668//748 2669//749 3149//749 3148//748
f 2669//749 2670//750 3150//750 3149//749
f 2670//750 2671//751 3151//751 3150//750
f 2671//751 2672//752 3152//752 3151//751
f 2672//752 2673//753 3153//753 3152//752
f 2673//753 2674//754 3154//754 3153//753
f 2674//754 2675//755 3155//755 3154//754
f 2675//755 2676//756 3156//756 3155//755
f 2676//756 2677//757 3157//757 3156//756
f 2677//757 2678//758 3158//758 3157//757
f 2678//758 2679//759 3159//759 3158//758
f 2679//759 2680//760 3160//760 3159//759
f 2680//760 2681//761 3161//761 3160//760
f 2681//761 2682//762 3162//762 3161//761
f 2682//762 2683//763 3163//763 3162//762
f 2683//763 2684//764 3164//764 3163//763
f 2684//764 2685//765 3165//765 3164//764
f 2685//765 2686//766 3166//766 3165//765
f 2686//766 2687//767 3167//767 3166//766
f 2687//767 2688//768 3168//768 3167//767
f 2688//768 2689//769 3169//769 3168//768
f 2689//769 2690//770 3170//770 3169//769
f 2690//770 2691//771 3171//771 3170//770
f 2691//771 2692//772 3172//772 3171//771
f 2692//772 2693//773 3173//773 3172//772
f 2693//773 2694//774 3174//774 3173//773
f 2694//774 2695//775 3175//775 3174//774
f 2695//775 2696//776 3176//776 3175//775
f 2696//776 2697//777 3177//777 3176//776
f 2697//777 2698//778 3178//778 3177//777
f 2698//778 2699//779 3179//779 3178//778
f 2699//779 2700//780 3180//780 3179//779
f 2700//780 2701//781 3181//781 3180//780
f 2701//781 2702//962 3182//962 3181//781
f 2702//962 2703//783 3183//783 3182//962
f 2703//783 2704//784 3184//784 3183//783
f 2704//784 2705//785 3185//785 3184//784
f 2705//785 2706//786 3186//786 3185//785
f 2706//786 2707//787 3187//787 3186//786
f 2707//787 2708//788 3188//788 3187//787
f 2708//788 2709//789 3189//789 3188//788
f 2709//789 2710//790 3190//790 3189//789
f 2710//790 2711//791 3191//791 3190//790
f 2711//791 2712//792 3192//792 3191//791
f 2712//792 2713//793 3193//793 3192//792
f 2713//793 2714//794 3194//794 3193//793
f 2714//794 2715//795 3195//795 3194//794
f 2715//795 2716//796 3196//796 3195//795
f 2716//796 2717//797 3197//797 3196//796
f 2717//797 2718//798 3198//798 3197//797
f 2718//798 2719//799 3199//799 3198//798
f 2719//799 2720//800 3200//800 3199//799
f 2720//800 2721//801 3201//801 3200//800
f 2721//801 2722//802 3202//802 3201//801
f 2722//802 2723//803 3203//803 3202//802
f 2723//803 2724//804 3204//804 3203//803
f 2724//804 2725//805 3205//805 3204//804
f 2725//805 2726//806 3206//806 3205//805
f 2726//806 2727//807 3207//807 3206//806
f 2727//807 2728//808 3208//808 3207//807
f 2728//808 2729//809 3209//809 3208//808
f 2729//809 2730//810 3210//810 3209//809
f 2730//810 2731//811 3211//811 3210//810
f 2731//811 2732//812 3212//812 3211//811
f 2732//812 2733//813 3213//813 3212//812
f 2733//813 2734//814 3214//814 3213//813
f 2734//814 2735//815 3215//815 3214//814
f 2735//815 2736//816 3216//816 3215//815
f 2736//816 2737//817 3217//817 3216//816
f 2737//817 2738//818 3218//818 3217//817
f 2738//818 2739//819 3219//819 3218//818
f 2739//819 2740//820 3220//820 3219//819
f 2740//820 2741//821 3221//821 3220//820
f 2741//821 2742//822 3222//822 3221//821
f 2742//822 2743//823 3223//823 3222//822
f 2743//823 2744//824 3224//824 3223//823
f 2744//824 2745//825 3225//825 3224//824
f 2745//825 2746//826 3226//826 3225//825
f 2746//826 2747//827 3227//827 3226//826
f 2747//827 2748//828 3228//828 3227//827
f 2748//828 2749//829 3229//829 3228//828
f 2749//829 2750//830 3230//830 3229//829
f 2750//830 2751//831 3231//831 3230//830
f 2751//831 2752//832 3232//832 3231//831
f 2752//832 2753//833 3233//833 3232//832
f 2753//833 2754//834 3234//834 3233//833
f 2754//834 2755//835 3235//835 3234//834
f 2755//835 2756//836 3236//836 3235//835
f 2756//836 2757//837 3237//837 3236//836
f 2757//837 2758//838 3238//838 3237//837
f 2758//838 2759//839 3239//839 3238//838
f 2759//839 2760//840 3240//840 3239//839
f 2760//840 2761//841 3241//841 3240//840
f 2761//841 2762//842 3242//842 3241//841
f 2762//842 2763//843 3243//843 3242//842
f 2763//843 2764//844 3244//844 3243//843
f 2764//844 2765//845 3245//845 3244//844
f 2765//845 2766//846 3246//846 3245//845
f 2766//846 2767//847 3247//847 3246//846
f 2767//847 2768//848 3248//848 3247//847
f 2768//848 2769//849 3249//849 3248//848
f 2769//849 2770//850 3250//850 3249//849
f 2770//850 2771//851 3251//851 3250//850
f 2771//851 2772//852 3252//852 3251//851
f 2772//852 2773//853 3253//853 3252//852
f 2773//853 2774//854 3254//854 3253//853
f 2774//854 2775//855 3255//855 3254//854
f 2775//855 2776//856 3256//856 3255//855
f 2776//856 2777//857 3257//857 3256//856
f 2777//857 2778//858 3258//858 3257//857
f 2778//858 2779//859 3259//859 3258//858
f 2779//859 2780//860 3260//860 3259//859
f 2780//860 2781//861 3261//861 3260//860
f 2781//861 2782//862 3262//862 3261//861
f 2782//862 2783//863 3263//863 3262//862
f 2783//863 2784//864 3264//864 3263//863
f 2784//864 2785//865 3265//865 3264//864
f 2785//865 2786//866 3266//866 3265//865
f 2786//866 2787//867 3267//867 3266//866
f 2787//867 2788//868 3268//868 3267//867
f 2788//868 2789//869 3269//869 3268//868
f 2789//869 2790//870 3270//870 3269//869
f 2790//870 2791//871 3271//871 3270//870
f 2791//871 2792//872 3272//872 3271//871
f 2792//872 2793//873 3273//873 3272//872
f 2793//873 2794//874 3274//874 3273//873
f 2794//874 2795//875 3275//875 3274//874
f 2795//875 2796//876 3276//876 3275//875
f 2796//876 2797//877 3277//877 3276//876
f 2797//877 2798//878 3278//878 3277//877
f 2798//878 2799//879 3279//879 3278//878
f 2799//879 2800//880 3280//880 3279//879
f 2800//880 2801//881 3281//881 3280//880
f 2801//881 2802//882 3282//882 3281//881
f 2802//882 2803//883 3283//883 3282//882
f 2803//883 2804//884 3284//884 3283//883
f 2804//884 2805//885 3285//885 3284//884
f 2805//885 2806//886 3286//886 3285//885
f 2806//886 2807//887 3287//887 3286//886
f 2807//887 2808//888 3288//888 3287//887
f 2808//888 2809//889 3289//889 3288//888
f 2809//889 2810//890 3290//890 3289//889
f 2810//890 2811//891 3291//891 3290//890
f 2811//891 2812//892 3292//892 3291//891
f 2812//892 2813//893 3293//893 3292//892
f 2813//893 2814//894 3294//894 3293//893
f 2814//894 2815//895 3295//895 3294//894
f 2815//895 2816//896 3296//896 3295//895
f 2816//896 2817//897 3297//897 3296//896
f 2817//897 2818//898 3298//898 3297//897
f 2818//898 2819//899 3299//899 3298//898
f 2819//899 2820//900 3300//900 3299//899
f 2820//900 2821//901 3301//901 3300//900
f 2821//901 2822//902 3302//902 3301//901
f 2822//902 2823//903 3303//903 3302//902
f 2823//903 2824//904 3304//904 3303//903
f 2824//904 2825//905 3305//905 3304//904
f 2825//905 2826//906 3306//906 3305//905
f 2826//906 2827//907 3307//907 3306//906
f 2827//907 2828//908 3308//908 3307//907
f 2828//908 2829//909 3309//909 3308//908
f 2829//909 2830//910 3310//910 3309//909
f 2830//910 2831//911 3311//911 3310//910
f 2831//911 2832//912 3312//912 3311//911
f 2832//912 2833//913 3313//913 3312//912
f 2833//913 2834//914 3314//914 3313//913
f 2834//914 2835//915 3315//915 3314//914
f 2835//915 2836//916 3316//916 3315//915
f 2836//916 2837//917 3317//917 3316//916
f 2837//917 2838//918 3318//918 3317//917
f 2838//918 2839//919 3319//919 3318//918
f 2839//919 2840//920 3320//920 3319//919
f 2840//920 2841//921 3321//921 3320//920
f 2841//921 2842//922 3322//922 3321//921
f 2842//922 2843//923 3323//923 3322//922
f 2843//923 2844//924 3324//924 3323//923
f 2844//924 2845//925 3325//925 3324//924
f 2845//925 2846//926 3326//926 3325//925
f 2846//926 2847//927 3327//927 3326//926
f 2847//927 2848//928 3328//928 3327//927
f 2848//928 2849//929 3329//929 3328//928
f 2849//929 2850//930 3330//930 3329//929
f 2850//930 2851//931 3331//931 3330//930
f 2851//931 2852//932 3332//932 3331//931
f 2852//932 2853//933 3333//933 3332//932
f 2853//933 2854//934 3334//934 3333//933
f 2854//934 2855//935 3335//935 3334//934
f 2855//935 2856//936 3336//936 3335//935
f 2856//936 2857//937 3337//937 3336//936
f 2857//937 2858//938 3338//938 3337//937
f 2858//938 2859//939 3339//939 3338//938
f 2859//939 2860//940 3340//940 3339//939
f 2860//940 2861//941 3341//941 3340//940
f 2861//941 2862//942 3342//942 3341//941
f 2862//942 2863//943 3343//943 3342//942
f 2863//943 2864//944 3344//944 3343//943
f 2864//944 2865//945 3345//945 3344//944
f 2865//945 2866//946 3346//946 3345//945
f 2866//946 2867//947 3347//947 3346//946
f 2867//947 2868//948 3348//948 3347//947
f 2868//948 2869//949 3349//949 3348//948
f 2869//949 2870//950 3350//950 3349//949
f 2870//950 2871//951 3351//951 3350//950
f 2871//951 2872//952 3352//952 3351//951
f 2872//952 2873//953 3353//953 3352//952
f 2873//953 2874//954 3354//954 3353//953
f 2874//954 2875//955 3355//955 3354//954
f 2875//955 2876//956 3356//956 3355//955
f 2876//956 2877//957 3357//957 3356//956
f 2877//957 2878//958 3358//958 3357//957
f 2878//958 2879//959 3359//959 3358//958
f 2879//959 2880//960 3360//960 3359//959
f 2880//960 2401//481 2881//481 3360//960
f 2881//481 2882//482 3362//482 3361//481
f 2882//482 2883//483 3363//483 3362//482
f 2883//483 2884//484 3364//484 3363//483
f 2884//484 2885//485 3365//485 3364//484
f 2885//485 2886//486 3366//486 3365//485
f 2886//486 2887//487 3367//487 3366//486
f 2887//487 2888//488 3368//488 3367//487
f 2888//488 2889//489 3369//489 3368//488
f 2889//489 2890//490 3370//490 3369//489
f 2890//490 2891//491 3371//491 3370//490
f 2891//491 2892//492 3372//492 3371//491
f 2892//492 2893//493 3373//493 3372//492
f 2893//493 2894//494 3374//494 3373//493
f 2894//494 2895//495 3375//495 3374//494
f 2895//495 2896//496 3376//496 3375//495
f 2896//496 2897//497 3377//497 3376//496
f 2897//497 2898//498 3378//498 3377//497
f 2898//498 2899//499 3379//499 3378//498
f 2899//499 2900//500 3380//500 3379//499
f 2900//500 2901//501 3381//501 3380//500
f 2901//501 2902//502 3382//502 3381//501
f 2902//502 2903//503 3383//503 3382//502
f 2903//503 2904//504 3384//504 3383//503
f 2904//504 2905//505 3385//505 3384//504
f 2905//505 2906//506 3386//506 3385//505
f 2906//506 2907//507 3387//507 3386//506
f 2907//507 2908//508 3388//508 3387//507
f 2908//508 2909//509 3389//509 3388//508
f 2909//509 2910//510 3390//510 3389//509
f 2910//510 2911//511 3391//511 3390//510
f 2911//511 2912//512 3392//512 3391//511
f 2912//512 2913//513 3393//513 3392//512
f 2913//513 2914//514 3394//514 3393//513
f 2914//514 2915//515 3395//515 3394//514
f 2915//515 2916//516 3396//516 3395//515
f 2916//516 2917//517 3397//517 3396//516
f 2917//517 2918//518 3398//518 3397//517
f 2918//518 2919//519 3399//519 3398//518
f 2919//519 2920//520 3400//520 3399//519
f 2920//520 2921//521 3401//521 3400//520
f 2921//521 2922//522 3402//522 3401//521
f 2922//522 2923//523 3403//523 3402//522
f 2923//523 2924//524 3404//524 3403//523
f 2924//524 2925//525 3405//525 3404//524
f 2925//525 2926//526 3406//526 3405//525
f 2926//526 2927//527 3407//527 3406//526
f 2927//527 2928//528 3408//528 3407//527
f 2928//528 2929//529 3409//529 3408//528
f 2929//529 2930//530 3410//530 3409//529
f 2930//530 2931//531 3411//531 3410//530
f 2931//531 2932//532 3412//532 3411//531
f 2932//532 2933//533 3413//533 3412//532
f 2933//533 2934//534 3414//534 3413//533
f 2934//534 2935//535 3415//535 3414//534
f 2935//535 2936//536 3416//536 3415//535
f 2936//536 2937//537 3417//537 3416//536
f 2937//537 2938//538 3418//538 3417//537
f 2938//538 2939//539 3419//539 3418//538
f 2939//539 2940//540 3420//540 3419//539
f 2940//540 2941//541 3421//541 3420//540
f 2941//541 2942//961 3422//961 3421//541
f 2942//961 2943//543 3423//543 3422//961
f 2943//543 2944//544 3424//544 3423//543
f 2944//544 2945//545 3425//545 3424//544
f 2945//545 2946//546 3426//546 3425//545
f 2946//546 2947//547 3427//547 3426//546
f 2947//547 2948//548 3428//548 3427//547
f 2948//548 2949//549 3429//549 3428//548
f 2949//549 2950//550 3430//550 3429//549
f 2950//550 2951//551 3431//551 3430//550
f 2951//551 2952//552 3432//552 3431//551
f 2952//552 2953//553 3433//553 3432//552
f 2953//553 2954//554 3434//554 3433//553
f 2954//554 2955//555 3435//555 3434//554
f 2955//555 2956//556 3436//556 3435//555
f 2956//556 2957//557 3437//557 3436//556
f 2957//557 2958//558 3438//558 3437//557
f 2958//558 2959//559 3439//559 3438//558
f 2959//559 2960//560 3440//560 3439//559
f 2960//560 2961//561 3441//561 3440//560
f 2961//561 2962//562 3442//562 3441//561
f 2962//562 2963//563 3443//563 3442//562
f 2963//563 2964//564 3444//564 3443//563
f 2964//564 2965//565 3445//565 3444//564
f 2965//565 2966//566 3446//566 3445//565
f 2966//566 2967//567 3447//567 3446//566
f 2967//567 2968//568 3448//568 3447//567
f 2968//568 2969//569 3449//569 3448//568
f 2969//569 2970//570 3450//570 3449//569
f 2970//570 2971//571 3451//571 3450//570
f 2971//571 2972//572 3452//572 3451//571
f 2972//572 2973//573 3453//573 3452//572
f 2973//573 2974//574 3454//574 3453//573
f 2974//574 2975//575 3455//575 3454//574
f 2975//575 2976//576 3456//576 3455//575
f 2976//576 2977//577 3457//577 3456//576
f 2977//577 2978//578 3458//578 3457//577
f 2978//578 2979//579 3459//579 3458//578
f 2979//579 2980//580 3460//580 3459//579
f 2980//580 2981//581 3461//581 3460//580
f 2981//581 2982//582 3462//582 3461//581
f 2982//582 2983//583 3463//583 3462//582
f 2983//583 2984//584 3464//584 3463//583
f 2984//584 2985//585 3465//585 3464//584
f 2985//585 2986//586 3466//586 3465//585
f 2986//586 2987//587 3467//587 3466//586
f 2987//587 2988//588 3468//588 3467//587
f 2988//588 2989//589 3469//589 3468//588
f 2989//589 2990//590 3470//590 3469//589
f 2990//590 2991//591 3471//591 3470//590
f 2991//591 2992//592 3472//592 3471//591
f 2992//592 2993//593 3473//593 3472//592
f 2993//593 2994//594 3474//594 3473//593
f 2994//594 2995//595 3475//595 3474//594
f 2995//595 2996//596 3476//596 3475//595
f 2996//596 2997//597 3477//597 3476//596
f 2997//597 2998//598 3478//598 3477//597
f 2998//598 2999//599 3479//599 3478//598
f 2999//599 3000//600 3480//600 3479//599
f 3000//600 3001//601 3481//601 3480//600
f 3001//601 3002//602 3482//602 3481//601
f 3002//602 3003//603 3483//603 3482//602
f 3003//603 3004//604 3484//604 3483//603
f 3004//604 3005//605 3485//605 3484//604
f 3005//605 3006//606 3486//606 3485//605
f 3006//606 3007//607 3487//607 3486//606
f 3007//607 3008//608 3488//608 3487//607
f 3008//608 3009//609 3489//609 3488//608
f 3009//609 3010//610 3490//610 3489//609
f 3010//610 3011//611 3491//611 3490//610
f 3011//611 3012//612 3492//612 3491//611
f 3012//612 3013//613 3493//613 3492//612
f 3013//613 3014//614 3494//614 3493//613
f 3014//614 3015//615 3495//615 3494//614
f 3015//615 3016//616 3496//616 3495//615
f 3016//616 3017//617 3497//617 3496//616
f 3017//617 3018//618 3498//618 3497//617
f 3018//618 3019//619 3499//619 3498//618
f 3019//619 3020//620 3500//620 3499//619
f 3020//620 3021//621 3501//621 3500//620
f 3021//621 3022//622 3502//622 3501//621
f 3022//622 3023//623 3503//623 3502//622
f 3023//623 3024//624 3504//624 3503//623
f 3024//624 3025//625 3505//625 3504//624
f 3025//625 3026//626 3506//626 3505//625
f 3026//626 3027//627 3507//627 3506//626
f 3027//627 3028//628 3508//628 3507//627
f 3028//628 3029//629 3509//629 3508//628
f 3029//629 3030//630 3510//630 3509//629
f 3030//630 3031//631 3511//631 3510//630
f 3031//631 3032//632 3512//632 3511//631
f 3032//632 3033//633 3513//633 3512//632
f 3033//633 3034//634 3514//634 3513//633
f 3034//634 3035//635 3515//635 3514//634
f 3035//635 3036//636 3516//636 3515//635
f 3036//636 3037//637 3517//637 3516//636
f 3037//637 3038//638 3518//638 3517//637
f 3038//638 3039//639 3519//639 3518//638
f 3039//639 3040//640 3520//640 3519//639
f 3040//640 3041//641 3521//641 3520//640
f 3041//641 3042//642 3522//642 3521//641
f 3042//642 3043//643 3523//643 3522//642
f 3043//643 3044//644 3524//644 3523//643
f 3044//644 3045//645 3525//645 3524//644
f 3045//645 3046//646 3526//646 3525//645
f 3046//646 3047//647 3527//647 3526//646
f 3047//647 3048//648 3528//648 3527//647
f 3048//648 3049//649 3529//649 3528//648
f 3049//649 3050//650 3530//650 3529//649
f 3050//650 3051//651 3531//651 3530//650
f 3051//651 3052//652 3532//652 3531//651
f 3052//652 3053//653 3533//653 3532//652
f 3053//653 3054//654 3534//654 3533//653
f 3054//654 3055//655 3535//655 3534//654
f 3055//655 3056//656 3536//656 3535//655
f 3056//656 3057//657 3537//657 3536//656
f 3057//657 3058//658 3538//658 3537//657
f 3058//658 3059//659 3539//659 3538//658
f 3059//659 3060//660 3540//660 3539//659
f 3060//660 3061//661 3541//661 3540//660
f 3061//661 3062//662 3542//662 3541//661
f 3062//662 3063//663 3543//663 3542//662
f 3063//663 3064//664 3544//664 3543//663
f 3064//664 3065//665 3545//665 3544//664
f 3065//665 3066//666 3546//666 3545//665
f 3066//666 3067//667 3547//667 3546//666
f 3067//667 3068//668 3548//668 3547//667
f 3068//668 3069//669 3549//669 3548//668
f 3069//669 3070//670 3550//670 3549//669
f 3070//670 3071//671 3551//671 3550//670
f 3071//671 3072//672 3552//672 3551//671
f 3072//672 3073//673 3553//673 3552//672
f 3073//673 3074//674 3554//674 3553//673
f 3074//674 3075//675 3555//675 3554//674
f 3075//675 3076//676 3556//676 3555//675
f 3076//676 3077//677 3557//677 3556//676
f 3077//677 3078//678 3558//678 3557//677
f 3078//678 3079//679 3559//679 3558//678
f 3079//679 3080//680 3560//680 3559//679
f 3080//680 3081//681 3561//681 3560//680
f 3081//681 3082//682 3562//682 3561//681
f 3082//682 3083//683 3563//683 3562//682
f 3083//683 3084//684 3564//684 3563//683
f 3084//684 3085//685 3565//685 3564//684
f 3085//685 3086//686 3566//686 3565//685
f 3086//686 3087//687 3567//687 3566//686
f 3087//687 3088//688 3568//688 3567//687
f 3088//688 3089//689 3569//689 3568//688
f 3089//689 3090//690 3570//690 3569//689
f 3090//690 3091//691 3571//691 3570//690
f 3091//691 3092//692 3572//692 3571//691
f 3092//692 3093//693 3573//693 3572//692
f 3093//693 3094//694 3574//694 3573//693
f 3094//694 3095//695 3575//695 3574//694
f 3095//695 3096//696 3576//696 3575//695
f 3096//696 3097//697 3577//697 3576//696
f 3097//697 3098//698 3578//698 3577//697
f 3098//698 3099//699 3579//699 3578//698
f 3099//699 3100//700 3580//700 3579//699
f 3100//700 3101//701 3581//701 3580//700
f 3101//701 3102//702 3582//702 3581//701
f 3102//702 3103//703 3583//703 3582//702
f 3103//703 3104//704 3584//704 3583//703
f 3104//704 3105//705 3585//705 3584//704
f 3105//705 3106//706 3586//706 3585//705
f 3106//706 3107//707 3587//707 3586//706
f 3107//707 3108//708 3588//708 3587//707
f 3108//708 3109//709 3589//709 3588//708
f 3109//709 3110//710 3590//710 3589//709
f 3110//710 3111//711 3591//711 3590//710
f 3111//711 3112//712 3592//712 3591//711
f 3112//712 3113//713 3593//713 3592//712
f 3113//713 3114//714 3594//714 3593//713
f 3114//714 3115//715 3595//715 3594//714
f 3115//715 3116//716 3596//716 3595//715
f 3116//716 3117//717 3597//717 3596//716
f 3117//717 3118//718 3598//718 3597//717
f 3118//718 3119//719 3599//719 3598//718
f 3119//719 3120//720 3600//720 3599//719
f 3120//720 3121//721 3601//721 3600//720
f 3121//721 3122//722 3602//722 3601//721
f 3122//722 3123//723 3603//723 3602//722
f 3123//723 3124//724 3604//724 3603//723
f 3124//724 3125//725 3605//725 3604//724
f 3125//725 3126//726 3606//726 3605//725
f 3126//726 3127//727 3607//727 3606//726
f 3127//727 3128//728 3608//728 3607//727
f 3128//728 3129//729 3609//729 3608//728
f 3129//729 3130//730 3610//730 3609//729
f 3130//730 3131//731 3611//731 3610//730
f 3131//731 3132//732 3612//732 3611//731
f 3132//732 3133//733 3613//733 3612//732
f 3133//733 3134//734 3614//734 3613//733
f 3134//734 3135//735 3615//735 3614//734
f 3135//735 3136//736 3616//736 3615//735
f 3136//736 3137//737 3617//737 3616//736
f 3137//737 3138//738 3618//738 3617//737
f 3138//738 3139//739 3619//739 3618//738
f 3139//739 3140//740 3620//740 3619//739
f 3140//740 3141//741 3621//741 3620//740
f 3141//741 3142//742 3622//742 3621//741
f 3142//742 3143//743 3623//743 3622//742
f 3143//743 3144//744 3624//744 3623//743
f 3144//744 3145//745 3625//745 3624//744
f 3145//745 3146//746 3626//746 3625//745
f 3146//746 3147//747 3627//747 3626//746
f 3147//747 3148//748 3628//748 3627//747
f 3148//748 3149//749 3629//749 3628//748
f 3149//749 3150//750 3630//750 3629//749
f 3150//750 3151//751 3631//751 3630//750
f 3151//751 3152//752 3632//752 3631//751
f 3152//752 3153//753 3633//753 3632//752
f 3153//753 3154//754 3634//754 3633//753
f 3154//754 3155//755 3635//755 3634//754
f 3155//755 3156//756 3636//756 3635//755
f 3156//756 3157//757 3637//757 3636//756
f 3157//757 3158//758 3638//758 3637//757
f 3158//758 3159//759 3639//759 3638//758
f 3159//759 3160//760 3640//760 3639//759
f 3160//760 3161//761 3641//761 3640//760
f 3161//761 3162//762 3642//762 3641//761
f 3162//762 3163//763 3643//763 3642//762
f 3163//763 3164//764 3644//764 3643//763
f 3164//764 3165//765 3645//765 3644//764
f 3165//765 3166//766 3646//766 3645//765
f 3166//766 3167//767 3647//767 3646//766
f 3167//767 3168//768 3648//768 3647//767
f 3168//768 3169//769 3649//769 3648//768
f 3169//769 3170//770 3650//770 3649//769
f 3170//770 3171//771 3651//771 3650//770
f 3171//771 3172//772 3652//772 3651//771
f 3172//772 3173//773 3653//773 3652//772
f 3173//773 3174//774 3654//774 3653//773
f 3174//774 3175//775 3655//775 3654//774
f 3175//775 3176//776 3656//776 3655//775
f 3176//776 3177//777 3657//777 3656//776
f 3177//777 3178//778 3658//778 3657//777
f 3178//778 3179//779 3659//779 3658//778
f 3179//779 3180//780 3660//780 3659//779
f 3180//780 3181//781 3661//781 3660//780
f 3181//781 3182//962 3662//962 3661//781
f 3182//962 3183//783 3663//783 3662//962
f 3183//783 3184//784 3664//784 3663//783
f 3184//784 3185//785 3665//785 3664//784
f 3185//785 3186//786 3666//786 3665//785
f 3186//786 3187//787 3667//787 3666//786
f 3187//787 3188//788 3668//788 3667//787
f 3188//788 3189//789 3669//789 3668//788
f 3189//789 3190//790 3670//790 3669//789
f 3190//790 3191//791 3671//791 3670//790
f 3191//791 3192//792 3672//792 3671//791
f 3192//792 3193//793 3673//793 3672//792
f 3193//793 3194//794 3674//794 3673//793
f 3194//794 3195//795 3675//795 3674//794
f 3195//795 3196//796 3676//796 3675//795
f 3196//796 3197//797 3677//797 3676//796
f 3197//797 3198//798 3678//798 3677//797
f 3198//798 3199//799 3679//799 3678//798
f 3199//799 3200//800 3680//800 3679//799
f 3200//800 3201//801 3681//801 3680//800
f 3201//801 3202//802 3682//802 3681//801
f 3202//802 3203//803 3683//803 3682//802
f 3203//803 3204//804 3684//804 3683//803
f 3204//804 3205//805 3685//805 3684//804
f 3205//805 3206//806 3686//806 3685//805
f 3206//806 3207//807 3687//807 3686//806
f 3207//807 3208//808 3688//808 3687//807
f 3208//808 3209//809 3689//809 3688//808
f 3209//809 3210//810 3690//810 3689//809
f 3210//810 3211//811 3691//811 3690//810
f 3211//811 3212//812 3692//812 3691//811
f 3212//812 3213//813 3693//813 3692//812
f 3213//813 3214//814 3694//814 3693//813
f 3214//814 3215//815 3695//815 3694//814
f 3215//815 3216//816 3696//816 3695//815
f 3216//816 3217//817 3697//817 3696//816
f 3217//817 3218//818 3698//818 3697//817
f 3218//818 3219//819 3699//819 3698//818
f 3219//819 3220//820 3700//820 3699//819
f 3220//820 3221//821 3701//821 3700//820
f 3221//821 3222//822 3702//822 3701//821
f 3222//822 3223//823 3703//823 3702//822
f 3223//823 3224//824 3704//824 3703//823
f 3224//824 3225//825 3705//825 3704//824
f 3225//825 3226//826 3706//826 3705//825
f 3226//826 3227//827 3707//827 3706//826
f 3227//827 3228//828 3708//828 3707//827
f 3228//828 3229//829 3709//829 3708//828
f 3229//829 3230//830 3710//830 3709//829
f 3230//830 3231//831 3711//831 3710//830
f 3231//831 3232//832 3712//832 3711//831
f 3232//832 3233//833 3713//833 3712//832
f 3233//833 3234//834 3714//834 3713//833
f 3234//834 3235//835 3715//835 3714//834
f 3235//835 3236//836 3716//836 3715//835
f 3236//836 3237//837 3717//837 3716//836
f 3237//837 3238//838 3718//838 3717//837
f 3238//838 3239//839 3719//839 3718//838
f 3239//839 3240//840 3720//840 3719//839
f 3240//840 3241//841 3721//841 3720//840
f 3241//841 3242//842 3722//842 3721//841
f 3242//842 3243//843 3723//843 3722//842
f 3243//843 3244//844 3724//844 3723//843
f 3244//844 3245//845 3725//845 3724//844
f 3245//845 3246//846 3726//846 3725//845
f 3246//846 3247//847 3727//847 3726//846
f 3247//847 3248//848 3728//848 3727//847
f 3248//848 3249//849 3729//849 3728//848
f 3249//849 3250//850 3730//850 3729//849
f 3250//850 3251//851 3731//851 3730//850
f 3251//851 3252//852 3732//852 3731//851
f 3252//852 3253//853 3733//853 3732//852
f 3253//853 3254//854 3734//854 3733//853
f 3254//854 3255//855 3735//855 3734//854
f 3255//855 3256//856 3736//856 3735//855
f 3256//856 3257//857 3737//857 3736//856
f 3257//857 3258//858 3738//858 3737//857
f 3258//858 3259//859 3739//859 3738//858
f 3259//859 3260//860 3740//860 3739//859
f 3260//860 3261//861 3741//861 3740//860
f 3261//861 3262//862 3742//862 3741//861
f 3262//862 3263//863 3743//863 3742//862
f 3263//863 3264//864 3744//864 3743//863
f 3264//864 3265//865 3745//865 3744//864
f 3265//865 3266//866 3746//866 3745//865
f 3266//866 3267//867 3747//867 3746//866
f 3267//867 3268//868 3748//868 3747//867
f 3268//868 3269//869 3749//869 3748//868
f 3269//869 3270//870 3750//870 3749//869
f 3270//870 3271//871 3751//871 3750//870
f 3271//871 3272//872 3752//872 3751//871
f 3272//872 3273//873 3753//873 3752//872
f 3273//873 3274//874 3754//874 3753//873
f 3274//874 3275//875 3755//875 3754//874
f 3275//875 3276//876 3756//876 3755//875
f 3276//876 3277//877 3757//877 3756//876
f 3277//877 3278//878 3758//878 3757//877
f 3278//878 3279//879 3759//879 3758//878
f 3279//879 3280//880 3760//880 3759//879
f 3280//880 3281//881 3761//881 3760//880
f 3281//881 3282//882 3762//882 3761//881
f 3282//882 3283//883 3763//883 3762//882
f 3283//883 3284//884 3764//884 3763//883
f 3284//884 3285//885 3765//885 3764//884
f 3285//885 3286//886 3766//886 3765//885
f 3286//886 3287//887 3767//887 3766//886
f 3287//887 3288//888 3768//888 3767//887
f 3288//888 3289//889 3769//889 3768//888
f 3289//889 3290//890 3770//890 3769//889
f 3290//890 3291//891 3771//891 3770//890
f 3291//891 3292//892 3772//892 3771//891
f 3292//892 3293//893 3773//893 3772//892
f 3293//893 3294//894 3774//894 3773//893
f 3294//894 3295//895 3775//895 3774//894
f 3295//895 3296//896 3776//896 3775//895
f 3296//896 3297//897 3777//897 3776//896
f 3297//897 3298//898 3778//898 3777//897
f 3298//898 3299//899 3779//899 3778//898
f 3299//899 3300//900 3780//900 3779//899
f 3300//900 3301//901 3781//901 3780//900
f 3301//901 3302//902 3782//902 3781//901
f 3302//902 3303//903 3783//903 3782//902
f 3303//903 3304//904 3784//904 3783//903
f 3304//904 3305//905 3785//905 3784//904
f 3305//905 3306//906 3786//906 3785//905
f 3306//906 3307//907 3787//907 3786//906
f 3307//907 3308//908 3788//908 3787//907
f 3308//908 3309//909 3789//909 3788//908
f 3309//909 3310//910 3790//910 3789//909
f 3310//910 3311//911 3791//911 3790//910
f 3311//911 3312//912 3792//912 3791//911
f 3312//912 3313//913 3793//913 3792//912
f 3313//913 3314//914 3794//914 3793//913
f 3314//914 3315//915 3795//915 3794//914
f 3315//915 3316//916 3796//916 3795//915
f 3316//916 3317//917 3797//917 3796//916
f 3317//917 3318//918 3798//918 3797//917
f 3318//918 3319//919 3799//919 3798//918
f 3319//919 3320//920 3800//920 3799//919
f 3320//920 3321//921 3801//921 3800//920
f 3321//921 3322//922 3802//922 3801//921
f 3322//922 3323//923 3803//923 3802//922
f 3323//923 3324//924 3804//924 3803//923
f 3324//924 3325//925 3805//925 3804//924
f 3325//925 3326//926 3806//926 3805//925
f 3326//926 3327//927 3807//927 3806//926
f 3327//927 3328//928 3808//928 3807//927
f 3328//928 3329//929 3809//929 3808//928
f 3329//929 3330//930 3810//930 3809//929
f 3330//930 3331//931 3811//931 3810//930
f 3331//931 3332//932 3812//932 3811//931
f 3332//932 3333//933 3813//933 3812//932
f 3333//933 3334//934 3814//934 3813//933
f 3334//934 3335//935 3815//935 3814//934
f 3335//935 3336//936 3816//936 3815//935
f 3336//936 3337//937 3817//937 3816//936
f 3337//937 3338//938 3818//938 3817//937
f 3338//938 3339//939 3819//939 3818//938
f 3339//939 3340//940 3820//940 3819//939
f 3340//940 3341//941 3821//941 3820//940
f 3341//941 3342//942 3822//942 3821//941
f 3342//942 3343//943 3823//943 3822//942
f 3343//943 3344//944 3824//944 3823//943
f 3344//944 3345//945 3825//945 3824//944
f 3345//945 3346//946 3826//946 3825//945
f 3346//946 3347//947 3827//947 3826//946
f 3347//947 3348//948 3828//948 3827//947
f 3348//948 3349//949 3829//949 3828//948
f 3349//949 3350//950 3830//950 3829//949
f 3350//950 3351//951 3831//951 3830//950
f 3351//951 3352//952 3832//952 3831//951
f 3352//952 3353//953 3833//953 3832//952
f 3353//953 3354//954 3834//954 3833//953
f 3354//954 3355//955 3835//955 3834//954
f 3355//955 3356//956 3836//956 3835//955
f 3356//956 3357//957 3837//957 3836//956
f 3357//957 3358//958 3838//958 3837//957
f 3358//958 3359//959 3839//959 3838//958
f 3359//959 3360//960 3840//960 3839//959
f 3360//960 2881//481 3361//481 3840//960
f 3361//481 3362//482 3842//482 3841//481
f 3362//482 3363//483 3843//483 3842//482
f 3363//483 3364//484 3844//484 3843//483
f 3364//484 3365//485 3845//485 3844//484
f 3365//485 3366//486 3846//486 3845//485
f 3366//486 3367//487 3847//487 3846//486
f 3367//487 3368//488 3848//488 3847//487
f 3368//488 3369//489 3849//489 3848//488
f 3369//489 3370//490 3850//490 3849//489
f 3370//490 3371//491 3851//491 3850//490
f 3371//491 3372//492 3852//492 3851//491
f 3372//492 3373//493 3853//493 3852//492
f 3373//493 3374//494 3854//494 3853//493
f 3374//494 3375//495 3855//495 3854//494
f 3375//495 3376//496 3856//496 3855//495
f 3376//496 3377//497 3857//497 3856//496
f 3377//497 3378//498 3858//498 3857//497
f 3378//498 3379//499 3859//499 3858//498
f 3379//499 3380//500 3860//500 3859//499
f 3380//500 3381//501 3861//501 3860//500
f 3381//501 3382//502 3862//502 3861//501
f 3382//502 3383//503 3863//503 3862//502
f 3383//503 3384//504 3864//504 3863//503
f 3384//504 3385//505 3865//505 3864//504
f 3385//505 3386//506 3866//506 3865//505
f 3386//506 3387//507 3867//507 3866//506
f 3387//507 3388//508 3868//508 3867//507
f 3388//508 3389//509 3869//509 3868//508
f 3389//509 3390//510 3870//510 3869//509
f 3390//510 3391//511 3871//511 3870//510
f 3391//511 3392//512 3872//512 3871//511
f 3392//512 3393//513 3873//513 3872//512
f 3393//513 3394//514 3874//514 3873//513
f 3394//514 3395//515 3875//515 3874//514
f 3395//515 3396//516 3876//516 3875//515
f 3396//516 3397//517 3877//517 3876//516
f 3397//517 3398//518 3878//518 3877//517
f 3398//518 3399//519 3879//519 3878//518
f 3399//519 3400//520 3880//520 3879//519
f 3400//520 3401//521 3881//521 3880//520
f 3401//521 3402//522 3882//522 3881//521
f 3402//522 3403//523 3883//523 3882//522
f 3403//523 3404//524 3884//524 3883//523
f 3404//524 3405//525 3885//525 3884//524
f 3405//525 3406//526 3886//526 3885//525
f 3406//526 3407//527 3887//527 3886//526
f 3407//527 3408//528 3888//528 3887//527
f 3408//528 3409//529 3889//529 3888//528
f 3409//529 3410//530 3890//530 3889//529
f 3410//530 3411//531 3891//531 3890//530
f 3411//531 3412//532 3892//532 3891//531
f 3412//532 3413//533 3893//533 3892//532
f 3413//533 3414//534 3894//534 3893//533
f 3414//534 3415//535 3895//535 3894//534
f 3415//535 3416//536 3896//536 3895//535
f 3416//536 3417//537 3897//537 3896//536
f 3417//537 3418//538 3898//538 3897//537
f 3418//538 3419//539 3899//539 3898//538
f 3419//539 3420//540 3900//540 3899//539
f 3420//540 3421//541 3901//541 3900//540
f 3421//541 3422//961 3902//961 3901//541
f 3422//961 3423//543 3903//543 3902//961
f 3423//543 3424//544 3904//544 3903//543
f 3424//544 3425//545 3905//545 3904//544
f 3425//545 3426//546 3906//546 3905//545
f 3426//546 3427//547 3907//547 3906//546
f 3427//547 3428//548 3908//548 3907//547
f 3428//548 3429//549 3909//549 3908//548
f 3429//549 3430//550 3910//550 3909//549
f 3430//550 3431//551 3911//551 3910//550
f 3431//551 3432//552 3912//552 3911//551
f 3432//552 3433//553 3913//553 3912//552
f 3433//553 3434//554 3914//554 3913//553
f 3434//554 3435//555 3915//555 3914//554
f 3435//555 3436//556 3916//556 3915//555
f 3436//556 3437//557 3917//557 3916//556
f 3437//557 3438//558 3918//558 3917//557
f 3438//558 3439//559 3919//559 3918//558
f 3439//559 3440//560 3920//560 3919//559
f 3440//560 3441//561 3921//561 3920//560
f 3441//561 3442//562 3922//562 3921//561
f 3442//562 3443//563 3923//563 3922//562
f 3443//563 3444//564 3924//564 3923//563
f 3444//564 3445//565 3925//565 3924//564
f 3445//565 3446//566 3926//566 3925//565
f 3446//566 3447//567 3927//567 3926//566
f 3447//567 3448//568 3928//568 3927//567
f 3448//568 3449//569 3929//569 3928//568
f 3449//569 3450//570 3930//570 3929//569
f 3450//570 3451//571 3931//571 3930//570
f 3451//571 3452//572 3932//572 3931//571
f 3452//572 3453//573 3933//573 3932//572
f 3453//573 3454//574 3934//574 3933//573
f 3454//574 3455//575 3935//575 3934//574
f 3455//575 3456//576 3936//576 3935//575
f 3456//576 3457//577 3937//577 3936//576
f 3457//577 3458//578 3938//578 3937//577
f 3458//578 3459//579 3939//579 3938//578
f 3459//579 3460//580 3940//580 3939//579
f 3460//580 3461//581 3941//581 3940//580
f 3461//581 3462//582 3942//582 3941//581
f 3462//582 3463//583 3943//583 3942//582
f 3463//583 3464//584 3944//584 3943//583
f 3464//584 3465//585 3945//585 3944//584
f 3465//585 3466//586 3946//586 3945//585
f 3466//586 3467//587 3947//587 3946//586
f 3467//587 3468//588 3948//588 3947//587
f 3468//588 3469//589 3949//589 3948//588
f 3469//589 3470//590 3950//590 3949//589
f 3470//590 3471//591 3951//591 3950//590
f 3471//591 3472//592 3952//592 3951//591
f 3472//592 3473//593 3953//593 3952//592
f 3473//593 3474//594 3954//594 3953//593
f 3474//594 3475//595 3955//595 3954//594
f 3475//595 3476//596 3956//596 3955//595
f 3476//596 3477//597 3957//597 3956//596
f 3477//597 3478//598 3958//598 3957//597
f 3478//598 3479//599 3959//599 3958//598
f 3479//599 3480//600 3960//600 3959//599
f 3480//600 3481//601 3961//601 3960//600
f 3481//601 3482//602 3962//602 3961//601
f 3482//602 3483//603 3963//603 3962//602
f 3483//603 3484//604 3964//604 3963//603
f 3484//604 3485//605 3965//605 3964//604
f 3485//605 3486//606 3966//606 3965//605
f 3486//606 3487//607 3967//607 3966//606
f 3487//607 3488//608 3968//608 3967//607
f 3488//608 3489//609 3969//609 3968//608
f 3489//609 3490//610 3970//610 3969//609
f 3490//610 3491//611 3971//611 3970//610
f 3491//611 3492//612 3972//612 3971//611
f 3492//612 3493//613 3973//613 3972//612
f 3493//613 3494//614 3974//614 3973//613
f 3494//614 3495//615 3975//615 3974//614
f 3495//615 3496//616 3976//616 3975//615
f 3496//616 3497//617 3977//617 3976//616
f 3497//617 3498//618 3978//618 3977//617
f 3498//618 3499//619 3979//619 3978//618
f 3499//619 3500//620 3980//620 3979//619
f 3500//620 3501//621 3981//621 3980//620
f 3501//621 3502//622 3982//622 3981//621
f 3502//622 3503//623 3983//623 3982//622
f 3503//623 3504//624 3984//624 3983//623
f 3504//624 3505//625 3985//625 3984//624
f 3505//625 3506//626 3986//626 3985//625
f 3506//626 3507//627 3987//627 3986//626
f 3507//627 3508//628 3988//628 3987//627
f 3508//628 3509//629 3989//629 3988//628
f 3509//629 3510//630 3990//630 3989//629
f 3510//630 3511//631 3991//631 3990//630
f 3511//631 3512//632 3992//632 3991//631
f 3512//632 3513//633 3993//633 3992//632
f 3513//633 3514//634 3994//634 3993//633
f 3514//634 3515//635 3995//635 3994//634
f 3515//635 3516//636 3996//636 3995//635
f 3516//636 3517//637 3997//637 3996//636
f 3517//637 3518//638 3998//638 3997//637
f 3518//638 3519//639 3999//639 3998//638
f 3519//639 3520//640 4000//640 3999//639
f 3520//640 3521//641 4001//641 4000//640
f 3521//641 3522//642 4002//642 4001//641
f 3522//642 3523//643 4003//643 4002//642
f 3523//643 3524//644 4004//644 4003//643
f 3524//644 3525//645 4005//645 4004//644
f 3525//645 3526//646 4006//646 4005//645
f 3526//646 3527//647 4007//647 4006//646
f 3527//647 3528//648 4008//648 4007//647
f 3528//648 3529//649 4009//649 4008//648
f 3529//649 3530//650 4010//650 4009//649
f 3530//650 3531//651 4011//651 4010//650
f 3531//651 3532//652 4012//652 4011//651
f 3532//652 3533//653 4013//653 4012//652
f 3533//653 3534//654 4014//654 4013//653
f 3534//654 3535//655 4015//655 4014//654
f 3535//655 3536//656 4016//656 4015//655
f 3536//656 3537//657 4017//657 4016//656
f 3537//657 3538//658 4018//658 4017//657
f 3538//658 3539//659 4019//659 4018//658
f 3539//659 3540//660 4020//660 4019//659
f 3540//660 3541//661 4021//661 4020//660
f 3541//661 3542//662 4022//662 4021//661
f 3542//662 3543//663 4023//663 4022//662
f 3543//663 3544//664 4024//664 4023//663
f 3544//664 3545//665 4025//665 4024//664
f 3545//665 3546//666 4026//666 4025//665
f 3546//666 3547//667 4027//667 4026//666
f 3547//667 3548//668 4028//668 4027//667
f 3548//668 3549//669 4029//669 4028//668
f 3549//669 3550//670 4030//670 4029//669
f 3550//670 3551//671 4031//671 4030//670
f 3551//671 3552//672 4032//672 4031//671
f 3552//672 3553//673 4033//673 4032//672
f 3553//673 3554//674 4034//674 4033//673
f 3554//674 3555//675 4035//675 4034//674
f 3555//675 3556//676 4036//676 4035//675
f 3556//676 3557//677 4037//677 4036//676
f 3557//677 3558//678 4038//678 4037//677
f 3558//678 3559//679 4039//679 4038//678
f 3559//679 3560//680 4040//680 4039//679
f 3560//680 3561//681 4041//681 4040//680
f 3561//681 3562//682 4042//682 4041//681
f 3562//682 3563//683 4043//683 4042//682
f 3563//683 3564//684 4044//684 4043//683
f 3564//684 3565//685 4045//685 4044//684
f 3565//685 3566//686 4046//686 4045//685
f 3566//686 3567//687 4047//687 4046//686
f 3567//687 3568//688 4048//688 4047//687
f 3568//688 3569//689 4049//689 4048//688
f 3569//689 3570//690 4050//690 4049//689
f 3570//690 3571//691 4051//691 4050//690
f 3571//691 3572//692 4052//692 4051//691
f 3572//692 3573//693 4053//693 4052//692
f 3573//693 3574//694 4054//694 4053//693
f 3574//694 3575//695 4055//695 4054//694
f 3575//695 3576//696 4056//696 4055//695
f 3576//696 3577//697 4057//697 4056//696
f 3577//697 3578//698 4058//698 4057//697
f 3578//698 3579//699 4059//699 4058//698
f 3579//699 3580//700 4060//700 4059//699
f 3580//700 3581//701 4061//701 4060//700
f 3581//701 3582//702 4062//702 4061//701
f 3582//702 3583//703 4063//703 4062//702
f 3583//703 3584//704 4064//704 4063//703
f 3584//704 3585//705 4065//705 4064//704
f 3585//705 3586//706 4066//706 4065//705
f 3586//706 3587//707 4067//707 4066//706
f 3587//707 3588//708 4068//708 4067//707
f 3588//708 3589//709 4069//709 4068//708
f 3589//709 3590//710 4070//710 4069//709
f 3590//710 3591//711 4071//711 4070//710
f 3591//711 3592//712 4072//712 4071//711
f 3592//712 3593//713 4073//713 4072//712
f 3593//713 3594//714 4074//714 4073//713
f 3594//714 3595//715 4075//715 4074//714
f 3595//715 3596//716 4076//716 4075//715
f 3596//716 3597//717 4077//717 4076//716
f 3597//717 3598//718 4078//718 4077//717
f 3598//718 3599//719 4079//719 4078//718
f 3599//719 3600//720 4080//720 4079//719
f 3600//720 3601//721 4081//721 4080//720
f 3601//721 3602//722 4082//722 4081//721
f 3602//722 3603//723 4083//723 4082//722
f 3603//723 3604//724 4084//724 4083//723
f 3604//724 3605//725 4085//725 4084//724
f 3605//725 3606//726 4086//726 4085//725
f 3606//726 3607//727 4087//727 4086//726
f 3607//727 3608//728 4088//728 4087//727
f 3608//728 3609//729 4089//729 4088//728
f 3609//729 3610//730 4090//730 4089//729
f 3610//730 3611//731 4091//731 4090//730
f 3611//731 3612//732 4092//732 4091//731
f 3612//732 3613//733 4093//733 4092//732
f 3613//733 3614//734 4094//734 4093//733
f 3614//734 3615//735 4095//735 4094//734
f 3615//735 3616//736 4096//736 4095//735
f 3616//736 3617//737 4097//737 4096//736
f 3617//737 3618//738 4098//738 4097//737
f 3618//738 3619//739 4099//739 4098//738
f 3619//739 3620//740 4100//740 4099//739
f 3620//740 3621//741 4101//741 4100//740
f 3621//741 3622//742 4102//742 4101//741
f 3622//742 3623//743 4103//743 4102//742
f 3623//743 3624//744 4104//744 4103//743
f 3624//744 3625//745 4105//745 4104//744
f 3625//745 3626//746 4106//746 4105//745
f 3626//746 3627//747 4107//747 4106//746
f 3627//747 3628//748 4108//748 4107//747
f 3628//748 3629//749 4109//749 4108//748
f 3629//749 3630//750 4110//750 4109//749
f 3630//750 3631//751 4111//751 4110//750
f 3631//751 3632//752 4112//752 4111//751
f 3632//752 3633//753 4113//753 4112//752
f 3633//753 3634//754 4114//754 4113//753
f 3634//754 3635//755 4115//755 4114//754
f 3635//755 3636//756 4116//756 4115//755
f 3636//756 3637//757 4117//757 4116//756
f 3637//757 3638//758 4118//758 4117//757
f 3638//758 3639//759 4119//759 4118//758
f 3639//759 3640//760 4120//760 4119//759
f 3640//760 3641//761 4121//761 4120//760
f 3641//761 3642//762 4122//762 4121//761
f 3642//762 3643//763 4123//763 4122//762
f 3643//763 3644//764 4124//764 4123//763
f 3644//764 3645//765 4125//765 4124//764
f 3645//765 3646//766 4126//766 4125//765
f 3646//766 3647//767 4127//767 4126//766
f 3647//767 3648//768 4128//768 4127//767
f 3648//768 3649//769 4129//769 4128//768
f 3649//769 3650//770 4130//770 4129//769
f 3650//770 3651//771 4131//771 4130//770
f 3651//771 3652//772 4132//772 4131//771
f 3652//772 3653//773 4133//773 4132//772
f 3653//773 3654//774 4134//774 4133//773
f 3654//774 3655//775 4135//775 4134//774
f 3655//775 3656//776 4136//776 4135//775
f 3656//776 3657//777 4137//777 4136//776
f 3657//777 3658//778 4138//778 4137//777
f 3658//778 3659//779 4139//779 4138//778
f 3659//779 3660//780 4140//780 4139//779
f 3660//780 3661//781 4141//781 4140//780
f 3661//781 3662//962 4142//962 4141//781
f 3662//962 3663//783 4143//783 4142//962
f 3663//783 3664//784 4144//784 4143//783
f 3664//784 3665//785 4145//785 4144//784
f 3665//785 3666//786 4146//963 4145//785
f 3666//786 3667//787 4147//787 4146//963
f 3667//787 3668//788 4148//788 4147//787
f 3668//788 3669//789 4149//789 4148//788
f 3669//789 3670//790 4150//790 4149//789
f 3670//790 3671//791 4151//791 4150//790
f 3671//791 3672//792 4152//792 4151//791
f 3672//792 3673//793 4153//793 4152//792
f 3673//793 3674//794 4154//794 4153//793
f 3674//794 3675//795 4155//795 4154//794
f 3675//795 3676//796 4156//796 4155//795
f 3676//796 3677//797 4157//797 4156//796
f 3677//797 3678//798 4158//798 4157//797
f 3678//798 3679//799 4159//799 4158//798
f 3679//799 3680//800 4160//800 4159//799
f 3680//800 3681//801 4161//801 4160//800
f 3681//801 3682//802 4162//802 4161//801
f 3682//802 3683//803 4163//803 4162//802
f 3683//803 3684//804 4164//804 4163//803
f 3684//804 3685//805 4165//805 4164//804
f 3685//805 3686//806 4166//806 4165//805
f 3686//806 3687//807 4167//807 4166//806
f 3687//807 3688//808 4168//808 4167//807
f 3688//808 3689//809 4169//809 4168//808
f 3689//809 3690//810 4170//810 4169//809
f 3690//810 3691//811 4171//811 4170//810
f 3691//811 3692//812 4172//812 4171//811
f 3692//812 3693//813 4173//813 4172//812
f 3693//813 3694//814 4174//814 4173//813
f 3694//814 3695//815 4175//815 4174//814
f 3695//815 3696//816 4176//816 4175//815
f 3696//816 3697//817 4177//817 4176//816
f 3697//817 3698//818 4178//818 4177//817
f 3698//818 3699//819 4179//819 4178//818
f 3699//819 3700//820 4180//820 4179//819
f 3700//820 3701//821 4181//821 4180//820
f 3701//821 3702//822 4182//822 4181//821
f 3702//822 3703//823 4183//823 4182//822
f 3703//823 3704//824 4184//824 4183//823
f 3704//824 3705//825 4185//825 4184//824
f 3705//825 3706//826 4186//826 4185//825
f 3706//826 3707//827 4187//827 4186//826
f 3707//827 3708//828 4188//828 4187//827
f 3708//828 3709//829 4189//829 4188//828
f 3709//829 3710//830 4190//830 4189//829
f 3710//830 3711//831 4191//831 4190//830
f 3711//831 3712//832 4192//832 4191//831
f 3712//832 3713//833 4193//833 4192//832
f 3713//833 3714//834 4194//834 4193//833
f 3714//834 3715//835 4195//835 4194//834
f 3715//835 3716//836 4196//836 4195//835
f 3716//836 3717//837 4197//837 4196//836
f 3717//837 3718//838 4198//838 4197//837
f 3718//838 3719//839 4199//839 4198//838
f 3719//839 3720//840 4200//840 4199//839
f 3720//840 3721//841 4201//841 4200//840
f 3721//841 3722//842 4202//842 4201//841
f 3722//842 3723//843 4203//843 4202//842
f 3723//843 3724//844 4204//844 4203//843
f 3724//844 3725//845 4205//845 4204//844
f 3725//845 3726//846 4206//846 4205//845
f 3726//846 3727//847 4207//847 4206//846
f 3727//847 3728//848 4208//848 4207//847
f 3728//848 3729//849 4209//849 4208//848
f 3729//849 3730//850 4210//850 4209//849
f 3730//850 3731//851 4211//851 4210//850
f 3731//851 3732//852 4212//852 4211//851
f 3732//852 3733//853 4213//853 4212//852
f 3733//853 3734//854 4214//854 4213//853
f 3734//854 3735//855 4215//855 4214//854
f 3735//855 3736//856 4216//856 4215//855
f 3736//856 3737//857 4217//857 4216//856
f 3737//857 3738//858 4218//858 4217//857
f 3738//858 3739//859 4219//859 4218//858
f 3739//859 3740//860 4220//860 4219//859
f 3740//860 3741//861 4221//861 4220//860
f 3741//861 3742//862 4222//862 4221//861
f 3742//862 3743//863 4223//863 4222//862
f 3743//863 3744//864 4224//864 4223//863
f 3744//864 3745//865 4225//865 4224//864
f 3745//865 3746//866 4226//866 4225//865
f 3746//866 3747//867 4227//867 4226//866
f 3747//867 3748//868 4228//868 4227//867
f 3748//868 3749//869 4229//869 4228//868
f 3749//869 3750//870 4230//870 4229//869
f 3750//870 3751//871 4231//871 4230//870
f 3751//871 3752//872 4232//872 4231//871
f 3752//872 3753//873 4233//873 4232//872
f 3753//873 3754//874 4234//874 4233//873
f 3754//874 3755//875 4235//875 4234//874
f 3755//875 3756//876 4236//876 4235//875
f 3756//876 3757//877 4237//877 4236//876
f 3757//877 3758//878 4238//878 4237//877
f 3758//878 3759//879 4239//879 4238//878
f 3759//879 3760//880 4240//880 4239//879
f 3760//880 3761//881 4241//881 4240//880
f 3761//881 3762//882 4242//882 4241//881
f 3762//882 3763//883 4243//883 4242//882
f 3763//883 3764//884 4244//884 4243//883
f 3764//884 3765//885 4245//885 4244//884
f 3765//885 3766//886 4246//886 4245//885
f 3766//886 3767//887 4247//887 4246//886
f 3767//887 3768//888 4248//888 4247//887
f 3768//888 3769//889 4249//889 4248//888
f 3769//889 3770//890 4250//890 4249//889
f 3770//890 3771//891 4251//891 4250//890
f 3771//891 3772//892 4252//892 4251//891
f 3772//892 3773//893 4253//893 4252//892
f 3773//893 3774//894 4254//894 4253//893
f 3774//894 3775//895 4255//895 4254//894
f 3775//895 3776//896 4256//896 4255//895
f 3776//896 3777//897 4257//897 4256//896
f 3777//897 3778//898 4258//898 4257//897
f 3778//898 3779//899 4259//899 4258//898
f 3779//899 3780//900 4260//900 4259//899
f 3780//900 3781//901 4261//901 4260//900
f 3781//901 3782//902 4262//902 4261//901
f 3782//902 3783//903 4263//903 4262//902
f 3783//903 3784//904 4264//904 4263//903
f 3784//904 3785//905 4265//905 4264//904
f 3785//905 3786//906 4266//906 4265//905
f 3786//906 3787//907 4267//907 4266//906
f 3787//907 3788//908 4268//908 4267//907
f 3788//908 3789//909 4269//909 4268//908
f 3789//909 3790//910 4270//910 4269//909
f 3790//910 3791//911 4271//911 4270//910
f 3791//911 3792//912 4272//912 4271//911
f 3792//912 3793//913 4273//913 4272//912
f 3793//913 3794//914 4274//914 4273//913
f 3794//914 3795//915 4275//915 4274//914
f 3795//915 3796//916 4276//916 4275//915
f 3796//916 3797//917 4277//917 4276//916
f 3797//917 3798//918 4278//918 4277//917
f 3798//918 3799//919 4279//919 4278//918
f 3799//919 3800//920 4280//920 4279//919
f 3800//920 3801//921 4281//921 4280//920
f 3801//921 3802//922 4282//922 4281//921
f 3802//922 3803//923 4283//923 4282//922
f 3803//923 3804//924 4284//924 4283//923
f 3804//924 3805//925 4285//925 4284//924
f 3805//925 3806//926 4286//926 4285//925
f 3806//926 3807//927 4287//927 4286//926
f 3807//927 3808//928 4288//928 4287//927
f 3808//928 3809//929 4289//929 4288//928
f 3809//929 3810//930 4290//930 4289//929
f 3810//930 3811//931 4291//931 4290//930
f 3811//931 3812//932 4292//932 4291//931
f 3812//932 3813//933 4293//933 4292//932
f 3813//933 3814//934 4294//934 4293//933
f 3814//934 3815//935 4295//935 4294//934
f 3815//935 3816//936 4296//936 4295//935
f 3816//936 3817//937 4297//937 4296//936
f 3817//937 3818//938 4298//938 4297//937
f 3818//938 3819//939 4299//939 4298//938
f 3819//939 3820//940 4300//940 4299//939
f 3820//940 3821//941 4301//941 4300//940
f 3821//941 3822//942 4302//942 4301//941
f 3822//942 3823//943 4303//943 4302//942
f 3823//943 3824//944 4304//944 4303//943
f 3824//944 3825//945 4305//945 4304//944
f 3825//945 3826//946 4306//946 4305//945
f 3826//946 3827//947 4307//947 4306//946
f 3827//947 3828//948 4308//948 4307//947
f 3828//948 3829//949 4309//949 4308//948
f 3829//949 3830//950 4310//950 4309//949
f 3830//950 3831//951 4311//951 4310//950
f 3831//951 3832//952 4312//952 4311//951
f 3832//952 3833//953 4313//953 4312//952
f 3833//953 3834//954 4314//954 4313//953
f 3834//954 3835//955 4315//955 4314//954
f 3835//955 3836//956 4316//956 4315//955
f 3836//956 3837//957 4317//957 4316//956
f 3837//957 3838//958 4318//958 4317//957
f 3838//958 3839//959 4319//959 4318//958
f 3839//959 3840//960 4320//960 4319//959
f 3840//960 3361//481 3841//481 4320//960
f 3841//481 3842//482 4322//482 4321//481
f 3842//482 3843//483 4323//483 4322//482
f 3843//483 3844//484 4324//484 4323//483
f 3844//484 3845//485 4325//485 4324//484
f 3845//485 3846//486 4326//486 4325//485
f 3846//486 3847//487 4327//487 4326//486
f 3847//487 3848//488 4328//488 4327//487
f 3848//488 3849//489 4329//489 4328//488
f 3849//489 3850//490 4330//490 4329//489
f 3850//490 3851//491 4331//491 4330//490
f 3851//491 3852//492 4332//492 4331//491
f 3852//492 3853//493 4333//493 4332//492
f 3853//493 3854//494 4334//494 4333//493
f 3854//494 3855//495 4335//495 4334//494
f 3855//495 3856//496 4336//496 4335//495
f 3856//496 3857//497 4337//497 4336//496
f 3857//497 3858//498 4338//498 4337//497
f 3858//498 3859//499 4339//499 4338//498
f 3859//499 3860//500 4340//500 4339//499
f 3860//500 3861//501 4341//501 4340//500
f 3861//501 3862//502 4342//502 4341//501
f 3862//502 3863//503 4343//503 4342//502
f 3863//503 3864//504 4344//504 4343//503
f 3864//504 3865//505 4345//505 4344//504
f 3865//505 3866//506 4346//506 4345//505
f 3866//506 3867//507 4347//507 4346//506
f 3867//507 3868//508 4348//508 4347//507
f 3868//508 3869//509 4349//509 4348//508
f 3869//509 3870//510 4350//510 4349//509
f 3870//510 3871//511 4351//511 4350//510
f 3871//511 3872//512 4352//512 4351//511
f 3872//512 3873//513 4353//513 4352//512
f 3873//513 3874//514 4354//514 4353//513
f 3874//514 3875//515 4355//515 4354//514
f 3875//515 3876//516 4356//516 4355//515
f 3876//516 3877//517 4357//517 4356//516
f 3877//517 3878//518 4358//518 4357//517
f 3878//518 3879//519 4359//519 4358//518
f 3879//519 3880//520 4360//520 4359//519
f 3880//520 3881//521 4361//521 4360//520
f 3881//521 3882//522 4362//522 4361//521
f 3882//522 3883//523 4363//523 4362//522
f 3883//523 3884//524 4364//524 4363//523
f 3884//524 3885//525 4365//525 4364//524
f 3885//525 3886//526 4366//526 4365//525
f 3886//526 3887//527 4367//527 4366//526
f 3887//527 3888//528 4368//528 4367//527
f 3888//528 3889//529 4369//529 4368//528
f 3889//529 3890//530 4370//530 4369//529
f 3890//530 3891//531 4371//531 4370//530
f 3891//531 3892//532 4372//532 4371//531
f 3892//532 3893//533 4373//533 4372//532
f 3893//533 3894//534 4374//534 4373//533
f 3894//534 3895//535 4375//535 4374//534
f 3895//535 3896//536 4376//536 4375//535
f 3896//536 3897//537 4377//537 4376//536
f 3897//537 3898//538 4378//538 4377//537
f 3898//538 3899//539 4379//539 4378//538
f 3899//539 3900//540 4380//540 4379//539
f 3900//540 3901//541 4381//541 4380//540
f 3901//541 3902//961 4382//961 4381//541
f 3902//961 3903//543 4383//543 4382//961
f 3903//543 3904//544 4384//544 4383//543
f 3904//544 3905//545 4385//545 4384//544
f 3905//545 3906//546 4386//546 4385//545
f 3906//546 3907//547 4387//547 4386//546
f 3907//547 3908//548 4388//548 4387//547
f 3908//548 3909//549 4389//549 4388//548
f 3909//549 3910//550 4390//550 4389//549
f 3910//550 3911//551 4391//551 4390//550
f 3911//551 3912//552 4392//552 4391//551
f 3912//552 3913//553 4393//553 4392//552
f 3913//553 3914//554 4394//554 4393//553
f 3914//554 3915//555 4395//555 4394//554
f 3915//555 3916//556 4396//556 4395//555
f 3916//556 3917//557 4397//557 4396//556
f 3917//557 3918//558 4398//558 4397//557
f 3918//558 3919//559 4399//559 4398//558
f 3919//559 3920//560 4400//560 4399//559
f 3920//560 3921//561 4401//561 4400//560
f 3921//561 3922//562 4402//562 4401//561
f 3922//562 3923//563 4403//563 4402//562
f 3923//563 3924//564 4404//564 4403//563
f 3924//564 3925//565 4405//565 4404//564
f 3925//565 3926//566 4406//566 4405//565
f 3926//566 3927//567 4407//567 4406//566
f 3927//567 3928//568 4408//568 4407//567
f 3928//568 3929//569 4409//569 4408//568
f 3929//569 3930//570 4410//570 4409//569
f 3930//570 3931//571 4411//571 4410//570
f 3931//571 3932//572 4412//572 4411//571
f 3932//572 3933//573 4413//573 4412//572
f 3933//573 3934//574 4414//574 4413//573
f 3934//574 3935//575 4415//575 4414//574
f 3935//575 3936//576 4416//576 4415//575
f 3936//576 3937//577 4417//577 4416//576
f 3937//577 3938//578 4418//578 4417//577
f 3938//578 3939//579 4419//579 4418//578
f 3939//579 3940//580 4420//580 4419//579
f 3940//580 3941//581 4421//581 4420//580
f 3941//581 3942//582 4422//582 4421//581
f 3942//582 3943//583 4423//583 4422//582
f 3943//583 3944//584 4424//584 4423//583
f 3944//584 3945//585 4425//585 4424//584
f 3945//585 3946//586 4426//586 4425//585
f 3946//586 3947//587 4427//587 4426//586
f 3947//587 3948//588 4428//588 4427//587
f 3948//588 3949//589 4429//589 4428//588
f 3949//589 3950//590 4430//590 4429//589
f 3950//590 3951//591 4431//591 4430//590
f 3951//591 3952//592 4432//592 4431//591
f 3952//592 3953//593 4433//593 4432//592
f 3953//593 3954//594 4434//594 4433//593
f 3954//594 3955//595 4435//595 4434//594
f 3955//595 3956//596 4436//596 4435//595
f 3956//596 3957//597 4437//597 4436//596
f 3957//597 3958//598 4438//598 4437//597
f 3958//598 3959//599 4439//599 4438//598
f 3959//599 3960//600 4440//600 4439//599
f 3960//600 3961//601 4441//601 4440//600
f 3961//601 3962//602 4442//602 4441//601
f 3962//602 3963//603 4443//603 4442//602
f 3963//603 3964//604 4444//604 4443//603
f 3964//604 3965//605 4445//605 4444//604
f 3965//605 3966//606 4446//606 4445//605
f 3966//606 3967//607 4447//607 4446//606
f 3967//607 3968//608 4448//608 4447//607
f 3968//608 3969//609 4449//609 4448//608
f 3969//609 3970//610 4450//610 4449//609
f 3970//610 3971//611 4451//611 4450//610
f 3971//611 3972//612 4452//612 4451//611
f 3972//612 3973//613 4453//613 4452//612
f 3973//613 3974//614 4454//614 4453//613
f 3974//614 3975//615 4455//615 4454//614
f 3975//615 3976//616 4456//616 4455//615
f 3976//616 3977//617 4457//617 4456//616
f 3977//617 3978//618 4458//618 4457//617
f 3978//618 3979//619 4459//619 4458//618
f 3979//619 3980//620 4460//620 4459//619
f 3980//620 3981//621 4461//621 4460//620
f 3981//621 3982//622 4462//622 4461//621
f 3982//622 3983//623 4463//623 4462//622
f 3983//623 3984//624 4464//624 4463//623
f 3984//624 3985//625 4465//625 4464//624
f 3985//625 3986//626 4466//626 4465//625
f 3986//626 3987//627 4467//627 4466//626
f 3987//627 3988//628 4468//628 4467//627
f 3988//628 3989//629 4469//629 4468//628
f 3989//629 3990//630 4470//630 4469//629
f 3990//630 3991//631 4471//631 4470//630
f 3991//631 3992//632 4472//632 4471//631
f 3992//632 3993//633 4473//633 4472//632
f 3993//633 3994//634 4474//634 4473//633
f 3994//634 3995//635 4475//635 4474//634
f 3995//635 3996//636 4476//636 4475//635
f 3996//636 3997//637 4477//637 4476//636
f 3997//637 3998//638 4478//638 4477//637
f 3998//638 3999//639 4479//639 4478//638
f 3999//639 4000//640 4480//640 4479//639
f 4000//640 4001//641 4481//641 4480//640
f 4001//641 4002//642 4482//642 4481//641
f 4002//642 4003//643 4483//643 4482//642
f 4003//643 4004//644 4484//644 4483//643
f 4004//644 4005//645 4485//645 4484//644
f 4005//645 4006//646 4486//646 4485//645
f 4006//646 4007//647 4487//647 4486//646
f 4007//647 4008//648 4488//648 4487//647
f 4008//648 4009//649 4489//649 4488//648
f 4009//649 4010//650 4490//650 4489//649
f 4010//650 4011//651 4491//651 4490//650
f 4011//651 4012//652 4492//652 4491//651
f 4012//652 4013//653 4493//653 4492//652
f 4013//653 4014//654 4494//654 4493//653
f 4014//654 4015//655 4495//655 4494//654
f 4015//655 4016//656 4496//656 4495//655
f 4016//656 4017//657 4497//657 4496//656
f 4017//657 4018//658 4498//658 4497//657
f 4018//658 4019//659 4499//659 4498//658
f 4019//659 4020//660 4500//660 4499//659
f 4020//660 4021//661 4501//661 4500//660
f 4021//661 4022//662 4502//662 4501//661
f 4022//662 4023//663 4503//663 4502//662
f 4023//663 4024//664 4504//664 4503//663
f 4024//664 4025//665 4505//665 4504//664
f 4025//665 4026//666 4506//666 4505//665
f 4026//666 4027//667 4507//667 4506//666
f 4027//667 4028//668 4508//668 4507//667
f 4028//668 4029//669 4509//669 4508//668
f 4029//669 4030//670 4510//670 4509//669
f 4030//670 4031//671 4511//671 4510//670
f 4031//671 4032//672 4512//672 4511//671
f 4032//672 4033//673 4513//673 4512//672
f 4033//673 4034//674 4514//674 4513//673
f 4034//674 4035//675 4515//675 4514//674
f 4035//675 4036//676 4516//676 4515//675
f 4036//676 4037//677 4517//677 4516//676
f 4037//677 4038//678 4518//678 4517//677
f 4038//678 4039//679 4519//679 4518//678
f 4039//679 4040//680 4520//680 4519//679
f 4040//680 4041//681 4521//681 4520//680
f 4041//681 4042//682 4522//682 4521//681
f 4042//682 4043//683 4523//683 4522//682
f 4043//683 4044//684 4524//684 4523//683
f 4044//684 4045//685 4525//685 4524//684
f 4045//685 4046//686 4526//686 4525//685
f 4046//686 4047//687 4527//687 4526//686
f 4047//687 4048//688 4528//688 4527//687
f 4048//688 4049//689 4529//689 4528//688
f 4049//689 4050//690 4530//690 4529//689
f 4050//690 4051//691 4531//691 4530//690
f 4051//691 4052//692 4532//692 4531//691
f 4052//692 4053//693 4533//693 4532//692
f 4053//693 4054//694 4534//694 4533//693
f 4054//694 4055//695 4535//695 4534//694
f 4055//695 4056//696 4536//696 4535//695
f 4056//696 4057//697 4537//697 4536//696
f 4057//697 4058//698 4538//698 4537//697
f 4058//698 4059//699 4539//699 4538//698
f 4059//699 4060//700 4540//700 4539//699
f 4060//700 4061//701 4541//701 4540//700
f 4061//701 4062//702 4542//702 4541//701
f 4062//702 4063//703 4543//703 4542//702
f 4063//703 4064//704 4544//704 4543//703
f 4064//704 4065//705 4545//705 4544//704
f 4065//705 4066//706 4546//706 4545//705
f 4066//706 4067//707 4547//707 4546//706
f 4067//707 4068//708 4548//708 4547//707
f 4068//708 4069//709 4549//709 4548//708
f 4069//709 4070//710 4550//710 4549//709
f 4070//710 4071//711 4551//711 4550//710
f 4071//711 4072//712 4552//712 4551//711
f 4072//712 4073//713 4553//713 4552//712
f 4073//713 4074//714 4554//714 4553//713
f 4074//714 4075//715 4555//715 4554//714
f 4075//715 4076//716 4556//716 4555//715
f 4076//716 4077//717 4557//717 4556//716
f 4077//717 4078//718 4558//718 4557//717
f 4078//718 4079//719 4559//719 4558//718
f 4079//719 4080//720 4560//720 4559//719
f 4080//720 4081//721 4561//721 4560//720
f 4081//721 4082//722 4562//722 4561//721
f 4082//722 4083//723 4563//723 4562//722
f 4083//723 4084//724 4564//724 4563//723
f 4084//724 4085//725 4565//725 4564//724
f 4085//725 4086//726 4566//726 4565//725
f 4086//726 4087//727 4567//727 4566//726
f 4087//727 4088//728 4568//728 4567//727
f 4088//728 4089//729 4569//729 4568//728
f 4089//729 4090//730 4570//730 4569//729
f 4090//730 4091//731 4571//731 4570//730
f 4091//731 4092//732 4572//732 4571//731
f 4092//732 4093//733 4573//733 4572//732
f 4093//733 4094//734 4574//734 4573//733
f 4094//734 4095//735 4575//735 4574//734
f 4095//735 4096//736 4576//736 4575//735
f 4096//736 4097//737 4577//737 4576//736
f 4097//737 4098//738 4578//738 4577//737
f 4098//738 4099//739 4579//739 4578//738
f 4099//739 4100//740 4580//740 4579//739
f 4100//740 4101//741 4581//741 4580//740
f 4101//741 4102//742 4582//742 4581//741
f 4102//742 4103//743 4583//743 4582//742
f 4103//743 4104//744 4584//744 4583//743
f 4104//744 4105//745 4585//745 4584//744
f 4105//745 4106//746 4586//746 4585//745
f 4106//746 4107//747 4587//747 4586//746
f 4107//747 4108//748 4588//748 4587//747
f 4108//748 4109//749 4589//749 4588//748
f 4109//749 4110//750 4590//750 4589//749
f 4110//750 4111//751 4591//751 4590//750
f 4111//751 4112//752 4592//752 4591//751
f 4112//752 4113//753 4593//753 4592//752
f 4113//753 4114//754 4594//754 4593//753
f 4114//754 4115//755 4595//755 4594//754
f 4115//755 4116//756 4596//756 4595//755
f 4116//756 4117//757 4597//757 4596//756
f 4117//757 4118//758 4598//758 4597//757
f 4118//758 4119//759 4599//759 4598//758
f 4119//759 4120//760 4600//760 4599//759
f 4120//760 4121//761 4601//761 4600//760
f 4121//761 4122//762 4602//762 4601//761
f 4122//762 4123//763 4603//763 4602//762
f 4123//763 4124//764 4604//764 4603//763
f 4124//764 4125//765 4605//765 4604//764
f 4125//765 4126//766 4606//766 4605//765
f 4126//766 4127//767 4607//767 4606//766
f 4127//767 4128//768 4608//768 4607//767
f 4128//768 4129//769 4609//769 4608//768
f 4129//769 4130//770 4610//770 4609//769
f 4130//770 4131//771 4611//771 4610//770
f 4131//771 4132//772 4612//772 4611//771
f 4132//772 4133//773 4613//773 4612//772
f 4133//773 4134//774 4614//774 4613//773
f 4134//774 4135//775 4615//775 4614//774
f 4135//775 4136//776 4616//776 4615//775
f 4136//776 4137//777 4617//777 4616//776
f 4137//777 4138//778 4618//778 4617//777
f 4138//778 4139//779 4619//779 4618//778
f 4139//779 4140//780 4620//780 4619//779
f 4140//780 4141//781 4621//781 4620//780
f 4141//781 4142//962 4622//962 4621//781
f 4142//962 4143//783 4623//783 4622//962
f 4143//783 4144//784 4624//784 4623//783
f 4144//784 4145//785 4625//785 4624//784
f 4145//785 4146//963 4626//963 4625//785
f 4146//963 4147//787 4627//787 4626//963
f 4147//787 4148//788 4628//788 4627//787
f 4148//788 4149//789 4629//789 4628//788
f 4149//789 4150//790 4630//790 4629//789
f 4150//790 4151//791 4631//791 4630//790
f 4151//791 4152//792 4632//792 4631//791
f 4152//792 4153//793 4633//793 4632//792
f 4153//793 4154//794 4634//794 4633//793
f 4154//794 4155//795 4635//795 4634//794
f 4155//795 4156//796 4636//796 4635//795
f 4156//796 4157//797 4637//797 4636//796
f 4157//797 4158//798 4638//798 4637//797
f 4158//798 4159//799 4639//799 4638//798
f 4159//799 4160//800 4640//800 4639//799
f 4160//800 4161//801 4641//801 4640//800
f 4161//801 4162//802 4642//802 4641//801
f 4162//802 4163//803 4643//803 4642//802
f 4163//803 4164//804 4644//804 4643//803
f 4164//804 4165//805 4645//805 4644//804
f 4165//805 4166//806 4646//806 4645//805
f 4166//806 4167//807 4647//807 4646//806
f 4167//807 4168//808 4648//808 4647//807
f 4168//808 4169//809 4649//809 4648//808
f 4169//809 4170//810 4650//810 4649//809
f 4170//810 4171//811 4651//811 4650//810
f 4171//811 4172//812 4652//812 4651//811
f 4172//812 4173//813 4653//813 4652//812
f 4173//813 4174//814 4654//814 4653//813
f 4174//814 4175//815 4655//815 4654//814
f 4175//815 4176//816 4656//816 4655//815
f 4176//816 4177//817 4657//817 4656//816
f 4177//817 4178//818 4658//818 4657//817
f 4178//818 4179//819 4659//819 4658//818
f 4179//819 4180//820 4660//820 4659//819
f 4180//820 4181//821 4661//821 4660//820
f 4181//821 4182//822 4662//822 4661//821
f 4182//822 4183//823 4663//823 4662//822
f 4183//823 4184//824 4664//824 4663//823
f 4184//824 4185//825 4665//825 4664//824
f 4185//825 4186//826 4666//826 4665//825
f 4186//826 4187//827 4667//827 4666//826
f 4187//827 4188//828 4668//828 4667//827
f 4188//828 4189//829 4669//829 4668//828
f 4189//829 4190//830 4670//830 4669//829
f 4190//830 4191//831 4671//831 4670//830
f 4191//831 4192//832 4672//832 4671//831
f 4192//832 4193//833 4673//833 4672//832
f 4193//833 4194//834 4674//834 4673//833
f 4194//834 4195//835 4675//835 4674//834
f 4195//835 4196//836 4676//836 4675//835
f 4196//836 4197//837 4677//837 4676//836
f 4197//837 4198//838 4678//838 4677//837
f 4198//838 4199//839 4679//839 4678//838
f 4199//839 4200//840 4680//840 4679//839
f 4200//840 4201//841 4681//841 4680//840
f 4201//841 4202//842 4682//842 4681//841
f 4202//842 4203//843 4683//843 4682//842
f 4203//843 4204//844 4684//844 4683//843
f 4204//844 4205//845 4685//845 4684//844
f 4205//845 4206//846 4686//846 4685//845
f 4206//846 4207//847 4687//847 4686//846
f 4207//847 4208//848 4688//848 4687//847
f 4208//848 4209//849 4689//849 4688//848
f 4209//849 4210//850 4690//850 4689//849
f 4210//850 4211//851 4691//851 4690//850
f 4211//851 4212//852 4692//852 4691//851
f 4212//852 4213//853 4693//853 4692//852
f 4213//853 4214//854 4694//854 4693//853
f 4214//854 4215//855 4695//855 4694//854
f 4215//855 4216//856 4696//856 4695//855
f 4216//856 4217//857 4697//857 4696//856
f 4217//857 4218//858 4698//858 4697//857
f 4218//858 4219//859 4699//859 4698//858
f 4219//859 4220//860 4700//860 4699//859
f 4220//860 4221//861 4701//861 4700//860
f 4221//861 4222//862 4702//862 4701//861
f 4222//862 4223//863 4703//863 4702//862
f 4223//863 4224//864 4704//864 4703//863
f 4224//864 4225//865 4705//865 4704//864
f 4225//865 4226//866 4706//866 4705//865
f 4226//866 4227//867 4707//867 4706//866
f 4227//867 4228//868 4708//868 4707//867
f 4228//868 4229//869 4709//869 4708//868
f 4229//869 4230//870 4710//870 4709//869
f 4230//870 4231//871 4711//871 4710//870
f 4231//871 4232//872 4712//872 4711//871
f 4232//872 4233//873 4713//873 4712//872
f 4233//873 4234//874 4714//874 4713//873
f 4234//874 4235//875 4715//875 4714//874
f 4235//875 4236//876 4716//876 4715//875
f 4236//876 4237//877 4717//877 4716//876
f 4237//877 4238//878 4718//878 4717//877
f 4238//878 4239//879 4719//879 4718//878
f 4239//879 4240//880 4720//880 4719//879
f 4240//880 4241//881 4721//881 4720//880
f 4241//881 4242//882 4722//882 4721//881
f 4242//882 4243//883 4723//883 4722//882
f 4243//883 4244//884 4724//884 4723//883
f 4244//884 4245//885 4725//885 4724//884
f 4245//885 4246//886 4726//886 4725//885
f 4246//886 4247//887 4727//887 4726//886
f 4247//887 4248//888 4728//888 4727//887
f 4248//888 4249//889 4729//889 4728//888
f 4249//889 4250//890 4730//890 4729//889
f 4250//890 4251//891 4731//891 4730//890
f 4251//891 4252//892 4732//892 4731//891
f 4252//892 4253//893 4733//893 4732//892
f 4253//893 4254//894 4734//894 4733//893
f 4254//894 4255//895 4735//895 4734//894
f 4255//895 4256//896 4736//896 4735//895
f 4256//896 4257//897 4737//897 4736//896
f 4257//897 4258//898 4738//898 4737//897
f 4258//898 4259//899 4739//899 4738//898
f 4259//899 4260//900 4740//900 4739//899
f 4260//900 4261//901 4741//901 4740//900
f 4261//901 4262//902 4742//902 4741//901
f 4262//902 4263//903 4743//903 4742//902
f 4263//903 4264//904 4744//904 4743//903
f 4264//904 4265//905 4745//905 4744//904
f 4265//905 4266//906 4746//906 4745//905
f 4266//906 4267//907 4747//907 4746//906
f 4267//907 4268//908 4748//908 4747//907
f 4268//908 4269//909 4749//909 4748//908
f 4269//909 4270//910 4750//910 4749//909
f 4270//910 4271//911 4751//911 4750//910
f 4271//911 4272//912 4752//912 4751//911
f 4272//912 4273//913 4753//913 4752//912
f 4273//913 4274//914 4754//914 4753//913
f 4274//914 4275//915 4755//915 4754//914
f 4275//915 4276//916 4756//916 4755//915
f 4276//916 4277//917 4757//917 4756//916
f 4277//917 4278//918 4758//918 4757//917
f 4278//918 4279//919 4759//919 4758//918
f 4279//919 4280//920 4760//920 4759//919
f 4280//920 4281//921 4761//921 4760//920
f 4281//921 4282//922 4762//922 4761//921
f 4282//922 4283//923 4763//923 4762//922
f 4283//923 4284//924 4764//924 4763//923
f 4284//924 4285//925 4765//925 4764//924
f 4285//925 4286//926 4766//926 4765//925
f 4286//926 4287//927 4767//927 4766//926
f 4287//927 4288//928 4768//928 4767//927
f 4288//928 4289//929 4769//929 4768//928
f 4289//929 4290//930 4770//930 4769//929
f 4290//930 4291//931 4771//931 4770//930
f 4291//931 4292//932 4772//932 4771//931
f 4292//932 4293//933 4773//933 4772//932
f 4293//933 4294//934 4774//934 4773//933
f 4294//934 4295//935 4775//935 4774//934
f 4295//935 4296//936 4776//936 4775//935
f 4296//936 4297//937 4777//937 4776//936
f 4297//937 4298//938 4778//938 4777//937
f 4298//938 4299//939 4779//939 4778//938
f 4299//939 4300//940 4780//940 4779//939
f 4300//940 4301//941 4781//941 4780//940
f 4301//941 4302//942 4782//942 4781//941
f 4302//942 4303//943 4783//943 4782//942
f 4303//943 4304//944 4784//944 4783//943
f 4304//944 4305//945 4785//945 4784//944
f 4305//945 4306//946 4786//946 4785//945
f 4306//946 4307//947 4787//947 4786//946
f 4307//947 4308//948 4788//948 4787//947
f 4308//948 4309//949 4789//949 4788//948
f 4309//949 4310//950 4790//950 4789//949
f 4310//950 4311//951 4791//951 4790//950
f 4311//951 4312//952 4792//952 4791//951
f 4312//952 4313//953 4793//953 4792//952
f 4313//953 4314//954 4794//954 4793//953
f 4314//954 4315//955 4795//955 4794//954
f 4315//955 4316//956 4796//956 4795//955
f 4316//956 4317//957 4797//957 4796//956
f 4317//957 4318//958 4798//958 4797//957
f 4318//958 4319//959 4799//959 4798//958
f 4319//959 4320//960 4800//960 4799//959
f 4320//960 3841//481 4321//481 4800//960
f 4321//481 4322//482 4802//965 4801//964
f 4322//482 4323//483 4803//966 4802//965
f 4323//483 4324//484 4804//967 4803//966
f 4324//484 4325//485 4805//968 4804//967
f 4325//485 4326//486 4806//969 4805//968
f 4326//486 4327//487 4807//970 4806//969
f 4327//487 4328//488 4808//971 4807//970
f 4328//488 4329//489 4809//972 4808//971
f 4329//489 4330//490 4810//973 4809//972
f 4330//490 4331//491 4811//974 4810//973
f 4331//491 4332//492 4812//975 4811//974
f 4332//492 4333//493 4813//976 4812//975
f 4333//493 4334//494 4814//977 4813//976
f 4334//494 4335//495 4815//978 4814//977
f 4335//495 4336//496 4816//979 4815//978
f 4336//496 4337//497 4817//980 4816//979
f 4337//497 4338//498 4818//981 4817//980
f 4338//498 4339//499 4819//982 4818//981
f 4339//499 4340//500 4820//983 4819//982
f 4340//500 4341//501 4821//984 4820//983
f 4341//501 4342//502 4822//985 4821//984
f 4342//502 4343//503 4823//986 4822//985
f 4343//503 4344//504 4824//987 4823//986
f 4344//504 4345//505 4825//988 4824//987
f 4345//505 4346//506 4826//989 4825//988
f 4346//506 4347//507 4827//990 4826//989
f 4347//507 4348//508 4828//991 4827//990
f 4348//508 4349//509 4829//992 4828//991
f 4349//509 4350//510 4830//993 4829//992
f 4350//510 4351//511 4831//994 4830//993
f 4351//511 4352//512 4832//995 4831//994
f 4352//512 4353//513 4833//996 4832//995
f 4353//513 4354//514 4834//997 4833//996
f 4354//514 4355//515 4835//998 4834//997
f 4355//515 4356//516 4836//999 4835//998
f 4356//516 4357//517 4837//1000 4836//999
f 4357//517 4358//518 4838//1001 4837//1000
f 4358//518 4359//519 4839//1002 4838//1001
f 4359//519 4360//520 4840//1003 4839//1002
f 4360//520 4361//521 4841//1004 4840//1003
f 4361//521 4362//522 4842//1005 4841//1004
f 4362//522 4363//523 4843//1006 4842//1005
f 4363//523 4364//524 4844//1007 4843//1006
f 4364//524 4365//525 4845//1008 4844//1007
f 4365//525 4366//526 4846//1009 4845//1008
f 4366//526 4367//527 4847//1010 4846//1009
f 4367//527 4368//528 4848//1011 4847//1010
f 4368//528 4369//529 4849//1012 4848//1011
f 4369//529 4370//530 4850//1013 4849//1012
f 4370//530 4371//531 4851//1014 4850//1013
f 4371//531 4372//532 4852//1015 4851//1014
f 4372//532 4373//533 4853//1016 4852//1015
f 4373//533 4374//534 4854//1017 4853//1016
f 4374//534 4375//535 4855//1018 4854//1017
f 4375//535 4376//536 4856//1019 4855//1018
f 4376//536 4377//537 4857//1020 4856//1019
f 4377//537 4378//538 4858//1021 4857//1020
f 4378//538 4379//539 4859//1022 4858//1021
f 4379//539 4380//540 4860//1023 4859//1022
f 4380//540 4381//541 4861//1024 4860//1023
f 4381//541 4382//961 4862//1025 4861//1024
f 4382//961 4383//543 4863//1026 4862//1025
f 4383//543 4384//544 4864//1027 4863//1026
f 4384//544 4385//545 4865//1028 4864//1027
f 4385//545 4386//546 4866//1029 4865//1028
f 4386//546 4387//547 4867//1030 4866//1029
f 4387//547 4388//548 4868//1031 4867//1030
f 4388//548 4389//549 4869//1032 4868//1031
f 4389//549 4390//550 4870//1033 4869//1032
f 4390//550 4391//551 4871//1034 4870//1033
f 4391//551 4392//552 4872//1035 4871//1034
f 4392//552 4393//553 4873//1036 4872//1035
f 4393//553 4394//554 4874//1037 4873//1036
f 4394//554 4395//555 4875//1038 4874//1037
f 4395//555 4396//556 4876//1039 4875//1038
f 4396//556 4397//557 4877//1040 4876//1039
f 4397//557 4398//558 4878//1041 4877//1040
f 4398//558 4399//559 4879//1042 4878//1041
f 4399//559 4400//560 4880//1043 4879//1042
f 4400//560 4401//561 4881//1044 4880//1043
f 4401//561 4402//562 4882//1045 4881//1044
f 4402//562 4403//563 4883//1046 4882//1045
f 4403//563 4404//564 4884//1047 4883//1046
f 4404//564 4405//565 4885//1048 4884//1047
f 4405//565 4406//566 4886//1049 4885//1048
f 4406//566 4407//567 4887//1050 4886//1049
f 4407//567 4408//568 4888//1051 4887//1050
f 4408//568 4409//569 4889//1052 4888//1051
f 4409//569 4410//570 4890//1053 4889//1052
f 4410//570 4411//571 4891//1054 4890//1053
f 4411//571 4412//572 4892//1055 4891//1054
f 4412//572 4413//573 4893//1056 4892//1055
f 4413//573 4414//574 4894//1057 4893//1056
f 4414//574 4415//575 4895//1058 4894//1057
f 4415//575 4416//576 4896//1059 4895//1058
f 4416//576 4417//577 4897//1060 4896//1059
f 4417//577 4418//578 4898//1061 4897//1060
f 4418//578 4419//579 4899//1062 4898//1061
f 4419//579 4420//580 4900//1063 4899//1062
f 4420//580 4421//581 4901//1064 4900//1063
f 4421//581 4422//582 4902//1065 4901//1064
f 4422//582 4423//583 4903//1066 4902//1065
f 4423//583 4424//584 4904//1067 4903//1066
f 4424//584 4425//585 4905//1068 4904//1067
f 4425//585 4426//586 4906//1069 4905//1068
f 4426//586 4427//587 4907//1070 4906//1069
f 4427//587 4428//588 4908//1071 4907//1070
f 4428//588 4429//589 4909//1072 4908//1071
f 4429//589 4430//590 4910//1073 4909//1072
f 4430//590 4431//591 4911//1074 4910//1073
f 4431//591 4432//592 4912//1075 4911//1074
f 4432//592 4433//593 4913//1076 4912//1075
f 4433//593 4434//594 4914//1077 4913//1076
f 4434//594 4435//595 4915//1078 4914//1077
f 4435//595 4436//596 4916//1079 4915//1078
f 4436//596 4437//597 4917//1080 4916//1079
f 4437//597 4438//598 4918//1081 4917//1080
f 4438//598 4439//599 4919//1082 4918//1081
f 4439//599 4440//600 4920//1083 4919//1082
f 4440//600 4441//601 4921//1084 4920//1083
f 4441//601 4442//602 4922//1085 4921//1084
f 4442//602 4443//603 4923//1086 4922//1085
f 4443//603 4444//604 4924//1087 4923//1086
f 4444//604 4445//605 4925//1088 4924//1087
f 4445//605 4446//606 4926//1089 4925//1088
f 4446//606 4447//607 4927//1090 4926//1089
f 4447//607 4448//608 4928//1091 4927//1090
f 4448//608 4449//609 4929//1092 4928//1091
f 4449//609 4450//610 4930//1093 4929//1092
f 4450//610 4451//611 4931//1094 4930//1093
f 4451//611 4452//612 4932//1095 4931//1094
f 4452//612 4453//613 4933//1096 4932//1095
f 4453//613 4454//614 4934//1097 4933//1096
f 4454//614 4455//615 4935//1098 4934//1097
f 4455//615 4456//616 4936//1099 4935//1098
f 4456//616 4457//617 4937//1100 4936//1099
f 4457//617 4458//618 4938//1101 4937//1100
f 4458//618 4459//619 4939//1102 4938//1101
f 4459//619 4460//620 4940//1103 4939//1102
f 4460//620 4461//621 4941//1104 4940//1103
f 4461//621 4462//622 4942//1105 4941//1104
f 4462//622 4463//623 4943//1106 4942//1105
f 4463//623 4464//624 4944//1107 4943//1106
f 4464//624 4465//625 4945//1108 4944//1107
f 4465//625 4466//626 4946//1109 4945//1108
f 4466//626 4467//627 4947//1110 4946//1109
f 4467//627 4468//628 4948//1111 4947//1110
f 4468//628 4469//629 4949//1112 4948//1111
f 4469//629 4470//630 4950//1113 4949//1112
f 4470//630 4471//631 4951//1114 4950//1113
f 4471//631 4472//632 4952//1115 4951//1114
f 4472//632 4473//633 4953//1116 4952//1115
f 4473//633 4474//634 4954//1117 4953//1116
f 4474//634 4475//635 4955//1118 4954//1117
f 4475//635 4476//636 4956//1119 4955//1118
f 4476//636 4477//637 4957//1120 4956//1119
f 4477//637 4478//638 4958//1121 4957//1120
f 4478//638 4479//639 4959//1122 4958//1121
f 4479//639 4480//640 4960//1123 4959//1122
f 4480//640 4481//641 4961//1124 4960//1123
f 4481//641 4482//642 4962//1125 4961//1124
f 4482//642 4483//643 4963//1126 4962//1125
f 4483//643 4484//644 4964//1127 4963//1126
f 4484//644 4485//645 4965//1128 4964//1127
f 4485//645 4486//646 4966//1129 4965//1128
f 4486//646 4487//647 4967//1130 4966//1129
f 4487//647 4488//648 4968//1131 4967//1130
f 4488//648 4489//649 4969//1132 4968//1131
f 4489//649 4490//650 4970//1133 4969//1132
f 4490//650 4491//651 4971//1134 4970//1133
f 4491//651 4492//652 4972//1135 4971//1134
f 4492//652 4493//653 4973//1136 4972//1135
f 4493//653 4494//654 4974//1137 4973//1136
f 4494//654 4495//655 4975//1138 4974//1137
f 4495//655 4496//656 4976//1139 4975//1138
f 4496//656 4497//657 4977//1140 4976//1139
f 4497//657 4498//658 4978//1141 4977//1140
f 4498//658 4499//659 4979//1142 4978//1141
f 4499//659 4500//660 4980//1143 4979//1142
f 4500//660 4501//661 4981//1144 4980//1143
f 4501//661 4502//662 4982//1145 4981//1144
f 4502//662 4503//663 4983//1146 4982//1145
f 4503//663 4504//664 4984//1147 4983//1146
f 4504//664 4505//665 4985//1148 4984//1147
f 4505//665 4506//666 4986//1149 4985//1148
f 4506//666 4507//667 4987//1150 4986//1149
f 4507//667 4508//668 4988//1151 4987//1150
f 4508//668 4509//669 4989//1152 4988//1151
f 4509//669 4510//670 4990//1153 4989//1152
f 4510//670 4511//671 4991//1154 4990//1153
f 4511//671 4512//672 4992//1155 4991//1154
f 4512//672 4513//673 4993//1156 4992//1155
f 4513//673 4514//674 4994//1157 4993//1156
f 4514//674 4515//675 4995//1158 4994//1157
f 4515//675 4516//676 4996//1159 4995//1158
f 4516//676 4517//677 4997//1160 4996//1159
f 4517//677 4518//678 4998//1161 4997//1160
f 4518//678 4519//679 4999//1162 4998//1161
f 4519//679 4520//680 5000//1163 4999//1162
f 4520//680 4521//681 5001//1164 5000//1163
f 4521//681 4522//682 5002//1165 5001//1164
f 4522//682 4523//683 5003//1166 5002//1165
f 4523//683 4524//684 5004//1167 5003//1166
f 4524//684 4525//685 5005//1168 5004//1167
f 4525//685 4526//686 5006//1169 5005//1168
f 4526//686 4527//687 5007//1170 5006//1169
f 4527//687 4528//688 5008//1171 5007//1170
f 4528//688 4529//689 5009//1172 5008//1171
f 4529//689 4530//690 5010//1173 5009//1172
f 4530//690 4531//691 5011//1174 5010//1173
f 4531//691 4532//692 5012//1175 5011//1174
f 4532//692 4533//693 5013//1176 5012//1175
f 4533//693 4534//694 5014//1177 5013//1176
f 4534//694 4535//695 5015//1178 5014//1177
f 4535//695 4536//696 5016//1179 5015//1178
f 4536//696 4537//697 5017//1180 5016//1179
f 4537//697 4538//698 5018//1181 5017//1180
f 4538//698 4539//699 5019//1182 5018//1181
f 4539//699 4540//700 5020//1183 5019//1182
f 4540//700 4541//701 5021//1184 5020//1183
f 4541//701 4542//702 5022//1185 5021//1184
f 4542//702 4543//703 5023//1186 5022//1185
f 4543//703 4544//704 5024//1187 5023//1186
f 4544//704 4545//705 5025//1188 5024//1187
f 4545//705 4546//706 5026//1189 5025//1188
f 4546//706 4547//707 5027//1190 5026//1189
f 4547//707 4548//708 5028//1191 5027//1190
f 4548//708 4549//709 5029//1192 5028//1191
f 4549//709 4550//710 5030//1193 5029//1192
f 4550//710 4551//711 5031//1194 5030//1193
f 4551//711 4552//712 5032//1195 5031//1194
f 4552//712 4553//713 5033//1196 5032//1195
f 4553//713 4554//714 5034//1197 5033//1196
f 4554//714 4555//715 5035//1198 5034//1197
f 4555//715 4556//716 5036//1199 5035//1198
f 4556//716 4557//717 5037//1200 5036//1199
f 4557//717 4558//718 5038//1201 5037//1200
f 4558//718 4559//719 5039//1202 5038//1201
f 4559//719 4560//720 5040//1203 5039//1202
f 4560//720 4561//721 5041//1204 5040//1203
f 4561//721 4562//722 5042//1205 5041//1204
f 4562//722 4563//723 5043//1206 5042//1205
f 4563//723 4564//724 5044//1207 5043//1206
f 4564//724 4565//725 5045//1208 5044//1207
f 4565//725 4566//726 5046//1209 5045//1208
f 4566//726 4567//727 5047//1210 5046//1209
f 4567//727 4568//728 5048//1211 5047//1210
f 4568//728 4569//729 5049//1212 5048//1211
f 4569//729 4570//730 5050//1213 5049//1212
f 4570//730 4571//731 5051//1214 5050//1213
f 4571//731 4572//732 5052//1215 5051//1214
f 4572//732 4573//733 5053//1216 5052//1215
f 4573//733 4574//734 5054//1217 5053//1216
f 4574//734 4575//735 5055//1218 5054//1217
f 4575//735 4576//736 5056//1219 5055//1218
f 4576//736 4577//737 5057//1220 5056//1219
f 4577//737 4578//738 5058//1221 5057//1220
f 4578//738 4579//739 5059//1222 5058//1221
f 4579//739 4580//740 5060//1223 5059//1222
f 4580//740 4581//741 5061//1224 5060//1223
f 4581//741 4582//742 5062//1225 5061//1224
f 4582//742 4583//743 5063//1226 5062//1225
f 4583//743 4584//744 5064//1227 5063//1226
f 4584//744 4585//745 5065//1228 5064//1227
f 4585//745 4586//746 5066//1229 5065//1228
f 4586//746 4587//747 5067//1230 5066//1229
f 4587//747 4588//748 5068//1231 5067//1230
f 4588//748 4589//749 5069//1232 5068//1231
f 4589//749 4590//750 5070//1233 5069//1232
f 4590//750 4591//751 5071//1234 5070//1233
f 4591//751 4592//752 5072//1235 5071//1234
f 4592//752 4593//753 5073//1236 5072//1235
f 4593//753 4594//754 5074//1237 5073//1236
f 4594//754 4595//755 5075//1238 5074//1237
f 4595//755 4596//756 5076//1239 5075//1238
f 4596//756 4597//757 5077//1240 5076//1239
f 4597//757 4598//758 5078//1241 5077//1240
f 4598//758 4599//759 5079//1242 5078//1241
f 4599//759 4600//760 5080//1243 5079//1242
f 4600//760 4601//761 5081//1244 5080//1243
f 4601//761 4602//762 5082//1245 5081//1244
f 4602//762 4603//763 5083//1246 5082//1245
f 4603//763 4604//764 5084//1247 5083//1246
f 4604//764 4605//765 5085//1248 5084//1247
f 4605//765 4606//766 5086//1249 5085//1248
f 4606//766 4607//767 5087//1250 5086//1249
f 4607//767 4608//768 5088//1251 5087//1250
f 4608//768 4609//769 5089//1252 5088//1251
f 4609//769 4610//770 5090//1253 5089//1252
f 4610//770 4611//771 5091//1254 5090//1253
f 4611//771 4612//772 5092//1255 5091//1254
f 4612//772 4613//773 5093//1256 5092//1255
f 4613//773 4614//774 5094//1257 5093//1256
f 4614//774 4615//775 5095//1258 5094//1257
f 4615//775 4616//776 5096//1259 5095//1258
f 4616//776 4617//777 5097//1260 5096//1259
f 4617//777 4618//778 5098//1261 5097//1260
f 4618//778 4619//779 5099//1262 5098//1261
f 4619//779 4620//780 5100//1263 5099//1262
f 4620//780 4621//781 5101//1264 5100//1263
f 4621//781 4622//962 5102//1265 5101//1264
f 4622//962 4623//783 5103//1266 5102//1265
f 4623//783 4624//784 5104//1267 5103//1266
f 4624//784 4625//785 5105//1268 5104//1267
f 4625//785 4626//963 5106//1269 5105//1268
f 4626//963 4627//787 5107//1270 5106//1269
f 4627//787 4628//788 5108//1271 5107//1270
f 4628//788 4629//789 5109//1272 5108//1271
f 4629//789 4630//790 5110//1273 5109//1272
f 4630//790 4631//791 5111//1274 5110//1273
f 4631//791 4632//792 5112//1275 5111//1274
f 4632//792 4633//793 5113//1276 5112//1275
f 4633//793 4634//794 5114//1277 5113//1276
f 4634//794 4635//795 5115//1278 5114//1277
f 4635//795 4636//796 5116//1279 5115//1278
f 4636//796 4637//797 5117//1280 5116//1279
f 4637//797 4638//798 5118//1281 5117//1280
f 4638//798 4639//799 5119//1282 5118//1281
f 4639//799 4640//800 5120//1283 5119//1282
f 4640//800 4641//801 5121//1284 5120//1283
f 4641//801 4642//802 5122//1285 5121//1284
f 4642//802 4643//803 5123//1286 5122//1285
f 4643//803 4644//804 5124//1287 5123//1286
f 4644//804 4645//805 5125//1288 5124//1287
f 4645//805 4646//806 5126//1289 5125//1288
f 4646//806 4647//807 5127//1290 5126//1289
f 4647//807 4648//808 5128//1291 5127//1290
f 4648//808 4649//809 5129//1292 5128//1291
f 4649//809 4650//810 5130//1293 5129//1292
f 4650//810 4651//811 5131//1294 5130//1293
f 4651//811 4652//812 5132//1295 5131//1294
f 4652//812 4653//813 5133//1296 5132//1295
f 4653//813 4654//814 5134//1297 5133//1296
f 4654//814 4655//815 5135//1298 5134//1297
f 4655//815 4656//816 5136//1299 5135//1298
f 4656//816 4657//817 5137//1300 5136//1299
f 4657//817 4658//818 5138//1301 5137//1300
f 4658//818 4659//819 5139//1302 5138//1301
f 4659//819 4660//820 5140//1303 5139//1302
f 4660//820 4661//821 5141//1304 5140//1303
f 4661//821 4662//822 5142//1305 5141//1304
f 4662//822 4663//823 5143//1306 5142//1305
f 4663//823 4664//824 5144//1307 5143//1306
f 4664//824 4665//825 5145//1308 5144//1307
f 4665//825 4666//826 5146//1309 5145//1308
f 4666//826 4667//827 5147//1310 5146//1309
f 4667//827 4668//828 5148//1311 5147//1310
f 4668//828 4669//829 5149//1312 5148//1311
f 4669//829 4670//830 5150//1313 5149//1312
f 4670//830 4671//831 5151//1314 5150//1313
f 4671//831 4672//832 5152//1315 5151//1314
f 4672//832 4673//833 5153//1316 5152//1315
f 4673//833 4674//834 5154//1317 5153//1316
f 4674//834 4675//835 5155//1318 5154//1317
f 4675//835 4676//836 5156//1319 5155//1318
f 4676//836 4677//837 5157//1320 5156//1319
f 4677//837 4678//838 5158//1321 5157//1320
f 4678//838 4679//839 5159//1322 5158//1321
f 4679//839 4680//840 5160//1323 5159//1322
f 4680//840 4681//841 5161//1324 5160//1323
f 4681//841 4682//842 5162//1325 5161//1324
f 4682//842 4683//843 5163//1326 5162//1325
f 4683//843 4684//844 5164//1327 5163//1326
f 4684//844 4685//845 5165//1328 5164//1327
f 4685//845 4686//846 5166//1329 5165//1328
f 4686//846 4687//847 5167//1330 5166//1329
f 4687//847 4688//848 5168//1331 5167//1330
f 4688//848 4689//849 5169//1332 5168//1331
f 4689//849 4690//850 5170//1333 5169//1332
f 4690//850 4691//851 5171//1334 5170//1333
f 4691//851 4692//852 5172//1335 5171//1334
f 4692//852 4693//853 5173//1336 5172//1335
f 4693//853 4694//854 5174//1337 5173//1336
f 4694//854 4695//855 5175//1338 5174//1337
f 4695//855 4696//856 5176//1339 5175//1338
f 4696//856 4697//857 5177//1340 5176//1339
f 4697//857 4698//858 5178//1341 5177//1340
f 4698//858 4699//859 5179//1342 5178//1341
f 4699//859 4700//860 5180//1343 5179//1342
f 4700//860 4701//861 5181//1344 5180//1343
f 4701//861 4702//862 5182//1345 5181//1344
f 4702//862 4703//863 5183//1346 5182//1345
f 4703//863 4704//864 5184//1347 5183//1346
f 4704//864 4705//865 5185//1348 5184//1347
f 4705//865 4706//866 5186//1349 5185//1348
f 4706//866 4707//867 5187//1350 5186//1349
f 4707//867 4708//868 5188//1351 5187//1350
f 4708//868 4709//869 5189//1352 5188//1351
f 4709//869 4710//870 5190//1353 5189//1352
f 4710//870 4711//871 5191//1354 5190//1353
f 4711//871 4712//872 5192//1355 5191//1354
f 4712//872 4713//873 5193//1356 5192//1355
f 4713//873 4714//874 5194//1357 5193//1356
f 4714//874 4715//875 5195//1358 5194//1357
f 4715//875 4716//876 5196//1359 5195//1358
f 4716//876 4717//877 5197//1360 5196//1359
f 4717//877 4718//878 5198//1361 5197//1360
f 4718//878 4719//879 5199//1362 5198//1361
f 4719//879 4720//880 5200//1363 5199//1362
f 4720//880 4721//881 5201//1364 5200//1363
f 4721//881 4722//882 5202//1365 5201//1364
f 4722//882 4723//883 5203//1366 5202//1365
f 4723//883 4724//884 5204//1367 5203//1366
f 4724//884 4725//885 5205//1368 5204//1367
f 4725//885 4726//886 5206//1369 5205//1368
f 4726//886 4727//887 5207//1370 5206//1369
f 4727//887 4728//888 5208//1371 5207//1370
f 4728//888 4729//889 5209//1372 5208//1371
f 4729//889 4730//890 5210//1373 5209//1372
f 4730//890 4731//891 5211//1374 5210//1373
f 4731//891 4732//892 5212//1375 5211//1374
f 4732//892 4733//893 5213//1376 5212//1375
f 4733//893 4734//894 5214//1377 5213//1376
f 4734//894 4735//895 5215//1378 5214//1377
f 4735//895 4736//896 5216//1379 5215//1378
f 4736//896 4737//897 5217//1380 5216//1379
f 4737//897 4738//898 5218//1381 5217//1380
f 4738//898 4739//899 5219//1382 5218//1381
f 4739//899 4740//900 5220//1383 5219//1382
f 4740//900 4741//901 5221//1384 5220//1383
f 4741//901 4742//902 5222//1385 5221//1384
f 4742//902 4743//903 5223//1386 5222//1385
f 4743//903 4744//904 5224//1387 5223//1386
f 4744//904 4745//905 5225//1388 5224//1387
f 4745//905 4746//906 5226//1389 5225//1388
f 4746//906 4747//907 5227//1390 5226//1389
f 4747//907 4748//908 5228//1391 5227//1390
f 4748//908 4749//909 5229//1392 5228//1391
f 4749//909 4750//910 5230//1393 5229//1392
f 4750//910 4751//911 5231//1394 5230//1393
f 4751//911 4752//912 5232//1395 5231//1394
f 4752//912 4753//913 5233//1396 5232//1395
f 4753//913 4754//914 5234//1397 5233//1396
f 4754//914 4755//915 5235//1398 5234//1397
f 4755//915 4756//916 5236//1399 5235//1398
f 4756//916 4757//917 5237//1400 5236//1399
f 4757//917 4758//918 5238//1401 5237//1400
f 4758//918 4759//919 5239//1402 5238//1401
f 4759//919 4760//920 5240//1403 5239//1402
f 4760//920 4761//921 5241//1404 5240//1403
f 4761//921 4762//922 5242//1405 5241//1404
f 4762//922 4763//923 5243//1406 5242//1405
f 4763//923 4764//924 5244//1407 5243//1406
f 4764//924 4765//925 5245//1408 5244//1407
f 4765//925 4766//926 5246//1409 5245//1408
f 4766//926 4767//927 5247//1410 5246//1409
f 4767//927 4768//928 5248//1411 5247//1410
f 4768//928 4769//929 5249//1412 5248//1411
f 4769//929 4770//930 5250//1413 5249//1412
f 4770//930 4771//931 5251//1414 5250//1413
f 4771//931 4772//932 5252//1415 5251//1414
f 4772//932 4773//933 5253//1416 5252//1415
f 4773//933 4774//934 5254//1417 5253//1416
f 4774//934 4775//935 5255//1418 5254//1417
f 4775//935 4776//936 5256//1419 5255//1418
f 4776//936 4777//937 5257//1420 5256//1419
f 4777//937 4778//938 5258//1421 5257//1420
f 4778//938 4779//939 5259//1422 5258//1421
f 4779//939 4780//940 5260//1423 5259//1422
f 4780//940 4781//941 5261//1424 5260//1423
f 4781//941 4782//942 5262//1425 5261//1424
f 4782//942 4783//943 5263//1426 5262//1425
f 4783//943 4784//944 5264//1427 5263//1426
f 4784//944 4785//945 5265//1428 5264//1427
f 4785//945 4786//946 5266//1429 5265//1428
f 4786//946 4787//947 5267//1430 5266//1429
f 4787//947 4788//948 5268//1431 5267//1430
f 4788//948 4789//949 5269//1432 5268//1431
f 4789//949 4790//950 5270//1433 5269//1432
f 4790//950 4791//951 5271//1434 5270//1433
f 4791//951 4792//952 5272//1435 5271//1434
f 4792//952 4793//953 5273//1436 5272//1435
f 4793//953 4794//954 5274//1437 5273//1436
f 4794//954 4795//955 5275//1438 5274//1437
f 4795//955 4796//956 5276//1439 5275//1438
f 4796//956 4797//957 5277//1440 5276//1439
f 4797//957 4798//958 5278//1441 5277//1440
f 4798//958 4799//959 5279//1442 5278//1441
f 4799//959 4800//960 5280//1443 5279//1442
f 4800//960 4321//481 4801//964 5280//1443
f 4801//964 4802//965 5282//1445 5281//1444
f 4802//965 4803//966 5283//1446 5282//1445
f 4803//966 4804//967 5284//1447 5283//1446
f 4804//967 4805//968 5285//1448 5284//1447
f 4805//968 4806//969 5286//1449 5285//1448
f 4806//969 4807//970 5287//1450 5286//1449
f 4807//970 4808//971 5288//1451 5287//1450
f 4808//971 4809//972 5289//1452 5288//1451
f 4809//972 4810//973 5290//1453 5289//1452
f 4810//973 4811//974 5291//1454 5290//1453
f 4811//974 4812//975 5292//1455 5291//1454
f 4812//975 4813//976 5293//1456 5292//1455
f 4813//976 4814//977 5294//1457 5293//1456
f 4814//977 4815//978 5295//1458 5294//1457
f 4815//978 4816//979 5296//1459 5295//1458
f 4816//979 4817//980 5297//1460 5296//1459
f 4817//980 4818//981 5298//1461 5297//1460
f 4818//981 4819//982 5299//1462 5298//1461
f 4819//982 4820//983 5300//1463 5299//1462
f 4820//983 4821//984 5301//1464 5300//1463
f 4821//984 4822//985 5302//1465 5301//1464
f 4822//985 4823//986 5303//1466 5302//1465
f 4823//986 4824//987 5304//1467 5303//1466
f 4824//987 4825//988 5305//1468 5304//1467
f 4825//988 4826//989 5306//1469 5305//1468
f 4826//989 4827//990 5307//1470 5306//1469
f 4827//990 4828//991 5308//1471 5307//1470
f 4828//991 4829//992 5309//1472 5308//1471
f 4829//992 4830//993 5310//1473 5309//1472
f 4830//993 4831//994 5311//1474 5310//1473
f 4831//994 4832//995 5312//1475 5311//1474
f 4832//995 4833//996 5313//1476 5312//1475
f 4833//996 4834//997 5314//1477 5313//1476
f 4834//997 4835//998 5315//1478 5314//1477
f 4835//998 4836//999 5316//1479 5315//1478
f 4836//999 4837//1000 5317//1480 5316//1479
f 4837//1000 4838//1001 5318//1481 5317//1480
f 4838//1001 4839//1002 5319//1482 5318//1481
f 4839//1002 4840//1003 5320//1483 5319//1482
f 4840//1003 4841//1004 5321//1484 5320//1483
f 4841//1004 4842//1005 5322//1485 5321//1484
f 4842//1005 4843//1006 5323//1486 5322//1485
f 4843//1006 4844//1007 5324//1487 5323//1486
f 4844//1007 4845//1008 5325//1488 5324//1487
f 4845//1008 4846//1009 5326//1489 5325//1488
f 4846//1009 4847//1010 5327//1490 5326//1489
f 4847//1010 4848//1011 5328//1491 5327//1490
f 4848//1011 4849//1012 5329//1492 5328//1491
f 4849//1012 4850//1013 5330//1493 5329//1492
f 4850//1013 4851//1014 5331//1494 5330//1493
f 4851//1014 4852//1015 5332//1495 5331//1494
f 4852//1015 4853//1016 5333//1496 5332//1495
f 4853//1016 4854//1017 5334//1497 5333//1496
f 4854//1017 4855//1018 5335//1498 5334//1497
f 4855//1018 4856//1019 5336//1499 5335//1498
f 4856//1019 4857//1020 5337//1500 5336//1499
f 4857//1020 4858//1021 5338//1501 5337//1500
f 4858//1021 4859//1022 5339//1502 5338//1501
f 4859//1022 4860//1023 5340//1503 5339//1502
f 4860//1023 4861//1024 5341//1504 5340//1503
f 4861//1024 4862//1025 5342//1505 5341//1504
f 4862//1025 4863//1026 5343//1506 5342//1505
f 4863//1026 4864//1027 5344//1507 5343//1506
f 4864//1027 4865//1028 5345//1508 5344//1507
f 4865//1028 4866//1029 5346//1509 5345//1508
f 4866//1029 4867//1030 5347//1510 5346//1509
f 4867//1030 4868//1031 5348//1511 5347//1510
f 4868//1031 4869//1032 5349//1512 5348//1511
f 4869//1032 4870//1033 5350//1513 5349//1512
f 4870//1033 4871//1034 5351//1514 5350//1513
f 4871//1034 4872//1035 5352//1515 5351//1514
f 4872//1035 4873//1036 5353//1516 5352//1515
f 4873//1036 4874//1037 5354//1517 5353//1516
f 4874//1037 4875//1038 5355//1518 5354//1517
f 4875//1038 4876//1039 5356//1519 5355//1518
f 4876//1039 4877//1040 5357//1520 5356//1519
f 4877//1040 4878//1041 5358//1521 5357//1520
f 4878//1041 4879//1042 5359//1522 5358//1521
f 4879//1042 4880//1043 5360//1523 5359//1522
f 4880//1043 4881//1044 5361//1524 5360//1523
f 4881//1044 4882//1045 5362//1525 5361//1524
f 4882//1045 4883//1046 5363//1526 5362//1525
f 4883//1046 4884//1047 5364//1527 5363//1526
f 4884//1047 4885//1048 5365//1528 5364//1527
f 4885//1048 4886//1049 5366//1529 5365//1528
f 4886//1049 4887//1050 5367//1530 5366//1529
f 4887//1050 4888//1051 5368//1531 5367//1530
f 4888//1051 4889//1052 5369//1532 5368//1531
f 4889//1052 4890//1053 5370//1533 5369//1532
f 4890//1053 4891//1054 5371//1534 5370//1533
f 4891//1054 4892//1055 5372//1535 5371//1534
f 4892//1055 4893//1056 5373//1536 5372//1535
f 4893//1056 4894//1057 5374//1537 5373//1536
f 4894//1057 4895//1058 5375//1538 5374//1537
f 4895//1058 4896//1059 5376//1539 5375//1538
f 4896//1059 4897//1060 5377//1540 5376//1539
f 4897//1060 4898//1061 5378//1541 5377//1540
f 4898//1061 4899//1062 5379//1542 5378//1541
f 4899//1062 4900//1063 5380//1543 5379//1542
f 4900//1063 4901//1064 5381//1544 5380//1543
f 4901//1064 4902//1065 5382//1545 5381//1544
f 4902//1065 4903//1066 5383//1546 5382//1545
f 4903//1066 4904//1067 5384//1547 5383//1546
f 4904//1067 4905//1068 5385//1548 5384//1547
f 4905//1068 4906//1069 5386//1549 5385//1548
f 4906//1069 4907//1070 5387//1550 5386//1549
f 4907//1070 4908//1071 5388//1551 5387//1550
f 4908//1071 4909//1072 5389//1552 5388//1551
f 4909//1072 4910//1073 5390//1553 5389//1552
f 4910//1073 4911//1074 5391//1554 5390//1553
f 4911//1074 4912//1075 5392//1555 5391//1554
f 4912//1075 4913//1076 5393//1556 5392//1555
f 4913//1076 4914//1077 5394//1557 5393//1556
f 4914//1077 4915//1078 5395//1558 5394//1557
f 4915//1078 4916//1079 5396//1559 5395//1558
f 4916//1079 4917//1080 5397//1560 5396//1559
f 4917//1080 4918//1081 5398//1561 5397//1560
f 4918//1081 4919//1082 5399//1562 5398//1561
f 4919//1082 4920//1083 5400//1563 5399//1562
f 4920//1083 4921//1084 5401//1564 5400//1563
f 4921//1084 4922//1085 5402//1565 5401//1564
f 4922//1085 4923//1086 5403//1566 5402//1565
f 4923//1086 4924//1087 5404//1567 5403//1566
f 4924//1087 4925//1088 5405//1568 5404//1567
f 4925//1088 4926//1089 5406//1569 5405//1568
f 4926//1089 4927//1090 5407//1570 5406//1569
f 4927//1090 4928//1091 5408//1571 5407//1570
f 4928//1091 4929//1092 5409//1572 5408//1571
f 4929//1092 4930//1093 5410//1573 5409//1572
f 4930//1093 4931//1094 5411//1574 5410//1573
f 4931//1094 4932//1095 5412//1575 5411//1574
f 4932//1095 4933//1096 5413//1576 5412//1575
f 4933//1096 4934//1097 5414//1577 5413//1576
f 4934//1097 4935//1098 5415//1578 5414//1577
f 4935//1098 4936//1099 5416//1579 5415//1578
f 4936//1099 4937//1100 5417//1580 5416//1579
f 4937//1100 4938//1101 5418//1581 5417//1580
f 4938//1101 4939//1102 5419//1582 5418//1581
f 4939//1102 4940//1103 5420//1583 5419//1582
f 4940//1103 4941//1104 5421//1584 5420//1583
f 4941//1104 4942//1105 5422//1585 5421//1584
f 4942//1105 4943//1106 5423//1586 5422//1585
f 4943//1106 4944//1107 5424//1587 5423//1586
f 4944//1107 4945//1108 5425//1588 5424//1587
f 4945//1108 4946//1109 5426//1589 5425//1588
f 4946//1109 4947//1110 5427//1590 5426//1589
f 4947//1110 4948//1111 5428//1591 5427//1590
f 4948//1111 4949//1112 5429//1592 5428//1591
f 4949//1112 4950//1113 5430//1593 5429//1592
f 4950//1113 4951//1114 5431//1594 5430//1593
f 4951//1114 4952//1115 5432//1595 5431//1594
f 4952//1115 4953//1116 5433//1596 5432//1595
f 4953//1116 4954//1117 5434//1597 5433//1596
f 4954//1117 4955//1118 5435//1598 5434//1597
f 4955//1118 4956//1119 5436//1599 5435//1598
f 4956//1119 4957//1120 5437//1600 5436//1599
f 4957//1120 4958//1121 5438//1601 5437//1600
f 4958//1121 4959//1122 5439//1602 5438//1601
f 4959//1122 4960//1123 5440//1603 5439//1602
f 4960//1123 4961//1124 5441//1604 5440//1603
f 4961//1124 4962//1125 5442//1605 5441//1604
f 4962//1125 4963//1126 5443//1606 5442//1605
f 4963//1126 4964//1127 5444//1607 5443//1606
f 4964//1127 4965//1128 5445//1608 5444//1607
f 4965//1128 4966//1129 5446//1609 5445//1608
f 4966//1129 4967//1130 5447//1610 5446//1609
f 4967//1130 4968//1131 5448//1611 5447//1610
f 4968//1131 4969//1132 5449//1612 5448//1611
f 4969//1132 4970//1133 5450//1613 5449//1612
f 4970//1133 4971//1134 5451//1614 5450//1613
f 4971//1134 4972//1135 5452//1615 5451//1614
f 4972//1135 4973//1136 5453//1616 5452//1615
f 4973//1136 4974//1137 5454//1617 5453//1616
f 4974//1137 4975//1138 5455//1618 5454//1617
f 4975//1138 4976//1139 5456//1619 5455//1618
f 4976//1139 4977//1140 5457//1620 5456//1619
f 4977//1140 4978//1141 5458//1621 5457//1620
f 4978//1141 4979//1142 5459//1622 5458//1621
f 4979//1142 4980//1143 5460//1623 5459//1622
f 4980//1143 4981//1144 5461//1624 5460//1623
f 4981//1144 4982//1145 5462//1625 5461//1624
f 4982//1145 4983//1146 5463//1626 5462//1625
f 4983//1146 4984//1147 5464//1627 5463//1626
f 4984//1147 4985//1148 5465//1628 5464//1627
f 4985//1148 4986//1149 5466//1629 5465//1628
f 4986//1149 4987//1150 5467//1630 5466//1629
f 4987//1150 4988//1151 5468//1631 5467//1630
f 4988//1151 4989//1152 5469//1632 5468//1631
f 4989//1152 4990//1153 5470//1633 5469//1632
f 4990//1153 4991//1154 5471//1634 5470//1633
f 4991//1154 4992//1155 5472//1635 5471//1634
f 4992//1155 4993//1156 5473//1636 5472//1635
f 4993//1156 4994//1157 5474//1637 5473//1636
f 4994//1157 4995//1158 5475//1638 5474//1637
f 4995//1158 4996//1159 5476//1639 5475//1638
f 4996//1159 4997//1160 5477//1640 5476//1639
f 4997//1160 4998//1161 5478//1641 5477//1640
f 4998//1161 4999//1162 5479//1642 5478//1641
f 4999//1162 5000//1163 5480//1643 5479//1642
f 5000//1163 5001//1164 5481//1644 5480//1643
f 5001//1164 5002//1165 5482//1645 5481//1644
f 5002//1165 5003//1166 5483//1646 5482//1645
f 5003//1166 5004//1167 5484//1647 5483//1646
f 5004//1167 5005//1168 5485//1648 5484//1647
f 5005//1168 5006//1169 5486//1649 5485//1648
f 5006//1169 5007//1170 5487//1650 5486//1649
f 5007//1170 5008//1171 5488//1651 5487//1650
f 5008//1171 5009//1172 5489//1652 5488//1651
f 5009//1172 5010//1173 5490//1653 5489//1652
f 5010//1173 5011//1174 5491//1654 5490//1653
f 5011//1174 5012//1175 5492//1655 5491//1654
f 5012//1175 5013//1176 5493//1656 5492//1655
f 5013//1176 5014//1177 5494//1657 5493//1656
f 5014//1177 5015//1178 5495//1658 5494//1657
f 5015//1178 5016//1179 5496//1659 5495//1658
f 5016//1179 5017//1180 5497//1660 5496//1659
f 5017//1180 5018//1181 5498//1661 5497//1660
f 5018//1181 5019//1182 5499//1662 5498//1661
f 5019//1182 5020//1183 5500//1663 5499//1662
f 5020//1183 5021//1184 5501//1664 5500//1663
f 5021//1184 5022//1185 5502//1665 5501//1664
f 5022//1185 5023//1186 5503//1666 5502//1665
f 5023//1186 5024//1187 5504//1667 5503//1666
f 5024//1187 5025//1188 5505//1668 5504//1667
f 5025//1188 5026//1189 5506//1669 5505//1668
f 5026//1189 5027//1190 5507//1670 5506//1669
f 5027//1190 5028//1191 5508//1671 5507//1670
f 5028//1191 5029//1192 5509//1672 5508//1671
f 5029//1192 5030//1193 5510//1673 5509//1672
f 5030//1193 5031//1194 5511//1674 5510//1673
f 5031//1194 5032//1195 5512//1675 5511//1674
f 5032//1195 5033//1196 5513//1676 5512//1675
f 5033//1196 5034//1197 5514//1677 5513//1676
f 5034//1197 5035//1198 5515//1678 5514//1677
f 5035//1198 5036//1199 5516//1679 5515//1678
f 5036//1199 5037//1200 5517//1680 5516//1679
f 5037//1200 5038//1201 5518//1681 5517//1680
f 5038//1201 5039//1202 5519//1682 5518//1681
f 5039//1202 5040//1203 5520//1683 5519//1682
f 5040//1203 5041//1204 5521//1684 5520//1683
f 5041//1204 5042//1205 5522//1685 5521//1684
f 5042//1205 5043//1206 5523//1686 5522//1685
f 5043//1206 5044//1207 5524//1687 5523//1686
f 5044//1207 5045//1208 5525//1688 5524//1687
f 5045//1208 5046//1209 5526//1689 5525//1688
f 5046//1209 5047//1210 5527//1690 5526//1689
f 5047//1210 5048//1211 5528//1691 5527//1690
f 5048//1211 5049//1212 5529//1692 5528//1691
f 5049//1212 5050//1213 5530//1693 5529//1692
f 5050//1213 5051//1214 5531//1694 5530//1693
f 5051//1214 5052//1215 5532//1695 5531//1694
f 5052//1215 5053//1216 5533//1696 5532//1695
f 5053//1216 5054//1217 5534//1697 5533//1696
f 5054//1217 5055//1218 5535//1698 5534//1697
f 5055//1218 5056//1219 5536//1699 5535//1698
f 5056//1219 5057//1220 5537//1700 5536//1699
f 5057//1220 5058//1221 5538//1701 5537//1700
f 5058//1221 5059//1222 5539//1702 5538//1701
f 5059//1222 5060//1223 5540//1703 5539//1702
f 5060//1223 5061//1224 5541//1704 5540//1703
f 5061//1224 5062//1225 5542//1705 5541//1704
f 5062//1225 5063//1226 5543//1706 5542//1705
f 5063//1226 5064//1227 5544//1707 5543//1706
f 5064//1227 5065//1228 5545//1708 5544//1707
f 5065//1228 5066//1229 5546//1709 5545//1708
f 5066//1229 5067//1230 5547//1710 5546//1709
f 5067//1230 5068//1231 5548//1711 5547//1710
f 5068//1231 5069//1232 5549//1712 5548//1711
f 5069//1232 5070//1233 5550//1713 5549//1712
f 5070//1233 5071//1234 5551//1714 5550//1713
f 5071//1234 5072//1235 5552//1715 5551//1714
f 5072//1235 5073//1236 5553//1716 5552//1715
f 5073//1236 5074//1237 5554//1717 5553//1716
f 5074//1237 5075//1238 5555//1718 5554//1717
f 5075//1238 5076//1239 5556//1719 5555//1718
f 5076//1239 5077//1240 5557//1720 5556//1719
f 5077//1240 5078//1241 5558//1721 5557//1720
f 5078//1241 5079//1242 5559//1722 5558//1721
f 5079//1242 5080//1243 5560//1723 5559//1722
f 5080//1243 5081//1244 5561//1724 5560//1723
f 5081//1244 5082//1245 5562//1725 5561//1724
f 5082//1245 5083//1246 5563//1726 5562//1725
f 5083//1246 5084//1247 5564//1727 5563//1726
f 5084//1247 5085//1248 5565//1728 5564//1727
f 5085//1248 5086//1249 5566//1729 5565//1728
f 5086//1249 5087//1250 5567//1730 5566//1729
f 5087//1250 5088//1251 5568//1731 5567//1730
f 5088//1251 5089//1252 5569//1732 5568//1731
f 5089//1252 5090//1253 5570//1733 5569//1732
f 5090//1253 5091//1254 5571//1734 5570//1733
f 5091//1254 5092//1255 5572//1735 5571//1734
f 5092//1255 5093//1256 5573//1736 5572//1735
f 5093//1256 5094//1257 5574//1737 5573//1736
f 5094//1257 5095//1258 5575//1738 5574//1737
f 5095//1258 5096//1259 5576//1739 5575//1738
f 5096//1259 5097//1260 5577//1740 5576//1739
f 5097//1260 5098//1261 5578//1741 5577//1740
f 5098//1261 5099//1262 5579//1742 5578//1741
f 5099//1262 5100//1263 5580//1743 5579//1742
f 5100//1263 5101//1264 5581//1744 5580//1743
f 5101//1264 5102//1265 5582//1745 5581//1744
f 5102//1265 5103//1266 5583//1746 5582//1745
f 5103//1266 5104//1267 5584//1747 5583//1746
f 5104//1267 5105//1268 5585//1748 5584//1747
f 5105//1268 5106//1269 5586//1749 5585//1748
f 5106//1269 5107//1270 5587//1750 5586//1749
f 5107//1270 5108//1271 5588//1751 5587//1750
f 5108//1271 5109//1272 5589//1752 5588//1751
f 5109//1272 5110//1273 5590//1753 5589//1752
f 5110//1273 5111//1274 5591//1754 5590//1753
f 5111//1274 5112//1275 5592//1755 5591//1754
f 5112//1275 5113//1276 5593//1756 5592//1755
f 5113//1276 5114//1277 5594//1757 5593//1756
f 5114//1277 5115//1278 5595//1758 5594//1757
f 5115//1278 5116//1279 5596//1759 5595//1758
f 5116//1279 5117//1280 5597//1760 5596//1759
f 5117//1280 5118//1281 5598//1761 5597//1760
f 5118//1281 5119//1282 5599//1762 5598//1761
f 5119//1282 5120//1283 5600//1763 5599//1762
f 5120//1283 5121//1284 5601//1764 5600//1763
f 5121//1284 5122//1285 5602//1765 5601//1764
f 5122//1285 5123//1286 5603//1766 5602//1765
f 5123//1286 5124//1287 5604//1767 5603//1766
f 5124//1287 5125//1288 5605//1768 5604//1767
f 5125//1288 5126//1289 5606//1769 5605//1768
f 5126//1289 5127//1290 5607//1770 5606//1769
f 5127//1290 5128//1291 5608//1771 5607//1770
f 5128//1291 5129//1292 5609//1772 5608//1771
f 5129//1292 5130//1293 5610//1773 5609//1772
f 5130//1293 5131//1294 5611//1774 5610//1773
f 5131//1294 5132//1295 5612//1775 5611//1774
f 5132//1295 5133//1296 5613//1776 5612//1775
f 5133//1296 5134//1297 5614//1777 5613//1776
f 5134//1297 5135//1298 5615//1778 5614//1777
f 5135//1298 5136//1299 5616//1779 5615//1778
f 5136//1299 5137//1300 5617//1780 5616//1779
f 5137//1300 5138//1301 5618//1781 5617//1780
f 5138//1301 5139//1302 5619//1782 5618//1781
f 5139//1302 5140//1303 5620//1783 5619//1782
f 5140//1303 5141//1304 5621//1784 5620//1783
f 5141//1304 5142//1305 5622//1785 5621//1784
f 5142//1305 5143//1306 5623//1786 5622//1785
f 5143//1306 5144//1307 5624//1787 5623//1786
f 5144//1307 5145//1308 5625//1788 5624//1787
f 5145//1308 5146//1309 5626//1789 5625//1788
f 5146//1309 5147//1310 5627//1790 5626//1789
f 5147//1310 5148//1311 5628//1791 5627//1790
f 5148//1311 5149//1312 5629//1792 5628//1791
f 5149//1312 5150//1313 5630//1793 5629//1792
f 5150//1313 5151//1314 5631//1794 5630//1793
f 5151//1314 5152//1315 5632//1795 5631//1794
f 5152//1315 5153//1316 5633//1796 5632//1795
f 5153//1316 5154//1317 5634//1797 5633//1796
f 5154//1317 5155//1318 5635//1798 5634//1797
f 5155//1318 5156//1319 5636//1799 5635//1798
f 5156//1319 5157//1320 5637//1800 5636//1799
f 5157//1320 5158//1321 5638//1801 5637//1800
f 5158//1321 5159//1322 5639//1802 5638//1801
f 5159//1322 5160//1323 5640//1803 5639//1802
f 5160//1323 5161//1324 5641//1804 5640//1803
f 5161//1324 5162//1325 5642//1805 5641//1804
f 5162//1325 5163//1326 5643//1806 5642//1805
f 5163//1326 5164//1327 5644//1807 5643//1806
f 5164//1327 5165//1328 5645//1808 5644//1807
f 5165//1328 5166//1329 5646//1809 5645//1808
f 5166//1329 5167//1330 5647//1810 5646//1809
f 5167//1330 5168//1331 5648//1811 5647//1810
f 5168//1331 5169//1332 5649//1812 5648//1811
f 5169//1332 5170//1333 5650//1813 5649//1812
f 5170//1333 5171//1334 5651//1814 5650//1813
f 5171//1334 5172//1335 5652//1815 5651//1814
f 5172//1335 5173//1336 5653//1816 5652//1815
f 5173//1336 5174//1337 5654//1817 5653//1816
f 5174//1337 5175//1338 5655//1818 5654//1817
f 5175//1338 5176//1339 5656//1819 5655//1818
f 5176//1339 5177//1340 5657//1820 5656//1819
f 5177//1340 5178//1341 5658//1821 5657//1820
f 5178//1341 5179//1342 5659//1822 5658//1821
f 5179//1342 5180//1343 5660//1823 5659//1822
f 5180//1343 5181//1344 5661//1824 5660//1823
f 5181//1344 5182//1345 5662//1825 5661//1824
f 5182//1345 5183//1346 5663//1826 5662//1825
f 5183//1346 5184//1347 5664//1827 5663//1826
f 5184//1347 5185//1348 5665//1828 5664//1827
f 5185//1348 5186//1349 5666//1829 5665//1828
f 5186//1349 5187//1350 5667//1830 5666//1829
f 5187//1350 5188//1351 5668//1831 5667//1830
f 5188//1351 5189//1352 5669//1832 5668//1831
f 5189//1352 5190//1353 5670//1833 5669//1832
f 5190//1353 5191//1354 5671//1834 5670//1833
f 5191//1354 5192//1355 5672//1835 5671//1834
f 5192//1355 5193//1356 5673//1836 5672//1835
f 5193//1356 5194//1357 5674//1837 5673//1836
f 5194//1357 5195//1358 5675//1838 5674//1837
f 5195//1358 5196//1359 5676//1839 5675//1838
f 5196//1359 5197//1360 5677//1840 5676//1839
f 5197//1360 5198//1361 5678//1841 5677//1840
f 5198//1361 5199//1362 5679//1842 5678//1841
f 5199//1362 5200//1363 5680//1843 5679//1842
f 5200//1363 5201//1364 5681//1844 5680//1843
f 5201//1364 5202//1365 5682//1845 5681//1844
f 5202//1365 5203//1366 5683//1846 5682//1845
f 5203//1366 5204//1367 5684//1847 5683//1846
f 5204//1367 5205//1368 5685//1848 5684//1847
f 5205//1368 5206//1369 5686//1849 5685//1848
f 5206//1369 5207//1370 5687//1850 5686//1849
f 5207//1370 5208//1371 5688//1851 5687//1850
f 5208//1371 5209//1372 5689//1852 5688//1851
f 5209//1372 5210//1373 5690//1853 5689//1852
f 5210//1373 5211//1374 5691//1854 5690//1853
f 5211//1374 5212//1375 5692//1855 5691//1854
f 5212//1375 5213//1376 5693//1856 5692//1855
f 5213//1376 5214//1377 5694//1857 5693//1856
f 5214//1377 5215//1378 5695//1858 5694//1857
f 5215//1378 5216//1379 5696//1859 5695//1858
f 5216//1379 5217//1380 5697//1860 5696//1859
f 5217//1380 5218//1381 5698//1861 5697//1860
f 5218//1381 5219//1382 5699//1862 5698//1861
f 5219//1382 5220//1383 5700//1863 5699//1862
f 5220//1383 5221//1384 5701//1864 5700//1863
f 5221//1384 5222//1385 5702//1865 5701//1864
f 5222//1385 5223//1386 5703//1866 5702//1865
f 5223//1386 5224//1387 5704//1867 5703//1866
f 5224//1387 5225//1388 5705//1868 5704//1867
f 5225//1388 5226//1389 5706//1869 5705//1868
f 5226//1389 5227//1390 5707//1870 5706//1869
f 5227//1390 5228//1391 5708//1871 5707//1870
f 5228//1391 5229//1392 5709//1872 5708//1871
f 5229//1392 5230//1393 5710//1873 5709//1872
f 5230//1393 5231//1394 5711//1874 5710//1873
f 5231//1394 5232//1395 5712//1875 5711//1874
f 5232//1395 5233//1396 5713//1876 5712//1875
f 5233//1396 5234//1397 5714//1877 5713//1876
f 5234//1397 5235//1398 5715//1878 5714//1877
f 5235//1398 5236//1399 5716//1879 5715//1878
f 5236//1399 5237//1400 5717//1880 5716//1879
f 5237//1400 5238//1401 5718//1881 5717//1880
f 5238//1401 5239//1402 5719//1882 5718//1881
f 5239//1402 5240//1403 5720//1883 5719//1882
f 5240//1403 5241//1404 5721//1884 5720//1883
f 5241//1404 5242//1405 5722//1885 5721//1884
f 5242//1405 5243//1406 5723//1886 5722//1885
f 5243//1406 5244//1407 5724//1887 5723//1886
f 5244//1407 5245//1408 5725//1888 5724//1887
f 5245//1408 5246//1409 5726//1889 5725//1888
f 5246//1409 5247//1410 5727//1890 5726//1889
f 5247//1410 5248//1411 5728//1891 5727//1890
f 5248//1411 5249//1412 5729//1892 5728//1891
f 5249//1412 5250//1413 5730//1893 5729//1892
f 5250//1413 5251//1414 5731//1894 5730//1893
f 5251//1414 5252//1415 5732//1895 5731//1894
f 5252//1415 5253//1416 5733//1896 5732//1895
f 5253//1416 5254//1417 5734//1897 5733//1896
f 5254//1417 5255//1418 5735//1898 5734//1897
f 5255//1418 5256//1419 5736//1899 5735//1898
f 5256//1419 5257//1420 5737//1900 5736//1899
f 5257//1420 5258//1421 5738//1901 5737//1900
f 5258//1421 5259//1422 5739//1902 5738//1901
f 5259//1422 5260//1423 5740//1903 5739//1902
f 5260//1423 5261//1424 5741//1904 5740//1903
f 5261//1424 5262//1425 5742//1905 5741//1904
f 5262//1425 5263//1426 5743//1906 5742//1905
f 5263//1426 5264//1427 5744//1907 5743//1906
f 5264//1427 5265//1428 5745//1908 5744//1907
f 5265//1428 5266//1429 5746//1909 5745//1908
f 5266//1429 5267//1430 5747//1910 5746//1909
f 5267//1430 5268//1431 5748//1911 5747//1910
f 5268//1431 5269//1432 5749//1912 5748//1911
f 5269//1432 5270//1433 5750//1913 5749//1912
f 5270//1433 5271//1434 5751//1914 5750//1913
f 5271//1434 5272//1435 5752//1915 5751//1914
f 5272//1435 5273//1436 5753//1916 5752//1915
f 5273//1436 5274//1437 5754//1917 5753//1916
f 5274//1437 5275//1438 5755//1918 5754//1917
f 5275//1438 5276//1439 5756//1919 5755//1918
f 5276//1439 5277//1440 5757//1920 5756//1919
f 5277//1440 5278//1441 5758//1921 5757//1920
f 5278//1441 5279//1442 5759//1922 5758//1921
f 5279//1442 5280//1443 5760//1923 5759//1922
f 5280//1443 4801//964 5281//1444 5760//1923
f 5281//1444 5282//1445 5762//1925 5761//1924
f 5282//1445 5283//1446 5763//1926 5762//1925
f 5283//1446 5284//1447 5764//1927 5763//1926
f 5284//1447 5285//1448 5765//1928 5764//1927
f 5285//1448 5286//1449 5766//1929 5765//1928
f 5286//1449 5287//1450 5767//1930 5766//1929
f 5287//1450 5288//1451 5768//1931 5767//1930
f 5288//1451 5289//1452 5769//1932 5768//1931
f 5289//1452 5290//1453 5770//1933 5769//1932
f 5290//1453 5291//1454 5771//1934 5770//1933
f 5291//1454 5292//1455 5772//1935 5771//1934
f 5292//1455 5293//1456 5773//1936 5772//1935
f 5293//1456 5294//1457 5774//1937 5773//1936
f 5294//1457 5295//1458 5775//1938 5774//1937
f 5295//1458 5296//1459 5776//1939 5775//1938
f 5296//1459 5297//1460 5777//1940 5776//1939
f 5297//1460 5298//1461 5778//1941 5777//1940
f 5298//1461 5299//1462 5779//1942 5778//1941
f 5299//1462 5300//1463 5780//1943 5779//1942
f 5300//1463 5301//1464 5781//1944 5780//1943
f 5301//1464 5302//1465 5782//1945 5781//1944
f 5302//1465 5303//1466 5783//1946 5782//1945
f 5303//1466 5304//1467 5784//1947 5783//1946
f 5304//1467 5305//1468 5785//1948 5784//1947
f 5305//1468 5306//1469 5786//1949 5785//1948
f 5306//1469 5307//1470 5787//1950 5786//1949
f 5307//1470 5308//1471 5788//1951 5787//1950
f 5308//1471 5309//1472 5789//1952 5788//1951
f 5309//1472 5310//1473 5790//1953 5789//1952
f 5310//1473 5311//1474 5791//1954 5790//1953
f 5311//1474 5312//1475 5792//1955 5791//1954
f 5312//1475 5313//1476 5793//1956 5792//1955
f 5313//1476 5314//1477 5794//1957 5793//1956
f 5314//1477 5315//1478 5795//1958 5794//1957
f 5315//1478 5316//1479 5796//1959 5795//1958
f 5316//1479 5317//1480 5797//1960 5796//1959
f 5317//1480 5318//1481 5798//1961 5797//1960
f 5318//1481 5319//1482 5799//1962 5798//1961
f 5319//1482 5320//1483 5800//1963 5799//1962
f 5320//1483 5321//1484 5801//1964 5800//1963
f 5321//1484 5322//1485 5802//1965 5801//1964
f 5322//1485 5323//1486 5803//1966 5802//1965
f 5323//1486 5324//1487 5804//1967 5803//1966
f 5324//1487 5325//1488 5805//1968 5804//1967
f 5325//1488 5326//1489 5806//1969 5805//1968
f 5326//1489 5327//1490 5807//1970 5806//1969
f 5327//1490 5328//1491 5808//1971 5807//1970
f 5328//1491 5329//1492 5809//1972 5808//1971
f 5329//1492 5330//1493 5810//1973 5809//1972
f 5330//1493 5331//1494 5811//1974 5810//1973
f 5331//1494 5332//1495 5812//1975 5811//1974
f 5332//1495 5333//1496 5813//1976 5812//1975
f 5333//1496 5334//1497 5814//1977 5813//1976
f 5334//1497 5335//1498 5815//1978 5814//1977
f 5335//1498 5336//1499 5816//1979 5815//1978
f 5336//1499 5337//1500 5817//1980 5816//1979
f 5337//1500 5338//1501 5818//1981 5817//1980
f 5338//1501 5339//1502 5819//1982 5818//1981
f 5339//1502 5340//1503 5820//1983 5819//1982
f 5340//1503 5341//1504 5821//1984 5820//1983
f 5341//1504 5342//1505 5822//1985 5821//1984
f 5342//1505 5343//1506 5823//1986 5822//1985
f 5343//1506 5344//1507 5824//1987 5823//1986
f 5344//1507 5345//1508 5825//1988 5824//1987
f 5345//1508 5346//1509 5826//1989 5825//1988
f 5346//1509 5347//1510 5827//1990 5826//1989
f 5347//1510 5348//1511 5828//1991 5827//1990
f 5348//1511 5349//1512 5829//1992 5828//1991
f 5349//1512 5350//1513 5830//1993 5829//1992
f 5350//1513 5351//1514 5831//1994 5830//1993
f 5351//1514 5352//1515 5832//1995 5831//1994
f 5352//1515 5353//1516 5833//1996 5832//1995
f 5353//1516 5354//1517 5834//1997 5833//1996
f 5354//1517 5355//1518 5835//1998 5834//1997
f 5355//1518 5356//1519 5836//1999 5835//1998
f 5356//1519 5357//1520 5837//2000 5836//1999
f 5357//1520 5358//1521 5838//2001 5837//2000
f 5358//1521 5359//1522 5839//2002 5838//2001
f 5359//1522 5360//1523 5840//2003 5839//2002
f 5360//1523 5361//1524 5841//2004 5840//2003
f 5361//1524 5362//1525 5842//2005 5841//2004
f 5362//1525 5363//1526 5843//2006 5842//2005
f 5363//1526 5364//1527 5844//2007 5843//2006
f 5364//1527 5365//1528 5845//2008 5844//2007
f 5365//1528 5366//1529 5846//2009 5845//2008
f 5366//1529 5367//1530 5847//2010 5846//2009
f 5367//1530 5368//1531 5848//2011 5847//2010
f 5368//1531 5369//1532 5849//2012 5848//2011
f 5369//1532 5370//1533 5850//2013 5849//2012
f 5370//1533 5371//1534 5851//2014 5850//2013
f 5371//1534 5372//1535 5852//2015 5851//2014
f 5372//1535 5373//1536 5853//2016 5852//2015
f 5373//1536 5374//1537 5854//2017 5853//2016
f 5374//1537 5375//1538 5855//2018 5854//2017
f 5375//1538 5376//1539 5856//2019 5855//2018
f 5376//1539 5377//1540 5857//2020 5856//2019
f 5377//1540 5378//1541 5858//2021 5857//2020
f 5378//1541 5379//1542 5859//2022 5858//2021
f 5379//1542 5380//1543 5860//2023 5859//2022
f 5380//1543 5381//1544 5861//2024 5860//2023
f 5381//1544 5382//1545 5862//2025 5861//2024
f 5382//1545 5383//1546 5863//2026 5862//2025
f 5383//1546 5384//1547 5864//2027 5863//2026
f 5384//1547 5385//1548 5865//2028 5864//2027
f 5385//1548 5386//1549 5866//2029 5865//2028
f 5386//1549 5387//1550 5867//2030 5866//2029
f 5387//1550 5388//1551 5868//2031 5867//2030
f 5388//1551 5389//1552 5869//2032 5868//2031
f 5389//1552 5390//1553 5870//2033 5869//2032
f 5390//1553 5391//1554 5871//2034 5870//2033
f 5391//1554 5392//1555 5872//2035 5871//2034
f 5392//1555 5393//1556 5873//2036 5872//2035
f 5393//1556 5394//1557 5874//2037 5873//2036
f 5394//1557 5395//1558 5875//2038 5874//2037
f 5395//1558 5396//1559 5876//2039 5875//2038
f 5396//1559 5397//1560 5877//2040 5876//2039
f 5397//1560 5398//1561 5878//2041 5877//2040
f 5398//1561 5399//1562 5879//2042 5878//2041
f 5399//1562 5400//1563 5880//2043 5879//2042
f 5400//1563 5401//1564 5881//2044 5880//2043
f 5401//1564 5402//1565 5882//2045 5881//2044
f 5402//1565 5403//1566 5883//2046 5882//2045
f 5403//1566 5404//1567 5884//2047 5883//2046
f 5404//1567 5405//1568 5885//2048 5884//2047
f 5405//1568 5406//1569 5886//2049 5885//2048
f 5406//1569 5407//1570 5887//2050 5886//2049
f 5407//1570 5408//1571 5888//2051 5887//2050
f 5408//1571 5409//1572 5889//2052 5888//2051
f 5409//1572 5410//1573 5890//2053 5889//2052
f 5410//1573 5411//1574 5891//2054 5890//2053
f 5411//1574 5412//1575 5892//2055 5891//2054
f 5412//1575 5413//1576 5893//2056 5892//2055
f 5413//1576 5414//1577 5894//2057 5893//2056
f 5414//1577 5415//1578 5895//2058 5894//2057
f 5415//1578 5416//1579 5896//2059 5895//2058
f 5416//1579 5417//1580 5897//2060 5896//2059
f 5417//1580 5418//1581 5898//2061 5897//2060
f 5418//1581 5419//1582 5899//2062 5898//2061
f 5419//1582 5420//1583 5900//2063 5899//2062
f 5420//1583 5421//1584 5901//2064 5900//2063
f 5421//1584 5422//1585 5902//2065 5901//2064
f 5422//1585 5423//1586 5903//2066 5902//2065
f 5423//1586 5424//1587 5904//2067 5903//2066
f 5424//1587 5425//1588 5905//2068 5904//2067
f 5425//1588 5426//1589 5906//2069 5905//2068
f 5426//1589 5427//1590 5907//2070 5906//2069
f 5427//1590 5428//1591 5908//2071 5907//2070
f 5428//1591 5429//1592 5909//2072 5908//2071
f 5429//1592 5430//1593 5910//2073 5909//2072
f 5430//1593 5431//1594 5911//2074 5910//2073
f 5431//1594 5432//1595 5912//2075 5911//2074
f 5432//1595 5433//1596 5913//2076 5912//2075
f 5433//1596 5434//1597 5914//2077 5913//2076
f 5434//1597 5435//1598 5915//2078 5914//2077
f 5435//1598 5436//1599 5916//2079 5915//2078
f 5436//1599 5437//1600 5917//2080 5916//2079
f 5437//1600 5438//1601 5918//2081 5917//2080
f 5438//1601 5439//1602 5919//2082 5918//2081
f 5439//1602 5440//1603 5920//2083 5919//2082
f 5440//1603 5441//1604 5921//2084 5920//2083
f 5441//1604 5442//1605 5922//2085 5921//2084
f 5442//1605 5443//1606 5923//2086 5922//2085
f 5443//1606 5444//1607 5924//2087 5923//2086
f 5444//1607 5445//1608 5925//2088 5924//2087
f 5445//1608 5446//1609 5926//2089 5925//2088
f 5446//1609 5447//1610 5927//2090 5926//2089
f 5447//1610 5448//1611 5928//2091 5927//2090
f 5448//1611 5449//1612 5929//2092 5928//2091
f 5449//1612 5450//1613 5930//2093 5929//2092
f 5450//1613 5451//1614 5931//2094 5930//2093
f 5451//1614 5452//1615 5932//2095 5931//2094
f 5452//1615 5453//1616 5933//2096 5932//2095
f 5453//1616 5454//1617 5934//2097 5933//2096
f 5454//1617 5455//1618 5935//2098 5934//2097
f 5455//1618 5456//1619 5936//2099 5935//2098
f 5456//1619 5457//1620 5937//2100 5936//2099
f 5457//1620 5458//1621 5938//2101 5937//2100
f 5458//1621 5459//1622 5939//2102 5938//2101
f 5459//1622 5460//1623 5940//2103 5939//2102
f 5460//1623 5461//1624 5941//2104 5940//2103
f 5461//1624 5462//1625 5942//2105 5941//2104
f 5462//1625 5463//1626 5943//2106 5942//2105
f 5463//1626 5464//1627 5944//2107 5943//2106
f 5464//1627 5465//1628 5945//2108 5944//2107
f 5465//1628 5466//1629 5946//2109 5945//2108
f 5466//1629 5467//1630 5947//2110 5946//2109
f 5467//1630 5468//1631 5948//2111 5947//2110
f 5468//1631 5469//1632 5949//2112 5948//2111
f 5469//1632 5470//1633 5950//2113 5949//2112
f 5470//1633 5471//1634 5951//2114 5950//2113
f 5471//1634 5472//1635 5952//2115 5951//2114
f 5472//1635 5473//1636 5953//2116 5952//2115
f 5473//1636 5474//1637 5954//2117 5953//2116
f 5474//1637 5475//1638 5955//2118 5954//2117
f 5475//1638 5476//1639 5956//2119 5955//2118
f 5476//1639 5477//1640 5957//2120 5956//2119
f 5477//1640 5478//1641 5958//2121 5957//2120
f 5478//1641 5479//1642 5959//2122 5958//2121
f 5479//1642 5480//1643 5960//2123 5959//2122
f 5480//1643 5481//1644 5961//2124 5960//2123
f 5481//1644 5482//1645 5962//2125 5961//2124
f 5482//1645 5483//1646 5963//2126 5962//2125
f 5483//1646 5484//1647 5964//2127 5963//2126
f 5484//1647 5485//1648 5965//2128 5964//2127
f 5485//1648 5486//1649 5966//2129 5965//2128
f 5486//1649 5487//1650 5967//2130 5966//2129
f 5487//1650 5488//1651 5968//2131 5967//2130
f 5488//1651 5489//1652 5969//2132 5968//2131
f 5489//1652 5490//1653 5970//2133 5969//2132
f 5490//1653 5491//1654 5971//2134 5970//2133
f 5491//1654 5492//1655 5972//2135 5971//2134
f 5492//1655 5493//1656 5973//2136 5972//2135
f 5493//1656 5494//1657 5974//2137 5973//2136
f 5494//1657 5495//1658 5975//2138 5974//2137
f 5495//1658 5496//1659 5976//2139 5975//2138
f 5496//1659 5497//1660 5977//2140 5976//2139
f 5497//1660 5498//1661 5978//2141 5977//2140
f 5498//1661 5499//1662 5979//2142 5978//2141
f 5499//1662 5500//1663 5980//2143 5979//2142
f 5500//1663 5501//1664 5981//2144 5980//2143
f 5501//1664 5502//1665 5982//2145 5981//2144
f 5502//1665 5503//1666 5983//2146 5982//2145
f 5503//1666 5504//1667 5984//2147 5983//2146
f 5504//1667 5505//1668 5985//2148 5984//2147
f 5505//1668 5506//1669 5986//2149 5985//2148
f 5506//1669 5507//1670 5987//2150 5986//2149
f 5507//1670 5508//1671 5988//2151 5987//2150
f 5508//1671 5509//1672 5989//2152 5988//2151
f 5509//1672 5510//1673 5990//2153 5989//2152
f 5510//1673 5511//1674 5991//2154 5990//2153
f 5511//1674 5512//1675 5992//2155 5991//2154
f 5512//1675 5513//1676 5993//2156 5992//2155
f 5513//1676 5514//1677 5994//2157 5993//2156
f 5514//1677 5515//1678 5995//2158 5994//2157
f 5515//1678 5516//1679 5996//2159 5995//2158
f 5516//1679 5517//1680 5997//2160 5996//2159
f 5517//1680 5518//1681 5998//2161 5997//2160
f 5518//1681 5519//1682 5999//2162 5998//2161
f 5519//1682 5520//1683 6000//2163 5999//2162
f 5520//1683 5521//1684 6001//2164 6000//2163
f 5521//1684 5522//1685 6002//2165 6001//2164
f 5522//1685 5523//1686 6003//2166 6002//2165
f 5523//1686 5524//1687 6004//2167 6003//2166
f 5524//1687 5525//1688 6005//2168 6004//2167
f 5525//1688 5526//1689 6006//2169 6005//2168
f 5526//1689 5527//1690 6007//2170 6006//2169
f 5527//1690 5528//1691 6008//2171 6007//2170
f 5528//1691 5529//1692 6009//2172 6008//2171
f 5529//1692 5530//1693 6010//2173 6009//2172
f 5530//1693 5531//1694 6011//2174 6010//2173
f 5531//1694 5532//1695 6012//2175 6011//2174
f 5532//1695 5533//1696 6013//2176 6012//2175
f 5533//1696 5534//1697 6014//2177 6013//2176
f 5534//1697 5535//1698 6015//2178 6014//2177
f 5535//1698 5536//1699 6016//2179 6015//2178
f 5536//1699 5537//1700 6017//2180 6016//2179
f 5537//1700 5538//1701 6018//2181 6017//2180
f 5538//1701 5539//1702 6019//2182 6018//2181
f 5539//1702 5540//1703 6020//2183 6019//2182
f 5540//1703 5541//1704 6021//2184 6020//2183
f 5541//1704 5542//1705 6022//2185 6021//2184
f 5542//1705 5543//1706 6023//2186 6022//2185
f 5543//1706 5544//1707 6024//2187 6023//2186
f 5544//1707 5545//1708 6025//2188 6024//2187
f 5545//1708 5546//1709 6026//2189 6025//2188
f 5546//1709 5547//1710 6027//2190 6026//2189
f 5547//1710 5548//1711 6028//2191 6027//2190
f 5548//1711 5549//1712 6029//2192 6028//2191
f 5549//1712 5550//1713 6030//2193 6029//2192
f 5550//1713 5551//1714 6031//2194 6030//2193
f 5551//1714 5552//1715 6032//2195 6031//2194
f 5552//1715 5553//1716 6033//2196 6032//2195
f 5553//1716 5554//1717 6034//2197 6033//2196
f 5554//1717 5555//1718 6035//2198 6034//2197
f 5555//1718 5556//1719 6036//2199 6035//2198
f 5556//1719 5557//1720 6037//2200 6036//2199
f 5557//1720 5558//1721 6038//2201 6037//2200
f 5558//1721 5559//1722 6039//2202 6038//2201
f 5559//1722 5560//1723 6040//2203 6039//2202
f 5560//1723 5561//1724 6041//2204 6040//2203
f 5561//1724 5562//1725 6042//2205 6041//2204
f 5562//1725 5563//1726 6043//2206 6042//2205
f 5563//1726 5564//1727 6044//2207 6043//2206
f 5564//1727 5565//1728 6045//2208 6044//2207
f 5565//1728 5566//1729 6046//2209 6045//2208
f 5566//1729 5567//1730 6047//2210 6046//2209
f 5567//1730 5568//1731 6048//2211 6047//2210
f 5568//1731 5569//1732 6049//2212 6048//2211
f 5569//1732 5570//1733 6050//2213 6049//2212
f 5570//1733 5571//1734 6051//2214 6050//2213
f 5571//1734 5572//1735 6052//2215 6051//2214
f 5572//1735 5573//1736 6053//2216 6052//2215
f 5573//1736 5574//1737 6054//2217 6053//2216
f 5574//1737 5575//1738 6055//2218 6054//2217
f 5575//1738 5576//1739 6056//2219 6055//2218
f 5576//1739 5577//1740 6057//2220 6056//2219
f 5577//1740 5578//1741 6058//2221 6057//2220
f 5578//1741 5579//1742 6059//2222 6058//2221
f 5579//1742 5580//1743 6060//2223 6059//2222
f 5580//1743 5581//1744 6061//2224 6060//2223
f 5581//1744 5582//1745 6062//2225 6061//2224
f 5582//1745 5583//1746 6063//2226 6062//2225
f 5583//1746 5584//1747 6064//2227 6063//2226
f 5584//1747 5585//1748 6065//2228 6064//2227
f 5585//1748 5586//1749 6066//2229 6065//2228
f 5586//1749 5587//1750 6067//2230 6066//2229
f 5587//1750 5588//1751 6068//2231 6067//2230
f 5588//1751 5589//1752 6069//2232 6068//2231
f 5589//1752 5590//1753 6070//2233 6069//2232
f 5590//1753 5591//1754 6071//2234 6070//2233
f 5591//1754 5592//1755 6072//2235 6071//2234
f 5592//1755 5593//1756 6073//2236 6072//2235
f 5593//1756 5594//1757 6074//2237 6073//2236
f 5594//1757 5595//1758 6075//2238 6074//2237
f 5595//1758 5596//1759 6076//2239 6075//2238
f 5596//1759 5597//1760 6077//2240 6076//2239
f 5597//1760 5598//1761 6078//2241 6077//2240
f 5598//1761 5599//1762 6079//2242 6078//2241
f 5599//1762 5600//1763 6080//2243 6079//2242
f 5600//1763 5601//1764 6081//2244 6080//2243
f 5601//1764 5602//1765 6082//2245 6081//2244
f 5602//1765 5603//1766 6083//2246 6082//2245
f 5603//1766 5604//1767 6084//2247 6083//2246
f 5604//1767 5605//1768 6085//2248 6084//2247
f 5605//1768 5606//1769 6086//2249 6085//2248
f 5606//1769 5607//1770 6087//2250 6086//2249
f 5607//1770 5608//1771 6088//2251 6087//2250
f 5608//1771 5609//1772 6089//2252 6088//2251
f 5609//1772 5610//1773 6090//2253 6089//2252
f 5610//1773 5611//1774 6091//2254 6090//2253
f 5611//1774 5612//1775 6092//2255 6091//2254
f 5612//1775 5613//1776 6093//2256 6092//2255
f 5613//1776 5614//1777 6094//2257 6093//2256
f 5614//1777 5615//1778 6095//2258 6094//2257
f 5615//1778 5616//1779 6096//2259 6095//2258
f 5616//1779 5617//1780 6097//2260 6096//2259
f 5617//1780 5618//1781 6098//2261 6097//2260
f 5618//1781 5619//1782 6099//2262 6098//2261
f 5619//1782 5620//1783 6100//2263 6099//2262
f 5620//1783 5621//1784 6101//2264 6100//2263
f 5621//1784 5622//1785 6102//2265 6101//2264
f 5622//1785 5623//1786 6103//2266 6102//2265
f 5623//1786 5624//1787 6104//2267 6103//2266
f 5624//1787 5625//1788 6105//2268 6104//2267
f 5625//1788 5626//1789 6106//2269 6105//2268
f 5626//1789 5627//1790 6107//2270 6106//2269
f 5627//1790 5628//1791 6108//2271 6107//2270
f 5628//1791 5629//1792 6109//2272 6108//2271
f 5629//1792 5630//1793 6110//2273 6109//2272
f 5630//1793 5631//1794 6111//2274 6110//2273
f 5631//1794 5632//1795 6112//2275 6111//2274
f 5632//1795 5633//1796 6113//2276 6112//2275
f 5633//1796 5634//1797 6114//2277 6113//2276
f 5634//1797 5635//1798 6115//2278 6114//2277
f 5635//1798 5636//1799 6116//2279 6115//2278
f 5636//1799 5637//1800 6117//2280 6116//2279
f 5637//1800 5638//1801 6118//2281 6117//2280
f 5638//1801 5639//1802 6119//2282 6118//2281
f 5639//1802 5640//1803 6120//2283 6119//2282
f 5640//1803 5641//1804 6121//2284 6120//2283
f 5641//1804 5642//1805 6122//2285 6121//2284
f 5642//1805 5643//1806 6123//2286 6122//2285
f 5643//1806 5644//1807 6124//2287 6123//2286
f 5644//1807 5645//1808 6125//2288 6124//2287
f 5645//1808 5646//1809 6126//2289 6125//2288
f 5646//1809 5647//1810 6127//2290 6126//2289
f 5647//1810 5648//1811 6128//2291 6127//2290
f 5648//1811 5649//1812 6129//2292 6128//2291
f 5649//1812 5650//1813 6130//2293 6129//2292
f 5650//1813 5651//1814 6131//2294 6130//2293
f 5651//1814 5652//1815 6132//2295 6131//2294
f 5652//1815 5653//1816 6133//2296 6132//2295
f 5653//1816 5654//1817 6134//2297 6133//2296
f 5654//1817 5655//1818 6135//2298 6134//2297
f 5655//1818 5656//1819 6136//2299 6135//2298
f 5656//1819 5657//1820 6137//2300 6136//2299
f 5657//1820 5658//1821 6138//2301 6137//2300
f 5658//1821 5659//1822 6139//2302 6138//2301
f 5659//1822 5660//1823 6140//2303 6139//2302
f 5660//1823 5661//1824 6141//2304 6140//2303
f 5661//1824 5662//1825 6142//2305 6141//2304
f 5662//1825 5663//1826 6143//2306 6142//2305
f 5663//1826 5664//1827 6144//2307 6143//2306
f 5664//1827 5665//1828 6145//2308 6144//2307
f 5665//1828 5666//1829 6146//2309 6145//2308
f 5666//1829 5667//1830 6147//2310 6146//2309
f 5667//1830 5668//1831 6148//2311 6147//2310
f 5668//1831 5669//1832 6149//2312 6148//2311
f 5669//1832 5670//1833 6150//2313 6149//2312
f 5670//1833 5671//1834 6151//2314 6150//2313
f 5671//1834 5672//1835 6152//2315 6151//2314
f 5672//1835 5673//1836 6153//2316 6152//2315
f 5673//1836 5674//1837 6154//2317 6153//2316
f 5674//1837 5675//1838 6155//2318 6154//2317
f 5675//1838 5676//1839 6156//2319 6155//2318
f 5676//1839 5677//1840 6157//2320 6156//2319
f 5677//1840 5678//1841 6158//2321 6157//2320
f 5678//1841 5679//1842 6159//2322 6158//2321
f 5679//1842 5680//1843 6160//2323 6159//2322
f 5680//1843 5681//1844 6161//2324 6160//2323
f 5681//1844 5682//1845 6162//2325 6161//2324
f 5682//1845 5683//1846 6163//2326 6162//2325
f 5683//1846 5684//1847 6164//2327 6163//2326
f 5684//1847 5685//1848 6165//2328 6164//2327
f 5685//1848 5686//1849 6166//2329 6165//2328
f 5686//1849 5687//1850 6167//2330 6166//2329
f 5687//1850 5688//1851 6168//2331 6167//2330
f 5688//1851 5689//1852 6169//2332 6168//2331
f 5689//1852 5690//1853 6170//2333 6169//2332
f 5690//1853 5691//1854 6171//2334 6170//2333
f 5691//1854 5692//1855 6172//2335 6171//2334
f 5692//1855 5693//1856 6173//2336 6172//2335
f 5693//1856 5694//1857 6174//2337 6173//2336
f 5694//1857 5695//1858 6175//2338 6174//2337
f 5695//1858 5696//1859 6176//2339 6175//2338
f 5696//1859 5697//1860 6177//2340 6176//2339
f 5697//1860 5698//1861 6178//2341 6177//2340
f 5698//1861 5699//1862 6179//2342 6178//2341
f 5699//1862 5700//1863 6180//2343 6179//2342
f 5700//1863 5701//1864 6181//2344 6180//2343
f 5701//1864 5702//1865 6182//2345 6181//2344
f 5702//1865 5703//1866 6183//2346 6182//2345
f 5703//1866 5704//1867 6184//2347 6183//2346
f 5704//1867 5705//1868 6185//2348 6184//2347
f 5705//1868 5706//1869 6186//2349 6185//2348
f 5706//1869 5707//1870 6187//2350 6186//2349
f 5707//1870 5708//1871 6188//2351 6187//2350
f 5708//1871 5709//1872 6189//2352 6188//2351
f 5709//1872 5710//1873 6190//2353 6189//2352
f 5710//1873 5711//1874 6191//2354 6190//2353
f 5711//1874 5712//1875 6192//2355 6191//2354
f 5712//1875 5713//1876 6193//2356 6192//2355
f 5713//1876 5714//1877 6194//2357 6193//2356
f 5714//1877 5715//1878 6195//2358 6194//2357
f 5715//1878 5716//1879 6196//2359 6195//2358
f 5716//1879 5717//1880 6197//2360 6196//2359
f 5717//1880 5718//1881 6198//2361 6197//2360
f 5718//1881 5719//1882 6199//2362 6198//2361
f 5719//1882 5720//1883 6200//2363 6199//2362
f 5720//1883 5721//1884 6201//2364 6200//2363
f 5721//1884 5722//1885 6202//2365 6201//2364
f 5722//1885 5723//1886 6203//2366 6202//2365
f 5723//1886 5724//1887 6204//2367 6203//2366
f 5724//1887 5725//1888 6205//2368 6204//2367
f 5725//1888 5726//1889 6206//2369 6205//2368
f 5726//1889 5727//1890 6207//2370 6206//2369
f 5727//1890 5728//1891 6208//2371 6207//2370
f 5728//1891 5729//1892 6209//2372 6208//2371
f 5729//1892 5730//1893 6210//2373 6209//2372
f 5730//1893 5731//1894 6211//2374 6210//2373
f 5731//1894 5732//1895 6212//2375 6211//2374
f 5732//1895 5733//1896 6213//2376 6212//2375
f 5733//1896 5734//1897 6214//2377 6213//2376
f 5734//1897 5735//1898 6215//2378 6214//2377
f 5735//1898 5736//1899 6216//2379 6215//2378
f 5736//1899 5737//1900 6217//2380 6216//2379
f 5737//1900 5738//1901 6218//2381 6217//2380
f 5738//1901 5739//1902 6219//2382 6218//2381
f 5739//1902 5740//1903 6220//2383 6219//2382
f 5740//1903 5741//1904 6221//2384 6220//2383
f 5741//1904 5742//1905 6222//2385 6221//2384
f 5742//1905 5743//1906 6223//2386 6222//2385
f 5743//1906 5744//1907 6224//2387 6223//2386
f 5744//1907 5745//1908 6225//2388 6224//2387
f 5745//1908 5746//1909 6226//2389 6225//2388
f 5746//1909 5747//1910 6227//2390 6226//2389
f 5747//1910 5748//1911 6228//2391 6227//2390
f 5748//1911 5749//1912 6229//2392 6228//2391
f 5749//1912 5750//1913 6230//2393 6229//2392
f 5750//1913 5751//1914 6231//2394 6230//2393
f 5751//1914 5752//1915 6232//2395 6231//2394
f 5752//1915 5753//1916 6233//2396 6232//2395
f 5753//1916 5754//1917 6234//2397 6233//2396
f 5754//1917 5755//1918 6235//2398 6234//2397
f 5755//1918 5756//1919 6236//2399 6235//2398
f 5756//1919 5757//1920 6237//2400 6236//2399
f 5757//1920 5758//1921 6238//2401 6237//2400
f 5758//1921 5759//1922 6239//2402 6238//2401
f 5759//1922 5760//1923 6240//2403 6239//2402
f 5760//1923 5281//1444 5761//1924 6240//2403
f 5761//1924 5762//1925 6242//2405 6241//2404
f 5762//1925 5763//1926 6243//2406 6242//2405
f 5763//1926 5764//1927 6244//2407 6243//2406
f 5764//1927 5765//1928 6245//2408 6244//2407
f 5765//1928 5766//1929 6246//2409 6245//2408
f 5766//1929 5767//1930 6247//2410 6246//2409
f 5767//1930 5768//1931 6248//2411 6247//2410
f 5768//1931 5769//1932 6249//2412 6248//2411
f 5769//1932 5770//1933 6250//2413 6249//2412
f 5770//1933 5771//1934 6251//2414 6250//2413
f 5771//1934 5772//1935 6252//2415 6251//2414
f 5772//1935 5773//1936 6253//2416 6252//2415
f 5773//1936 5774//1937 6254//2417 6253//2416
f 5774//1937 5775//1938 6255//2418 6254//2417
f 5775//1938 5776//1939 6256//2419 6255//2418
f 5776//1939 5777//1940 6257//2420 6256//2419
f 5777//1940 5778//1941 6258//2421 6257//2420
f 5778//1941 5779//1942 6259//2422 6258//2421
f 5779//1942 5780//1943 6260//2423 6259//2422
f 5780//1943 5781//1944 6261//2424 6260//2423
f 5781//1944 5782//1945 6262//2425 6261//2424
f 5782//1945 5783//1946 6263//2426 6262//2425
f 5783//1946 5784//1947 6264//2427 6263//2426
f 5784//1947 5785//1948 6265//2428 6264//2427
f 5785//1948 5786//1949 6266//2429 6265//2428
f 5786//1949 5787//1950 6267//2430 6266//2429
f 5787//1950 5788//1951 6268//2431 6267//2430
f 5788//1951 5789//1952 6269//2432 6268//2431
f 5789//1952 5790//1953 6270//2433 6269//2432
f 5790//1953 5791//1954 6271//2434 6270//2433
f 5791//1954 5792//1955 6272//2435 6271//2434
f 5792//1955 5793//1956 6273//2436 6272//2435
f 5793//1956 5794//1957 6274//2437 6273//2436
f 5794//1957 5795//1958 6275//2438 6274//2437
f 5795//1958 5796//1959 6276//2439 6275//2438
f 5796//1959 5797//1960 6277//2440 6276//2439
f 5797//1960 5798//1961 6278//2441 6277//2440
f 5798//1961 5799//1962 6279//2442 6278//2441
f 5799//1962 5800//1963 6280//2443 6279//2442
f 5800//1963 5801//1964 6281//2444 6280//2443
f 5801//1964 5802//1965 6282//2445 6281//2444
f 5802//1965 5803//1966 6283//2446 6282//2445
f 5803//1966 5804//1967 6284//2447 6283//2446
f 5804//1967 5805//1968 6285//2448 6284//2447
f 5805//1968 5806//1969 6286//2449 6285//2448
f 5806//1969 5807//1970 6287//2450 6286//2449
f 5807//1970 5808//1971 6288//2451 6287//2450
f 5808//1971 5809//1972 6289//2452 6288//2451
f 5809//1972 5810//1973 6290//2453 6289//2452
f 5810//1973 5811//1974 6291//2454 6290//2453
f 5811//1974 5812//1975 6292//2455 6291//2454
f 5812//1975 5813//1976 6293//2456 6292//2455
f 5813//1976 5814//1977 6294//2457 6293//2456
f 5814//1977 5815//1978 6295//2458 6294//2457
f 5815//1978 5816//1979 6296//2459 6295//2458
f 5816//1979 5817//1980 6297//2460 6296//2459
f 5817//1980 5818//1981 6298//2461 6297//2460
f 5818//1981 5819//1982 6299//2462 6298//2461
f 5819//1982 5820//1983 6300//2463 6299//2462
f 5820//1983 5821//1984 6301//2464 6300//2463
f 5821//1984 5822//1985 6302//2465 6301//2464
f 5822//1985 5823//1986 6303//2466 6302//2465
f 5823//1986 5824//1987 6304//2467 6303//2466
f 5824//1987 5825//1988 6305//2468 6304//2467
f 5825//1988 5826//1989 6306//2469 6305//2468
f 5826//1989 5827//1990 6307//2470 6306//2469
f 5827//1990 5828//1991 6308//2471 6307//2470
f 5828//1991 5829//1992 6309//2472 6308//2471
f 5829//1992 5830//1993 6310//2473 6309//2472
f 5830//1993 5831//1994 6311//2474 6310//2473
f 5831//1994 5832//1995 6312//2475 6311//2474
f 5832//1995 5833//1996 6313//2476 6312//2475
f 5833//1996 5834//1997 6314//2477 6313//2476
f 5834//1997 5835//1998 6315//2478 6314//2477
f 5835//1998 5836//1999 6316//2479 6315//2478
f 5836//1999 5837//2000 6317//2480 6316//2479
f 5837//2000 5838//2001 6318//2481 6317//2480
f 5838//2001 5839//2002 6319//2482 6318//2481
f 5839//2002 5840//2003 6320//2483 6319//2482
f 5840//2003 5841//2004 6321//2484 6320//2483
f 5841//2004 5842//2005 6322//2485 6321//2484
f 5842//2005 5843//2006 6323//2486 6322//2485
f 5843//2006 5844//2007 6324//2487 6323//2486
f 5844//2007 5845//2008 6325//2488 6324//2487
f 5845//2008 5846//2009 6326//2489 6325//2488
f 5846//2009 5847//2010 6327//2490 6326//2489
f 5847//2010 5848//2011 6328//2491 6327//2490
f 5848//2011 5849//2012 6329//2492 6328//2491
f 5849//2012 5850//2013 6330//2493 6329//2492
f 5850//2013 5851//2014 6331//2494 6330//2493
f 5851//2014 5852//2015 6332//2495 6331//2494
f 5852//2015 5853//2016 6333//2496 6332//2495
f 5853//2016 5854//2017 6334//2497 6333//2496
f 5854//2017 5855//2018 6335//2498 6334//2497
f 5855//2018 5856//2019 6336//2499 6335//2498
f 5856//2019 5857//2020 6337//2500 6336//2499
f 5857//2020 5858//2021 6338//2501 6337//2500
f 5858//2021 5859//2022 6339//2502 6338//2501
f 5859//2022 5860//2023 6340//2503 6339//2502
f 5860//2023 5861//2024 6341//2504 6340//2503
f 5861//2024 5862//2025 6342//2505 6341//2504
f 5862//2025 5863//2026 6343//2506 6342//2505
f 5863//2026 5864//2027 6344//2507 6343//2506
f 5864//2027 5865//2028 6345//2508 6344//2507
f 5865//2028 5866//2029 6346//2509 6345//2508
f 5866//2029 5867//2030 6347//2510 6346//2509
f 5867//2030 5868//2031 6348//2511 6347//2510
f 5868//2031 5869//2032 6349//2512 6348//2511
f 5869//2032 5870//2033 6350//2513 6349//2512
f 5870//2033 5871//2034 6351//2514 6350//2513
f 5871//2034 5872//2035 6352//2515 6351//2514
f 5872//2035 5873//2036 6353//2516 6352//2515
f 5873//2036 5874//2037 6354//2517 6353//2516
f 5874//2037 5875//2038 6355//2518 6354//2517
f 5875//2038 5876//2039 6356//2519 6355//2518
f 5876//2039 5877//2040 6357//2520 6356//2519
f 5877//2040 5878//2041 6358//2521 6357//2520
f 5878//2041 5879//2042 6359//2522 6358//2521
f 5879//2042 5880//2043 6360//2523 6359//2522
f 5880//2043 5881//2044 6361//2524 6360//2523
f 5881//2044 5882//2045 6362//2525 6361//2524
f 5882//2045 5883//2046 6363//2526 6362//2525
f 5883//2046 5884//2047 6364//2527 6363//2526
f 5884//2047 5885//2048 6365//2528 6364//2527
f 5885//2048 5886//2049 6366//2529 6365//2528
f 5886//2049 5887//2050 6367//2530 6366//2529
f 5887//2050 5888//2051 6368//2531 6367//2530
f 5888//2051 5889//2052 6369//2532 6368//2531
f 5889//2052 5890//2053 6370//2533 6369//2532
f 5890//2053 5891//2054 6371//2534 6370//2533
f 5891//2054 5892//2055 6372//2535 6371//2534
f 5892//2055 5893//2056 6373//2536 6372//2535
f 5893//2056 5894//2057 6374//2537 6373//2536
f 5894//2057 5895//2058 6375//2538 6374//2537
f 5895//2058 5896//2059 6376//2539 6375//2538
f 5896//2059 5897//2060 6377//2540 6376//2539
f 5897//2060 5898//2061 6378//2541 6377//2540
f 5898//2061 5899//2062 6379//2542 6378//2541
f 5899//2062 5900//2063 6380//2543 6379//2542
f 5900//2063 5901//2064 6381//2544 6380//2543
f 5901//2064 5902//2065 6382//2545 6381//2544
f 5902//2065 5903//2066 6383//2546 6382//2545
f 5903//2066 5904//2067 6384//2547 6383//2546
f 5904//2067 5905//2068 6385//2548 6384//2547
f 5905//2068 5906//2069 6386//2549 6385//2548
f 5906//2069 5907//2070 6387//2550 6386//2549
f 5907//2070 5908//2071 6388//2551 6387//2550
f 5908//2071 5909//2072 6389//2552 6388//2551
f 5909//2072 5910//2073 6390//2553 6389//2552
f 5910//2073 5911//2074 6391//2554 6390//2553
f 5911//2074 5912//2075 6392//2555 6391//2554
f 5912//2075 5913//2076 6393//2556 6392//2555
f 5913//2076 5914//2077 6394//2557 6393//2556
f 5914//2077 5915//2078 6395//2558 6394//2557
f 5915//2078 5916//2079 6396//2559 6395//2558
f 5916//2079 5917//2080 6397//2560 6396//2559
f 5917//2080 5918//2081 6398//2561 6397//2560
f 5918//2081 5919//2082 6399//2562 6398//2561
f 5919//2082 5920//2083 6400//2563 6399//2562
f 5920//2083 5921//2084 6401//2564 6400//2563
f 5921//2084 5922//2085 6402//2565 6401//2564
f 5922//2085 5923//2086 6403//2566 6402//2565
f 5923//2086 5924//2087 6404//2567 6403//2566
f 5924//2087 5925//2088 6405//2568 6404//2567
f 5925//2088 5926//2089 6406//2569 6405//2568
f 5926//2089 5927//2090 6407//2570 6406//2569
f 5927//2090 5928//2091 6408//2571 6407//2570
f 5928//2091 5929//2092 6409//2572 6408//2571
f 5929//2092 5930//2093 6410//2573 6409//2572
f 5930//2093 5931//2094 6411//2574 6410//2573
f 5931//2094 5932//2095 6412//2575 6411//2574
f 5932//2095 5933//2096 6413//2576 6412//2575
f 5933//2096 5934//2097 6414//2577 6413//2576
f 5934//2097 5935//2098 6415//2578 6414//2577
f 5935//2098 5936//2099 6416//2579 6415//2578
f 5936//2099 5937//2100 6417//2580 6416//2579
f 5937//2100 5938//2101 6418//2581 6417//2580
f 5938//2101 5939//2102 6419//2582 6418//2581
f 5939//2102 5940//2103 6420//2583 6419//2582
f 5940//2103 5941//2104 6421//2584 6420//2583
f 5941//2104 5942//2105 6422//2585 6421//2584
f 5942//2105 5943//2106 6423//2586 6422//2585
f 5943//2106 5944//2107 6424//2587 6423//2586
f 5944//2107 5945//2108 6425//2588 6424//2587
f 5945//2108 5946//2109 6426//2589 6425//2588
f 5946//2109 5947//2110 6427//2590 6426//2589
f 5947//2110 5948//2111 6428//2591 6427//2590
f 5948//2111 5949//2112 6429//2592 6428//2591
f 5949//2112 5950//2113 6430//2593 6429//2592
f 5950//2113 5951//2114 6431//2594 6430//2593
f 5951//2114 5952//2115 6432//2595 6431//2594
f 5952//2115 5953//2116 6433//2596 6432//2595
f 5953//2116 5954//2117 6434//2597 6433//2596
f 5954//2117 5955//2118 6435//2598 6434//2597
f 5955//2118 5956//2119 6436//2599 6435//2598
f 5956//2119 5957//2120 6437//2600 6436//2599
f 5957//2120 5958//2121 6438//2601 6437//2600
f 5958//2121 5959//2122 6439//2602 6438//2601
f 5959//2122 5960//2123 6440//2603 6439//2602
f 5960//2123 5961//2124 6441//2604 6440//2603
f 5961//2124 5962//2125 6442//2605 6441//2604
f 5962//2125 5963//2126 6443//2606 6442//2605
f 5963//2126 5964//2127 6444//2607 6443//2606
f 5964//2127 5965//2128 6445//2608 6444//2607
f 5965//2128 5966//2129 6446//2609 6445//2608
f 5966//2129 5967//2130 6447//2610 6446//2609
f 5967//2130 5968//2131 6448//2611 6447//2610
f 5968//2131 5969//2132 6449//2612 6448//2611
f 5969//2132 5970//2133 6450//2613 6449//2612
f 5970//2133 5971//2134 6451//2614 6450//2613
f 5971//2134 5972//2135 6452//2615 6451//2614
f 5972//2135 5973//2136 6453//2616 6452//2615
f 5973//2136 5974//2137 6454//2617 6453//2616
f 5974//2137 5975//2138 6455//2618 6454//2617
f 5975//2138 5976//2139 6456//2619 6455//2618
f 5976//2139 5977//2140 6457//2620 6456//2619
f 5977//2140 5978//2141 6458//2621 6457//2620
f 5978//2141 5979//2142 6459//2622 6458//2621
f 5979//2142 5980//2143 6460//2623 6459//2622
f 5980//2143 5981//2144 6461//2624 6460//2623
f 5981//2144 5982//2145 6462//2625 6461//2624
f 5982//2145 5983//2146 6463//2626 6462//2625
f 5983//2146 5984//2147 6464//2627 6463//2626
f 5984//2147 5985//2148 6465//2628 6464//2627
f 5985//2148 5986//2149 6466//2629 6465//2628
f 5986//2149 5987//2150 6467//2630 6466//2629
f 5987//2150 5988//2151 6468//2631 6467//2630
f 5988//2151 5989//2152 6469//2632 6468//2631
f 5989//2152 5990//2153 6470//2633 6469//2632
f 5990//2153 5991//2154 6471//2634 6470//2633
f 5991//2154 5992//2155 6472//2635 6471//2634
f 5992//2155 5993//2156 6473//2636 6472//2635
f 5993//2156 5994//2157 6474//2637 6473//2636
f 5994//2157 5995//2158 6475//2638 6474//2637
f 5995//2158 5996//2159 6476//2639 6475//2638
f 5996//2159 5997//2160 6477//2640 6476//2639
f 5997//2160 5998//2161 6478//2641 6477//2640
f 5998//2161 5999//2162 6479//2642 6478//2641
f 5999//2162 6000//2163 6480//2643 6479//2642
f 6000//2163 6001//2164 6481//2644 6480//2643
f 6001//2164 6002//2165 6482//2645 6481//2644
f 6002//2165 6003//2166 6483//2646 6482//2645
f 6003//2166 6004//2167 6484//2647 6483//2646
f 6004//2167 6005//2168 6485//2648 6484//2647
f 6005//2168 6006//2169 6486//2649 6485//2648
f 6006//2169 6007//2170 6487//2650 6486//2649
f 6007//2170 6008//2171 6488//2651 6487//2650
f 6008//2171 6009//2172 6489//2652 6488//2651
f 6009//2172 6010//2173 6490//2653 6489//2652
f 6010//2173 6011//2174 6491//2654 6490//2653
f 6011//2174 6012//2175 6492//2655 6491//2654
f 6012//2175 6013//2176 6493//2656 6492//2655
f 6013//2176 6014//2177 6494//2657 6493//2656
f 6014//2177 6015//2178 6495//2658 6494//2657
f 6015//2178 6016//2179 6496//2659 6495//2658
f 6016//2179 6017//2180 6497//2660 6496//2659
f 6017//2180 6018//2181 6498//2661 6497//2660
f 6018//2181 6019//2182 6499//2662 6498//2661
f 6019//2182 6020//2183 6500//2663 6499//2662
f 6020//2183 6021//2184 6501//2664 6500//2663
f 6021//2184 6022//2185 6502//2665 6501//2664
f 6022//2185 6023//2186 6503//2666 6502//2665
f 6023//2186 6024//2187 6504//2667 6503//2666
f 6024//2187 6025//2188 6505//2668 6504//2667
f 6025//2188 6026//2189 6506//2669 6505//2668
f 6026//2189 6027//2190 6507//2670 6506//2669
f 6027//2190 6028//2191 6508//2671 6507//2670
f 6028//2191 6029//2192 6509//2672 6508//2671
f 6029//2192 6030//2193 6510//2673 6509//2672
f 6030//2193 6031//2194 6511//2674 6510//2673
f 6031//2194 6032//2195 6512//2675 6511//2674
f 6032//2195 6033//2196 6513//2676 6512//2675
f 6033//2196 6034//2197 6514//2677 6513//2676
f 6034//2197 6035//2198 6515//2678 6514//2677
f 6035//2198 6036//2199 6516//2679 6515//2678
f 6036//2199 6037//2200 6517//2680 6516//2679
f 6037//2200 6038//2201 6518//2681 6517//2680
f 6038//2201 6039//2202 6519//2682 6518//2681
f 6039//2202 6040//2203 6520//2683 6519//2682
f 6040//2203 6041//2204 6521//2684 6520//2683
f 6041//2204 6042//2205 6522//2685 6521//2684
f 6042//2205 6043//2206 6523//2686 6522//2685
f 6043//2206 6044//2207 6524//2687 6523//2686
f 6044//2207 6045//2208 6525//2688 6524//2687
f 6045//2208 6046//2209 6526//2689 6525//2688
f 6046//2209 6047//2210 6527//2690 6526//2689
f 6047//2210 6048//2211 6528//2691 6527//2690
f 6048//2211 6049//2212 6529//2692 6528//2691
f 6049//2212 6050//2213 6530//2693 6529//2692
f 6050//2213 6051//2214 6531//2694 6530//2693
f 6051//2214 6052//2215 6532//2695 6531//2694
f 6052//2215 6053//2216 6533//2696 6532//2695
f 6053//2216 6054//2217 6534//2697 6533//2696
f 6054//2217 6055//2218 6535//2698 6534//2697
f 6055//2218 6056//2219 6536//2699 6535//2698
f 6056//2219 6057//2220 6537//2700 6536//2699
f 6057//2220 6058//2221 6538//2701 6537//2700
f 6058//2221 6059//2222 6539//2702 6538//2701
f 6059//2222 6060//2223 6540//2703 6539//2702
f 6060//2223 6061//2224 6541//2704 6540//2703
f 6061//2224 6062//2225 6542//2705 6541//2704
f 6062//2225 6063//2226 6543//2706 6542//2705
f 6063//2226 6064//2227 6544//2707 6543//2706
f 6064//2227 6065//2228 6545//2708 6544//2707
f 6065//2228 6066//2229 6546//2709 6545//2708
f 6066//2229 6067//2230 6547//2710 6546//2709
f 6067//2230 6068//2231 6548//2711 6547//2710
f 6068//2231 6069//2232 6549//2712 6548//2711
f 6069//2232 6070//2233 6550//2713 6549//2712
f 6070//2233 6071//2234 6551//2714 6550//2713
f 6071//2234 6072//2235 6552//2715 6551//2714
f 6072//2235 6073//2236 6553//2716 6552//2715
f 6073//2236 6074//2237 6554//2717 6553//2716
f 6074//2237 6075//2238 6555//2718 6554//2717
f 6075//2238 6076//2239 6556//2719 6555//2718
f 6076//2239 6077//2240 6557//2720 6556//2719
f 6077//2240 6078//2241 6558//2721 6557//2720
f 6078//2241 6079//2242 6559//2722 6558//2721
f 6079//2242 6080//2243 6560//2723 6559//2722
f 6080//2243 6081//2244 6561//2724 6560//2723
f 6081//2244 6082//2245 6562//2725 6561//2724
f 6082//2245 6083//2246 6563//2726 6562//2725
f 6083//2246 6084//2247 6564//2727 6563//2726
f 6084//2247 6085//2248 6565//2728 6564//2727
f 6085//2248 6086//2249 6566//2729 6565//2728
f 6086//2249 6087//2250 6567//2730 6566//2729
f 6087//2250 6088//2251 6568//2731 6567//2730
f 6088//2251 6089//2252 6569//2732 6568//2731
f 6089//2252 6090//2253 6570//2733 6569//2732
f 6090//2253 6091//2254 6571//2734 6570//2733
f 6091//2254 6092//2255 6572//2735 6571//2734
f 6092//2255 6093//2256 6573//2736 6572//2735
f 6093//2256 6094//2257 6574//2737 6573//2736
f 6094//2257 6095//2258 6575//2738 6574//2737
f 6095//2258 6096//2259 6576//2739 6575//2738
f 6096//2259 6097//2260 6577//2740 6576//2739
f 6097//2260 6098//2261 6578//2741 6577//2740
f 6098//2261 6099//2262 6579//2742 6578//2741
f 6099//2262 6100//2263 6580//2743 6579//2742
f 6100//2263 6101//2264 6581//2744 6580//2743
f 6101//2264 6102//2265 6582//2745 6581//2744
f 6102//2265 6103//2266 6583//2746 6582//2745
f 6103//2266 6104//2267 6584//2747 6583//2746
f 6104//2267 6105//2268 6585//2748 6584//2747
f 6105//2268 6106//2269 6586//2749 6585//2748
f 6106//2269 6107//2270 6587//2750 6586//2749
f 6107//2270 6108//2271 6588//2751 6587//2750
f 6108//2271 6109//2272 6589//2752 6588//2751
f 6109//2272 6110//2273 6590//2753 6589//2752
f 6110//2273 6111//2274 6591//2754 6590//2753
f 6111//2274 6112//2275 6592//2755 6591//2754
f 6112//2275 6113//2276 6593//2756 6592//2755
f 6113//2276 6114//2277 6594//2757 6593//2756
f 6114//2277 6115//2278 6595//2758 6594//2757
f 6115//2278 6116//2279 6596//2759 6595//2758
f 6116//2279 6117//2280 6597//2760 6596//2759
f 6117//2280 6118//2281 6598//2761 6597//2760
f 6118//2281 6119//2282 6599//2762 6598//2761
f 6119//2282 6120//2283 6600//2763 6599//2762
f 6120//2283 6121//2284 6601//2764 6600//2763
f 6121//2284 6122//2285 6602//2765 6601//2764
f 6122//2285 6123//2286 6603//2766 6602//2765
f 6123//2286 6124//2287 6604//2767 6603//2766
f 6124//2287 6125//2288 6605//2768 6604//2767
f 6125//2288 6126//2289 6606//2769 6605//2768
f 6126//2289 6127//2290 6607//2770 6606//2769
f 6127//2290 6128//2291 6608//2771 6607//2770
f 6128//2291 6129//2292 6609//2772 6608//2771
f 6129//2292 6130//2293 6610//2773 6609//2772
f 6130//2293 6131//2294 6611//2774 6610//2773
f 6131//2294 6132//2295 6612//2775 6611//2774
f 6132//2295 6133//2296 6613//2776 6612//2775
f 6133//2296 6134//2297 6614//2777 6613//2776
f 6134//2297 6135//2298 6615//2778 6614//2777
f 6135//2298 6136//2299 6616//2779 6615//2778
f 6136//2299 6137//2300 6617//2780 6616//2779
f 6137//2300 6138//2301 6618//2781 6617//2780
f 6138//2301 6139//2302 6619//2782 6618//2781
f 6139//2302 6140//2303 6620//2783 6619//2782
f 6140//2303 6141//2304 6621//2784 6620//2783
f 6141//2304 6142//2305 6622//2785 6621//2784
f 6142//2305 6143//2306 6623//2786 6622//2785
f 6143//2306 6144//2307 6624//2787 6623//2786
f 6144//2307 6145//2308 6625//2788 6624//2787
f 6145//2308 6146//2309 6626//2789 6625//2788
f 6146//2309 6147//2310 6627//2790 6626//2789
f 6147//2310 6148//2311 6628//2791 6627//2790
f 6148//2311 6149//2312 6629//2792 6628//2791
f 6149//2312 6150//2313 6630//2793 6629//2792
f 6150//2313 6151//2314 6631//2794 6630//2793
f 6151//2314 6152//2315 6632//2795 6631//2794
f 6152//2315 6153//2316 6633//2796 6632//2795
f 6153//2316 6154//2317 6634//2797 6633//2796
f 6154//2317 6155//2318 6635//2798 6634//2797
f 6155//2318 6156//2319 6636//2799 6635//2798
f 6156//2319 6157//2320 6637//2800 6636//2799
f 6157//2320 6158//2321 6638//2801 6637//2800
f 6158//2321 6159//2322 6639//2802 6638//2801
f 6159//2322 6160//2323 6640//2803 6639//2802
f 6160//2323 6161//2324 6641//2804 6640//2803
f 6161//2324 6162//2325 6642//2805 6641//2804
f 6162//2325 6163//2326 6643//2806 6642//2805
f 6163//2326 6164//2327 6644//2807 6643//2806
f 6164//2327 6165//2328 6645//2808 6644//2807
f 6165//2328 6166//2329 6646//2809 6645//2808
f 6166//2329 6167//2330 6647//2810 6646//2809
f 6167//2330 6168//2331 6648//2811 6647//2810
f 6168//2331 6169//2332 6649//2812 6648//2811
f 6169//2332 6170//2333 6650//2813 6649//2812
f 6170//2333 6171//2334 6651//2814 6650//2813
f 6171//2334 6172//2335 6652//2815 6651//2814
f 6172//2335 6173//2336 6653//2816 6652//2815
f 6173//2336 6174//2337 6654//2817 6653//2816
f 6174//2337 6175//2338 6655//2818 6654//2817
f 6175//2338 6176//2339 6656//2819 6655//2818
f 6176//2339 6177//2340 6657//2820 6656//2819
f 6177//2340 6178//2341 6658//2821 6657//2820
f 6178//2341 6179//2342 6659//2822 6658//2821
f 6179//2342 6180//2343 6660//2823 6659//2822
f 6180//2343 6181//2344 6661//2824 6660//2823
f 6181//2344 6182//2345 6662//2825 6661//2824
f 6182//2345 6183//2346 6663//2826 6662//2825
f 6183//2346 6184//2347 6664//2827 6663//2826
f 6184//2347 6185//2348 6665//2828 6664//2827
f 6185//2348 6186//2349 6666//2829 6665//2828
f 6186//2349 6187//2350 6667//2830 6666//2829
f 6187//2350 6188//2351 6668//2831 6667//2830
f 6188//2351 6189//2352 6669//2832 6668//2831
f 6189//2352 6190//2353 6670//2833 6669//2832
f 6190//2353 6191//2354 6671//2834 6670//2833
f 6191//2354 6192//2355 6672//2835 6671//2834
f 6192//2355 6193//2356 6673//2836 6672//2835
f 6193//2356 6194//2357 6674//2837 6673//2836
f 6194//2357 6195//2358 6675//2838 6674//2837
f 6195//2358 6196//2359 6676//2839 6675//2838
f 6196//2359 6197//2360 6677//2840 6676//2839
f 6197//2360 6198//2361 6678//2841 6677//2840
f 6198//2361 6199//2362 6679//2842 6678//2841
f 6199//2362 6200//2363 6680//2843 6679//2842
f 6200//2363 6201//2364 6681//2844 6680//2843
f 6201//2364 6202//2365 6682//2845 6681//2844
f 6202//2365 6203//2366 6683//2846 6682//2845
f 6203//2366 6204//2367 6684//2847 6683//2846
f 6204//2367 6205//2368 6685//2848 6684//2847
f 6205//2368 6206//2369 6686//2849 6685//2848
f 6206//2369 6207//2370 6687//2850 6686//2849
f 6207//2370 6208//2371 6688//2851 6687//2850
f 6208//2371 6209//2372 6689//2852 6688//2851
f 6209//2372 6210//2373 6690//2853 6689//2852
f 6210//2373 6211//2374 6691//2854 6690//2853
f 6211//2374 6212//2375 6692//2855 6691//2854
f 6212//2375 6213//2376 6693//2856 6692//2855
f 6213//2376 6214//2377 6694//2857 6693//2856
f 6214//2377 6215//2378 6695//2858 6694//2857
f 6215//2378 6216//2379 6696//2859 6695//2858
f 6216//2379 6217//2380 6697//2860 6696//2859
f 6217//2380 6218//2381 6698//2861 6697//2860
f 6218//2381 6219//2382 6699//2862 6698//2861
f 6219//2382 6220//2383 6700//2863 6699//2862
f 6220//2383 6221//2384 6701//2864 6700//2863
f 6221//2384 6222//2385 6702//2865 6701//2864
f 6222//2385 6223//2386 6703//2866 6702//2865
f 6223//2386 6224//2387 6704//2867 6703//2866
f 6224//2387 6225//2388 6705//2868 6704//2867
f 6225//2388 6226//2389 6706//2869 6705//2868
f 6226//2389 6227//2390 6707//2870 6706//2869
f 6227//2390 6228//2391 6708//2871 6707//2870
f 6228//2391 6229//2392 6709//2872 6708//2871
f 6229//2392 6230//2393 6710//2873 6709//2872
f 6230//2393 6231//2394 6711//2874 6710//2873
f 6231//2394 6232//2395 6712//2875 6711//2874
f 6232//2395 6233//2396 6713//2876 6712//2875
f 6233//2396 6234//2397 6714//2877 6713//2876
f 6234//2397 6235//2398 6715//2878 6714//2877
f 6235//2398 6236//2399 6716//2879 6715//2878
f 6236//2399 6237//2400 6717//2880 6716//2879
f 6237//2400 6238//2401 6718//2881 6717//2880
f 6238//2401 6239//2402 6719//2882 6718//2881
f 6239//2402 6240//2403 6720//2883 6719//2882
f 6240//2403 5761//1924 6241//2404 6720//2883
f 6241//2404 6242//2405 6722//2885 6721//2884
f 6242//2405 6243//2406 6723//2886 6722//2885
f 6243//2406 6244//2407 6724//2887 6723//2886
f 6244//2407 6245//2408 6725//2888 6724//2887
f 6245//2408 6246//2409 6726//2889 6725//2888
f 6246//2409 6247//2410 6727//2890 6726//2889
f 6247//2410 6248//2411 6728//2891 6727//2890
f 6248//2411 6249//2412 6729//2892 6728//2891
f 6249//2412 6250//2413 6730//2893 6729//2892
f 6250//2413 6251//2414 6731//2894 6730//2893
f 6251//2414 6252//2415 6732//2895 6731//2894
f 6252//2415 6253//2416 6733//2896 6732//2895
f 6253//2416 6254//2417 6734//2897 6733//2896
f 6254//2417 6255//2418 6735//2898 6734//2897
f 6255//2418 6256//2419 6736//2899 6735//2898
f 6256//2419 6257//2420 6737//2900 6736//2899
f 6257//2420 6258//2421 6738//2901 6737//2900
f 6258//2421 6259//2422 6739//2902 6738//2901
f 6259//2422 6260//2423 6740//2903 6739//2902
f 6260//2423 6261//2424 6741//2904 6740//2903
f 6261//2424 6262//2425 6742//2905 6741//2904
f 6262//2425 6263//2426 6743//2906 6742//2905
f 6263//2426 6264//2427 6744//2907 6743//2906
f 6264//2427 6265//2428 6745//2908 6744//2907
f 6265//2428 6266//2429 6746//2909 6745//2908
f 6266//2429 6267//2430 6747//2910 6746//2909
f 6267//2430 6268//2431 6748//2911 6747//2910
f 6268//2431 6269//2432 6749//2912 6748//2911
f 6269//2432 6270//2433 6750//2913 6749//2912
f 6270//2433 6271//2434 6751//2914 6750//2913
f 6271//2434 6272//2435 6752//2915 6751//2914
f 6272//2435 6273//2436 6753//2916 6752//2915
f 6273//2436 6274//2437 6754//2917 6753//2916
f 6274//2437 6275//2438 6755//2918 6754//2917
f 6275//2438 6276//2439 6756//2919 6755//2918
f 6276//2439 6277//2440 6757//2920 6756//2919
f 6277//2440 6278//2441 6758//2921 6757//2920
f 6278//2441 6279//2442 6759//2922 6758//2921
f 6279//2442 6280//2443 6760//2923 6759//2922
f 6280//2443 6281//2444 6761//2924 6760//2923
f 6281//2444 6282//2445 6762//2925 6761//2924
f 6282//2445 6283//2446 6763//2926 6762//2925
f 6283//2446 6284//2447 6764//2927 6763//2926
f 6284//2447 6285//2448 6765//2928 6764//2927
f 6285//2448 6286//2449 6766//2929 6765//2928
f 6286//2449 6287//2450 6767//2930 6766//2929
f 6287//2450 6288//2451 6768//2931 6767//2930
f 6288//2451 6289//2452 6769//2932 6768//2931
f 6289//2452 6290//2453 6770//2933 6769//2932
f 6290//2453 6291//2454 6771//2934 6770//2933
f 6291//2454 6292//2455 6772//2935 6771//2934
f 6292//2455 6293//2456 6773//2936 6772//2935
f 6293//2456 6294//2457 6774//2937 6773//2936
f 6294//2457 6295//2458 6775//2938 6774//2937
f 6295//2458 6296//2459 6776//2939 6775//2938
f 6296//2459 6297//2460 6777//2940 6776//2939
f 6297//2460 6298//2461 6778//2941 6777//2940
f 6298//2461 6299//2462 6779//2942 6778//2941
f 6299//2462 6300//2463 6780//2943 6779//2942
f 6300//2463 6301//2464 6781//2944 6780//2943
f 6301//2464 6302//2465 6782//2945 6781//2944
f 6302//2465 6303//2466 6783//2946 6782//2945
f 6303//2466 6304//2467 6784//2947 6783//2946
f 6304//2467 6305//2468 6785//2948 6784//2947
f 6305//2468 6306//2469 6786//2949 6785//2948
f 6306//2469 6307//2470 6787//2950 6786//2949
f 6307//2470 6308//2471 6788//2951 6787//2950
f 6308//2471 6309//2472 6789//2952 6788//2951
f 6309//2472 6310//2473 6790//2953 6789//2952
f 6310//2473 6311//2474 6791//2954 6790//2953
f 6311//2474 6312//2475 6792//2955 6791//2954
f 6312//2475 6313//2476 6793//2956 6792//2955
f 6313//2476 6314//2477 6794//2957 6793//2956
f 6314//2477 6315//2478 6795//2958 6794//2957
f 6315//2478 6316//2479 6796//2959 6795//2958
f 6316//2479 6317//2480 6797//2960 6796//2959
f 6317//2480 6318//2481 6798//2961 6797//2960
f 6318//2481 6319//2482 6799//2962 6798//2961
f 6319//2482 6320//2483 6800//2963 6799//2962
f 6320//2483 6321//2484 6801//2964 6800//2963
f 6321//2484 6322//2485 6802//2965 6801//2964
f 6322//2485 6323//2486 6803//2966 6802//2965
f 6323//2486 6324//2487 6804//2967 6803//2966
f 6324//2487 6325//2488 6805//2968 6804//2967
f 6325//2488 6326//2489 6806//2969 6805//2968
f 6326//2489 6327//2490 6807//2970 6806//2969
f 6327//2490 6328//2491 6808//2971 6807//2970
f 6328//2491 6329//2492 6809//2972 6808//2971
f 6329//2492 6330//2493 6810//2973 6809//2972
f 6330//2493 6331//2494 6811//2974 6810//2973
f 6331//2494 6332//2495 6812//2975 6811//2974
f 6332//2495 6333//2496 6813//2976 6812//2975
f 6333//2496 6334//2497 6814//2977 6813//2976
f 6334//2497 6335//2498 6815//2978 6814//2977
f 6335//2498 6336//2499 6816//2979 6815//2978
f 6336//2499 6337//2500 6817//2980 6816//2979
f 6337//2500 6338//2501 6818//2981 6817//2980
f 6338//2501 6339//2502 6819//2982 6818//2981
f 6339//2502 6340//2503 6820//2983 6819//2982
f 6340//2503 6341//2504 6821//2984 6820//2983
f 6341//2504 6342//2505 6822//2985 6821//2984
f 6342//2505 6343//2506 6823//2986 6822//2985
f 6343//2506 6344//2507 6824//2987 6823//2986
f 6344//2507 6345//2508 6825//2988 6824//2987
f 6345//2508 6346//2509 6826//2989 6825//2988
f 6346//2509 6347//2510 6827//2990 6826//2989
f 6347//2510 6348//2511 6828//2991 6827//2990
f 6348//2511 6349//2512 6829//2992 6828//2991
f 6349//2512 6350//2513 6830//2993 6829//2992
f 6350//2513 6351//2514 6831//2994 6830//2993
f 6351//2514 6352//2515 6832//2995 6831//2994
f 6352//2515 6353//2516 6833//2996 6832//2995
f 6353//2516 6354//2517 6834//2997 6833//2996
f 6354//2517 6355//2518 6835//2998 6834//2997
f 6355//2518 6356//2519 6836//2999 6835//2998
f 6356//2519 6357//2520 6837//3000 6836//2999
f 6357//2520 6358//2521 6838//3001 6837//3000
f 6358//2521 6359//2522 6839//3002 6838//3001
f 6359//2522 6360//2523 6840//3003 6839//3002
f 6360//2523 6361//2524 6841//3004 6840//3003
f 6361//2524 6362//2525 6842//3005 6841//3004
f 6362//2525 6363//2526 6843//3006 6842//3005
f 6363//2526 6364//2527 6844//3007 6843//3006
f 6364//2527 6365//2528 6845//3008 6844//3007
f 6365//2528 6366//2529 6846//3009 6845//3008
f 6366//2529 6367//2530 6847//3010 6846//3009
f 6367//2530 6368//2531 6848//3011 6847//3010
f 6368//2531 6369//2532 6849//3012 6848//3011
f 6369//2532 6370//2533 6850//3013 6849//3012
f 6370//2533 6371//2534 6851//3014 6850//3013
f 6371//2534 6372//2535 6852//3015 6851//3014
f 6372//2535 6373//2536 6853//3016 6852//3015
f 6373//2536 6374//2537 6854//3017 6853//3016
f 6374//2537 6375//2538 6855//3018 6854//3017
f 6375//2538 6376//2539 6856//3019 6855//3018
f 6376//2539 6377//2540 6857//3020 6856//3019
f 6377//2540 6378//2541 6858//3021 6857//3020
f 6378//2541 6379//2542 6859//3022 6858//3021
f 6379//2542 6380//2543 6860//3023 6859//3022
f 6380//2543 6381//2544 6861//3024 6860//3023
f 6381//2544 6382//2545 6862//3025 6861//3024
f 6382//2545 6383//2546 6863//3026 6862//3025
f 6383//2546 6384//2547 6864//3027 6863//3026
f 6384//2547 6385//2548 6865//3028 6864//3027
f 6385//2548 6386//2549 6866//3029 6865//3028
f 6386//2549 6387//2550 6867//3030 6866//3029
f 6387//2550 6388//2551 6868//3031 6867//3030
f 6388//2551 6389//2552 6869//3032 6868//3031
f 6389//2552 6390//2553 6870//3033 6869//3032
f 6390//2553 6391//2554 6871//3034 6870//3033
f 6391//2554 6392//2555 6872//3035 6871//3034
f 6392//2555 6393//2556 6873//3036 6872//3035
f 6393//2556 6394//2557 6874//3037 6873//3036
f 6394//2557 6395//2558 6875//3038 6874//3037
f 6395//2558 6396//2559 6876//3039 6875//3038
f 6396//2559 6397//2560 6877//3040 6876//3039
f 6397//2560 6398//2561 6878//3041 6877//3040
f 6398//2561 6399//2562 6879//3042 6878//3041
f 6399//2562 6400//2563 6880//3043 6879//3042
f 6400//2563 6401//2564 6881//3044 6880//3043
f 6401//2564 6402//2565 6882//3045 6881//3044
f 6402//2565 6403//2566 6883//3046 6882//3045
f 6403//2566 6404//2567 6884//3047 6883//3046
f 6404//2567 6405//2568 6885//3048 6884//3047
f 6405//2568 6406//2569 6886//3049 6885//3048
f 6406//2569 6407//2570 6887//3050 6886//3049
f 6407//2570 6408//2571 6888//3051 6887//3050
f 6408//2571 6409//2572 6889//3052 6888//3051
f 6409//2572 6410//2573 6890//3053 6889//3052
f 6410//2573 6411//2574 6891//3054 6890//3053
f 6411//2574 6412//2575 6892//3055 6891//3054
f 6412//2575 6413//2576 6893//3056 6892//3055
f 6413//2576 6414//2577 6894//3057 6893//3056
f 6414//2577 6415//2578 6895//3058 6894//3057
f 6415//2578 6416//2579 6896//3059 6895//3058
f 6416//2579 6417//2580 6897//3060 6896//3059
f 6417//2580 6418//2581 6898//3061 6897//3060
f 6418//2581 6419//2582 6899//3062 6898//3061
f 6419//2582 6420//2583 6900//3063 6899//3062
f 6420//2583 6421//2584 6901//3064 6900//3063
f 6421//2584 6422//2585 6902//3065 6901//3064
f 6422//2585 6423//2586 6903//3066 6902//3065
f 6423//2586 6424//2587 6904//3067 6903//3066
f 6424//2587 6425//2588 6905//3068 6904//3067
f 6425//2588 6426//2589 6906//3069 6905//3068
f 6426//2589 6427//2590 6907//3070 6906//3069
f 6427//2590 6428//2591 6908//3071 6907//3070
f 6428//2591 6429//2592 6909//3072 6908//3071
f 6429//2592 6430//2593 6910//3073 6909//3072
f 6430//2593 6431//2594 6911//3074 6910//3073
f 6431//2594 6432//2595 6912//3075 6911//3074
f 6432//2595 6433//2596 6913//3076 6912//3075
f 6433//2596 6434//2597 6914//3077 6913//3076
f 6434//2597 6435//2598 6915//3078 6914//3077
f 6435//2598 6436//2599 6916//3079 6915//3078
f 6436//2599 6437//2600 6917//3080 6916//3079
f 6437//2600 6438//2601 6918//3081 6917//3080
f 6438//2601 6439//2602 6919//3082 6918//3081
f 6439//2602 6440//2603 6920//3083 6919//3082
f 6440//2603 6441//2604 6921//3084 6920//3083
f 6441//2604 6442//2605 6922//3085 6921//3084
f 6442//2605 6443//2606 6923//3086 6922//3085
f 6443//2606 6444//2607 6924//3087 6923//3086
f 6444//2607 6445//2608 6925//3088 6924//3087
f 6445//2608 6446//2609 6926//3089 6925//3088
f 6446//2609 6447//2610 6927//3090 6926//3089
f 6447//2610 6448//2611 6928//3091 6927//3090
f 6448//2611 6449//2612 6929//3092 6928//3091
f 6449//2612 6450//2613 6930//3093 6929//3092
f 6450//2613 6451//2614 6931//3094 6930//3093
f 6451//2614 6452//2615 6932//3095 6931//3094
f 6452//2615 6453//2616 6933//3096 6932//3095
f 6453//2616 6454//2617 6934//3097 6933//3096
f 6454//2617 6455//2618 6935//3098 6934//3097
f 6455//2618 6456//2619 6936//3099 6935//3098
f 6456//2619 6457//2620 6937//3100 6936//3099
f 6457//2620 6458//2621 6938//3101 6937//3100
f 6458//2621 6459//2622 6939//3102 6938//3101
f 6459//2622 6460//2623 6940//3103 6939//3102
f 6460//2623 6461//2624 6941//3104 6940//3103
f 6461//2624 6462//2625 6942//3105 6941//3104
f 6462//2625 6463//2626 6943//3106 6942//3105
f 6463//2626 6464//2627 6944//3107 6943//3106
f 6464//2627 6465//2628 6945//3108 6944//3107
f 6465//2628 6466//2629 6946//3109 6945//3108
f 6466//2629 6467//2630 6947//3110 6946//3109
f 6467//2630 6468//2631 6948//3111 6947//3110
f 6468//2631 6469//2632 6949//3112 6948//3111
f 6469//2632 6470//2633 6950//3113 6949//3112
f 6470//2633 6471//2634 6951//3114 6950//3113
f 6471//2634 6472//2635 6952//3115 6951//3114
f 6472//2635 6473//2636 6953//3116 6952//3115
f 6473//2636 6474//2637 6954//3117 6953//3116
f 6474//2637 6475//2638 6955//3118 6954//3117
f 6475//2638 6476//2639 6956//3119 6955//3118
f 6476//2639 6477//2640 6957//3120 6956//3119
f 6477//2640 6478//2641 6958//3121 6957//3120
f 6478//2641 6479//2642 6959//3122 6958//3121
f 6479//2642 6480//2643 6960//3123 6959//3122
f 6480//2643 6481//2644 6961//3124 6960//3123
f 6481//2644 6482//2645 6962//3125 6961//3124
f 6482//2645 6483//2646 6963//3126 6962//3125
f 6483//2646 6484//2647 6964//3127 6963//3126
f 6484//2647 6485//2648 6965//3128 6964//3127
f 6485//2648 6486//2649 6966//3129 6965//3128
f 6486//2649 6487//2650 6967//3130 6966//3129
f 6487//2650 6488//2651 6968//3131 6967//3130
f 6488//2651 6489//2652 6969//3132 6968//3131
f 6489//2652 6490//2653 6970//3133 6969//3132
f 6490//2653 6491//2654 6971//3134 6970//3133
f 6491//2654 6492//2655 6972//3135 6971//3134
f 6492//2655 6493//2656 6973//3136 6972//3135
f 6493//2656 6494//2657 6974//3137 6973//3136
f 6494//2657 6495//2658 6975//3138 6974//3137
f 6495//2658 6496//2659 6976//3139 6975//3138
f 6496//2659 6497//2660 6977//3140 6976//3139
f 6497//2660 6498//2661 6978//3141 6977//3140
f 6498//2661 6499//2662 6979//3142 6978//3141
f 6499//2662 6500//2663 6980//3143 6979//3142
f 6500//2663 6501//2664 6981//3144 6980//3143
f 6501//2664 6502//2665 6982//3145 6981//3144
f 6502//2665 6503//2666 6983//3146 6982//3145
f 6503//2666 6504//2667 6984//3147 6983//3146
f 6504//2667 6505//2668 6985//3148 6984//3147
f 6505//2668 6506//2669 6986//3149 6985//3148
f 6506//2669 6507//2670 6987//3150 6986//3149
f 6507//2670 6508//2671 6988//3151 6987//3150
f 6508//2671 6509//2672 6989//3152 6988//3151
f 6509//2672 6510//2673 6990//3153 6989//3152
f 6510//2673 6511//2674 6991//3154 6990//3153
f 6511//2674 6512//2675 6992//3155 6991//3154
f 6512//2675 6513//2676 6993//3156 6992//3155
f 6513//2676 6514//2677 6994//3157 6993//3156
f 6514//2677 6515//2678 6995//3158 6994//3157
f 6515//2678 6516//2679 6996//3159 6995//3158
f 6516//2679 6517//2680 6997//3160 6996//3159
f 6517//2680 6518//2681 6998//3161 6997//3160
f 6518//2681 6519//2682 6999//3162 6998//3161
f 6519//2682 6520//2683 7000//3163 6999//3162
f 6520//2683 6521//2684 7001//3164 7000//3163
f 6521//2684 6522//2685 7002//3165 7001//3164
f 6522//2685 6523//2686 7003//3166 7002//3165
f 6523//2686 6524//2687 7004//3167 7003//3166
f 6524//2687 6525//2688 7005//3168 7004//3167
f 6525//2688 6526//2689 7006//3169 7005//3168
f 6526//2689 6527//2690 7007//3170 7006//3169
f 6527//2690 6528//2691 7008//3171 7007//3170
f 6528//2691 6529//2692 7009//3172 7008//3171
f 6529//2692 6530//2693 7010//3173 7009//3172
f 6530//2693 6531//2694 7011//3174 7010//3173
f 6531//2694 6532//2695 7012//3175 7011//3174
f 6532//2695 6533//2696 7013//3176 7012//3175
f 6533//2696 6534//2697 7014//3177 7013//3176
f 6534//2697 6535//2698 7015//3178 7014//3177
f 6535//2698 6536//2699 7016//3179 7015//3178
f 6536//2699 6537//2700 7017//3180 7016//3179
f 6537//2700 6538//2701 7018//3181 7017//3180
f 6538//2701 6539//2702 7019//3182 7018//3181
f 6539//2702 6540//2703 7020//3183 7019//3182
f 6540//2703 6541//2704 7021//3184 7020//3183
f 6541//2704 6542//2705 7022//3185 7021//3184
f 6542//2705 6543//2706 7023//3186 7022//3185
f 6543//2706 6544//2707 7024//3187 7023//3186
f 6544//2707 6545//2708 7025//3188 7024//3187
f 6545//2708 6546//2709 7026//3189 7025//3188
f 6546//2709 6547//2710 7027//3190 7026//3189
f 6547//2710 6548//2711 7028//3191 7027//3190
f 6548//2711 6549//2712 7029//3192 7028//3191
f 6549//2712 6550//2713 7030//3193 7029//3192
f 6550//2713 6551//2714 7031//3194 7030//3193
f 6551//2714 6552//2715 7032//3195 7031//3194
f 6552//2715 6553//2716 7033//3196 7032//3195
f 6553//2716 6554//2717 7034//3197 7033//3196
f 6554//2717 6555//2718 7035//3198 7034//3197
f 6555//2718 6556//2719 7036//3199 7035//3198
f 6556//2719 6557//2720 7037//3200 7036//3199
f 6557//2720 6558//2721 7038//3201 7037//3200
f 6558//2721 6559//2722 7039//3202 7038//3201
f 6559//2722 6560//2723 7040//3203 7039//3202
f 6560//2723 6561//2724 7041//3204 7040//3203
f 6561//2724 6562//2725 7042//3205 7041//3204
f 6562//2725 6563//2726 7043//3206 7042//3205
f 6563//2726 6564//2727 7044//3207 7043//3206
f 6564//2727 6565//2728 7045//3208 7044//3207
f 6565//2728 6566//2729 7046//3209 7045//3208
f 6566//2729 6567//2730 7047//3210 7046//3209
f 6567//2730 6568//2731 7048//3211 7047//3210
f 6568//2731 6569//2732 7049//3212 7048//3211
f 6569//2732 6570//2733 7050//3213 7049//3212
f 6570//2733 6571//2734 7051//3214 7050//3213
f 6571//2734 6572//2735 7052//3215 7051//3214
f 6572//2735 6573//2736 7053//3216 7052//3215
f 6573//2736 6574//2737 7054//3217 7053//3216
f 6574//2737 6575//2738 7055//3218 7054//3217
f 6575//2738 6576//2739 7056//3219 7055//3218
f 6576//2739 6577//2740 7057//3220 7056//3219
f 6577//2740 6578//2741 7058//3221 7057//3220
f 6578//2741 6579//2742 7059//3222 7058//3221
f 6579//2742 6580//2743 7060//3223 7059//3222
f 6580//2743 6581//2744 7061//3224 7060//3223
f 6581//2744 6582//2745 7062//3225 7061//3224
f 6582//2745 6583//2746 7063//3226 7062//3225
f 6583//2746 6584//2747 7064//3227 7063//3226
f 6584//2747 6585//2748 7065//3228 7064//3227
f 6585//2748 6586//2749 7066//3229 7065//3228
f 6586//2749 6587//2750 7067//3230 7066//3229
f 6587//2750 6588//2751 7068//3231 7067//3230
f 6588//2751 6589//2752 7069//3232 7068//3231
f 6589//2752 6590//2753 7070//3233 7069//3232
f 6590//2753 6591//2754 7071//3234 7070//3233
f 6591//2754 6592//2755 7072//3235 7071//3234
f 6592//2755 6593//2756 7073//3236 7072//3235
f 6593//2756 6594//2757 7074//3237 7073//3236
f 6594//2757 6595//2758 7075//3238 7074//3237
f 6595//2758 6596//2759 7076//3239 7075//3238
f 6596//2759 6597//2760 7077//3240 7076//3239
f 6597//2760 6598//2761 7078//3241 7077//3240
f 6598//2761 6599//2762 7079//3242 7078//3241
f 6599//2762 6600//2763 7080//3243 7079//3242
f 6600//2763 6601//2764 7081//3244 7080//3243
f 6601//2764 6602//2765 7082//3245 7081//3244
f 6602//2765 6603//2766 7083//3246 7082//3245
f 6603//2766 6604//2767 7084//3247 7083//3246
f 6604//2767 6605//2768 7085//3248 7084//3247
f 6605//2768 6606//2769 7086//3249 7085//3248
f 6606//2769 6607//2770 7087//3250 7086//3249
f 6607//2770 6608//2771 7088//3251 7087//3250
f 6608//2771 6609//2772 7089//3252 7088//3251
f 6609//2772 6610//2773 7090//3253 7089//3252
f 6610//2773 6611//2774 7091//3254 7090//3253
f 6611//2774 6612//2775 7092//3255 7091//3254
f 6612//2775 6613//2776 7093//3256 7092//3255
f 6613//2776 6614//2777 7094//3257 7093//3256
f 6614//2777 6615//2778 7095//3258 7094//3257
f 6615//2778 6616//2779 7096//3259 7095//3258
f 6616//2779 6617//2780 7097//3260 7096//3259
f 6617//2780 6618//2781 7098//3261 7097//3260
f 6618//2781 6619//2782 7099//3262 7098//3261
f 6619//2782 6620//2783 7100//3263 7099//3262
f 6620//2783 6621//2784 7101//3264 7100//3263
f 6621//2784 6622//2785 7102//3265 7101//3264
f 6622//2785 6623//2786 7103//3266 7102//3265
f 6623//2786 6624//2787 7104//3267 7103//3266
f 6624//2787 6625//2788 7105//3268 7104//3267
f 6625//2788 6626//2789 7106//3269 7105//3268
f 6626//2789 6627//2790 7107//3270 7106//3269
f 6627//2790 6628//2791 7108//3271 7107//3270
f 6628//2791 6629//2792 7109//3272 7108//3271
f 6629//2792 6630//2793 7110//3273 7109//3272
f 6630//2793 6631//2794 7111//3274 7110//3273
f 6631//2794 6632//2795 7112//3275 7111//3274
f 6632//2795 6633//2796 7113//3276 7112//3275
f 6633//2796 6634//2797 7114//3277 7113//3276
f 6634//2797 6635//2798 7115//3278 7114//3277
f 6635//2798 6636//2799 7116//3279 7115//3278
f 6636//2799 6637//2800 7117//3280 7116//3279
f 6637//2800 6638//2801 7118//3281 7117//3280
f 6638//2801 6639//2802 7119//3282 7118//3281
f 6639//2802 6640//2803 7120//3283 7119//3282
f 6640//2803 6641//2804 7121//3284 7120//3283
f 6641//2804 6642//2805 7122//3285 7121//3284
f 6642//2805 6643//2806 7123//3286 7122//3285
f 6643//2806 6644//2807 7124//3287 7123//3286
f 6644//2807 6645//2808 7125//3288 7124//3287
f 6645//2808 6646//2809 7126//3289 7125//3288
f 6646//2809 6647//2810 7127//3290 7126//3289
f 6647//2810 6648//2811 7128//3291 7127//3290
f 6648//2811 6649//2812 7129//3292 7128//3291
f 6649//2812 6650//2813 7130//3293 7129//3292
f 6650//2813 6651//2814 7131//3294 7130//3293
f 6651//2814 6652//2815 7132//3295 7131//3294
f 6652//2815 6653//2816 7133//3296 7132//3295
f 6653//2816 6654//2817 7134//3297 7133//3296
f 6654//2817 6655//2818 7135//3298 7134//3297
f 6655//2818 6656//2819 7136//3299 7135//3298
f 6656//2819 6657//2820 7137//3300 7136//3299
f 6657//2820 6658//2821 7138//3301 7137//3300
f 6658//2821 6659//2822 7139//3302 7138//3301
f 6659//2822 6660//2823 7140//3303 7139//3302
f 6660//2823 6661//2824 7141//3304 7140//3303
f 6661//2824 6662//2825 7142//3305 7141//3304
f 6662//2825 6663//2826 7143//3306 7142//3305
f 6663//2826 6664//2827 7144//3307 7143//3306
f 6664//2827 6665//2828 7145//3308 7144//3307
f 6665//2828 6666//2829 7146//3309 7145//3308
f 6666//2829 6667//2830 7147//3310 7146//3309
f 6667//2830 6668//2831 7148//3311 7147//3310
f 6668//2831 6669//2832 7149//3312 7148//3311
f 6669//2832 6670//2833 7150//3313 7149//3312
f 6670//2833 6671//2834 7151//3314 7150//3313
f 6671//2834 6672//2835 7152//3315 7151//3314
f 6672//2835 6673//2836 7153//3316 7152//3315
f 6673//2836 6674//2837 7154//3317 7153//3316
f 6674//2837 6675//2838 7155//3318 7154//3317
f 6675//2838 6676//2839 7156//3319 7155//3318
f 6676//2839 6677//2840 7157//3320 7156//3319
f 6677//2840 6678//2841 7158//3321 7157//3320
f 6678//2841 6679//2842 7159//3322 7158//3321
f 6679//2842 6680//2843 7160//3323 7159//3322
f 6680//2843 6681//2844 7161//3324 7160//3323
f 6681//2844 6682//2845 7162//3325 7161//3324
f 6682//2845 6683//2846 7163//3326 7162//3325
f 6683//2846 6684//2847 7164//3327 7163//3326
f 6684//2847 6685//2848 7165//3328 7164//3327
f 6685//2848 6686//2849 7166//3329 7165//3328
f 6686//2849 6687//2850 7167//3330 7166//3329
f 6687//2850 6688//2851 7168//3331 7167//3330
f 6688//2851 6689//2852 7169//3332 7168//3331
f 6689//2852 6690//2853 7170//3333 7169//3332
f 6690//2853 6691//2854 7171//3334 7170//3333
f 6691//2854 6692//2855 7172//3335 7171//3334
f 6692//2855 6693//2856 7173//3336 7172//3335
f 6693//2856 6694//2857 7174//3337 7173//3336
f 6694//2857 6695//2858 7175//3338 7174//3337
f 6695//2858 6696//2859 7176//3339 7175//3338
f 6696//2859 6697//2860 7177//3340 7176//3339
f 6697//2860 6698//2861 7178//3341 7177//3340
f 6698//2861 6699//2862 7179//3342 7178//3341
f 6699//2862 6700//2863 7180//3343 7179//3342
f 6700//2863 6701//2864 7181//3344 7180//3343
f 6701//2864 6702//2865 7182//3345 7181//3344
f 6702//2865 6703//2866 7183//3346 7182//3345
f 6703//2866 6704//2867 7184//3347 7183//3346
f 6704//2867 6705//2868 7185//3348 7184//3347
f 6705//2868 6706//2869 7186//3349 7185//3348
f 6706//2869 6707//2870 7187//3350 7186//3349
f 6707//2870 6708//2871 7188//3351 7187//3350
f 6708//2871 6709//2872 7189//3352 7188//3351
f 6709//2872 6710//2873 7190//3353 7189//3352
f 6710//2873 6711//2874 7191//3354 7190//3353
f 6711//2874 6712//2875 7192//3355 7191//3354
f 6712//2875 6713//2876 7193//3356 7192//3355
f 6713//2876 6714//2877 7194//3357 7193//3356
f 6714//2877 6715//2878 7195//3358 7194//3357
f 6715//2878 6716//2879 7196//3359 7195//3358
f 6716//2879 6717//2880 7197//3360 7196//3359
f 6717//2880 6718//2881 7198//3361 7197//3360
f 6718//2881 6719//2882 7199//3362 7198//3361
f 6719//2882 6720//2883 7200//3363 7199//3362
f 6720//2883 6241//2404 6721//2884 7200//3363
f 6721//2884 6722//2885 7202//3365 7201//3364
f 6722//2885 6723//2886 7203//3366 7202//3365
f 6723//2886 6724//2887 7204//3367 7203//3366
f 6724//2887 6725//2888 7205//3368 7204//3367
f 6725//2888 6726//2889 7206//3369 7205//3368
f 6726//2889 6727//2890 7207//3370 7206//3369
f 6727//2890 6728//2891 7208//3371 7207//3370
f 6728//2891 6729//2892 7209//3372 7208//3371
f 6729//2892 6730//2893 7210//3373 7209//3372
f 6730//2893 6731//2894 7211//3374 7210//3373
f 6731//2894 6732//2895 7212//3375 7211//3374
f 6732//2895 6733//2896 7213//3376 7212//3375
f 6733//2896 6734//2897 7214//3377 7213//3376
f 6734//2897 6735//2898 7215//3378 7214//3377
f 6735//2898 6736//2899 7216//3379 7215//3378
f 6736//2899 6737//2900 7217//3380 7216//3379
f 6737//2900 6738//2901 7218//3381 7217//3380
f 6738//2901 6739//2902 7219//3382 7218//3381
f 6739//2902 6740//2903 7220//3383 7219//3382
f 6740//2903 6741//2904 7221//3384 7220//3383
f 6741//2904 6742//2905 7222//3385 7221//3384
f 6742//2905 6743//2906 7223//3386 7222//3385
f 6743//2906 6744//2907 7224//3387 7223//3386
f 6744//2907 6745//2908 7225//3388 7224//3387
f 6745//2908 6746//2909 7226//3389 7225//3388
f 6746//2909 6747//2910 7227//3390 7226//3389
f 6747//2910 6748//2911 7228//3391 7227//3390
f 6748//2911 6749//2912 7229//3392 7228//3391
f 6749//2912 6750//2913 7230//3393 7229//3392
f 6750//2913 6751//2914 7231//3394 7230//3393
f 6751//2914 6752//2915 7232//3395 7231//3394
f 6752//2915 6753//2916 7233//3396 7232//3395
f 6753//2916 6754//2917 7234//3397 7233//3396
f 6754//2917 6755//2918 7235//3398 7234//3397
f 6755//2918 6756//2919 7236//3399 7235//3398
f 6756//2919 6757//2920 7237//3400 7236//3399
f 6757//2920 6758//2921 7238//3401 7237//3400
f 6758//2921 6759//2922 7239//3402 7238//3401
f 6759//2922 6760//2923 7240//3403 7239//3402
f 6760//2923 6761//2924 7241//3404 7240//3403
f 6761//2924 6762//2925 7242//3405 7241//3404
f 6762//2925 6763//2926 7243//3406 7242//3405
f 6763//2926 6764//2927 7244//3407 7243//3406
f 6764//2927 6765//2928 7245//3408 7244//3407
f 6765//2928 6766//2929 7246//3409 7245//3408
f 6766//2929 6767//2930 7247//3410 7246//3409
f 6767//2930 6768//2931 7248//3411 7247//3410
f 6768//2931 6769//2932 7249//3412 7248//3411
f 6769//2932 6770//2933 7250//3413 7249//3412
f 6770//2933 6771//2934 7251//3414 7250//3413
f 6771//2934 6772//2935 7252//3415 7251//3414
f 6772//2935 6773//2936 7253//3416 7252//3415
f 6773//2936 6774//2937 7254//3417 7253//3416
f 6774//2937 6775//2938 7255//3418 7254//3417
f 6775//2938 6776//2939 7256//3419 7255//3418
f 6776//2939 6777//2940 7257//3420 7256//3419
f 6777//2940 6778//2941 7258//3421 7257//3420
f 6778//2941 6779//2942 7259//3422 7258//3421
f 6779//2942 6780//2943 7260//3423 7259//3422
f 6780//2943 6781//2944 7261//3424 7260//3423
f 6781//2944 6782//2945 7262//3425 7261//3424
f 6782//2945 6783//2946 7263//3426 7262//3425
f 6783//2946 6784//2947 7264//3427 7263//3426
f 6784//2947 6785//2948 7265//3428 7264//3427
f 6785//2948 6786//2949 7266//3429 7265//3428
f 6786//2949 6787//2950 7267//3430 7266//3429
f 6787//2950 6788//2951 7268//3431 7267//3430
f 6788//2951 6789//2952 7269//3432 7268//3431
f 6789//2952 6790//2953 7270//3433 7269//3432
f 6790//2953 6791//2954 7271//3434 7270//3433
f 6791//2954 6792//2955 7272//3435 7271//3434
f 6792//2955 6793//2956 7273//3436 7272//3435
f 6793//2956 6794//2957 7274//3437 7273//3436
f 6794//2957 6795//2958 7275//3438 7274//3437
f 6795//2958 6796//2959 7276//3439 7275//3438
f 6796//2959 6797//2960 7277//3440 7276//3439
f 6797//2960 6798//2961 7278//3441 7277//3440
f 6798//2961 6799//2962 7279//3442 7278//3441
f 6799//2962 6800//2963 7280//3443 7279//3442
f 6800//2963 6801//2964 7281//3444 7280//3443
f 6801//2964 6802//2965 7282//3445 7281//3444
f 6802//2965 6803//2966 7283//3446 7282//3445
f 6803//2966 6804//2967 7284//3447 7283//3446
f 6804//2967 6805//2968 7285//3448 7284//3447
f 6805//2968 6806//2969 7286//3449 7285//3448
f 6806//2969 6807//2970 7287//3450 7286//3449
f 6807//2970 6808//2971 7288//3451 7287//3450
f 6808//2971 6809//2972 7289//3452 7288//3451
f 6809//2972 6810//2973 7290//3453 7289//3452
f 6810//2973 6811//2974 7291//3454 7290//3453
f 6811//2974 6812//2975 7292//3455 7291//3454
f 6812//2975 6813//2976 7293//3456 7292//3455
f 6813//2976 6814//2977 7294//3457 7293//3456
f 6814//2977 6815//2978 7295//3458 7294//3457
f 6815//2978 6816//2979 7296//3459 7295//3458
f 6816//2979 6817//2980 7297//3460 7296//3459
f 6817//2980 6818//2981 7298//3461 7297//3460
f 6818//2981 6819//2982 7299//3462 7298//3461
f 6819//2982 6820//2983 7300//3463 7299//3462
f 6820//2983 6821//2984 7301//3464 7300//3463
f 6821//2984 6822//2985 7302//3465 7301//3464
f 6822//2985 6823//2986 7303//3466 7302//3465
f 6823//2986 6824//2987 7304//3467 7303//3466
f 6824//2987 6825//2988 7305//3468 7304//3467
f 6825//2988 6826//2989 7306//3469 7305//3468
f 6826//2989 6827//2990 7307//3470 7306//3469
f 6827//2990 6828//2991 7308//3471 7307//3470
f 6828//2991 6829//2992 7309//3472 7308//3471
f 6829//2992 6830//2993 7310//3473 7309//3472
f 6830//2993 6831//2994 7311//3474 7310//3473
f 6831//2994 6832//2995 7312//3475 7311//3474
f 6832//2995 6833//2996 7313//3476 7312//3475
f 6833//2996 6834//2997 7314//3477 7313//3476
f 6834//2997 6835//2998 7315//3478 7314//3477
f 6835//2998 6836//2999 7316//3479 7315//3478
f 6836//2999 6837//3000 7317//3480 7316//3479
f 6837//3000 6838//3001 7318//3481 7317//3480
f 6838//3001 6839//3002 7319//3482 7318//3481
f 6839//3002 6840//3003 7320//3483 7319//3482
f 6840//3003 6841//3004 7321//3484 7320//3483
f 6841//3004 6842//3005 7322//3485 7321//3484
f 6842//3005 6843//3006 7323//3486 7322//3485
f 6843//3006 6844//3007 7324//3487 7323//3486
f 6844//3007 6845//3008 7325//3488 7324//3487
f 6845//3008 6846//3009 7326//3489 7325//3488
f 6846//3009 6847//3010 7327//3490 7326//3489
f 6847//3010 6848//3011 7328//3491 7327//3490
f 6848//3011 6849//3012 7329//3492 7328//3491
f 6849//3012 6850//3013 7330//3493 7329//3492
f 6850//3013 6851//3014 7331//3494 7330//3493
f 6851//3014 6852//3015 7332//3495 7331//3494
f 6852//3015 6853//3016 7333//3496 7332//3495
f 6853//3016 6854//3017 7334//3497 7333//3496
f 6854//3017 6855//3018 7335//3498 7334//3497
f 6855//3018 6856//3019 7336//3499 7335//3498
f 6856//3019 6857//3020 7337//3500 7336//3499
f 6857//3020 6858//3021 7338//3501 7337//3500
f 6858//3021 6859//3022 7339//3502 7338//3501
f 6859//3022 6860//3023 7340//3503 7339//3502
f 6860//3023 6861//3024 7341//3504 7340//3503
f 6861//3024 6862//3025 7342//3505 7341//3504
f 6862//3025 6863//3026 7343//3506 7342//3505
f 6863//3026 6864//3027 7344//3507 7343//3506
f 6864//3027 6865//3028 7345//3508 7344//3507
f 6865//3028 6866//3029 7346//3509 7345//3508
f 6866//3029 6867//3030 7347//3510 7346//3509
f 6867//3030 6868//3031 7348//3511 7347//3510
f 6868//3031 6869//3032 7349//3512 7348//3511
f 6869//3032 6870//3033 7350//3513 7349//3512
f 6870//3033 6871//3034 7351//3514 7350//3513
f 6871//3034 6872//3035 7352//3515 7351//3514
f 6872//3035 6873//3036 7353//3516 7352//3515
f 6873//3036 6874//3037 7354//3517 7353//3516
f 6874//3037 6875//3038 7355//3518 7354//3517
f 6875//3038 6876//3039 7356//3519 7355//3518
f 6876//3039 6877//3040 7357//3520 7356//3519
f 6877//3040 6878//3041 7358//3521 7357//3520
f 6878//3041 6879//3042 7359//3522 7358//3521
f 6879//3042 6880//3043 7360//3523 7359//3522
f 6880//3043 6881//3044 7361//3524 7360//3523
f 6881//3044 6882//3045 7362//3525 7361//3524
f 6882//3045 6883//3046 7363//3526 7362//3525
f 6883//3046 6884//3047 7364//3527 7363//3526
f 6884//3047 6885//3048 7365//3528 7364//3527
f 6885//3048 6886//3049 7366//3529 7365//3528
f 6886//3049 6887//3050 7367//3530 7366//3529
f 6887//3050 6888//3051 7368//3531 7367//3530
f 6888//3051 6889//3052 7369//3532 7368//3531
f 6889//3052 6890//3053 7370//3533 7369//3532
f 6890//3053 6891//3054 7371//3534 7370//3533
f 6891//3054 6892//3055 7372//3535 7371//3534
f 6892//3055 6893//3056 7373//3536 7372//3535
f 6893//3056 6894//3057 7374//3537 7373//3536
f 6894//3057 6895//3058 7375//3538 7374//3537
f 6895//3058 6896//3059 7376//3539 7375//3538
f 6896//3059 6897//3060 7377//3540 7376//3539
f 6897//3060 6898//3061 7378//3541 7377//3540
f 6898//3061 6899//3062 7379//3542 7378//3541
f 6899//3062 6900//3063 7380//3543 7379//3542
f 6900//3063 6901//3064 7381//3544 7380//3543
f 6901//3064 6902//3065 7382//3545 7381//3544
f 6902//3065 6903//3066 7383//3546 7382//3545
f 6903//3066 6904//3067 7384//3547 7383//3546
f 6904//3067 6905//3068 7385//3548 7384//3547
f 6905//3068 6906//3069 7386//3549 7385//3548
f 6906//3069 6907//3070 7387//3550 7386//3549
f 6907//3070 6908//3071 7388//3551 7387//3550
f 6908//3071 6909//3072 7389//3552 7388//3551
f 6909//3072 6910//3073 7390//3553 7389//3552
f 6910//3073 6911//3074 7391//3554 7390//3553
f 6911//3074 6912//3075 7392//3555 7391//3554
f 6912//3075 6913//3076 7393//3556 7392//3555
f 6913//3076 6914//3077 7394//3557 7393//3556
f 6914//3077 6915//3078 7395//3558 7394//3557
f 6915//3078 6916//3079 7396//3559 7395//3558
f 6916//3079 6917//3080 7397//3560 7396//3559
f 6917//3080 6918//3081 7398//3561 7397//3560
f 6918//3081 6919//3082 7399//3562 7398//3561
f 6919//3082 6920//3083 7400//3563 7399//3562
f 6920//3083 6921//3084 7401//3564 7400//3563
f 6921//3084 6922//3085 7402//3565 7401//3564
f 6922//3085 6923//3086 7403//3566 7402//3565
f 6923//3086 6924//3087 7404//3567 7403//3566
f 6924//3087 6925//3088 7405//3568 7404//3567
f 6925//3088 6926//3089 7406//3569 7405//3568
f 6926//3089 6927//3090 7407//3570 7406//3569
f 6927//3090 6928//3091 7408//3571 7407//3570
f 6928//3091 6929//3092 7409//3572 7408//3571
f 6929//3092 6930//3093 7410//3573 7409//3572
f 6930//3093 6931//3094 7411//3574 7410//3573
f 6931//3094 6932//3095 7412//3575 7411//3574
f 6932//3095 6933//3096 7413//3576 7412//3575
f 6933//3096 6934//3097 7414//3577 7413//3576
f 6934//3097 6935//3098 7415//3578 7414//3577
f 6935//3098 6936//3099 7416//3579 7415//3578
f 6936//3099 6937//3100 7417//3580 7416//3579
f 6937//3100 6938//3101 7418//3581 7417//3580
f 6938//3101 6939//3102 7419//3582 7418//3581
f 6939//3102 6940//3103 7420//3583 7419//3582
f 6940//3103 6941//3104 7421//3584 7420//3583
f 6941//3104 6942//3105 7422//3585 7421//3584
f 6942//3105 6943//3106 7423//3586 7422//3585
f 6943//3106 6944//3107 7424//3587 7423//3586
f 6944//3107 6945//3108 7425//3588 7424//3587
f 6945//3108 6946//3109 7426//3589 7425//3588
f 6946//3109 6947//3110 7427//3590 7426//3589
f 6947//3110 6948//3111 7428//3591 7427//3590
f 6948//3111 6949//3112 7429//3592 7428//3591
f 6949//3112 6950//3113 7430//3593 7429//3592
f 6950//3113 6951//3114 7431//3594 7430//3593
f 6951//3114 6952//3115 7432//3595 7431//3594
f 6952//3115 6953//3116 7433//3596 7432//3595
f 6953//3116 6954//3117 7434//3597 7433//3596
f 6954//3117 6955//3118 7435//3598 7434//3597
f 6955//3118 6956//3119 7436//3599 7435//3598
f 6956//3119 6957//3120 7437//3600 7436//3599
f 6957//3120 6958//3121 7438//3601 7437//3600
f 6958//3121 6959//3122 7439//3602 7438//3601
f 6959//3122 6960//3123 7440//3603 7439//3602
f 6960//3123 6961//3124 7441//3604 7440//3603
f 6961//3124 6962//3125 7442//3605 7441//3604
f 6962//3125 6963//3126 7443//3606 7442//3605
f 6963//3126 6964//3127 7444//3607 7443//3606
f 6964//3127 6965//3128 7445//3608 7444//3607
f 6965//3128 6966//3129 7446//3609 7445//3608
f 6966//3129 6967//3130 7447//3610 7446//3609
f 6967//3130 6968//3131 7448//3611 7447//3610
f 6968//3131 6969//3132 7449//3612 7448//3611
f 6969//3132 6970//3133 7450//3613 7449//3612
f 6970//3133 6971//3134 7451//3614 7450//3613
f 6971//3134 6972//3135 7452//3615 7451//3614
f 6972//3135 6973//3136 7453//3616 7452//3615
f 6973//3136 6974//3137 7454//3617 7453//3616
f 6974//3137 6975//3138 7455//3618 7454//3617
f 6975//3138 6976//3139 7456//3619 7455//3618
f 6976//3139 6977//3140 7457//3620 7456//3619
f 6977//3140 6978//3141 7458//3621 7457//3620
f 6978//3141 6979//3142 7459//3622 7458//3621
f 6979//3142 6980//3143 7460//3623 7459//3622
f 6980//3143 6981//3144 7461//3624 7460//3623
f 6981//3144 6982//3145 7462//3625 7461//3624
f 6982//3145 6983//3146 7463//3626 7462//3625
f 6983//3146 6984//3147 7464//3627 7463//3626
f 6984//3147 6985//3148 7465//3628 7464//3627
f 6985//3148 6986//3149 7466//3629 7465//3628
f 6986//3149 6987//3150 7467//3630 7466//3629
f 6987//3150 6988//3151 7468//3631 7467//3630
f 6988//3151 6989//3152 7469//3632 7468//3631
f 6989//3152 6990//3153 7470//3633 7469//3632
f 6990//3153 6991//3154 7471//3634 7470//3633
f 6991//3154 6992//3155 7472//3635 7471//3634
f 6992//3155 6993//3156 7473//3636 7472//3635
f 6993//3156 6994//3157 7474//3637 7473//3636
f 6994//3157 6995//3158 7475//3638 7474//3637
f 6995//3158 6996//3159 7476//3639 7475//3638
f 6996//3159 6997//3160 7477//3640 7476//3639
f 6997//3160 6998//3161 7478//3641 7477//3640
f 6998//3161 6999//3162 7479//3642 7478//3641
f 6999//3162 7000//3163 7480//3643 7479//3642
f 7000//3163 7001//3164 7481//3644 7480//3643
f 7001//3164 7002//3165 7482//3645 7481//3644
f 7002//3165 7003//3166 7483//3646 7482//3645
f 7003//3166 7004//3167 7484//3647 7483//3646
f 7004//3167 7005//3168 7485//3648 7484//3647
f 7005//3168 7006//3169 7486//3649 7485//3648
f 7006//3169 7007//3170 7487//3650 7486//3649
f 7007//3170 7008//3171 7488//3651 7487//3650
f 7008//3171 7009//3172 7489//3652 7488//3651
f 7009//3172 7010//3173 7490//3653 7489//3652
f 7010//3173 7011//3174 7491//3654 7490//3653
f 7011//3174 7012//3175 7492//3655 7491//3654
f 7012//3175 7013//3176 7493//3656 7492//3655
f 7013//3176 7014//3177 7494//3657 7493//3656
f 7014//3177 7015//3178 7495//3658 7494//3657
f 7015//3178 7016//3179 7496//3659 7495//3658
f 7016//3179 7017//3180 7497//3660 7496//3659
f 7017//3180 7018//3181 7498//3661 7497//3660
f 7018//3181 7019//3182 7499//3662 7498//3661
f 7019//3182 7020//3183 7500//3663 7499//3662
f 7020//3183 7021//3184 7501//3664 7500//3663
f 7021//3184 7022//3185 7502//3665 7501//3664
f 7022//3185 7023//3186 7503//3666 7502//3665
f 7023//3186 7024//3187 7504//3667 7503//3666
f 7024//3187 7025//3188 7505//3668 7504//3667
f 7025//3188 7026//3189 7506//3669 7505//3668
f 7026//3189 7027//3190 7507//3670 7506//3669
f 7027//3190 7028//3191 7508//3671 7507//3670
f 7028//3191 7029//3192 7509//3672 7508//3671
f 7029//3192 7030//3193 7510//3673 7509//3672
f 7030//3193 7031//3194 7511//3674 7510//3673
f 7031//3194 7032//3195 7512//3675 7511//3674
f 7032//3195 7033//3196 7513//3676 7512//3675
f 7033//3196 7034//3197 7514//3677 7513//3676
f 7034//3197 7035//3198 7515//3678 7514//3677
f 7035//3198 7036//3199 7516//3679 7515//3678
f 7036//3199 7037//3200 7517//3680 7516//3679
f 7037//3200 7038//3201 7518//3681 7517//3680
f 7038//3201 7039//3202 7519//3682 7518//3681
f 7039//3202 7040//3203 7520//3683 7519//3682
f 7040//3203 7041//3204 7521//3684 7520//3683
f 7041//3204 7042//3205 7522//3685 7521//3684
f 7042//3205 7043//3206 7523//3686 7522//3685
f 7043//3206 7044//3207 7524//3687 7523//3686
f 7044//3207 7045//3208 7525//3688 7524//3687
f 7045//3208 7046//3209 7526//3689 7525//3688
f 7046//3209 7047//3210 7527//3690 7526//3689
f 7047//3210 7048//3211 7528//3691 7527//3690
f 7048//3211 7049//3212 7529//3692 7528//3691
f 7049//3212 7050//3213 7530//3693 7529//3692
f 7050//3213 7051//3214 7531//3694 7530//3693
f 7051//3214 7052//3215 7532//3695 7531//3694
f 7052//3215 7053//3216 7533//3696 7532//3695
f 7053//3216 7054//3217 7534//3697 7533//3696
f 7054//3217 7055//3218 7535//3698 7534//3697
f 7055//3218 7056//3219 7536//3699 7535//3698
f 7056//3219 7057//3220 7537//3700 7536//3699
f 7057//3220 7058//3221 7538//3701 7537//3700
f 7058//3221 7059//3222 7539//3702 7538//3701
f 7059//3222 7060//3223 7540//3703 7539//3702
f 7060//3223 7061//3224 7541//3704 7540//3703
f 7061//3224 7062//3225 7542//3705 7541//3704
f 7062//3225 7063//3226 7543//3706 7542//3705
f 7063//3226 7064//3227 7544//3707 7543//3706
f 7064//3227 7065//3228 7545//3708 7544//3707
f 7065//3228 7066//3229 7546//3709 7545//3708
f 7066//3229 7067//3230 7547//3710 7546//3709
f 7067//3230 7068//3231 7548//3711 7547//3710
f 7068//3231 7069//3232 7549//3712 7548//3711
f 7069//3232 7070//3233 7550//3713 7549//3712
f 7070//3233 7071//3234 7551//3714 7550//3713
f 7071//3234 7072//3235 7552//3715 7551//3714
f 7072//3235 7073//3236 7553//3716 7552//3715
f 7073//3236 7074//3237 7554//3717 7553//3716
f 7074//3237 7075//3238 7555//3718 7554//3717
f 7075//3238 7076//3239 7556//3719 7555//3718
f 7076//3239 7077//3240 7557//3720 7556//3719
f 7077//3240 7078//3241 7558//3721 7557//3720
f 7078//3241 7079//3242 7559//3722 7558//3721
f 7079//3242 7080//3243 7560//3723 7559//3722
f 7080//3243 7081//3244 7561//3724 7560//3723
f 7081//3244 7082//3245 7562//3725 7561//3724
f 7082//3245 7083//3246 7563//3726 7562//3725
f 7083//3246 7084//3247 7564//3727 7563//3726
f 7084//3247 7085//3248 7565//3728 7564//3727
f 7085//3248 7086//3249 7566//3729 7565//3728
f 7086//3249 7087//3250 7567//3730 7566//3729
f 7087//3250 7088//3251 7568//3731 7567//3730
f 7088//3251 7089//3252 7569//3732 7568//3731
f 7089//3252 7090//3253 7570//3733 7569//3732
f 7090//3253 7091//3254 7571//3734 7570//3733
f 7091//3254 7092//3255 7572//3735 7571//3734
f 7092//3255 7093//3256 7573//3736 7572//3735
f 7093//3256 7094//3257 7574//3737 7573//3736
f 7094//3257 7095//3258 7575//3738 7574//3737
f 7095//3258 7096//3259 7576//3739 7575//3738
f 7096//3259 7097//3260 7577//3740 7576//3739
f 7097//3260 7098//3261 7578//3741 7577//3740
f 7098//3261 7099//3262 7579//3742 7578//3741
f 7099//3262 7100//3263 7580//3743 7579//3742
f 7100//3263 7101//3264 7581//3744 7580//3743
f 7101//3264 7102//3265 7582//3745 7581//3744
f 7102//3265 7103//3266 7583//3746 7582//3745
f 7103//3266 7104//3267 7584//3747 7583//3746
f 7104//3267 7105//3268 7585//3748 7584//3747
f 7105//3268 7106//3269 7586//3749 7585//3748
f 7106//3269 7107//3270 7587//3750 7586//3749
f 7107//3270 7108//3271 7588//3751 7587//3750
f 7108//3271 7109//3272 7589//3752 7588//3751
f 7109//3272 7110//3273 7590//3753 7589//3752
f 7110//3273 7111//3274 7591//3754 7590//3753
f 7111//3274 7112//3275 7592//3755 7591//3754
f 7112//3275 7113//3276 7593//3756 7592//3755
f 7113//3276 7114//3277 7594//3757 7593//3756
f 7114//3277 7115//3278 7595//3758 7594//3757
f 7115//3278 7116//3279 7596//3759 7595//3758
f 7116//3279 7117//3280 7597//3760 7596//3759
f 7117//3280 7118//3281 7598//3761 7597//3760
f 7118//3281 7119//3282 7599//3762 7598//3761
f 7119//3282 7120//3283 7600//3763 7599//3762
f 7120//3283 7121//3284 7601//3764 7600//3763
f 7121//3284 7122//3285 7602//3765 7601//3764
f 7122//3285 7123//3286 7603//3766 7602//3765
f 7123//3286 7124//3287 7604//3767 7603//3766
f 7124//3287 7125//3288 7605//3768 7604//3767
f 7125//3288 7126//3289 7606//3769 7605//3768
f 7126//3289 7127//3290 7607//3770 7606//3769
f 7127//3290 7128//3291 7608//3771 7607//3770
f 7128//3291 7129//3292 7609//3772 7608//3771
f 7129//3292 7130//3293 7610//3773 7609//3772
f 7130//3293 7131//3294 7611//3774 7610//3773
f 7131//3294 7132//3295 7612//3775 7611//3774
f 7132//3295 7133//3296 7613//3776 7612//3775
f 7133//3296 7134//3297 7614//3777 7613//3776
f 7134//3297 7135//3298 7615//3778 7614//3777
f 7135//3298 7136//3299 7616//3779 7615//3778
f 7136//3299 7137//3300 7617//3780 7616//3779
f 7137//3300 7138//3301 7618//3781 7617//3780
f 7138//3301 7139//3302 7619//3782 7618//3781
f 7139//3302 7140//3303 7620//3783 7619//3782
f 7140//3303 7141//3304 7621//3784 7620//3783
f 7141//3304 7142//3305 7622//3785 7621//3784
f 7142//3305 7143//3306 7623//3786 7622//3785
f 7143//3306 7144//3307 7624//3787 7623//3786
f 7144//3307 7145//3308 7625//3788 7624//3787
f 7145//3308 7146//3309 7626//3789 7625//3788
f 7146//3309 7147//3310 7627//3790 7626//3789
f 7147//3310 7148//3311 7628//3791 7627//3790
f 7148//3311 7149//3312 7629//3792 7628//3791
f 7149//3312 7150//3313 7630//3793 7629//3792
f 7150//3313 7151//3314 7631//3794 7630//3793
f 7151//3314 7152//3315 7632//3795 7631//3794
f 7152//3315 7153//3316 7633//3796 7632//3795
f 7153//3316 7154//3317 7634//3797 7633//3796
f 7154//3317 7155//3318 7635//3798 7634//3797
f 7155//3318 7156//3319 7636//3799 7635//3798
f 7156//3319 7157//3320 7637//3800 7636//3799
f 7157//3320 7158//3321 7638//3801 7637//3800
f 7158//3321 7159//3322 7639//3802 7638//3801
f 7159//3322 7160//3323 7640//3803 7639//3802
f 7160//3323 7161//3324 7641//3804 7640//3803
f 7161//3324 7162//3325 7642//3805 7641//3804
f 7162//3325 7163//3326 7643//3806 7642//3805
f 7163//3326 7164//3327 7644//3807 7643//3806
f 7164//3327 7165//3328 7645//3808 7644//3807
f 7165//3328 7166//3329 7646//3809 7645//3808
f 7166//3329 7167//3330 7647//3810 7646//3809
f 7167//3330 7168//3331 7648//3811 7647//3810
f 7168//3331 7169//3332 7649//3812 7648//3811
f 7169//3332 7170//3333 7650//3813 7649//3812
f 7170//3333 7171//3334 7651//3814 7650//3813
f 7171//3334 7172//3335 7652//3815 7651//3814
f 7172//3335 7173//3336 7653//3816 7652//3815
f 7173//3336 7174//3337 7654//3817 7653//3816
f 7174//3337 7175//3338 7655//3818 7654//3817
f 7175//3338 7176//3339 7656//3819 7655//3818
f 7176//3339 7177//3340 7657//3820 7656//3819
f 7177//3340 7178//3341 7658//3821 7657//3820
f 7178//3341 7179//3342 7659//3822 7658//3821
f 7179//3342 7180//3343 7660//3823 7659//3822
f 7180//3343 7181//3344 7661//3824 7660//3823
f 7181//3344 7182//3345 7662//3825 7661//3824
f 7182//3345 7183//3346 7663//3826 7662//3825
f 7183//3346 7184//3347 7664//3827 7663//3826
f 7184//3347 7185//3348 7665//3828 7664//3827
f 7185//3348 7186//3349 7666//3829 7665//3828
f 7186//3349 7187//3350 7667//3830 7666//3829
f 7187//3350 7188//3351 7668//3831 7667//3830
f 7188//3351 7189//3352 7669//3832 7668//3831
f 7189//3352 7190//3353 7670//3833 7669//3832
f 7190//3353 7191//3354 7671//3834 7670//3833
f 7191//3354 7192//3355 7672//3835 7671//3834
f 7192//3355 7193//3356 7673//3836 7672//3835
f 7193//3356 7194//3357 7674//3837 7673//3836
f 7194//3357 7195//3358 7675//3838 7674//3837
f 7195//3358 7196//3359 7676//3839 7675//3838
f 7196//3359 7197//3360 7677//3840 7676//3839
f 7197//3360 7198//3361 7678//3841 7677//3840
f 7198//3361 7199//3362 7679//3842 7678//3841
f 7199//3362 7200//3363 7680//3843 7679//3842
f 7200//3363 6721//2884 7201//3364 7680//3843
f 7201//3364 7202//3365 7682//3845 7681//3844
f 7202//3365 7203//3366 7683//3846 7682//3845
f 7203//3366 7204//3367 7684//3847 7683//3846
f 7204//3367 7205//3368 7685//3848 7684//3847
f 7205//3368 7206//3369 7686//3849 7685//3848
f 7206//3369 7207//3370 7687//3850 7686//3849
f 7207//3370 7208//3371 7688//3851 7687//3850
f 7208//3371 7209//3372 7689//3852 7688//3851
f 7209//3372 7210//3373 7690//3853 7689//3852
f 7210//3373 7211//3374 7691//3854 7690//3853
f 7211//3374 7212//3375 7692//3855 7691//3854
f 7212//3375 7213//3376 7693//3856 7692//3855
f 7213//3376 7214//3377 7694//3857 7693//3856
f 7214//3377 7215//3378 7695//3858 7694//3857
f 7215//3378 7216//3379 7696//3859 7695//3858
f 7216//3379 7217//3380 7697//3860 7696//3859
f 7217//3380 7218//3381 7698//3861 7697//3860
f 7218//3381 7219//3382 7699//3862 7698//3861
f 7219//3382 7220//3383 7700//3863 7699//3862
f 7220//3383 7221//3384 7701//3864 7700//3863
f 7221//3384 7222//3385 7702//3865 7701//3864
f 7222//3385 7223//3386 7703//3866 7702//3865
f 7223//3386 7224//3387 7704//3867 7703//3866
f 7224//3387 7225//3388 7705//3868 7704//3867
f 7225//3388 7226//3389 7706//3869 7705//3868
f 7226//3389 7227//3390 7707//3870 7706//3869
f 7227//3390 7228//3391 7708//3871 7707//3870
f 7228//3391 7229//3392 7709//3872 7708//3871
f 7229//3392 7230//3393 7710//3873 7709//3872
f 7230//3393 7231//3394 7711//3874 7710//3873
f 7231//3394 7232//3395 7712//3875 7711//3874
f 7232//3395 7233//3396 7713//3876 7712//3875
f 7233//3396 7234//3397 7714//3877 7713//3876
f 7234//3397 7235//3398 7715//3878 7714//3877
f 7235//3398 7236//3399 7716//3879 7715//3878
f 7236//3399 7237//3400 7717//3880 7716//3879
f 7237//3400 7238//3401 7718//3881 7717//3880
f 7238//3401 7239//3402 7719//3882 7718//3881
f 7239//3402 7240//3403 7720//3883 7719//3882
f 7240//3403 7241//3404 7721//3884 7720//3883
f 7241//3404 7242//3405 7722//3885 7721//3884
f 7242//3405 7243//3406 7723//3886 7722//3885
f 7243//3406 7244//3407 7724//3887 7723//3886
f 7244//3407 7245//3408 7725//3888 7724//3887
f 7245//3408 7246//3409 7726//3889 7725//3888
f 7246//3409 7247//3410 7727//3890 7726//3889
f 7247//3410 7248//3411 7728//3891 7727//3890
f 7248//3411 7249//3412 7729//3892 7728//3891
f 7249//3412 7250//3413 7730//3893 7729//3892
f 7250//3413 7251//3414 7731//3894 7730//3893
f 7251//3414 7252//3415 7732//3895 7731//3894
f 7252//3415 7253//3416 7733//3896 7732//3895
f 7253//3416 7254//3417 7734//3897 7733//3896
f 7254//3417 7255//3418 7735//3898 7734//3897
f 7255//3418 7256//3419 7736//3899 7735//3898
f 7256//3419 7257//3420 7737//3900 7736//3899
f 7257//3420 7258//3421 7738//3901 7737//3900
f 7258//3421 7259//3422 7739//3902 7738//3901
f 7259//3422 7260//3423 7740//3903 7739//3902
f 7260//3423 7261//3424 7741//3904 7740//3903
f 7261//3424 7262//3425 7742//3905 7741//3904
f 7262//3425 7263//3426 7743//3906 7742//3905
f 7263//3426 7264//3427 7744//3907 7743//3906
f 7264//3427 7265//3428 7745//3908 7744//3907
f 7265//3428 7266//3429 7746//3909 7745//3908
f 7266//3429 7267//3430 7747//3910 7746//3909
f 7267//3430 7268//3431 7748//3911 7747//3910
f 7268//3431 7269//3432 7749//3912 7748//3911
f 7269//3432 7270//3433 7750//3913 7749//3912
f 7270//3433 7271//3434 7751//3914 7750//3913
f 7271//3434 7272//3435 7752//3915 7751//3914
f 7272//3435 7273//3436 7753//3916 7752//3915
f 7273//3436 7274//3437 7754//3917 7753//3916
f 7274//3437 7275//3438 7755//3918 7754//3917
f 7275//3438 7276//3439 7756//3919 7755//3918
f 7276//3439 7277//3440 7757//3920 7756//3919
f 7277//3440 7278//3441 7758//3921 7757//3920
f 7278//3441 7279//3442 7759//3922 7758//3921
f 7279//3442 7280//3443 7760//3923 7759//3922
f 7280//3443 7281//3444 7761//3924 7760//3923
f 7281//3444 7282//3445 7762//3925 7761//3924
f 7282//3445 7283//3446 7763//3926 7762//3925
f 7283//3446 7284//3447 7764//3927 7763//3926
f 7284//3447 7285//3448 7765//3928 7764//3927
f 7285//3448 7286//3449 7766//3929 7765//3928
f 7286//3449 7287//3450 7767//3930 7766//3929
f 7287//3450 7288//3451 7768//3931 7767//3930
f 7288//3451 7289//3452 7769//3932 7768//3931
f 7289//3452 7290//3453 7770//3933 7769//3932
f 7290//3453 7291//3454 7771//3934 7770//3933
f 7291//3454 7292//3455 7772//3935 7771//3934
f 7292//3455 7293//3456 7773//3936 7772//3935
f 7293//3456 7294//3457 7774//3937 7773//3936
f 7294//3457 7295//3458 7775//3938 7774//3937
f 7295//3458 7296//3459 7776//3939 7775//3938
f 7296//3459 7297//3460 7777//3940 7776//3939
f 7297//3460 7298//3461 7778//3941 7777//3940
f 7298//3461 7299//3462 7779//3942 7778//3941
f 7299//3462 7300//3463 7780//3943 7779//3942
f 7300//3463 7301//3464 7781//3944 7780//3943
f 7301//3464 7302//3465 7782//3945 7781//3944
f 7302//3465 7303//3466 7783//3946 7782//3945
f 7303//3466 7304//3467 7784//3947 7783//3946
f 7304//3467 7305//3468 7785//3948 7784//3947
f 7305//3468 7306//3469 7786//3949 7785//3948
f 7306//3469 7307//3470 7787//3950 7786//3949
f 7307//3470 7308//3471 7788//3951 7787//3950
f 7308//3471 7309//3472 7789//3952 7788//3951
f 7309//3472 7310//3473 7790//3953 7789//3952
f 7310//3473 7311//3474 7791//3954 7790//3953
f 7311//3474 7312//3475 7792//3955 7791//3954
f 7312//3475 7313//3476 7793//3956 7792//3955
f 7313//3476 7314//3477 7794//3957 7793//3956
f 7314//3477 7315//3478 7795//3958 7794//3957
f 7315//3478 7316//3479 7796//3959 7795//3958
f 7316//3479 7317//3480 7797//3960 7796//3959
f 7317//3480 7318//3481 7798//3961 7797//3960
f 7318//3481 7319//3482 7799//3962 7798//3961
f 7319//3482 7320//3483 7800//3963 7799//3962
f 7320//3483 7321//3484 7801//3964 7800//3963
f 7321//3484 7322//3485 7802//3965 7801//3964
f 7322//3485 7323//3486 7803//3966 7802//3965
f 7323//3486 7324//3487 7804//3967 7803//3966
f 7324//3487 7325//3488 7805//3968 7804//3967
f 7325//3488 7326//3489 7806//3969 7805//3968
f 7326//3489 7327//3490 7807//3970 7806//3969
f 7327//3490 7328//3491 7808//3971 7807//3970
f 7328//3491 7329//3492 7809//3972 7808//3971
f 7329//3492 7330//3493 7810//3973 7809//3972
f 7330//3493 7331//3494 7811//3974 7810//3973
f 7331//3494 7332//3495 7812//3975 7811//3974
f 7332//3495 7333//3496 7813//3976 7812//3975
f 7333//3496 7334//3497 7814//3977 7813//3976
f 7334//3497 7335//3498 7815//3978 7814//3977
f 7335//3498 7336//3499 7816//3979 7815//3978
f 7336//3499 7337//3500 7817//3980 7816//3979
f 7337//3500 7338//3501 7818//3981 7817//3980
f 7338//3501 7339//3502 7819//3982 7818//3981
f 7339//3502 7340//3503 7820//3983 7819//3982
f 7340//3503 7341//3504 7821//3984 7820//3983
f 7341//3504 7342//3505 7822//3985 7821//3984
f 7342//3505 7343//3506 7823//3986 7822//3985
f 7343//3506 7344//3507 7824//3987 7823//3986
f 7344//3507 7345//3508 7825//3988 7824//3987
f 7345//3508 7346//3509 7826//3989 7825//3988
f 7346//3509 7347//3510 7827//3990 7826//3989
f 7347//3510 7348//3511 7828//3991 7827//3990
f 7348//3511 7349//3512 7829//3992 7828//3991
f 7349//3512 7350//3513 7830//3993 7829//3992
f 7350//3513 7351//3514 7831//3994 7830//3993
f 7351//3514 7352//3515 7832//3995 7831//3994
f 7352//3515 7353//3516 7833//3996 7832//3995
f 7353//3516 7354//3517 7834//3997 7833//3996
f 7354//3517 7355//3518 7835//3998 7834//3997
f 7355//3518 7356//3519 7836//3999 7835//3998
f 7356//3519 7357//3520 7837//4000 7836//3999
f 7357//3520 7358//3521 7838//4001 7837//4000
f 7358//3521 7359//3522 7839//4002 7838//4001
f 7359//3522 7360//3523 7840//4003 7839//4002
f 7360//3523 7361//3524 7841//4004 7840//4003
f 7361//3524 7362//3525 7842//4005 7841//4004
f 7362//3525 7363//3526 7843//4006 7842//4005
f 7363//3526 7364//3527 7844//4007 7843//4006
f 7364//3527 7365//3528 7845//4008 7844//4007
f 7365//3528 7366//3529 7846//4009 7845//4008
f 7366//3529 7367//3530 7847//4010 7846//4009
f 7367//3530 7368//3531 7848//4011 7847//4010
f 7368//3531 7369//3532 7849//4012 7848//4011
f 7369//3532 7370//3533 7850//4013 7849//4012
f 7370//3533 7371//3534 7851//4014 7850//4013
f 7371//3534 7372//3535 7852//4015 7851//4014
f 7372//3535 7373//3536 7853//4016 7852//4015
f 7373//3536 7374//3537 7854//4017 7853//4016
f 7374//3537 7375//3538 7855//4018 7854//4017
f 7375//3538 7376//3539 7856//4019 7855//4018
f 7376//3539 7377//3540 7857//4020 7856//4019
f 7377//3540 7378//3541 7858//4021 7857//4020
f 7378//3541 7379//3542 7859//4022 7858//4021
f 7379//3542 7380//3543 7860//4023 7859//4022
f 7380//3543 7381//3544 7861//4024 7860//4023
f 7381//3544 7382//3545 7862//4025 7861//4024
f 7382//3545 7383//3546 7863//4026 7862//4025
f 7383//3546 7384//3547 7864//4027 7863//4026
f 7384//3547 7385//3548 7865//4028 7864//4027
f 7385//3548 7386//3549 7866//4029 7865//4028
f 7386//3549 7387//3550 7867//4030 7866//4029
f 7387//3550 7388//3551 7868//4031 7867//4030
f 7388//3551 7389//3552 7869//4032 7868//4031
f 7389//3552 7390//3553 7870//4033 7869//4032
f 7390//3553 7391//3554 7871//4034 7870//4033
f 7391//3554 7392//3555 7872//4035 7871//4034
f 7392//3555 7393//3556 7873//4036 7872//4035
f 7393//3556 7394//3557 7874//4037 7873//4036
f 7394//3557 7395//3558 7875//4038 7874//4037
f 7395//3558 7396//3559 7876//4039 7875//4038
f 7396//3559 7397//3560 7877//4040 7876//4039
f 7397//3560 7398//3561 7878//4041 7877//4040
f 7398//3561 7399//3562 7879//4042 7878//4041
f 7399//3562 7400//3563 7880//4043 7879//4042
f 7400//3563 7401//3564 7881//4044 7880//4043
f 7401//3564 7402//3565 7882//4045 7881//4044
f 7402//3565 7403//3566 7883//4046 7882//4045
f 7403//3566 7404//3567 7884//4047 7883//4046
f 7404//3567 7405//3568 7885//4048 7884//4047
f 7405//3568 7406//3569 7886//4049 7885//4048
f 7406//3569 7407//3570 7887//4050 7886//4049
f 7407//3570 7408//3571 7888//4051 7887//4050
f 7408//3571 7409//3572 7889//4052 7888//4051
f 7409//3572 7410//3573 7890//4053 7889//4052
f 7410//3573 7411//3574 7891//4054 7890//4053
f 7411//3574 7412//3575 7892//4055 7891//4054
f 7412//3575 7413//3576 7893//4056 7892//4055
f 7413//3576 7414//3577 7894//4057 7893//4056
f 7414//3577 7415//3578 7895//4058 7894//4057
f 7415//3578 7416//3579 7896//4059 7895//4058
f 7416//3579 7417//3580 7897//4060 7896//4059
f 7417//3580 7418//3581 7898//4061 7897//4060
f 7418//3581 7419//3582 7899//4062 7898//4061
f 7419//3582 7420//3583 7900//4063 7899//4062
f 7420//3583 7421//3584 7901//4064 7900//4063
f 7421//3584 7422//3585 7902//4065 7901//4064
f 7422//3585 7423//3586 7903//4066 7902//4065
f 7423//3586 7424//3587 7904//4067 7903//4066
f 7424//3587 7425//3588 7905//4068 7904//4067
f 7425//3588 7426//3589 7906//4069 7905//4068
f 7426//3589 7427//3590 7907//4070 7906//4069
f 7427//3590 7428//3591 7908//4071 7907//4070
f 7428//3591 7429//3592 7909//4072 7908//4071
f 7429//3592 7430//3593 7910//4073 7909//4072
f 7430//3593 7431//3594 7911//4074 7910//4073
f 7431//3594 7432//3595 7912//4075 7911//4074
f 7432//3595 7433//3596 7913//4076 7912//4075
f 7433//3596 7434//3597 7914//4077 7913//4076
f 7434//3597 7435//3598 7915//4078 7914//4077
f 7435//3598 7436//3599 7916//4079 7915//4078
f 7436//3599 7437//3600 7917//4080 7916//4079
f 7437//3600 7438//3601 7918//4081 7917//4080
f 7438//3601 7439//3602 7919//4082 7918//4081
f 7439//3602 7440//3603 7920//4083 7919//4082
f 7440//3603 7441//3604 7921//4084 7920//4083
f 7441//3604 7442//3605 7922//4085 7921//4084
f 7442//3605 7443//3606 7923//4086 7922//4085
f 7443//3606 7444//3607 7924//4087 7923//4086
f 7444//3607 7445//3608 7925//4088 7924//4087
f 7445//3608 7446//3609 7926//4089 7925//4088
f 7446//3609 7447//3610 7927//4090 7926//4089
f 7447//3610 7448//3611 7928//4091 7927//4090
f 7448//3611 7449//3612 7929//4092 7928//4091
f 7449//3612 7450//3613 7930//4093 7929//4092
f 7450//3613 7451//3614 7931//4094 7930//4093
f 7451//3614 7452//3615 7932//4095 7931//4094
f 7452//3615 7453//3616 7933//4096 7932//4095
f 7453//3616 7454//3617 7934//4097 7933//4096
f 7454//3617 7455//3618 7935//4098 7934//4097
f 7455//3618 7456//3619 7936//4099 7935//4098
f 7456//3619 7457//3620 7937//4100 7936//4099
f 7457//3620 7458//3621 7938//4101 7937//4100
f 7458//3621 7459//3622 7939//4102 7938//4101
f 7459//3622 7460//3623 7940//4103 7939//4102
f 7460//3623 7461//3624 7941//4104 7940//4103
f 7461//3624 7462//3625 7942//4105 7941//4104
f 7462//3625 7463//3626 7943//4106 7942//4105
f 7463//3626 7464//3627 7944//4107 7943//4106
f 7464//3627 7465//3628 7945//4108 7944//4107
f 7465//3628 7466//3629 7946//4109 7945//4108
f 7466//3629 7467//3630 7947//4110 7946//4109
f 7467//3630 7468//3631 7948//4111 7947//4110
f 7468//3631 7469//3632 7949//4112 7948//4111
f 7469//3632 7470//3633 7950//4113 7949//4112
f 7470//3633 7471//3634 7951//4114 7950//4113
f 7471//3634 7472//3635 7952//4115 7951//4114
f 7472//3635 7473//3636 7953//4116 7952//4115
f 7473//3636 7474//3637 7954//4117 7953//4116
f 7474//3637 7475//3638 7955//4118 7954//4117
f 7475//3638 7476//3639 7956//4119 7955//4118
f 7476//3639 7477//3640 7957//4120 7956//4119
f 7477//3640 7478//3641 7958//4121 7957//4120
f 7478//3641 7479//3642 7959//4122 7958//4121
f 7479//3642 7480//3643 7960//4123 7959//4122
f 7480//3643 7481//3644 7961//4124 7960//4123
f 7481//3644 7482//3645 7962//4125 7961//4124
f 7482//3645 7483//3646 7963//4126 7962//4125
f 7483//3646 7484//3647 7964//4127 7963//4126
f 7484//3647 7485//3648 7965//4128 7964//4127
f 7485//3648 7486//3649 7966//4129 7965//4128
f 7486//3649 7487//3650 7967//4130 7966//4129
f 7487//3650 7488//3651 7968//4131 7967//4130
f 7488//3651 7489//3652 7969//4132 7968//4131
f 7489//3652 7490//3653 7970//4133 7969//4132
f 7490//3653 7491//3654 7971//4134 7970//4133
f 7491//3654 7492//3655 7972//4135 7971//4134
f 7492//3655 7493//3656 7973//4136 7972//4135
f 7493//3656 7494//3657 7974//4137 7973//4136
f 7494//3657 7495//3658 7975//4138 7974//4137
f 7495//3658 7496//3659 7976//4139 7975//4138
f 7496//3659 7497//3660 7977//4140 7976//4139
f 7497//3660 7498//3661 7978//4141 7977//4140
f 7498//3661 7499//3662 7979//4142 7978//4141
f 7499//3662 7500//3663 7980//4143 7979//4142
f 7500//3663 7501//3664 7981//4144 7980//4143
f 7501//3664 7502//3665 7982//4145 7981//4144
f 7502//3665 7503//3666 7983//4146 7982//4145
f 7503//3666 7504//3667 7984//4147 7983//4146
f 7504//3667 7505//3668 7985//4148 7984//4147
f 7505//3668 7506//3669 7986//4149 7985//4148
f 7506//3669 7507//3670 7987//4150 7986//4149
f 7507//3670 7508//3671 7988//4151 7987//4150
f 7508//3671 7509//3672 7989//4152 7988//4151
f 7509//3672 7510//3673 7990//4153 7989//4152
f 7510//3673 7511//3674 7991//4154 7990//4153
f 7511//3674 7512//3675 7992//4155 7991//4154
f 7512//3675 7513//3676 7993//4156 7992//4155
f 7513//3676 7514//3677 7994//4157 7993//4156
f 7514//3677 7515//3678 7995//4158 7994//4157
f 7515//3678 7516//3679 7996//4159 7995//4158
f 7516//3679 7517//3680 7997//4160 7996//4159
f 7517//3680 7518//3681 7998//4161 7997//4160
f 7518//3681 7519//3682 7999//4162 7998//4161
f 7519//3682 7520//3683 8000//4163 7999//4162
f 7520//3683 7521//3684 8001//4164 8000//4163
f 7521//3684 7522//3685 8002//4165 8001//4164
f 7522//3685 7523//3686 8003//4166 8002//4165
f 7523//3686 7524//3687 8004//4167 8003//4166
f 7524//3687 7525//3688 8005//4168 8004//4167
f 7525//3688 7526//3689 8006//4169 8005//4168
f 7526//3689 7527//3690 8007//4170 8006//4169
f 7527//3690 7528//3691 8008//4171 8007//4170
f 7528//3691 7529//3692 8009//4172 8008//4171
f 7529//3692 7530//3693 8010//4173 8009//4172
f 7530//3693 7531//3694 8011//4174 8010//4173
f 7531//3694 7532//3695 8012//4175 8011//4174
f 7532//3695 7533//3696 8013//4176 8012//4175
f 7533//3696 7534//3697 8014//4177 8013//4176
f 7534//3697 7535//3698 8015//4178 8014//4177
f 7535//3698 7536//3699 8016//4179 8015//4178
f 7536//3699 7537//3700 8017//4180 8016//4179
f 7537//3700 7538//3701 8018//4181 8017//4180
f 7538//3701 7539//3702 8019//4182 8018//4181
f 7539//3702 7540//3703 8020//4183 8019//4182
f 7540//3703 7541//3704 8021//4184 8020//4183
f 7541//3704 7542//3705 8022//4185 8021//4184
f 7542//3705 7543//3706 8023//4186 8022//4185
f 7543//3706 7544//3707 8024//4187 8023//4186
f 7544//3707 7545//3708 8025//4188 8024//4187
f 7545//3708 7546//3709 8026//4189 8025//4188
f 7546//3709 7547//3710 8027//4190 8026//4189
f 7547//3710 7548//3711 8028//4191 8027//4190
f 7548//3711 7549//3712 8029//4192 8028//4191
f 7549//3712 7550//3713 8030//4193 8029//4192
f 7550//3713 7551//3714 8031//4194 8030//4193
f 7551//3714 7552//3715 8032//4195 8031//4194
f 7552//3715 7553//3716 8033//4196 8032//4195
f 7553//3716 7554//3717 8034//4197 8033//4196
f 7554//3717 7555//3718 8035//4198 8034//4197
f 7555//3718 7556//3719 8036//4199 8035//4198
f 7556//3719 7557//3720 8037//4200 8036//4199
f 7557//3720 7558//3721 8038//4201 8037//4200
f 7558//3721 7559//3722 8039//4202 8038//4201
f 7559//3722 7560//3723 8040//4203 8039//4202
f 7560//3723 7561//3724 8041//4204 8040//4203
f 7561//3724 7562//3725 8042//4205 8041//4204
f 7562//3725 7563//3726 8043//4206 8042//4205
f 7563//3726 7564//3727 8044//4207 8043//4206
f 7564//3727 7565//3728 8045//4208 8044//4207
f 7565//3728 7566//3729 8046//4209 8045//4208
f 7566//3729 7567//3730 8047//4210 8046//4209
f 7567//3730 7568//3731 8048//4211 8047//4210
f 7568//3731 7569//3732 8049//4212 8048//4211
f 7569//3732 7570//3733 8050//4213 8049//4212
f 7570//3733 7571//3734 8051//4214 8050//4213
f 7571//3734 7572//3735 8052//4215 8051//4214
f 7572//3735 7573//3736 8053//4216 8052//4215
f 7573//3736 7574//3737 8054//4217 8053//4216
f 7574//3737 7575//3738 8055//4218 8054//4217
f 7575//3738 7576//3739 8056//4219 8055//4218
f 7576//3739 7577//3740 8057//4220 8056//4219
f 7577//3740 7578//3741 8058//4221 8057//4220
f 7578//3741 7579//3742 8059//4222 8058//4221
f 7579//3742 7580//3743 8060//4223 8059//4222
f 7580//3743 7581//3744 8061//4224 8060//4223
f 7581//3744 7582//3745 8062//4225 8061//4224
f 7582//3745 7583//3746 8063//4226 8062//4225
f 7583//3746 7584//3747 8064//4227 8063//4226
f 7584//3747 7585//3748 8065//4228 8064//4227
f 7585//3748 7586//3749 8066//4229 8065//4228
f 7586//3749 7587//3750 8067//4230 8066//4229
f 7587//3750 7588//3751 8068//4231 8067//4230
f 7588//3751 7589//3752 8069//4232 8068//4231
f 7589//3752 7590//3753 8070//4233 8069//4232
f 7590//3753 7591//3754 8071//4234 8070//4233
f 7591//3754 7592//3755 8072//4235 8071//4234
f 7592//3755 7593//3756 8073//4236 8072//4235
f 7593//3756 7594//3757 8074//4237 8073//4236
f 7594//3757 7595//3758 8075//4238 8074//4237
f 7595//3758 7596//3759 8076//4239 8075//4238
f 7596//3759 7597//3760 8077//4240 8076//4239
f 7597//3760 7598//3761 8078//4241 8077//4240
f 7598//3761 7599//3762 8079//4242 8078//4241
f 7599//3762 7600//3763 8080//4243 8079//4242
f 7600//3763 7601//3764 8081//4244 8080//4243
f 7601//3764 7602//3765 8082//4245 8081//4244
f 7602//3765 7603//3766 8083//4246 8082//4245
f 7603//3766 7604//3767 8084//4247 8083//4246
f 7604//3767 7605//3768 8085//4248 8084//4247
f 7605//3768 7606//3769 8086//4249 8085//4248
f 7606//3769 7607//3770 8087//4250 8086//4249
f 7607//3770 7608//3771 8088//4251 8087//4250
f 7608//3771 7609//3772 8089//4252 8088//4251
f 7609//3772 7610//3773 8090//4253 8089//4252
f 7610//3773 7611//3774 8091//4254 8090//4253
f 7611//3774 7612//3775 8092//4255 8091//4254
f 7612//3775 7613//3776 8093//4256 8092//4255
f 7613//3776 7614//3777 8094//4257 8093//4256
f 7614//3777 7615//3778 8095//4258 8094//4257
f 7615//3778 7616//3779 8096//4259 8095//4258
f 7616//3779 7617//3780 8097//4260 8096//4259
f 7617//3780 7618//3781 8098//4261 8097//4260
f 7618//3781 7619//3782 8099//4262 8098//4261
f 7619//3782 7620//3783 8100//4263 8099//4262
f 7620//3783 7621//3784 8101//4264 8100//4263
f 7621//3784 7622//3785 8102//4265 8101//4264
f 7622//3785 7623//3786 8103//4266 8102//4265
f 7623//3786 7624//3787 8104//4267 8103//4266
f 7624//3787 7625//3788 8105//4268 8104//4267
f 7625//3788 7626//3789 8106//4269 8105//4268
f 7626//3789 7627//3790 8107//4270 8106//4269
f 7627//3790 7628//3791 8108//4271 8107//4270
f 7628//3791 7629//3792 8109//4272 8108//4271
f 7629//3792 7630//3793 8110//4273 8109//4272
f 7630//3793 7631//3794 8111//4274 8110//4273
f 7631//3794 7632//3795 8112//4275 8111//4274
f 7632//3795 7633//3796 8113//4276 8112//4275
f 7633//3796 7634//3797 8114//4277 8113//4276
f 7634//3797 7635//3798 8115//4278 8114//4277
f 7635//3798 7636//3799 8116//4279 8115//4278
f 7636//3799 7637//3800 8117//4280 8116//4279
f 7637//3800 7638//3801 8118//4281 8117//4280
f 7638//3801 7639//3802 8119//4282 8118//4281
f 7639//3802 7640//3803 8120//4283 8119//4282
f 7640//3803 7641//3804 8121//4284 8120//4283
f 7641//3804 7642//3805 8122//4285 8121//4284
f 7642//3805 7643//3806 8123//4286 8122//4285
f 7643//3806 7644//3807 8124//4287 8123//4286
f 7644//3807 7645//3808 8125//4288 8124//4287
f 7645//3808 7646//3809 8126//4289 8125//4288
f 7646//3809 7647//3810 8127//4290 8126//4289
f 7647//3810 7648//3811 8128//4291 8127//4290
f 7648//3811 7649//3812 8129//4292 8128//4291
f 7649//3812 7650//3813 8130//4293 8129//4292
f 7650//3813 7651//3814 8131//4294 8130//4293
f 7651//3814 7652//3815 8132//4295 8131//4294
f 7652//3815 7653//3816 8133//4296 8132//4295
f 7653//3816 7654//3817 8134//4297 8133//4296
f 7654//3817 7655//3818 8135//4298 8134//4297
f 7655//3818 7656//3819 8136//4299 8135//4298
f 7656//3819 7657//3820 8137//4300 8136//4299
f 7657//3820 7658//3821 8138//4301 8137//4300
f 7658//3821 7659//3822 8139//4302 8138//4301
f 7659//3822 7660//3823 8140//4303 8139//4302
f 7660//3823 7661//3824 8141//4304 8140//4303
f 7661//3824 7662//3825 8142//4305 8141//4304
f 7662//3825 7663//3826 8143//4306 8142//4305
f 7663//3826 7664//3827 8144//4307 8143//4306
f 7664//3827 7665//3828 8145//4308 8144//4307
f 7665//3828 7666//3829 8146//4309 8145//4308
f 7666//3829 7667//3830 8147//4310 8146//4309
f 7667//3830 7668//3831 8148//4311 8147//4310
f 7668//3831 7669//3832 8149//4312 8148//4311
f 7669//3832 7670//3833 8150//4313 8149//4312
f 7670//3833 7671//3834 8151//4314 8150//4313
f 7671//3834 7672//3835 8152//4315 8151//4314
f 7672//3835 7673//3836 8153//4316 8152//4315
f 7673//3836 7674//3837 8154//4317 8153//4316
f 7674//3837 7675//3838 8155//4318 8154//4317
f 7675//3838 7676//3839 8156//4319 8155//4318
f 7676//3839 7677//3840 8157//4320 8156//4319
f 7677//3840 7678//3841 8158//4321 8157//4320
f 7678//3841 7679//3842 8159//4322 8158//4321
f 7679//3842 7680//3843 8160//4323 8159//4322
f 7680//3843 7201//3364 7681//3844 8160//4323
f 7681//3844 7682//3845 8162//4325 8161//4324
f 7682//3845 7683//3846 8163//4326 8162//4325
f 7683//3846 7684//3847 8164//4327 8163//4326
f 7684//3847 7685//3848 8165//4328 8164//4327
f 7685//3848 7686//3849 8166//4329 8165//4328
f 7686//3849 7687//3850 8167//4330 8166//4329
f 7687//3850 7688//3851 8168//4331 8167//4330
f 7688//3851 7689//3852 8169//4332 8168//4331
f 7689//3852 7690//3853 8170//4333 8169//4332
f 7690//3853 7691//3854 8171//4334 8170//4333
f 7691//3854 7692//3855 8172//4335 8171//4334
f 7692//3855 7693//3856 8173//4336 8172//4335
f 7693//3856 7694//3857 8174//4337 8173//4336
f 7694//3857 7695//3858 8175//4338 8174//4337
f 7695//3858 7696//3859 8176//4339 8175//4338
f 7696//3859 7697//3860 8177//4340 8176//4339
f 7697//3860 7698//3861 8178//4341 8177//4340
f 7698//3861 7699//3862 8179//4342 8178//4341
f 7699//3862 7700//3863 8180//4343 8179//4342
f 7700//3863 7701//3864 8181//4344 8180//4343
f 7701//3864 7702//3865 8182//4345 8181//4344
f 7702//3865 7703//3866 8183//4346 8182//4345
f 7703//3866 7704//3867 8184//4347 8183//4346
f 7704//3867 7705//3868 8185//4348 8184//4347
f 7705//3868 7706//3869 8186//4349 8185//4348
f 7706//3869 7707//3870 8187//4350 8186//4349
f 7707//3870 7708//3871 8188//4351 8187//4350
f 7708//3871 7709//3872 8189//4352 8188//4351
f 7709//3872 7710//3873 8190//4353 8189//4352
f 7710//3873 7711//3874 8191//4354 8190//4353
f 7711//3874 7712//3875 8192//4355 8191//4354
f 7712//3875 7713//3876 8193//4356 8192//4355
f 7713//3876 7714//3877 8194//4357 8193//4356
f 7714//3877 7715//3878 8195//4358 8194//4357
f 7715//3878 7716//3879 8196//4359 8195//4358
f 7716//3879 7717//3880 8197//4360 8196//4359
f 7717//3880 7718//3881 8198//4361 8197//4360
f 7718//3881 7719//3882 8199//4362 8198//4361
f 7719//3882 7720//3883 8200//4363 8199//4362
f 7720//3883 7721//3884 8201//4364 8200//4363
f 7721//3884 7722//3885 8202//4365 8201//4364
f 7722//3885 7723//3886 8203//4366 8202//4365
f 7723//3886 7724//3887 8204//4367 8203//4366
f 7724//3887 7725//3888 8205//4368 8204//4367
f 7725//3888 7726//3889 8206//4369 8205//4368
f 7726//3889 7727//3890 8207//4370 8206//4369
f 7727//3890 7728//3891 8208//4371 8207//4370
f 7728//3891 7729//3892 8209//4372 8208//4371
f 7729//3892 7730//3893 8210//4373 8209//4372
f 7730//3893 7731//3894 8211//4374 8210//4373
f 7731//3894 7732//3895 8212//4375 8211//4374
f 7732//3895 7733//3896 8213//4376 8212//4375
f 7733//3896 7734//3897 8214//4377 8213//4376
f 7734//3897 7735//3898 8215//4378 8214//4377
f 7735//3898 7736//3899 8216//4379 8215//4378
f 7736//3899 7737//3900 8217//4380 8216//4379
f 7737//3900 7738//3901 8218//4381 8217//4380
f 7738//3901 7739//3902 8219//4382 8218//4381
f 7739//3902 7740//3903 8220//4383 8219//4382
f 7740//3903 7741//3904 8221//4384 8220//4383
f 7741//3904 7742//3905 8222//4385 8221//4384
f 7742//3905 7743//3906 8223//4386 8222//4385
f 7743//3906 7744//3907 8224//4387 8223//4386
f 7744//3907 7745//3908 8225//4388 8224//4387
f 7745//3908 7746//3909 8226//4389 8225//4388
f 7746//3909 7747//3910 8227//4390 8226//4389
f 7747//3910 7748//3911 8228//4391 8227//4390
f 7748//3911 7749//3912 8229//4392 8228//4391
f 7749//3912 7750//3913 8230//4393 8229//4392
f 7750//3913 7751//3914 8231//4394 8230//4393
f 7751//3914 7752//3915 8232//4395 8231//4394
f 7752//3915 7753//3916 8233//4396 8232//4395
f 7753//3916 7754//3917 8234//4397 8233//4396
f 7754//3917 7755//3918 8235//4398 8234//4397
f 7755//3918 7756//3919 8236//4399 8235//4398
f 7756//3919 7757//3920 8237//4400 8236//4399
f 7757//3920 7758//3921 8238//4401 8237//4400
f 7758//3921 7759//3922 8239//4402 8238//4401
f 7759//3922 7760//3923 8240//4403 8239//4402
f 7760//3923 7761//3924 8241//4404 8240//4403
f 7761//3924 7762//3925 8242//4405 8241//4404
f 7762//3925 7763//3926 8243//4406 8242//4405
f 7763//3926 7764//3927 8244//4407 8243//4406
f 7764//3927 7765//3928 8245//4408 8244//4407
f 7765//3928 7766//3929 8246//4409 8245//4408
f 7766//3929 7767//3930 8247//4410 8246//4409
f 7767//3930 7768//3931 8248//4411 8247//4410
f 7768//3931 7769//3932 8249//4412 8248//4411
f 7769//3932 7770//3933 8250//4413 8249//4412
f 7770//3933 7771//3934 8251//4414 8250//4413
f 7771//3934 7772//3935 8252//4415 8251//4414
f 7772//3935 7773//3936 8253//4416 8252//4415
f 7773//3936 7774//3937 8254//4417 8253//4416
f 7774//3937 7775//3938 8255//4418 8254//4417
f 7775//3938 7776//3939 8256//4419 8255//4418
f 7776//3939 7777//3940 8257//4420 8256//4419
f 7777//3940 7778//3941 8258//4421 8257//4420
f 7778//3941 7779//3942 8259//4422 8258//4421
f 7779//3942 7780//3943 8260//4423 8259//4422
f 7780//3943 7781//3944 8261//4424 8260//4423
f 7781//3944 7782//3945 8262//4425 8261//4424
f 7782//3945 7783//3946 8263//4426 8262//4425
f 7783//3946 7784//3947 8264//4427 8263//4426
f 7784//3947 7785//3948 8265//4428 8264//4427
f 7785//3948 7786//3949 8266//4429 8265//4428
f 7786//3949 7787//3950 8267//4430 8266//4429
f 7787//3950 7788//3951 8268//4431 8267//4430
f 7788//3951 7789//3952 8269//4432 8268//4431
f 7789//3952 7790//3953 8270//4433 8269//4432
f 7790//3953 7791//3954 8271//4434 8270//4433
f 7791//3954 7792//3955 8272//4435 8271//4434
f 7792//3955 7793//3956 8273//4436 8272//4435
f 7793//3956 7794//3957 8274//4437 8273//4436
f 7794//3957 7795//3958 8275//4438 8274//4437
f 7795//3958 7796//3959 8276//4439 8275//4438
f 7796//3959 7797//3960 8277//4440 8276//4439
f 7797//3960 7798//3961 8278//4441 8277//4440
f 7798//3961 7799//3962 8279//4442 8278//4441
f 7799//3962 7800//3963 8280//4443 8279//4442
f 7800//3963 7801//3964 8281//4444 8280//4443
f 7801//3964 7802//3965 8282//4445 8281//4444
f 7802//3965 7803//3966 8283//4446 8282//4445
f 7803//3966 7804//3967 8284//4447 8283//4446
f 7804//3967 7805//3968 8285//4448 8284//4447
f 7805//3968 7806//3969 8286//4449 8285//4448
f 7806//3969 7807//3970 8287//4450 8286//4449
f 7807//3970 7808//3971 8288//4451 8287//4450
f 7808//3971 7809//3972 8289//4452 8288//4451
f 7809//3972 7810//3973 8290//4453 8289//4452
f 7810//3973 7811//3974 8291//4454 8290//4453
f 7811//3974 7812//3975 8292//4455 8291//4454
f 7812//3975 7813//3976 8293//4456 8292//4455
f 7813//3976 7814//3977 8294//4457 8293//4456
f 7814//3977 7815//3978 8295//4458 8294//4457
f 7815//3978 7816//3979 8296//4459 8295//4458
f 7816//3979 7817//3980 8297//4460 8296//4459
f 7817//3980 7818//3981 8298//4461 8297//4460
f 7818//3981 7819//3982 8299//4462 8298//4461
f 7819//3982 7820//3983 8300//4463 8299//4462
f 7820//3983 7821//3984 8301//4464 8300//4463
f 7821//3984 7822//3985 8302//4465 8301//4464
f 7822//3985 7823//3986 8303//4466 8302//4465
f 7823//3986 7824//3987 8304//4467 8303//4466
f 7824//3987 7825//3988 8305//4468 8304//4467
f 7825//3988 7826//3989 8306//4469 8305//4468
f 7826//3989 7827//3990 8307//4470 8306//4469
f 7827//3990 7828//3991 8308//4471 8307//4470
f 7828//3991 7829//3992 8309//4472 8308//4471
f 7829//3992 7830//3993 8310//4473 8309//4472
f 7830//3993 7831//3994 8311//4474 8310//4473
f 7831//3994 7832//3995 8312//4475 8311//4474
f 7832//3995 7833//3996 8313//4476 8312//4475
f 7833//3996 7834//3997 8314//4477 8313//4476
f 7834//3997 7835//3998 8315//4478 8314//4477
f 7835//3998 7836//3999 8316//4479 8315//4478
f 7836//3999 7837//4000 8317//4480 8316//4479
f 7837//4000 7838//4001 8318//4481 8317//4480
f 7838//4001 7839//4002 8319//4482 8318//4481
f 7839//4002 7840//4003 8320//4483 8319//4482
f 7840//4003 7841//4004 8321//4484 8320//4483
f 7841//4004 7842//4005 8322//4485 8321//4484
f 7842//4005 7843//4006 8323//4486 8322//4485
f 7843//4006 7844//4007 8324//4487 8323//4486
f 7844//4007 7845//4008 8325//4488 8324//4487
f 7845//4008 7846//4009 8326//4489 8325//4488
f 7846//4009 7847//4010 8327//4490 8326//4489
f 7847//4010 7848//4011 8328//4491 8327//4490
f 7848//4011 7849//4012 8329//4492 8328//4491
f 7849//4012 7850//4013 8330//4493 8329//4492
f 7850//4013 7851//4014 8331//4494 8330//4493
f 7851//4014 7852//4015 8332//4495 8331//4494
f 7852//4015 7853//4016 8333//4496 8332//4495
f 7853//4016 7854//4017 8334//4497 8333//4496
f 7854//4017 7855//4018 8335//4498 8334//4497
f 7855//4018 7856//4019 8336//4499 8335//4498
f 7856//4019 7857//4020 8337//4500 8336//4499
f 7857//4020 7858//4021 8338//4501 8337//4500
f 7858//4021 7859//4022 8339//4502 8338//4501
f 7859//4022 7860//4023 8340//4503 8339//4502
f 7860//4023 7861//4024 8341//4504 8340//4503
f 7861//4024 7862//4025 8342//4505 8341//4504
f 7862//4025 7863//4026 8343//4506 8342//4505
f 7863//4026 7864//4027 8344//4507 8343//4506
f 7864//4027 7865//4028 8345//4508 8344//4507
f 7865//4028 7866//4029 8346//4509 8345//4508
f 7866//4029 7867//4030 8347//4510 8346//4509
f 7867//4030 7868//4031 8348//4511 8347//4510
f 7868//4031 7869//4032 8349//4512 8348//4511
f 7869//4032 7870//4033 8350//4513 8349//4512
f 7870//4033 7871//4034 8351//4514 8350//4513
f 7871//4034 7872//4035 8352//4515 8351//4514
f 7872//4035 7873//4036 8353//4516 8352//4515
f 7873//4036 7874//4037 8354//4517 8353//4516
f 7874//4037 7875//4038 8355//4518 8354//4517
f 7875//4038 7876//4039 8356//4519 8355//4518
f 7876//4039 7877//4040 8357//4520 8356//4519
f 7877//4040 7878//4041 8358//4521 8357//4520
f 7878//4041 7879//4042 8359//4522 8358//4521
f 7879//4042 7880//4043 8360//4523 8359//4522
f 7880//4043 7881//4044 8361//4524 8360//4523
f 7881//4044 7882//4045 8362//4525 8361//4524
f 7882//4045 7883//4046 8363//4526 8362//4525
f 7883//4046 7884//4047 8364//4527 8363//4526
f 7884//4047 7885//4048 8365//4528 8364//4527
f 7885//4048 7886//4049 8366//4529 8365//4528
f 7886//4049 7887//4050 8367//4530 8366//4529
f 7887//4050 7888//4051 8368//4531 8367//4530
f 7888//4051 7889//4052 8369//4532 8368//4531
f 7889//4052 7890//4053 8370//4533 8369//4532
f 7890//4053 7891//4054 8371//4534 8370//4533
f 7891//4054 7892//4055 8372//4535 8371//4534
f 7892//4055 7893//4056 8373//4536 8372//4535
f 7893//4056 7894//4057 8374//4537 8373//4536
f 7894//4057 7895//4058 8375//4538 8374//4537
f 7895//4058 7896//4059 8376//4539 8375//4538
f 7896//4059 7897//4060 8377//4540 8376//4539
f 7897//4060 7898//4061 8378//4541 8377//4540
f 7898//4061 7899//4062 8379//4542 8378//4541
f 7899//4062 7900//4063 8380//4543 8379//4542
f 7900//4063 7901//4064 8381//4544 8380//4543
f 7901//4064 7902//4065 8382//4545 8381//4544
f 7902//4065 7903//4066 8383//4546 8382//4545
f 7903//4066 7904//4067 8384//4547 8383//4546
f 7904//4067 7905//4068 8385//4548 8384//4547
f 7905//4068 7906//4069 8386//4549 8385//4548
f 7906//4069 7907//4070 8387//4550 8386//4549
f 7907//4070 7908//4071 8388//4551 8387//4550
f 7908//4071 7909//4072 8389//4552 8388//4551
f 7909//4072 7910//4073 8390//4553 8389//4552
f 7910//4073 7911//4074 8391//4554 8390//4553
f 7911//4074 7912//4075 8392//4555 8391//4554
f 7912//4075 7913//4076 8393//4556 8392//4555
f 7913//4076 7914//4077 8394//4557 8393//4556
f 7914//4077 7915//4078 8395//4558 8394//4557
f 7915//4078 7916//4079 8396//4559 8395//4558
f 7916//4079 7917//4080 8397//4560 8396//4559
f 7917//4080 7918//4081 8398//4561 8397//4560
f 7918//4081 7919//4082 8399//4562 8398//4561
f 7919//4082 7920//4083 8400//4563 8399//4562
f 7920//4083 7921//4084 8401//4564 8400//4563
f 7921//4084 7922//4085 8402//4565 8401//4564
f 7922//4085 7923//4086 8403//4566 8402//4565
f 7923//4086 7924//4087 8404//4567 8403//4566
f 7924//4087 7925//4088 8405//4568 8404//4567
f 7925//4088 7926//4089 8406//4569 8405//4568
f 7926//4089 7927//4090 8407//4570 8406//4569
f 7927//4090 7928//4091 8408//4571 8407//4570
f 7928//4091 7929//4092 8409//4572 8408//4571
f 7929//4092 7930//4093 8410//4573 8409//4572
f 7930//4093 7931//4094 8411//4574 8410//4573
f 7931//4094 7932//4095 8412//4575 8411//4574
f 7932//4095 7933//4096 8413//4576 8412//4575
f 7933//4096 7934//4097 8414//4577 8413//4576
f 7934//4097 7935//4098 8415//4578 8414//4577
f 7935//4098 7936//4099 8416//4579 8415//4578
f 7936//4099 7937//4100 8417//4580 8416//4579
f 7937//4100 7938//4101 8418//4581 8417//4580
f 7938//4101 7939//4102 8419//4582 8418//4581
f 7939//4102 7940//4103 8420//4583 8419//4582
f 7940//4103 7941//4104 8421//4584 8420//4583
f 7941//4104 7942//4105 8422//4585 8421//4584
f 7942//4105 7943//4106 8423//4586 8422//4585
f 7943//4106 7944//4107 8424//4587 8423//4586
f 7944//4107 7945//4108 8425//4588 8424//4587
f 7945//4108 7946//4109 8426//4589 8425//4588
f 7946//4109 7947//4110 8427//4590 8426//4589
f 7947//4110 7948//4111 8428//4591 8427//4590
f 7948//4111 7949//4112 8429//4592 8428//4591
f 7949//4112 7950//4113 8430//4593 8429//4592
f 7950//4113 7951//4114 8431//4594 8430//4593
f 7951//4114 7952//4115 8432//4595 8431//4594
f 7952//4115 7953//4116 8433//4596 8432//4595
f 7953//4116 7954//4117 8434//4597 8433//4596
f 7954//4117 7955//4118 8435//4598 8434//4597
f 7955//4118 7956//4119 8436//4599 8435//4598
f 7956//4119 7957//4120 8437//4600 8436//4599
f 7957//4120 7958//4121 8438//4601 8437//4600
f 7958//4121 7959//4122 8439//4602 8438//4601
f 7959//4122 7960//4123 8440//4603 8439//4602
f 7960//4123 7961//4124 8441//4604 8440//4603
f 7961//4124 7962//4125 8442//4605 8441//4604
f 7962//4125 7963//4126 8443//4606 8442//4605
f 7963//4126 7964//4127 8444//4607 8443//4606
f 7964//4127 7965//4128 8445//4608 8444//4607
f 7965//4128 7966//4129 8446//4609 8445//4608
f 7966//4129 7967//4130 8447//4610 8446//4609
f 7967//4130 7968//4131 8448//4611 8447//4610
f 7968//4131 7969//4132 8449//4612 8448//4611
f 7969//4132 7970//4133 8450//4613 8449//4612
f 7970//4133 7971//4134 8451//4614 8450//4613
f 7971//4134 7972//4135 8452//4615 8451//4614
f 7972//4135 7973//4136 8453//4616 8452//4615
f 7973//4136 7974//4137 8454//4617 8453//4616
f 7974//4137 7975//4138 8455//4618 8454//4617
f 7975//4138 7976//4139 8456//4619 8455//4618
f 7976//4139 7977//4140 8457//4620 8456//4619
f 7977//4140 7978//4141 8458//4621 8457//4620
f 7978//4141 7979//4142 8459//4622 8458//4621
f 7979//4142 7980//4143 8460//4623 8459//4622
f 7980//4143 7981//4144 8461//4624 8460//4623
f 7981//4144 7982//4145 8462//4625 8461//4624
f 7982//4145 7983//4146 8463//4626 8462//4625
f 7983//4146 7984//4147 8464//4627 8463//4626
f 7984//4147 7985//4148 8465//4628 8464//4627
f 7985//4148 7986//4149 8466//4629 8465//4628
f 7986//4149 7987//4150 8467//4630 8466//4629
f 7987//4150 7988//4151 8468//4631 8467//4630
f 7988//4151 7989//4152 8469//4632 8468//4631
f 7989//4152 7990//4153 8470//4633 8469//4632
f 7990//4153 7991//4154 8471//4634 8470//4633
f 7991//4154 7992//4155 8472//4635 8471//4634
f 7992//4155 7993//4156 8473//4636 8472//4635
f 7993//4156 7994//4157 8474//4637 8473//4636
f 7994//4157 7995//4158 8475//4638 8474//4637
f 7995//4158 7996//4159 8476//4639 8475//4638
f 7996//4159 7997//4160 8477//4640 8476//4639
f 7997//4160 7998//4161 8478//4641 8477//4640
f 7998//4161 7999//4162 8479//4642 8478//4641
f 7999//4162 8000//4163 8480//4643 8479//4642
f 8000//4163 8001//4164 8481//4644 8480//4643
f 8001//4164 8002//4165 8482//4645 8481//4644
f 8002//4165 8003//4166 8483//4646 8482//4645
f 8003//4166 8004//4167 8484//4647 8483//4646
f 8004//4167 8005//4168 8485//4648 8484//4647
f 8005//4168 8006//4169 8486//4649 8485//4648
f 8006//4169 8007//4170 8487//4650 8486//4649
f 8007//4170 8008//4171 8488//4651 8487//4650
f 8008//4171 8009//4172 8489//4652 8488//4651
f 8009//4172 8010//4173 8490//4653 8489//4652
f 8010//4173 8011//4174 8491//4654 8490//4653
f 8011//4174 8012//4175 8492//4655 8491//4654
f 8012//4175 8013//4176 8493//4656 8492//4655
f 8013//4176 8014//4177 8494//4657 8493//4656
f 8014//4177 8015//4178 8495//4658 8494//4657
f 8015//4178 8016//4179 8496//4659 8495//4658
f 8016//4179 8017//4180 8497//4660 8496//4659
f 8017//4180 8018//4181 8498//4661 8497//4660
f 8018//4181 8019//4182 8499//4662 8498//4661
f 8019//4182 8020//4183 8500//4663 8499//4662
f 8020//4183 8021//4184 8501//4664 8500//4663
f 8021//4184 8022//4185 8502//4665 8501//4664
f 8022//4185 8023//4186 8503//4666 8502//4665
f 8023//4186 8024//4187 8504//4667 8503//4666
f 8024//4187 8025//4188 8505//4668 8504//4667
f 8025//4188 8026//4189 8506//4669 8505//4668
f 8026//4189 8027//4190 8507//4670 8506//4669
f 8027//4190 8028//4191 8508//4671 8507//4670
f 8028//4191 8029//4192 8509//4672 8508//4671
f 8029//4192 8030//4193 8510//4673 8509//4672
f 8030//4193 8031//4194 8511//4674 8510//4673
f 8031//4194 8032//4195 8512//4675 8511//4674
f 8032//4195 8033//4196 8513//4676 8512//4675
f 8033//4196 8034//4197 8514//4677 8513//4676
f 8034//4197 8035//4198 8515//4678 8514//4677
f 8035//4198 8036//4199 8516//4679 8515//4678
f 8036//4199 8037//4200 8517//4680 8516//4679
f 8037//4200 8038//4201 8518//4681 8517//4680
f 8038//4201 8039//4202 8519//4682 8518//4681
f 8039//4202 8040//4203 8520//4683 8519//4682
f 8040//4203 8041//4204 8521//4684 8520//4683
f 8041//4204 8042//4205 8522//4685 8521//4684
f 8042//4205 8043//4206 8523//4686 8522//4685
f 8043//4206 8044//4207 8524//4687 8523//4686
f 8044//4207 8045//4208 8525//4688 8524//4687
f 8045//4208 8046//4209 8526//4689 8525//4688
f 8046//4209 8047//4210 8527//4690 8526//4689
f 8047//4210 8048//4211 8528//4691 8527//4690
f 8048//4211 8049//4212 8529//4692 8528//4691
f 8049//4212 8050//4213 8530//4693 8529//4692
f 8050//4213 8051//4214 8531//4694 8530//4693
f 8051//4214 8052//4215 8532//4695 8531//4694
f 8052//4215 8053//4216 8533//4696 8532//4695
f 8053//4216 8054//4217 8534//4697 8533//4696
f 8054//4217 8055//4218 8535//4698 8534//4697
f 8055//4218 8056//4219 8536//4699 8535//4698
f 8056//4219 8057//4220 8537//4700 8536//4699
f 8057//4220 8058//4221 8538//4701 8537//4700
f 8058//4221 8059//4222 8539//4702 8538//4701
f 8059//4222 8060//4223 8540//4703 8539//4702
f 8060//4223 8061//4224 8541//4704 8540//4703
f 8061//4224 8062//4225 8542//4705 8541//4704
f 8062//4225 8063//4226 8543//4706 8542//4705
f 8063//4226 8064//4227 8544//4707 8543//4706
f 8064//4227 8065//4228 8545//4708 8544//4707
f 8065//4228 8066//4229 8546//4709 8545//4708
f 8066//4229 8067//4230 8547//4710 8546//4709
f 8067//4230 8068//4231 8548//4711 8547//4710
f 8068//4231 8069//4232 8549//4712 8548//4711
f 8069//4232 8070//4233 8550//4713 8549//4712
f 8070//4233 8071//4234 8551//4714 8550//4713
f 8071//4234 8072//4235 8552//4715 8551//4714
f 8072//4235 8073//4236 8553//4716 8552//4715
f 8073//4236 8074//4237 8554//4717 8553//4716
f 8074//4237 8075//4238 8555//4718 8554//4717
f 8075//4238 8076//4239 8556//4719 8555//4718
f 8076//4239 8077//4240 8557//4720 8556//4719
f 8077//4240 8078//4241 8558//4721 8557//4720
f 8078//4241 8079//4242 8559//4722 8558//4721
f 8079//4242 8080//4243 8560//4723 8559//4722
f 8080//4243 8081//4244 8561//4724 8560//4723
f 8081//4244 8082//4245 8562//4725 8561//4724
f 8082//4245 8083//4246 8563//4726 8562//4725
f 8083//4246 8084//4247 8564//4727 8563//4726
f 8084//4247 8085//4248 8565//4728 8564//4727
f 8085//4248 8086//4249 8566//4729 8565//4728
f 8086//4249 8087//4250 8567//4730 8566//4729
f 8087//4250 8088//4251 8568//4731 8567//4730
f 8088//4251 8089//4252 8569//4732 8568//4731
f 8089//4252 8090//4253 8570//4733 8569//4732
f 8090//4253 8091//4254 8571//4734 8570//4733
f 8091//4254 8092//4255 8572//4735 8571//4734
f 8092//4255 8093//4256 8573//4736 8572//4735
f 8093//4256 8094//4257 8574//4737 8573//4736
f 8094//4257 8095//4258 8575//4738 8574//4737
f 8095//4258 8096//4259 8576//4739 8575//4738
f 8096//4259 8097//4260 8577//4740 8576//4739
f 8097//4260 8098//4261 8578//4741 8577//4740
f 8098//4261 8099//4262 8579//4742 8578//4741
f 8099//4262 8100//4263 8580//4743 8579//4742
f 8100//4263 8101//4264 8581//4744 8580//4743
f 8101//4264 8102//4265 8582//4745 8581//4744
f 8102//4265 8103//4266 8583//4746 8582//4745
f 8103//4266 8104//4267 8584//4747 8583//4746
f 8104//4267 8105//4268 8585//4748 8584//4747
f 8105//4268 8106//4269 8586//4749 8585//4748
f 8106//4269 8107//4270 8587//4750 8586//4749
f 8107//4270 8108//4271 8588//4751 8587//4750
f 8108//4271 8109//4272 8589//4752 8588//4751
f 8109//4272 8110//4273 8590//4753 8589//4752
f 8110//4273 8111//4274 8591//4754 8590//4753
f 8111//4274 8112//4275 8592//4755 8591//4754
f 8112//4275 8113//4276 8593//4756 8592//4755
f 8113//4276 8114//4277 8594//4757 8593//4756
f 8114//4277 8115//4278 8595//4758 8594//4757
f 8115//4278 8116//4279 8596//4759 8595//4758
f 8116//4279 8117//4280 8597//4760 8596//4759
f 8117//4280 8118//4281 8598//4761 8597//4760
f 8118//4281 8119//4282 8599//4762 8598//4761
f 8119//4282 8120//4283 8600//4763 8599//4762
f 8120//4283 8121//4284 8601//4764 8600//4763
f 8121//4284 8122//4285 8602//4765 8601//4764
f 8122//4285 8123//4286 8603//4766 8602//4765
f 8123//4286 8124//4287 8604//4767 8603//4766
f 8124//4287 8125//4288 8605//4768 8604//4767
f 8125//4288 8126//4289 8606//4769 8605//4768
f 8126//4289 8127//4290 8607//4770 8606//4769
f 8127//4290 8128//4291 8608//4771 8607//4770
f 8128//4291 8129//4292 8609//4772 8608//4771
f 8129//4292 8130//4293 8610//4773 8609//4772
f 8130//4293 8131//4294 8611//4774 8610//4773
f 8131//4294 8132//4295 8612//4775 8611//4774
f 8132//4295 8133//4296 8613//4776 8612//4775
f 8133//4296 8134//4297 8614//4777 8613//4776
f 8134//4297 8135//4298 8615//4778 8614//4777
f 8135//4298 8136//4299 8616//4779 8615//4778
f 8136//4299 8137//4300 8617//4780 8616//4779
f 8137//4300 8138//4301 8618//4781 8617//4780
f 8138//4301 8139//4302 8619//4782 8618//4781
f 8139//4302 8140//4303 8620//4783 8619//4782
f 8140//4303 8141//4304 8621//4784 8620//4783
f 8141//4304 8142//4305 8622//4785 8621//4784
f 8142//4305 8143//4306 8623//4786 8622//4785
f 8143//4306 8144//4307 8624//4787 8623//4786
f 8144//4307 8145//4308 8625//4788 8624//4787
f 8145//4308 8146//4309 8626//4789 8625//4788
f 8146//4309 8147//4310 8627//4790 8626//4789
f 8147//4310 8148//4311 8628//4791 8627//4790
f 8148//4311 8149//4312 8629//4792 8628//4791
f 8149//4312 8150//4313 8630//4793 8629//4792
f 8150//4313 8151//4314 8631//4794 8630//4793
f 8151//4314 8152//4315 8632//4795 8631//4794
f 8152//4315 8153//4316 8633//4796 8632//4795
f 8153//4316 8154//4317 8634//4797 8633//4796
f 8154//4317 8155//4318 8635//4798 8634//4797
f 8155//4318 8156//4319 8636//4799 8635//4798
f 8156//4319 8157//4320 8637//4800 8636//4799
f 8157//4320 8158//4321 8638//4801 8637//4800
f 8158//4321 8159//4322 8639//4802 8638//4801
f 8159//4322 8160//4323 8640//4803 8639//4802
f 8160//4323 7681//3844 8161//4324 8640//4803
f 8161//4324 8162//4325 8642//4805 8641//4804
f 8162//4325 8163//4326 8643//4806 8642//4805
f 8163//4326 8164//4327 8644//4807 8643//4806
f 8164//4327 8165//4328 8645//4808 8644//4807
f 8165//4328 8166//4329 8646//4809 8645//4808
f 8166//4329 8167//4330 8647//4810 8646//4809
f 8167//4330 8168//4331 8648//4811 8647//4810
f 8168//4331 8169//4332 8649//4812 8648//4811
f 8169//4332 8170//4333 8650//4813 8649//4812
f 8170//4333 8171//4334 8651//4814 8650//4813
f 8171//4334 8172//4335 8652//4815 8651//4814
f 8172//4335 8173//4336 8653//4816 8652//4815
f 8173//4336 8174//4337 8654//4817 8653//4816
f 8174//4337 8175//4338 8655//4818 8654//4817
f 8175//4338 8176//4339 8656//4819 8655//4818
f 8176//4339 8177//4340 8657//4820 8656//4819
f 8177//4340 8178//4341 8658//4821 8657//4820
f 8178//4341 8179//4342 8659//4822 8658//4821
f 8179//4342 8180//4343 8660//4823 8659//4822
f 8180//4343 8181//4344 8661//4824 8660//4823
f 8181//4344 8182//4345 8662//4825 8661//4824
f 8182//4345 8183//4346 8663//4826 8662//4825
f 8183//4346 8184//4347 8664//4827 8663//4826
f 8184//4347 8185//4348 8665//4828 8664//4827
f 8185//4348 8186//4349 8666//4829 8665//4828
f 8186//4349 8187//4350 8667//4830 8666//4829
f 8187//4350 8188//4351 8668//4831 8667//4830
f 8188//4351 8189//4352 8669//4832 8668//4831
f 8189//4352 8190//4353 8670//4833 8669//4832
f 8190//4353 8191//4354 8671//4834 8670//4833
f 8191//4354 8192//4355 8672//4835 8671//4834
f 8192//4355 8193//4356 8673//4836 8672//4835
f 8193//4356 8194//4357 8674//4837 8673//4836
f 8194//4357 8195//4358 8675//4838 8674//4837
f 8195//4358 8196//4359 8676//4839 8675//4838
f 8196//4359 8197//4360 8677//4840 8676//4839
f 8197//4360 8198//4361 8678//4841 8677//4840
f 8198//4361 8199//4362 8679//4842 8678//4841
f 8199//4362 8200//4363 8680//4843 8679//4842
f 8200//4363 8201//4364 8681//4844 8680//4843
f 8201//4364 8202//4365 8682//4845 8681//4844
f 8202//4365 8203//4366 8683//4846 8682//4845
f 8203//4366 8204//4367 8684//4847 8683//4846
f 8204//4367 8205//4368 8685//4848 8684//4847
f 8205//4368 8206//4369 8686//4849 8685//4848
f 8206//4369 8207//4370 8687//4850 8686//4849
f 8207//4370 8208//4371 8688//4851 8687//4850
f 8208//4371 8209//4372 8689//4852 8688//4851
f 8209//4372 8210//4373 8690//4853 8689//4852
f 8210//4373 8211//4374 8691//4854 8690//4853
f 8211//4374 8212//4375 8692//4855 8691//4854
f 8212//4375 8213//4376 8693//4856 8692//4855
f 8213//4376 8214//4377 8694//4857 8693//4856
f 8214//4377 8215//4378 8695//4858 8694//4857
f 8215//4378 8216//4379 8696//4859 8695//4858
f 8216//4379 8217//4380 8697//4860 8696//4859
f 8217//4380 8218//4381 8698//4861 8697//4860
f 8218//4381 8219//4382 8699//4862 8698//4861
f 8219//4382 8220//4383 8700//4863 8699//4862
f 8220//4383 8221//4384 8701//4864 8700//4863
f 8221//4384 8222//4385 8702//4865 8701//4864
f 8222//4385 8223//4386 8703//4866 8702//4865
f 8223//4386 8224//4387 8704//4867 8703//4866
f 8224//4387 8225//4388 8705//4868 8704//4867
f 8225//4388 8226//4389 8706//4869 8705//4868
f 8226//4389 8227//4390 8707//4870 8706//4869
f 8227//4390 8228//4391 8708//4871 8707//4870
f 8228//4391 8229//4392 8709//4872 8708//4871
f 8229//4392 8230//4393 8710//4873 8709//4872
f 8230//4393 8231//4394 8711//4874 8710//4873
f 8231//4394 8232//4395 8712//4875 8711//4874
f 8232//4395 8233//4396 8713//4876 8712//4875
f 8233//4396 8234//4397 8714//4877 8713//4876
f 8234//4397 8235//4398 8715//4878 8714//4877
f 8235//4398 8236//4399 8716//4879 8715//4878
f 8236//4399 8237//4400 8717//4880 8716//4879
f 8237//4400 8238//4401 8718//4881 8717//4880
f 8238//4401 8239//4402 8719//4882 8718//4881
f 8239//4402 8240//4403 8720//4883 8719//4882
f 8240//4403 8241//4404 8721//4884 8720//4883
f 8241//4404 8242//4405 8722//4885 8721//4884
f 8242//4405 8243//4406 8723//4886 8722//4885
f 8243//4406 8244//4407 8724//4887 8723//4886
f 8244//4407 8245//4408 8725//4888 8724//4887
f 8245//4408 8246//4409 8726//4889 8725//4888
f 8246//4409 8247//4410 8727//4890 8726//4889
f 8247//4410 8248//4411 8728//4891 8727//4890
f 8248//4411 8249//4412 8729//4892 8728//4891
f 8249//4412 8250//4413 8730//4893 8729//4892
f 8250//4413 8251//4414 8731//4894 8730//4893
f 8251//4414 8252//4415 8732//4895 8731//4894
f 8252//4415 8253//4416 8733//4896 8732//4895
f 8253//4416 8254//4417 8734//4897 8733//4896
f 8254//4417 8255//4418 8735//4898 8734//4897
f 8255//4418 8256//4419 8736//4899 8735//4898
f 8256//4419 8257//4420 8737//4900 8736//4899
f 8257//4420 8258//4421 8738//4901 8737//4900
f 8258//4421 8259//4422 8739//4902 8738//4901
f 8259//4422 8260//4423 8740//4903 8739//4902
f 8260//4423 8261//4424 8741//4904 8740//4903
f 8261//4424 8262//4425 8742//4905 8741//4904
f 8262//4425 8263//4426 8743//4906 8742//4905
f 8263//4426 8264//4427 8744//4907 8743//4906
f 8264//4427 8265//4428 8745//4908 8744//4907
f 8265//4428 8266//4429 8746//4909 8745//4908
f 8266//4429 8267//4430 8747//4910 8746//4909
f 8267//4430 8268//4431 8748//4911 8747//4910
f 8268//4431 8269//4432 8749//4912 8748//4911
f 8269//4432 8270//4433 8750//4913 8749//4912
f 8270//4433 8271//4434 8751//4914 8750//4913
f 8271//4434 8272//4435 8752//4915 8751//4914
f 8272//4435 8273//4436 8753//4916 8752//4915
f 8273//4436 8274//4437 8754//4917 8753//4916
f 8274//4437 8275//4438 8755//4918 8754//4917
f 8275//4438 8276//4439 8756//4919 8755//4918
f 8276//4439 8277//4440 8757//4920 8756//4919
f 8277//4440 8278//4441 8758//4921 8757//4920
f 8278//4441 8279//4442 8759//4922 8758//4921
f 8279//4442 8280//4443 8760//4923 8759//4922
f 8280//4443 8281//4444 8761//4924 8760//4923
f 8281//4444 8282//4445 8762//4925 8761//4924
f 8282//4445 8283//4446 8763//4926 8762//4925
f 8283//4446 8284//4447 8764//4927 8763//4926
f 8284//4447 8285//4448 8765//4928 8764//4927
f 8285//4448 8286//4449 8766//4929 8765//4928
f 8286//4449 8287//4450 8767//4930 8766//4929
f 8287//4450 8288//4451 8768//4931 8767//4930
f 8288//4451 8289//4452 8769//4932 8768//4931
f 8289//4452 8290//4453 8770//4933 8769//4932
f 8290//4453 8291//4454 8771//4934 8770//4933
f 8291//4454 8292//4455 8772//4935 8771//4934
f 8292//4455 8293//4456 8773//4936 8772//4935
f 8293//4456 8294//4457 8774//4937 8773//4936
f 8294//4457 8295//4458 8775//4938 8774//4937
f 8295//4458 8296//4459 8776//4939 8775//4938
f 8296//4459 8297//4460 8777//4940 8776//4939
f 8297//4460 8298//4461 8778//4941 8777//4940
f 8298//4461 8299//4462 8779//4942 8778//4941
f 8299//4462 8300//4463 8780//4943 8779//4942
f 8300//4463 8301//4464 8781//4944 8780//4943
f 8301//4464 8302//4465 8782//4945 8781//4944
f 8302//4465 8303//4466 8783//4946 8782//4945
f 8303//4466 8304//4467 8784//4947 8783//4946
f 8304//4467 8305//4468 8785//4948 8784//4947
f 8305//4468 8306//4469 8786//4949 8785//4948
f 8306//4469 8307//4470 8787//4950 8786//4949
f 8307//4470 8308//4471 8788//4951 8787//4950
f 8308//4471 8309//4472 8789//4952 8788//4951
f 8309//4472 8310//4473 8790//4953 8789//4952
f 8310//4473 8311//4474 8791//4954 8790//4953
f 8311//4474 8312//4475 8792//4955 8791//4954
f 8312//4475 8313//4476 8793//4956 8792//4955
f 8313//4476 8314//4477 8794//4957 8793//4956
f 8314//4477 8315//4478 8795//4958 8794//4957
f 8315//4478 8316//4479 8796//4959 8795//4958
f 8316//4479 8317//4480 8797//4960 8796//4959
f 8317//4480 8318//4481 8798//4961 8797//4960
f 8318//4481 8319//4482 8799//4962 8798//4961
f 8319//4482 8320//4483 8800//4963 8799//4962
f 8320//4483 8321//4484 8801//4964 8800//4963
f 8321//4484 8322//4485 8802//4965 8801//4964
f 8322//4485 8323//4486 8803//4966 8802//4965
f 8323//4486 8324//4487 8804//4967 8803//4966
f 8324//4487 8325//4488 8805//4968 8804//4967
f 8325//4488 8326//4489 8806//4969 8805//4968
f 8326//4489 8327//4490 8807//4970 8806//4969
f 8327//4490 8328//4491 8808//4971 8807//4970
f 8328//4491 8329//4492 8809//4972 8808//4971
f 8329//4492 8330//4493 8810//4973 8809//4972
f 8330//4493 8331//4494 8811//4974 8810//4973
f 8331//4494 8332//4495 8812//4975 8811//4974
f 8332//4495 8333//4496 8813//4976 8812//4975
f 8333//4496 8334//4497 8814//4977 8813//4976
f 8334//4497 8335//4498 8815//4978 8814//4977
f 8335//4498 8336//4499 8816//4979 8815//4978
f 8336//4499 8337//4500 8817//4980 8816//4979
f 8337//4500 8338//4501 8818//4981 8817//4980
f 8338//4501 8339//4502 8819//4982 8818//4981
f 8339//4502 8340//4503 8820//4983 8819//4982
f 8340//4503 8341//4504 8821//4984 8820//4983
f 8341//4504 8342//4505 8822//4985 8821//4984
f 8342//4505 8343//4506 8823//4986 8822//4985
f 8343//4506 8344//4507 8824//4987 8823//4986
f 8344//4507 8345//4508 8825//4988 8824//4987
f 8345//4508 8346//4509 8826//4989 8825//4988
f 8346//4509 8347//4510 8827//4990 8826//4989
f 8347//4510 8348//4511 8828//4991 8827//4990
f 8348//4511 8349//4512 8829//4992 8828//4991
f 8349//4512 8350//4513 8830//4993 8829//4992
f 8350//4513 8351//4514 8831//4994 8830//4993
f 8351//4514 8352//4515 8832//4995 8831//4994
f 8352//4515 8353//4516 8833//4996 8832//4995
f 8353//4516 8354//4517 8834//4997 8833//4996
f 8354//4517 8355//4518 8835//4998 8834//4997
f 8355//4518 8356//4519 8836//4999 8835//4998
f 8356//4519 8357//4520 8837//5000 8836//4999
f 8357//4520 8358//4521 8838//5001 8837//5000
f 8358//4521 8359//4522 8839//5002 8838//5001
f 8359//4522 8360//4523 8840//5003 8839//5002
f 8360//4523 8361//4524 8841//5004 8840//5003
f 8361//4524 8362//4525 8842//5005 8841//5004
f 8362//4525 8363//4526 8843//5006 8842//5005
f 8363//4526 8364//4527 8844//5007 8843//5006
f 8364//4527 8365//4528 8845//5008 8844//5007
f 8365//4528 8366//4529 8846//5009 8845//5008
f 8366//4529 8367//4530 8847//5010 8846//5009
f 8367//4530 8368//4531 8848//5011 8847//5010
f 8368//4531 8369//4532 8849//5012 8848//5011
f 8369//4532 8370//4533 8850//5013 8849//5012
f 8370//4533 8371//4534 8851//5014 8850//5013
f 8371//4534 8372//4535 8852//5015 8851//5014
f 8372//4535 8373//4536 8853//5016 8852//5015
f 8373//4536 8374//4537 8854//5017 8853//5016
f 8374//4537 8375//4538 8855//5018 8854//5017
f 8375//4538 8376//4539 8856//5019 8855//5018
f 8376//4539 8377//4540 8857//5020 8856//5019
f 8377//4540 8378//4541 8858//5021 8857//5020
f 8378//4541 8379//4542 8859//5022 8858//5021
f 8379//4542 8380//4543 8860//5023 8859//5022
f 8380//4543 8381//4544 8861//5024 8860//5023
f 8381//4544 8382//4545 8862//5025 8861//5024
f 8382//4545 8383//4546 8863//5026 8862//5025
f 8383//4546 8384//4547 8864//5027 8863//5026
f 8384//4547 8385//4548 8865//5028 8864//5027
f 8385//4548 8386//4549 8866//5029 8865//5028
f 8386//4549 8387//4550 8867//5030 8866//5029
f 8387//4550 8388//4551 8868//5031 8867//5030
f 8388//4551 8389//4552 8869//5032 8868//5031
f 8389//4552 8390//4553 8870//5033 8869//5032
f 8390//4553 8391//4554 8871//5034 8870//5033
f 8391//4554 8392//4555 8872//5035 8871//5034
f 8392//4555 8393//4556 8873//5036 8872//5035
f 8393//4556 8394//4557 8874//5037 8873//5036
f 8394//4557 8395//4558 8875//5038 8874//5037
f 8395//4558 8396//4559 8876//5039 8875//5038
f 8396//4559 8397//4560 8877//5040 8876//5039
f 8397//4560 8398//4561 8878//5041 8877//5040
f 8398//4561 8399//4562 8879//5042 8878//5041
f 8399//4562 8400//4563 8880//5043 8879//5042
f 8400//4563 8401//4564 8881//5044 8880//5043
f 8401//4564 8402//4565 8882//5045 8881//5044
f 8402//4565 8403//4566 8883//5046 8882//5045
f 8403//4566 8404//4567 8884//5047 8883//5046
f 8404//4567 8405//4568 8885//5048 8884//5047
f 8405//4568 8406//4569 8886//5049 8885//5048
f 8406//4569 8407//4570 8887//5050 8886//5049
f 8407//4570 8408//4571 8888//5051 8887//5050
f 8408//4571 8409//4572 8889//5052 8888//5051
f 8409//4572 8410//4573 8890//5053 8889//5052
f 8410//4573 8411//4574 8891//5054 8890//5053
f 8411//4574 8412//4575 8892//5055 8891//5054
f 8412//4575 8413//4576 8893//5056 8892//5055
f 8413//4576 8414//4577 8894//5057 8893//5056
f 8414//4577 8415//4578 8895//5058 8894//5057
f 8415//4578 8416//4579 8896//5059 8895//5058
f 8416//4579 8417//4580 8897//5060 8896//5059
f 8417//4580 8418//4581 8898//5061 8897//5060
f 8418//4581 8419//4582 8899//5062 8898//5061
f 8419//4582 8420//4583 8900//5063 8899//5062
f 8420//4583 8421//4584 8901//5064 8900//5063
f 8421//4584 8422//4585 8902//5065 8901//5064
f 8422//4585 8423//4586 8903//5066 8902//5065
f 8423//4586 8424//4587 8904//5067 8903//5066
f 8424//4587 8425//4588 8905//5068 8904//5067
f 8425//4588 8426//4589 8906//5069 8905//5068
f 8426//4589 8427//4590 8907//5070 8906//5069
f 8427//4590 8428//4591 8908//5071 8907//5070
f 8428//4591 8429//4592 8909//5072 8908//5071
f 8429//4592 8430//4593 8910//5073 8909//5072
f 8430//4593 8431//4594 8911//5074 8910//5073
f 8431//4594 8432//4595 8912//5075 8911//5074
f 8432//4595 8433//4596 8913//5076 8912//5075
f 8433//4596 8434//4597 8914//5077 8913//5076
f 8434//4597 8435//4598 8915//5078 8914//5077
f 8435//4598 8436//4599 8916//5079 8915//5078
f 8436//4599 8437//4600 8917//5080 8916//5079
f 8437//4600 8438//4601 8918//5081 8917//5080
f 8438//4601 8439//4602 8919//5082 8918//5081
f 8439//4602 8440//4603 8920//5083 8919//5082
f 8440//4603 8441//4604 8921//5084 8920//5083
f 8441//4604 8442//4605 8922//5085 8921//5084
f 8442//4605 8443//4606 8923//5086 8922//5085
f 8443//4606 8444//4607 8924//5087 8923//5086
f 8444//4607 8445//4608 8925//5088 8924//5087
f 8445//4608 8446//4609 8926//5089 8925//5088
f 8446//4609 8447//4610 8927//5090 8926//5089
f 8447//4610 8448//4611 8928//5091 8927//5090
f 8448//4611 8449//4612 8929//5092 8928//5091
f 8449//4612 8450//4613 8930//5093 8929//5092
f 8450//4613 8451//4614 8931//5094 8930//5093
f 8451//4614 8452//4615 8932//5095 8931//5094
f 8452//4615 8453//4616 8933//5096 8932//5095
f 8453//4616 8454//4617 8934//5097 8933//5096
f 8454//4617 8455//4618 8935//5098 8934//5097
f 8455//4618 8456//4619 8936//5099 8935//5098
f 8456//4619 8457//4620 8937//5100 8936//5099
f 8457//4620 8458//4621 8938//5101 8937//5100
f 8458//4621 8459//4622 8939//5102 8938//5101
f 8459//4622 8460//4623 8940//5103 8939//5102
f 8460//4623 8461//4624 8941//5104 8940//5103
f 8461//4624 8462//4625 8942//5105 8941//5104
f 8462//4625 8463//4626 8943//5106 8942//5105
f 8463//4626 8464//4627 8944//5107 8943//5106
f 8464//4627 8465//4628 8945//5108 8944//5107
f 8465//4628 8466//4629 8946//5109 8945//5108
f 8466//4629 8467//4630 8947//5110 8946//5109
f 8467//4630 8468//4631 8948//5111 8947//5110
f 8468//4631 8469//4632 8949//5112 8948//5111
f 8469//4632 8470//4633 8950//5113 8949//5112
f 8470//4633 8471//4634 8951//5114 8950//5113
f 8471//4634 8472//4635 8952//5115 8951//5114
f 8472//4635 8473//4636 8953//5116 8952//5115
f 8473//4636 8474//4637 8954//5117 8953//5116
f 8474//4637 8475//4638 8955//5118 8954//5117
f 8475//4638 8476//4639 8956//5119 8955//5118
f 8476//4639 8477//4640 8957//5120 8956//5119
f 8477//4640 8478//4641 8958//5121 8957//5120
f 8478//4641 8479//4642 8959//5122 8958//5121
f 8479//4642 8480//4643 8960//5123 8959//5122
f 8480//4643 8481//4644 8961//5124 8960//5123
f 8481//4644 8482//4645 8962//5125 8961//5124
f 8482//4645 8483//4646 8963//5126 8962//5125
f 8483//4646 8484//4647 8964//5127 8963//5126
f 8484//4647 8485//4648 8965//5128 8964//5127
f 8485//4648 8486//4649 8966//5129 8965//5128
f 8486//4649 8487//4650 8967//5130 8966//5129
f 8487//4650 8488//4651 8968//5131 8967//5130
f 8488//4651 8489//4652 8969//5132 8968//5131
f 8489//4652 8490//4653 8970//5133 8969//5132
f 8490//4653 8491//4654 8971//5134 8970//5133
f 8491//4654 8492//4655 8972//5135 8971//5134
f 8492//4655 8493//4656 8973//5136 8972//5135
f 8493//4656 8494//4657 8974//5137 8973//5136
f 8494//4657 8495//4658 8975//5138 8974//5137
f 8495//4658 8496//4659 8976//5139 8975//5138
f 8496//4659 8497//4660 8977//5140 8976//5139
f 8497//4660 8498//4661 8978//5141 8977//5140
f 8498//4661 8499//4662 8979//5142 8978//5141
f 8499//4662 8500//4663 8980//5143 8979//5142
f 8500//4663 8501//4664 8981//5144 8980//5143
f 8501//4664 8502//4665 8982//5145 8981//5144
f 8502//4665 8503//4666 8983//5146 8982//5145
f 8503//4666 8504//4667 8984//5147 8983//5146
f 8504//4667 8505//4668 8985//5148 8984//5147
f 8505//4668 8506//4669 8986//5149 8985//5148
f 8506//4669 8507//4670 8987//5150 8986//5149
f 8507//4670 8508//4671 8988//5151 8987//5150
f 8508//4671 8509//4672 8989//5152 8988//5151
f 8509//4672 8510//4673 8990//5153 8989//5152
f 8510//4673 8511//4674 8991//5154 8990//5153
f 8511//4674 8512//4675 8992//5155 8991//5154
f 8512//4675 8513//4676 8993//5156 8992//5155
f 8513//4676 8514//4677 8994//5157 8993//5156
f 8514//4677 8515//4678 8995//5158 8994//5157
f 8515//4678 8516//4679 8996//5159 8995//5158
f 8516//4679 8517//4680 8997//5160 8996//5159
f 8517//4680 8518//4681 8998//5161 8997//5160
f 8518//4681 8519//4682 8999//5162 8998//5161
f 8519//4682 8520//4683 9000//5163 8999//5162
f 8520//4683 8521//4684 9001//5164 9000//5163
f 8521//4684 8522//4685 9002//5165 9001//5164
f 8522//4685 8523//4686 9003//5166 9002//5165
f 8523//4686 8524//4687 9004//5167 9003//5166
f 8524//4687 8525//4688 9005//5168 9004//5167
f 8525//4688 8526//4689 9006//5169 9005//5168
f 8526//4689 8527//4690 9007//5170 9006//5169
f 8527//4690 8528//4691 9008//5171 9007//5170
f 8528//4691 8529//4692 9009//5172 9008//5171
f 8529//4692 8530//4693 9010//5173 9009//5172
f 8530//4693 8531//4694 9011//5174 9010//5173
f 8531//4694 8532//4695 9012//5175 9011//5174
f 8532//4695 8533//4696 9013//5176 9012//5175
f 8533//4696 8534//4697 9014//5177 9013//5176
f 8534//4697 8535//4698 9015//5178 9014//5177
f 8535//4698 8536//4699 9016//5179 9015//5178
f 8536//4699 8537//4700 9017//5180 9016//5179
f 8537//4700 8538//4701 9018//5181 9017//5180
f 8538//4701 8539//4702 9019//5182 9018//5181
f 8539//4702 8540//4703 9020//5183 9019//5182
f 8540//4703 8541//4704 9021//5184 9020//5183
f 8541//4704 8542//4705 9022//5185 9021//5184
f 8542//4705 8543//4706 9023//5186 9022//5185
f 8543//4706 8544//4707 9024//5187 9023//5186
f 8544//4707 8545//4708 9025//5188 9024//5187
f 8545//4708 8546//4709 9026//5189 9025//5188
f 8546//4709 8547//4710 9027//5190 9026//5189
f 8547//4710 8548//4711 9028//5191 9027//5190
f 8548//4711 8549//4712 9029//5192 9028//5191
f 8549//4712 8550//4713 9030//5193 9029//5192
f 8550//4713 8551//4714 9031//5194 9030//5193
f 8551//4714 8552//4715 9032//5195 9031//5194
f 8552//4715 8553//4716 9033//5196 9032//5195
f 8553//4716 8554//4717 9034//5197 9033//5196
f 8554//4717 8555//4718 9035//5198 9034//5197
f 8555//4718 8556//4719 9036//5199 9035//5198
f 8556//4719 8557//4720 9037//5200 9036//5199
f 8557//4720 8558//4721 9038//5201 9037//5200
f 8558//4721 8559//4722 9039//5202 9038//5201
f 8559//4722 8560//4723 9040//5203 9039//5202
f 8560//4723 8561//4724 9041//5204 9040//5203
f 8561//4724 8562//4725 9042//5205 9041//5204
f 8562//4725 8563//4726 9043//5206 9042//5205
f 8563//4726 8564//4727 9044//5207 9043//5206
f 8564//4727 8565//4728 9045//5208 9044//5207
f 8565//4728 8566//4729 9046//5209 9045//5208
f 8566//4729 8567//4730 9047//5210 9046//5209
f 8567//4730 8568//4731 9048//5211 9047//5210
f 8568//4731 8569//4732 9049//5212 9048//5211
f 8569//4732 8570//4733 9050//5213 9049//5212
f 8570//4733 8571//4734 9051//5214 9050//5213
f 8571//4734 8572//4735 9052//5215 9051//5214
f 8572//4735 8573//4736 9053//5216 9052//5215
f 8573//4736 8574//4737 9054//5217 9053//5216
f 8574//4737 8575//4738 9055//5218 9054//5217
f 8575//4738 8576//4739 9056//5219 9055//5218
f 8576//4739 8577//4740 9057//5220 9056//5219
f 8577//4740 8578//4741 9058//5221 9057//5220
f 8578//4741 8579//4742 9059//5222 9058//5221
f 8579//4742 8580//4743 9060//5223 9059//5222
f 8580//4743 8581//4744 9061//5224 9060//5223
f 8581//4744 8582//4745 9062//5225 9061//5224
f 8582//4745 8583//4746 9063//5226 9062//5225
f 8583//4746 8584//4747 9064//5227 9063//5226
f 8584//4747 8585//4748 9065//5228 9064//5227
f 8585//4748 8586//4749 9066//5229 9065//5228
f 8586//4749 8587//4750 9067//5230 9066//5229
f 8587//4750 8588//4751 9068//5231 9067//5230
f 8588//4751 8589//4752 9069//5232 9068//5231
f 8589//4752 8590//4753 9070//5233 9069//5232
f 8590//4753 8591//4754 9071//5234 9070//5233
f 8591//4754 8592//4755 9072//5235 9071//5234
f 8592//4755 8593//4756 9073//5236 9072//5235
f 8593//4756 8594//4757 9074//5237 9073//5236
f 8594//4757 8595//4758 9075//5238 9074//5237
f 8595//4758 8596//4759 9076//5239 9075//5238
f 8596//4759 8597//4760 9077//5240 9076//5239
f 8597//4760 8598//4761 9078//5241 9077//5240
f 8598//4761 8599//4762 9079//5242 9078//5241
f 8599//4762 8600//4763 9080//5243 9079//5242
f 8600//4763 8601//4764 9081//5244 9080//5243
f 8601//4764 8602//4765 9082//5245 9081//5244
f 8602//4765 8603//4766 9083//5246 9082//5245
f 8603//4766 8604//4767 9084//5247 9083//5246
f 8604//4767 8605//4768 9085//5248 9084//5247
f 8605//4768 8606//4769 9086//5249 9085//5248
f 8606//4769 8607//4770 9087//5250 9086//5249
f 8607//4770 8608//4771 9088//5251 9087//5250
f 8608//4771 8609//4772 9089//5252 9088//5251
f 8609//4772 8610//4773 9090//5253 9089//5252
f 8610//4773 8611//4774 9091//5254 9090//5253
f 8611//4774 8612//4775 9092//5255 9091//5254
f 8612//4775 8613//4776 9093//5256 9092//5255
f 8613//4776 8614//4777 9094//5257 9093//5256
f 8614//4777 8615//4778 9095//5258 9094//5257
f 8615//4778 8616//4779 9096//5259 9095//5258
f 8616//4779 8617//4780 9097//5260 9096//5259
f 8617//4780 8618//4781 9098//5261 9097//5260
f 8618//4781 8619//4782 9099//5262 9098//5261
f 8619//4782 8620//4783 9100//5263 9099//5262
f 8620//4783 8621//4784 9101//5264 9100//5263
f 8621//4784 8622//4785 9102//5265 9101//5264
f 8622//4785 8623//4786 9103//5266 9102//5265
f 8623//4786 8624//4787 9104//5267 9103//5266
f 8624//4787 8625//4788 9105//5268 9104//5267
f 8625//4788 8626//4789 9106//5269 9105//5268
f 8626//4789 8627//4790 9107//5270 9106//5269
f 8627//4790 8628//4791 9108//5271 9107//5270
f 8628//4791 8629//4792 9109//5272 9108//5271
f 8629//4792 8630//4793 9110//5273 9109//5272
f 8630//4793 8631//4794 9111//5274 9110//5273
f 8631//4794 8632//4795 9112//5275 9111//5274
f 8632//4795 8633//4796 9113//5276 9112//5275
f 8633//4796 8634//4797 9114//5277 9113//5276
f 8634//4797 8635//4798 9115//5278 9114//5277
f 8635//4798 8636//4799 9116//5279 9115//5278
f 8636//4799 8637//4800 9117//5280 9116//5279
f 8637//4800 8638//4801 9118//5281 9117//5280
f 8638//4801 8639//4802 9119//5282 9118//5281
f 8639//4802 8640//4803 9120//5283 9119//5282
f 8640//4803 8161//4324 8641//4804 9120//5283
f 8641//4804 8642//4805 9122//5285 9121//5284
f 8642//4805 8643//4806 9123//5286 9122//5285
f 8643//4806 8644//4807 9124//5287 9123//5286
f 8644//4807 8645//4808 9125//5288 9124//5287
f 8645//4808 8646//4809 9126//5289 9125//5288
f 8646//4809 8647//4810 9127//5290 9126//5289
f 8647//4810 8648//4811 9128//5291 9127//5290
f 8648//4811 8649//4812 9129//5292 9128//5291
f 8649//4812 8650//4813 9130//5293 9129//5292
f 8650//4813 8651//4814 9131//5294 9130//5293
f 8651//4814 8652//4815 9132//5295 9131//5294
f 8652//4815 8653//4816 9133//5296 9132//5295
f 8653//4816 8654//4817 9134//5297 9133//5296
f 8654//4817 8655//4818 9135//5298 9134//5297
f 8655//4818 8656//4819 9136//5299 9135//5298
f 8656//4819 8657//4820 9137//5300 9136//5299
f 8657//4820 8658//4821 9138//5301 9137//5300
f 8658//4821 8659//4822 9139//5302 9138//5301
f 8659//4822 8660//4823 9140//5303 9139//5302
f 8660//4823 8661//4824 9141//5304 9140//5303
f 8661//4824 8662//4825 9142//5305 9141//5304
f 8662//4825 8663//4826 9143//5306 9142//5305
f 8663//4826 8664//4827 9144//5307 9143//5306
f 8664//4827 8665//4828 9145//5308 9144//5307
f 8665//4828 8666//4829 9146//5309 9145//5308
f 8666//4829 8667//4830 9147//5310 9146//5309
f 8667//4830 8668//4831 9148//5311 9147//5310
f 8668//4831 8669//4832 9149//5312 9148//5311
f 8669//4832 8670//4833 9150//5313 9149//5312
f 8670//4833 8671//4834 9151//5314 9150//5313
f 8671//4834 8672//4835 9152//5315 9151//5314
f 8672//4835 8673//4836 9153//5316 9152//5315
f 8673//4836 8674//4837 9154//5317 9153//5316
f 8674//4837 8675//4838 9155//5318 9154//5317
f 8675//4838 8676//4839 9156//5319 9155//5318
f 8676//4839 8677//4840 9157//5320 9156//5319
f 8677//4840 8678//4841 9158//5321 9157//5320
f 8678//4841 8679//4842 9159//5322 9158//5321
f 8679//4842 8680//4843 9160//5323 9159//5322
f 8680//4843 8681//4844 9161//5324 9160//5323
f 8681//4844 8682//4845 9162//5325 9161//5324
f 8682//4845 8683//4846 9163//5326 9162//5325
f 8683//4846 8684//4847 9164//5327 9163//5326
f 8684//4847 8685//4848 9165//5328 9164//5327
f 8685//4848 8686//4849 9166//5329 9165//5328
f 8686//4849 8687//4850 9167//5330 9166//5329
f 8687//4850 8688//4851 9168//5331 9167//5330
f 8688//4851 8689//4852 9169//5332 9168//5331
f 8689//4852 8690//4853 9170//5333 9169//5332
f 8690//4853 8691//4854 9171//5334 9170//5333
f 8691//4854 8692//4855 9172//5335 9171//5334
f 8692//4855 8693//4856 9173//5336 9172//5335
f 8693//4856 8694//4857 9174//5337 9173//5336
f 8694//4857 8695//4858 9175//5338 9174//5337
f 8695//4858 8696//4859 9176//5339 9175//5338
f 8696//4859 8697//4860 9177//5340 9176//5339
f 8697//4860 8698//4861 9178//5341 9177//5340
f 8698//4861 8699//4862 9179//5342 9178//5341
f 8699//4862 8700//4863 9180//5343 9179//5342
f 8700//4863 8701//4864 9181//5344 9180//5343
f 8701//4864 8702//4865 9182//5345 9181//5344
f 8702//4865 8703//4866 9183//5346 9182//5345
f 8703//4866 8704//4867 9184//5347 9183//5346
f 8704//4867 8705//4868 9185//5348 9184//5347
f 8705//4868 8706//4869 9186//5349 9185//5348
f 8706//4869 8707//4870 9187//5350 9186//5349
f 8707//4870 8708//4871 9188//5351 9187//5350
f 8708//4871 8709//4872 9189//5352 9188//5351
f 8709//4872 8710//4873 9190//5353 9189//5352
f 8710//4873 8711//4874 9191//5354 9190//5353
f 8711//4874 8712//4875 9192//5355 9191//5354
f 8712//4875 8713//4876 9193//5356 9192//5355
f 8713//4876 8714//4877 9194//5357 9193//5356
f 8714//4877 8715//4878 9195//5358 9194//5357
f 8715//4878 8716//4879 9196//5359 9195//5358
f 8716//4879 8717//4880 9197//5360 9196//5359
f 8717//4880 8718//4881 9198//5361 9197//5360
f 8718//4881 8719//4882 9199//5362 9198//5361
f 8719//4882 8720//4883 9200//5363 9199//5362
f 8720//4883 8721//4884 9201//5364 9200//5363
f 8721//4884 8722//4885 9202//5365 9201//5364
f 8722//4885 8723//4886 9203//5366 9202//5365
f 8723//4886 8724//4887 9204//5367 9203//5366
f 8724//4887 8725//4888 9205//5368 9204//5367
f 8725//4888 8726//4889 9206//5369 9205//5368
f 8726//4889 8727//4890 9207//5370 9206//5369
f 8727//4890 8728//4891 9208//5371 9207//5370
f 8728//4891 8729//4892 9209//5372 9208//5371
f 8729//4892 8730//4893 9210//5373 9209//5372
f 8730//4893 8731//4894 9211//5374 9210//5373
f 8731//4894 8732//4895 9212//5375 9211//5374
f 8732//4895 8733//4896 9213//5376 9212//5375
f 8733//4896 8734//4897 9214//5377 9213//5376
f 8734//4897 8735//4898 9215//5378 9214//5377
f 8735//4898 8736//4899 9216//5379 9215//5378
f 8736//4899 8737//4900 9217//5380 9216//5379
f 8737//4900 8738//4901 9218//5381 9217//5380
f 8738//4901 8739//4902 9219//5382 9218//5381
f 8739//4902 8740//4903 9220//5383 9219//5382
f 8740//4903 8741//4904 9221//5384 9220//5383
f 8741//4904 8742//4905 9222//5385 9221//5384
f 8742//4905 8743//4906 9223//5386 9222//5385
f 8743//4906 8744//4907 9224//5387 9223//5386
f 8744//4907 8745//4908 9225//5388 9224//5387
f 8745//4908 8746//4909 9226//5389 9225//5388
f 8746//4909 8747//4910 9227//5390 9226//5389
f 8747//4910 8748//4911 9228//5391 9227//5390
f 8748//4911 8749//4912 9229//5392 9228//5391
f 8749//4912 8750//4913 9230//5393 9229//5392
f 8750//4913 8751//4914 9231//5394 9230//5393
f 8751//4914 8752//4915 9232//5395 9231//5394
f 8752//4915 8753//4916 9233//5396 9232//5395
f 8753//4916 8754//4917 9234//5397 9233//5396
f 8754//4917 8755//4918 9235//5398 9234//5397
f 8755//4918 8756//4919 9236//5399 9235//5398
f 8756//4919 8757//4920 9237//5400 9236//5399
f 8757//4920 8758//4921 9238//5401 9237//5400
f 8758//4921 8759//4922 9239//5402 9238//5401
f 8759//4922 8760//4923 9240//5403 9239//5402
f 8760//4923 8761//4924 9241//5404 9240//5403
f 8761//4924 8762//4925 9242//5405 9241//5404
f 8762//4925 8763//4926 9243//5406 9242//5405
f 8763//4926 8764//4927 9244//5407 9243//5406
f 8764//4927 8765//4928 9245//5408 9244//5407
f 8765//4928 8766//4929 9246//5409 9245//5408
f 8766//4929 8767//4930 9247//5410 9246//5409
f 8767//4930 8768//4931 9248//5411 9247//5410
f 8768//4931 8769//4932 9249//5412 9248//5411
f 8769//4932 8770//4933 9250//5413 9249//5412
f 8770//4933 8771//4934 9251//5414 9250//5413
f 8771//4934 8772//4935 9252//5415 9251//5414
f 8772//4935 8773//4936 9253//5416 9252//5415
f 8773//4936 8774//4937 9254//5417 9253//5416
f 8774//4937 8775//4938 9255//5418 9254//5417
f 8775//4938 8776//4939 9256//5419 9255//5418
f 8776//4939 8777//4940 9257//5420 9256//5419
f 8777//4940 8778//4941 9258//5421 9257//5420
f 8778//4941 8779//4942 9259//5422 9258//5421
f 8779//4942 8780//4943 9260//5423 9259//5422
f 8780//4943 8781//4944 9261//5424 9260//5423
f 8781//4944 8782//4945 9262//5425 9261//5424
f 8782//4945 8783//4946 9263//5426 9262//5425
f 8783//4946 8784//4947 9264//5427 9263//5426
f 8784//4947 8785//4948 9265//5428 9264//5427
f 8785//4948 8786//4949 9266//5429 9265//5428
f 8786//4949 8787//4950 9267//5430 9266//5429
f 8787//4950 8788//4951 9268//5431 9267//5430
f 8788//4951 8789//4952 9269//5432 9268//5431
f 8789//4952 8790//4953 9270//5433 9269//5432
f 8790//4953 8791//4954 9271//5434 9270//5433
f 8791//4954 8792//4955 9272//5435 9271//5434
f 8792//4955 8793//4956 9273//5436 9272//5435
f 8793//4956 8794//4957 9274//5437 9273//5436
f 8794//4957 8795//4958 9275//5438 9274//5437
f 8795//4958 8796//4959 9276//5439 9275//5438
f 8796//4959 8797//4960 9277//5440 9276//5439
f 8797//4960 8798//4961 9278//5441 9277//5440
f 8798//4961 8799//4962 9279//5442 9278//5441
f 8799//4962 8800//4963 9280//5443 9279//5442
f 8800//4963 8801//4964 9281//5444 9280//5443
f 8801//4964 8802//4965 9282//5445 9281//5444
f 8802//4965 8803//4966 9283//5446 9282//5445
f 8803//4966 8804//4967 9284//5447 9283//5446
f 8804//4967 8805//4968 9285//5448 9284//5447
f 8805//4968 8806//4969 9286//5449 9285//5448
f 8806//4969 8807//4970 9287//5450 9286//5449
f 8807//4970 8808//4971 9288//5451 9287//5450
f 8808//4971 8809//4972 9289//5452 9288//5451
f 8809//4972 8810//4973 9290//5453 9289//5452
f 8810//4973 8811//4974 9291//5454 9290//5453
f 8811//4974 8812//4975 9292//5455 9291//5454
f 8812//4975 8813//4976 9293//5456 9292//5455
f 8813//4976 8814//4977 9294//5457 9293//5456
f 8814//4977 8815//4978 9295//5458 9294//5457
f 8815//4978 8816//4979 9296//5459 9295//5458
f 8816//4979 8817//4980 9297//5460 9296//5459
f 8817//4980 8818//4981 9298//5461 9297//5460
f 8818//4981 8819//4982 9299//5462 9298//5461
f 8819//4982 8820//4983 9300//5463 9299//5462
f 8820//4983 8821//4984 9301//5464 9300//5463
f 8821//4984 8822//4985 9302//5465 9301//5464
f 8822//4985 8823//4986 9303//5466 9302//5465
f 8823//4986 8824//4987 9304//5467 9303//5466
f 8824//4987 8825//4988 9305//5468 9304//5467
f 8825//4988 8826//4989 9306//5469 9305//5468
f 8826//4989 8827//4990 9307//5470 9306//5469
f 8827//4990 8828//4991 9308//5471 9307//5470
f 8828//4991 8829//4992 9309//5472 9308//5471
f 8829//4992 8830//4993 9310//5473 9309//5472
f 8830//4993 8831//4994 9311//5474 9310//5473
f 8831//4994 8832//4995 9312//5475 9311//5474
f 8832//4995 8833//4996 9313//5476 9312//5475
f 8833//4996 8834//4997 9314//5477 9313//5476
f 8834//4997 8835//4998 9315//5478 9314//5477
f 8835//4998 8836//4999 9316//5479 9315//5478
f 8836//4999 8837//5000 9317//5480 9316//5479
f 8837//5000 8838//5001 9318//5481 9317//5480
f 8838//5001 8839//5002 9319//5482 9318//5481
f 8839//5002 8840//5003 9320//5483 9319//5482
f 8840//5003 8841//5004 9321//5484 9320//5483
f 8841//5004 8842//5005 9322//5485 9321//5484
f 8842//5005 8843//5006 9323//5486 9322//5485
f 8843//5006 8844//5007 9324//5487 9323//5486
f 8844//5007 8845//5008 9325//5488 9324//5487
f 8845//5008 8846//5009 9326//5489 9325//5488
f 8846//5009 8847//5010 9327//5490 9326//5489
f 8847//5010 8848//5011 9328//5491 9327//5490
f 8848//5011 8849//5012 9329//5492 9328//5491
f 8849//5012 8850//5013 9330//5493 9329//5492
f 8850//5013 8851//5014 9331//5494 9330//5493
f 8851//5014 8852//5015 9332//5495 9331//5494
f 8852//5015 8853//5016 9333//5496 9332//5495
f 8853//5016 8854//5017 9334//5497 9333//5496
f 8854//5017 8855//5018 9335//5498 9334//5497
f 8855//5018 8856//5019 9336//5499 9335//5498
f 8856//5019 8857//5020 9337//5500 9336//5499
f 8857//5020 8858//5021 9338//5501 9337//5500
f 8858//5021 8859//5022 9339//5502 9338//5501
f 8859//5022 8860//5023 9340//5503 9339//5502
f 8860//5023 8861//5024 9341//5504 9340//5503
f 8861//5024 8862//5025 9342//5505 9341//5504
f 8862//5025 8863//5026 9343//5506 9342//5505
f 8863//5026 8864//5027 9344//5507 9343//5506
f 8864//5027 8865//5028 9345//5508 9344//5507
f 8865//5028 8866//5029 9346//5509 9345//5508
f 8866//5029 8867//5030 9347//5510 9346//5509
f 8867//5030 8868//5031 9348//5511 9347//5510
f 8868//5031 8869//5032 9349//5512 9348//5511
f 8869//5032 8870//5033 9350//5513 9349//5512
f 8870//5033 8871//5034 9351//5514 9350//5513
f 8871//5034 8872//5035 9352//5515 9351//5514
f 8872//5035 8873//5036 9353//5516 9352//5515
f 8873//5036 8874//5037 9354//5517 9353//5516
f 8874//5037 8875//5038 9355//5518 9354//5517
f 8875//5038 8876//5039 9356//5519 9355//5518
f 8876//5039 8877//5040 9357//5520 9356//5519
f 8877//5040 8878//5041 9358//5521 9357//5520
f 8878//5041 8879//5042 9359//5522 9358//5521
f 8879//5042 8880//5043 9360//5523 9359//5522
f 8880//5043 8881//5044 9361//5524 9360//5523
f 8881//5044 8882//5045 9362//5525 9361//5524
f 8882//5045 8883//5046 9363//5526 9362//5525
f 8883//5046 8884//5047 9364//5527 9363//5526
f 8884//5047 8885//5048 9365//5528 9364//5527
f 8885//5048 8886//5049 9366//5529 9365//5528
f 8886//5049 8887//5050 9367//5530 9366//5529
f 8887//5050 8888//5051 9368//5531 9367//5530
f 8888//5051 8889//5052 9369//5532 9368//5531
f 8889//5052 8890//5053 9370//5533 9369//5532
f 8890//5053 8891//5054 9371//5534 9370//5533
f 8891//5054 8892//5055 9372//5535 9371//5534
f 8892//5055 8893//5056 9373//5536 9372//5535
f 8893//5056 8894//5057 9374//5537 9373//5536
f 8894//5057 8895//5058 9375//5538 9374//5537
f 8895//5058 8896//5059 9376//5539 9375//5538
f 8896//5059 8897//5060 9377//5540 9376//5539
f 8897//5060 8898//5061 9378//5541 9377//5540
f 8898//5061 8899//5062 9379//5542 9378//5541
f 8899//5062 8900//5063 9380//5543 9379//5542
f 8900//5063 8901//5064 9381//5544 9380//5543
f 8901//5064 8902//5065 9382//5545 9381//5544
f 8902//5065 8903//5066 9383//5546 9382//5545
f 8903//5066 8904//5067 9384//5547 9383//5546
f 8904//5067 8905//5068 9385//5548 9384//5547
f 8905//5068 8906//5069 9386//5549 9385//5548
f 8906//5069 8907//5070 9387//5550 9386//5549
f 8907//5070 8908//5071 9388//5551 9387//5550
f 8908//5071 8909//5072 9389//5552 9388//5551
f 8909//5072 8910//5073 9390//5553 9389//5552
f 8910//5073 8911//5074 9391//5554 9390//5553
f 8911//5074 8912//5075 9392//5555 9391//5554
f 8912//5075 8913//5076 9393//5556 9392//5555
f 8913//5076 8914//5077 9394//5557 9393//5556
f 8914//5077 8915//5078 9395//5558 9394//5557
f 8915//5078 8916//5079 9396//5559 9395//5558
f 8916//5079 8917//5080 9397//5560 9396//5559
f 8917//5080 8918//5081 9398//5561 9397//5560
f 8918//5081 8919//5082 9399//5562 9398//5561
f 8919//5082 8920//5083 9400//5563 9399//5562
f 8920//5083 8921//5084 9401//5564 9400//5563
f 8921//5084 8922//5085 9402//5565 9401//5564
f 8922//5085 8923//5086 9403//5566 9402//5565
f 8923//5086 8924//5087 9404//5567 9403//5566
f 8924//5087 8925//5088 9405//5568 9404//5567
f 8925//5088 8926//5089 9406//5569 9405//5568
f 8926//5089 8927//5090 9407//5570 9406//5569
f 8927//5090 8928//5091 9408//5571 9407//5570
f 8928//5091 8929//5092 9409//5572 9408//5571
f 8929//5092 8930//5093 9410//5573 9409//5572
f 8930//5093 8931//5094 9411//5574 9410//5573
f 8931//5094 8932//5095 9412//5575 9411//5574
f 8932//5095 8933//5096 9413//5576 9412//5575
f 8933//5096 8934//5097 9414//5577 9413//5576
f 8934//5097 8935//5098 9415//5578 9414//5577
f 8935//5098 8936//5099 9416//5579 9415//5578
f 8936//5099 8937//5100 9417//5580 9416//5579
f 8937//5100 8938//5101 9418//5581 9417//5580
f 8938//5101 8939//5102 9419//5582 9418//5581
f 8939//5102 8940//5103 9420//5583 9419//5582
f 8940//5103 8941//5104 9421//5584 9420//5583
f 8941//5104 8942//5105 9422//5585 9421//5584
f 8942//5105 8943//5106 9423//5586 9422//5585
f 8943//5106 8944//5107 9424//5587 9423//5586
f 8944//5107 8945//5108 9425//5588 9424//5587
f 8945//5108 8946//5109 9426//5589 9425//5588
f 8946//5109 8947//5110 9427//5590 9426//5589
f 8947//5110 8948//5111 9428//5591 9427//5590
f 8948//5111 8949//5112 9429//5592 9428//5591
f 8949//5112 8950//5113 9430//5593 9429//5592
f 8950//5113 8951//5114 9431//5594 9430//5593
f 8951//5114 8952//5115 9432//5595 9431//5594
f 8952//5115 8953//5116 9433//5596 9432//5595
f 8953//5116 8954//5117 9434//5597 9433//5596
f 8954//5117 8955//5118 9435//5598 9434//5597
f 8955//5118 8956//5119 9436//5599 9435//5598
f 8956//5119 8957//5120 9437//5600 9436//5599
f 8957//5120 8958//5121 9438//5601 9437//5600
f 8958//5121 8959//5122 9439//5602 9438//5601
f 8959//5122 8960//5123 9440//5603 9439//5602
f 8960//5123 8961//5124 9441//5604 9440//5603
f 8961//5124 8962//5125 9442//5605 9441//5604
f 8962//5125 8963//5126 9443//5606 9442//5605
f 8963//5126 8964//5127 9444//5607 9443//5606
f 8964//5127 8965//5128 9445//5608 9444//5607
f 8965//5128 8966//5129 9446//5609 9445//5608
f 8966//5129 8967//5130 9447//5610 9446//5609
f 8967//5130 8968//5131 9448//5611 9447//5610
f 8968//5131 8969//5132 9449//5612 9448//5611
f 8969//5132 8970//5133 9450//5613 9449//5612
f 8970//5133 8971//5134 9451//5614 9450//5613
f 8971//5134 8972//5135 9452//5615 9451//5614
f 8972//5135 8973//5136 9453//5616 9452//5615
f 8973//5136 8974//5137 9454//5617 9453//5616
f 8974//5137 8975//5138 9455//5618 9454//5617
f 8975//5138 8976//5139 9456//5619 9455//5618
f 8976//5139 8977//5140 9457//5620 9456//5619
f 8977//5140 8978//5141 9458//5621 9457//5620
f 8978//5141 8979//5142 9459//5622 9458//5621
f 8979//5142 8980//5143 9460//5623 9459//5622
f 8980//5143 8981//5144 9461//5624 9460//5623
f 8981//5144 8982//5145 9462//5625 9461//5624
f 8982//5145 8983//5146 9463//5626 9462//5625
f 8983//5146 8984//5147 9464//5627 9463//5626
f 8984//5147 8985//5148 9465//5628 9464//5627
f 8985//5148 8986//5149 9466//5629 9465//5628
f 8986//5149 8987//5150 9467//5630 9466//5629
f 8987//5150 8988//5151 9468//5631 9467//5630
f 8988//5151 8989//5152 9469//5632 9468//5631
f 8989//5152 8990//5153 9470//5633 9469//5632
f 8990//5153 8991//5154 9471//5634 9470//5633
f 8991//5154 8992//5155 9472//5635 9471//5634
f 8992//5155 8993//5156 9473//5636 9472//5635
f 8993//5156 8994//5157 9474//5637 9473//5636
f 8994//5157 8995//5158 9475//5638 9474//5637
f 8995//5158 8996//5159 9476//5639 9475//5638
f 8996//5159 8997//5160 9477//5640 9476//5639
f 8997//5160 8998//5161 9478//5641 9477//5640
f 8998//5161 8999//5162 9479//5642 9478//5641
f 8999//5162 9000//5163 9480//5643 9479//5642
f 9000//5163 9001//5164 9481//5644 9480//5643
f 9001//5164 9002//5165 9482//5645 9481//5644
f 9002//5165 9003//5166 9483//5646 9482//5645
f 9003//5166 9004//5167 9484//5647 9483//5646
f 9004//5167 9005//5168 9485//5648 9484//5647
f 9005//5168 9006//5169 9486//5649 9485//5648
f 9006//5169 9007//5170 9487//5650 9486//5649
f 9007//5170 9008//5171 9488//5651 9487//5650
f 9008//5171 9009//5172 9489//5652 9488//5651
f 9009//5172 9010//5173 9490//5653 9489//5652
f 9010//5173 9011//5174 9491//5654 9490//5653
f 9011//5174 9012//5175 9492//5655 9491//5654
f 9012//5175 9013//5176 9493//5656 9492//5655
f 9013//5176 9014//5177 9494//5657 9493//5656
f 9014//5177 9015//5178 9495//5658 9494//5657
f 9015//5178 9016//5179 9496//5659 9495//5658
f 9016//5179 9017//5180 9497//5660 9496//5659
f 9017//5180 9018//5181 9498//5661 9497//5660
f 9018//5181 9019//5182 9499//5662 9498//5661
f 9019//5182 9020//5183 9500//5663 9499//5662
f 9020//5183 9021//5184 9501//5664 9500//5663
f 9021//5184 9022//5185 9502//5665 9501//5664
f 9022//5185 9023//5186 9503//5666 9502//5665
f 9023//5186 9024//5187 9504//5667 9503//5666
f 9024//5187 9025//5188 9505//5668 9504//5667
f 9025//5188 9026//5189 9506//5669 9505//5668
f 9026//5189 9027//5190 9507//5670 9506//5669
f 9027//5190 9028//5191 9508//5671 9507//5670
f 9028//5191 9029//5192 9509//5672 9508//5671
f 9029//5192 9030//5193 9510//5673 9509//5672
f 9030//5193 9031//5194 9511//5674 9510//5673
f 9031//5194 9032//5195 9512//5675 9511//5674
f 9032//5195 9033//5196 9513//5676 9512//5675
f 9033//5196 9034//5197 9514//5677 9513//5676
f 9034//5197 9035//5198 9515//5678 9514//5677
f 9035//5198 9036//5199 9516//5679 9515//5678
f 9036//5199 9037//5200 9517//5680 9516//5679
f 9037//5200 9038//5201 9518//5681 9517//5680
f 9038//5201 9039//5202 9519//5682 9518//5681
f 9039//5202 9040//5203 9520//5683 9519//5682
f 9040//5203 9041//5204 9521//5684 9520//5683
f 9041//5204 9042//5205 9522//5685 9521//5684
f 9042//5205 9043//5206 9523//5686 9522//5685
f 9043//5206 9044//5207 9524//5687 9523//5686
f 9044//5207 9045//5208 9525//5688 9524//5687
f 9045//5208 9046//5209 9526//5689 9525//5688
f 9046//5209 9047//5210 9527//5690 9526//5689
f 9047//5210 9048//5211 9528//5691 9527//5690
f 9048//5211 9049//5212 9529//5692 9528//5691
f 9049//5212 9050//5213 9530//5693 9529//5692
f 9050//5213 9051//5214 9531//5694 9530//5693
f 9051//5214 9052//5215 9532//5695 9531//5694
f 9052//5215 9053//5216 9533//5696 9532//5695
f 9053//5216 9054//5217 9534//5697 9533//5696
f 9054//5217 9055//5218 9535//5698 9534//5697
f 9055//5218 9056//5219 9536//5699 9535//5698
f 9056//5219 9057//5220 9537//5700 9536//5699
f 9057//5220 9058//5221 9538//5701 9537//5700
f 9058//5221 9059//5222 9539//5702 9538//5701
f 9059//5222 9060//5223 9540//5703 9539//5702
f 9060//5223 9061//5224 9541//5704 9540//5703
f 9061//5224 9062//5225 9542//5705 9541//5704
f 9062//5225 9063//5226 9543//5706 9542//5705
f 9063//5226 9064//5227 9544//5707 9543//5706
f 9064//5227 9065//5228 9545//5708 9544//5707
f 9065//5228 9066//5229 9546//5709 9545//5708
f 9066//5229 9067//5230 9547//5710 9546//5709
f 9067//5230 9068//5231 9548//5711 9547//5710
f 9068//5231 9069//5232 9549//5712 9548//5711
f 9069//5232 9070//5233 9550//5713 9549//5712
f 9070//5233 9071//5234 9551//5714 9550//5713
f 9071//5234 9072//5235 9552//5715 9551//5714
f 9072//5235 9073//5236 9553//5716 9552//5715
f 9073//5236 9074//5237 9554//5717 9553//5716
f 9074//5237 9075//5238 9555//5718 9554//5717
f 9075//5238 9076//5239 9556//5719 9555//5718
f 9076//5239 9077//5240 9557//5720 9556//5719
f 9077//5240 9078//5241 9558//5721 9557//5720
f 9078//5241 9079//5242 9559//5722 9558//5721
f 9079//5242 9080//5243 9560//5723 9559//5722
f 9080//5243 9081//5244 9561//5724 9560//5723
f 9081//5244 9082//5245 9562//5725 9561//5724
f 9082//5245 9083//5246 9563//5726 9562//5725
f 9083//5246 9084//5247 9564//5727 9563//5726
f 9084//5247 9085//5248 9565//5728 9564//5727
f 9085//5248 9086//5249 9566//5729 9565//5728
f 9086//5249 9087//5250 9567//5730 9566//5729
f 9087//5250 9088//5251 9568//5731 9567//5730
f 9088//5251 9089//5252 9569//5732 9568//5731
f 9089//5252 9090//5253 9570//5733 9569//5732
f 9090//5253 9091//5254 9571//5734 9570//5733
f 9091//5254 9092//5255 9572//5735 9571//5734
f 9092//5255 9093//5256 9573//5736 9572//5735
f 9093//5256 9094//5257 9574//5737 9573//5736
f 9094//5257 9095//5258 9575//5738 9574//5737
f 9095//5258 9096//5259 9576//5739 9575//5738
f 9096//5259 9097//5260 9577//5740 9576//5739
f 9097//5260 9098//5261 9578//5741 9577//5740
f 9098//5261 9099//5262 9579//5742 9578//5741
f 9099//5262 9100//5263 9580//5743 9579//5742
f 9100//5263 9101//5264 9581//5744 9580//5743
f 9101//5264 9102//5265 9582//5745 9581//5744
f 9102//5265 9103//5266 9583//5746 9582//5745
f 9103//5266 9104//5267 9584//5747 9583//5746
f 9104//5267 9105//5268 9585//5748 9584//5747
f 9105//5268 9106//5269 9586//5749 9585//5748
f 9106//5269 9107//5270 9587//5750 9586//5749
f 9107//5270 9108//5271 9588//5751 9587//5750
f 9108//5271 9109//5272 9589//5752 9588//5751
f 9109//5272 9110//5273 9590//5753 9589//5752
f 9110//5273 9111//5274 9591//5754 9590//5753
f 9111//5274 9112//5275 9592//5755 9591//5754
f 9112//5275 9113//5276 9593//5756 9592//5755
f 9113//5276 9114//5277 9594//5757 9593//5756
f 9114//5277 9115//5278 9595//5758 9594//5757
f 9115//5278 9116//5279 9596//5759 9595//5758
f 9116//5279 9117//5280 9597//5760 9596//5759
f 9117//5280 9118//5281 9598//5761 9597//5760
f 9118//5281 9119//5282 9599//5762 9598//5761
f 9119//5282 9120//5283 9600//5763 9599//5762
f 9120//5283 8641//4804 9121//5284 9600//5763
f 9121//5284 9122//5285 9601//5764
f 9122//5285 9123//5286 9601//5764
f 9123//5286 9124//5287 9601//5764
f 9124//5287 9125//5288 9601//5764
f 9125//5288 9126//5289 9601//5764
f 9126//5289 9127//5290 9601//5764
f 9127//5290 9128//5291 9601//5764
f 9128//5291 9129//5292 9601//5764
f 9129//5292 9130//5293 9601//5764
f 9130//5293 9131//5294 9601//5764
f 9131//5294 9132//5295 9601//5764
f 9132//5295 9133//5296 9601//5764
f 9133//5296 9134//5297 9601//5764
f 9134//5297 9135//5298 9601//5764
f 9135//5298 9136//5299 9601//5764
f 9136//5299 9137//5300 9601//5764
f 9137//5300 9138//5301 9601//5764
f 9138//5301 9139//5302 9601//5764
f 9139//5302 9140//5303 9601//5764
f 9140//5303 9141//5304 9601//5764
f 9141//5304 9142//5305 9601//5764
f 9142//5305 9143//5306 9601//5764
f 9143//5306 9144//5307 9601//5764
f 9144//5307 9145//5308 9601//5764
f 9145//5308 9146//5309 9601//5764
f 9146//5309 9147//5310 9601//5764
f 9147//5310 9148//5311 9601//5764
f 9148//5311 9149//5312 9601//5764
f 9149//5312 9150//5313 9601//5764
f 9150//5313 9151//5314 9601//5764
f 9151//5314 9152//5315 9601//5764
f 9152//5315 9153//5316 9601//5764
f 9153//5316 9154//5317 9601//5764
f 9154//5317 9155//5318 9601//5764
f 9155//5318 9156//5319 9601//5764
f 9156//5319 9157//5320 9601//5764
f 9157//5320 9158//5321 9601//5764
f 9158//5321 9159//5322 9601//5764
f 9159//5322 9160//5323 9601//5764
f 9160//5323 9161//5324 9601//5764
f 9161//5324 9162//5325 9601//5764
f 9162//5325 9163//5326 9601//5764
f 9163//5326 9164//5327 9601//5764
f 9164//5327 9165//5328 9601//5764
f 9165//5328 9166//5329 9601//5764
f 9166//5329 9167//5330 9601//5764
f 9167//5330 9168//5331 9601//5764
f 9168//5331 9169//5332 9601//5764
f 9169//5332 9170//5333 9601//5764
f 9170//5333 9171//5334 9601//5764
f 9171//5334 9172//5335 9601//5764
f 9172//5335 9173//5336 9601//5764
f 9173//5336 9174//5337 9601//5764
f 9174//5337 9175//5338 9601//5764
f 9175//5338 9176//5339 9601//5764
f 9176//5339 9177//5340 9601//5764
f 9177//5340 9178//5341 9601//5764
f 9178//5341 9179//5342 9601//5764
f 9179//5342 9180//5343 9601//5764
f 9180//5343 9181//5344 9601//5764
f 9181//5344 9182//5345 9601//5764
f 9182//5345 9183//5346 9601//5764
f 9183//5346 9184//5347 9601//5764
f 9184//5347 9185//5348 9601//5764
f 9185//5348 9186//5349 9601//5764
f 9186//5349 9187//5350 9601//5764
f 9187//5350 9188//5351 9601//5764
f 9188//5351 9189//5352 9601//5764
f 9189//5352 9190//5353 9601//5764
f 9190//5353 9191//5354 9601//5764
f 9191//5354 9192//5355 9601//5764
f 9192//5355 9193//5356 9601//5764
f 9193//5356 9194//5357 9601//5764
f 9194//5357 9195//5358 9601//5764
f 9195//5358 9196//5359 9601//5764
f 9196//5359 9197//5360 9601//5764
f 9197//5360 9198//5361 9601//5764
f 9198//5361 9199//5362 9601//5764
f 9199//5362 9200//5363 9601//5764
f 9200//5363 9201//5364 9601//5764
f 9201//5364 9202//5365 9601//5764
f 9202//5365 9203//5366 9601//5764
f 9203//5366 9204//5367 9601//5764
f 9204//5367 9205//5368 9601//5764
f 9205//5368 9206//5369 9601//5764
f 9206//5369 9207//5370 9601//5764
f 9207//5370 9208//5371 9601//5764
f 9208//5371 9209//5372 9601//5764
f 9209//5372 9210//5373 9601//5764
f 9210//5373 9211//5374 9601//5764
f 9211//5374 9212//5375 9601//5764
f 9212//5375 9213//5376 9601//5764
f 9213//5376 9214//5377 9601//5764
f 9214//5377 9215//5378 9601//5764
f 9215//5378 9216//5379 9601//5764
f 9216//5379 9217//5380 9601//5764
f 9217//5380 9218//5381 9601//5764
f 9218//5381 9219//5382 9601//5764
f 9219//5382 9220//5383 9601//5764
f 9220//5383 9221//5384 9601//5764
f 9221//5384 9222//5385 9601//5764
f 9222//5385 9223//5386 9601//5764
f 9223//5386 9224//5387 9601//5764
f 9224//5387 9225//5388 9601//5764
f 9225//5388 9226//5389 9601//5764
f 9226//5389 9227//5390 9601//5764
f 9227//5390 9228//5391 9601//5764
f 9228//5391 9229//5392 9601//5764
f 9229//5392 9230//5393 9601//5764
f 9230//5393 9231//5394 9601//5764
f 9231//5394 9232//5395 9601//5764
f 9232//5395 9233//5396 9601//5764
f 9233//5396 9234//5397 9601//5764
f 9234//5397 9235//5398 9601//5764
f 9235//5398 9236//5399 9601//5764
f 9236//5399 9237//5400 9601//5764
f 9237//5400 9238//5401 9601//5764
f 9238//5401 9239//5402 9601//5764
f 9239//5402 9240//5403 9601//5764
f 9240//5403 9241//5404 9601//5764
f 9241//5404 9242//5405 9601//5764
f 9242//5405 9243//5406 9601//5764
f 9243//5406 9244//5407 9601//5764
f 9244//5407 9245//5408 9601//5764
f 9245//5408 9246//5409 9601//5764
f 9246//5409 9247//5410 9601//5764
f 9247//5410 9248//5411 9601//5764
f 9248//5411 9249//5412 9601//5764
f 9249//5412 9250//5413 9601//5764
f 9250//5413 9251//5414 9601//5764
f 9251//5414 9252//5415 9601//5764
f 9252//5415 9253//5416 9601//5764
f 9253//5416 9254//5417 9601//5764
f 9254//5417 9255//5418 9601//5764
f 9255//5418 9256//5419 9601//5764
f 9256//5419 9257//5420 9601//5764
f 9257//5420 9258//5421 9601//5764
f 9258//5421 9259//5422 9601//5764
f 9259//5422 9260//5423 9601//5764
f 9260//5423 9261//5424 9601//5764
f 9261//5424 9262//5425 9601//5764
f 9262//5425 9263//5426 9601//5764
f 9263//5426 9264//5427 9601//5764
f 9264//5427 9265//5428 9601//5764
f 9265//5428 9266//5429 9601//5764
f 9266//5429 9267//5430 9601//5764
f 9267//5430 9268//5431 9601//5764
f 9268//5431 9269//5432 9601//5764
f 9269//5432 9270//5433 9601//5764
f 9270//5433 9271//5434 9601//5764
f 9271//5434 9272//5435 9601//5764
f 9272//5435 9273//5436 9601//5764
f 9273//5436 9274//5437 9601//5764
f 9274//5437 9275//5438 9601//5764
f 9275//5438 9276//5439 9601//5764
f 9276//5439 9277//5440 9601//5764
f 9277//5440 9278//5441 9601//5764
f 9278//5441 9279//5442 9601//5764
f 9279//5442 9280//5443 9601//5764
f 9280//5443 9281//5444 9601//5764
f 9281//5444 9282//5445 9601//5764
f 9282//5445 9283//5446 9601//5764
f 9283//5446 9284//5447 9601//5764
f 9284//5447 9285//5448 9601//5764
f 9285//5448 9286//5449 9601//5764
f 9286//5449 9287//5450 9601//5764
f 9287//5450 9288//5451 9601//5764
f 9288//5451 9289//5452 9601//5764
f 9289//5452 9290//5453 9601//5764
f 9290//5453 9291//5454 9601//5764
f 9291//5454 9292//5455 9601//5764
f 9292//5455 9293//5456 9601//5764
f 9293//5456 9294//5457 9601//5764
f 9294//5457 9295//5458 9601//5764
f 9295//5458 9296//5459 9601//5764
f 9296//5459 9297//5460 9601//5764
f 9297//5460 9298//5461 9601//5764
f 9298//5461 9299//5462 9601//5764
f 9299//5462 9300//5463 9601//5764
f 9300//5463 9301//5464 9601//5764
f 9301//5464 9302//5465 9601//5764
f 9302//5465 9303//5466 9601//5764
f 9303//5466 9304//5467 9601//5764
f 9304//5467 9305//5468 9601//5764
f 9305//5468 9306//5469 9601//5764
f 9306//5469 9307//5470 9601//5764
f 9307//5470 9308//5471 9601//5764
f 9308//5471 9309//5472 9601//5764
f 9309//5472 9310//5473 9601//5764
f 9310//5473 9311//5474 9601//5764
f 9311//5474 9312//5475 9601//5764
f 9312//5475 9313//5476 9601//5764
f 9313//5476 9314//5477 9601//5764
f 9314//5477 9315//5478 9601//5764
f 9315//5478 9316//5479 9601//5764
f 9316//5479 9317//5480 9601//5764
f 9317//5480 9318//5481 9601//5764
f 9318//5481 9319//5482 9601//5764
f 9319//5482 9320//5483 9601//5764
f 9320//5483 9321//5484 9601//5764
f 9321//5484 9322//5485 9601//5764
f 9322//5485 9323//5486 9601//5764
f 9323//5486 9324//5487 9601//5764
f 9324//5487 9325//5488 9601//5764
f 9325//5488 9326//5489 9601//5764
f 9326//5489 9327//5490 9601//5764
f 9327//5490 9328//5491 9601//5764
f 9328//5491 9329//5492 9601//5764
f 9329//5492 9330//5493 9601//5764
f 9330//5493 9331//5494 9601//5764
f 9331//5494 9332//5495 9601//5764
f 9332//5495 9333//5496 9601//5764
f 9333//5496 9334//5497 9601//5764
f 9334//5497 9335//5498 9601//5764
f 9335//5498 9336//5499 9601//5764
f 9336//5499 9337//5500 9601//5764
f 9337//5500 9338//5501 9601//5764
f 9338//5501 9339//5502 9601//5764
f 9339//5502 9340//5503 9601//5764
f 9340//5503 9341//5504 9601//5764
f 9341//5504 9342//5505 9601//5764
f 9342//5505 9343//5506 9601//5764
f 9343//5506 9344//5507 9601//5764
f 9344//5507 9345//5508 9601//5764
f 9345//5508 9346//5509 9601//5764
f 9346//5509 9347//5510 9601//5764
f 9347//5510 9348//5511 9601//5764
f 9348//5511 9349//5512 9601//5764
f 9349//5512 9350//5513 9601//5764
f 9350//5513 9351//5514 9601//5764
f 9351//5514 9352//5515 9601//5764
f 9352//5515 9353//5516 9601//5764
f 9353//5516 9354//5517 9601//5764
f 9354//5517 9355//5518 9601//5764
f 9355//5518 9356//5519 9601//5764
f 9356//5519 9357//5520 9601//5764
f 9357//5520 9358//5521 9601//5764
f 9358//5521 9359//5522 9601//5764
f 9359//5522 9360//5523 9601//5764
f 9360//5523 9361//5524 9601//5764
f 9361//5524 9362//5525 9601//5764
f 9362//5525 9363//5526 9601//5764
f 9363//5526 9364//5527 9601//5764
f 9364//5527 9365//5528 9601//5764
f 9365//5528 9366//5529 9601//5764
f 9366//5529 9367//5530 9601//5764
f 9367//5530 9368//5531 9601//5764
f 9368//5531 9369//5532 9601//5764
f 9369//5532 9370//5533 9601//5764
f 9370//5533 9371//5534 9601//5764
f 9371//5534 9372//5535 9601//5764
f 9372//5535 9373//5536 9601//5764
f 9373//5536 9374//5537 9601//5764
f 9374//5537 9375//5538 9601//5764
f 9375//5538 9376//5539 9601//5764
f 9376//5539 9377//5540 9601//5764
f 9377//5540 9378//5541 9601//5764
f 9378//5541 9379//5542 9601//5764
f 9379//5542 9380//5543 9601//5764
f 9380//5543 9381//5544 9601//5764
f 9381//5544 9382//5545 9601//5764
f 9382//5545 9383//5546 9601//5764
f 9383//5546 9384//5547 9601//5764
f 9384//5547 9385//5548 9601//5764
f 9385//5548 9386//5549 9601//5764
f 9386//5549 9387//5550 9601//5764
f 9387//5550 9388//5551 9601//5764
f 9388//5551 9389//5552 9601//5764
f 9389//5552 9390//5553 9601//5764
f 9390//5553 9391//5554 9601//5764
f 9391//5554 9392//5555 9601//5764
f 9392//5555 9393//5556 9601//5764
f 9393//5556 9394//5557 9601//5764
f 9394//5557 9395//5558 9601//5764
f 9395//5558 9396//5559 9601//5764
f 9396//5559 9397//5560 9601//5764
f 9397//5560 9398//5561 9601//5764
f 9398//5561 9399//5562 9601//5764
f 9399//5562 9400//5563 9601//5764
f 9400//5563 9401//5564 9601//5764
f 9401//5564 9402//5565 9601//5764
f 9402//5565 9403//5566 9601//5764
f 9403//5566 9404//5567 9601//5764
f 9404//5567 9405//5568 9601//5764
f 9405//5568 9406//5569 9601//5764
f 9406//5569 9407//5570 9601//5764
f 9407//5570 9408//5571 9601//5764
f 9408//5571 9409//5572 9601//5764
f 9409//5572 9410//5573 9601//5764
f 9410//5573 9411//5574 9601//5764
f 9411//5574 9412//5575 9601//5764
f 9412//5575 9413//5576 9601//5764
f 9413//5576 9414//5577 9601//5764
f 9414//5577 9415//5578 9601//5764
f 9415//5578 9416//5579 9601//5764
f 9416//5579 9417//5580 9601//5764
f 9417//5580 9418//5581 9601//5764
f 9418//5581 9419//5582 9601//5764
f 9419//5582 9420//5583 9601//5764
f 9420//5583 9421//5584 9601//5764
f 9421//5584 9422//5585 9601//5764
f 9422//5585 9423//5586 9601//5764
f 9423//5586 9424//5587 9601//5764
f 9424//5587 9425//5588 9601//5764
f 9425//5588 9426//5589 9601//5764
f 9426//5589 9427//5590 9601//5764
f 9427//5590 9428//5591 9601//5764
f 9428//5591 9429//5592 9601//5764
f 9429//5592 9430//5593 9601//5764
f 9430//5593 9431//5594 9601//5764
f 9431//5594 9432//5595 9601//5764
f 9432//5595 9433//5596 9601//5764
f 9433//5596 9434//5597 9601//5764
f 9434//5597 9435//5598 9601//5764
f 9435//5598 9436//5599 9601//5764
f 9436//5599 9437//5600 9601//5764
f 9437//5600 9438//5601 9601//5764
f 9438//5601 9439//5602 9601//5764
f 9439//5602 9440//5603 9601//5764
f 9440//5603 9441//5604 9601//5764
f 9441//5604 9442//5605 9601//5764
f 9442//5605 9443//5606 9601//5764
f 9443//5606 9444//5607 9601//5764
f 9444//5607 9445//5608 9601//5764
f 9445//5608 9446//5609 9601//5764
f 9446//5609 9447//5610 9601//5764
f 9447//5610 9448//5611 9601//5764
f 9448//5611 9449//5612 9601//5764
f 9449//5612 9450//5613 9601//5764
f 9450//5613 9451//5614 9601//5764
f 9451//5614 9452//5615 9601//5764
f 9452//5615 9453//5616 9601//5764
f 9453//5616 9454//5617 9601//5764
f 9454//5617 9455//5618 9601//5764
f 9455//5618 9456//5619 9601//5764
f 9456//5619 9457//5620 9601//5764
f 9457//5620 9458//5621 9601//5764
f 9458//5621 9459//5622 9601//5764
f 9459//5622 9460//5623 9601//5764
f 9460//5623 9461//5624 9601//5764
f 9461//5624 9462//5625 9601//5764
f 9462//5625 9463//5626 9601//5764
f 9463//5626 9464//5627 9601//5764
f 9464//5627 9465//5628 9601//5764
f 9465//5628 9466//5629 9601//5764
f 9466//5629 9467//5630 9601//5764
f 9467//5630 9468//5631 9601//5764
f 9468//5631 9469//5632 9601//5764
f 9469//5632 9470//5633 9601//5764
f 9470//5633 9471//5634 9601//5764
f 9471//5634 9472//5635 9601//5764
f 9472//5635 9473//5636 9601//5764
f 9473//5636 9474//5637 9601//5764
f 9474//5637 9475//5638 9601//5764
f 9475//5638 9476//5639 9601//5764
f 9476//5639 9477//5640 9601//5764
f 9477//5640 9478//5641 9601//5764
f 9478//5641 9479//5642 9601//5764
f 9479//5642 9480//5643 9601//5764
f 9480//5643 9481//5644 9601//5764
f 9481//5644 9482//5645 9601//5764
f 9482//5645 9483//5646 9601//5764
f 9483//5646 9484//5647 9601//5764
f 9484//5647 9485//5648 9601//5764
f 9485//5648 9486//5649 9601//5764
f 9486//5649 9487//5650 9601//5764
f 9487//5650 9488//5651 9601//5764
f 9488//5651 9489//5652 9601//5764
f 9489//5652 9490//5653 9601//5764
f 9490//5653 9491//5654 9601//5764
f 9491//5654 9492//5655 9601//5764
f 9492//5655 9493//5656 9601//5764
f 9493//5656 9494//5657 9601//5764
f 9494//5657 9495//5658 9601//5764
f 9495//5658 9496//5659 9601//5764
f 9496//5659 9497//5660 9601//5764
f 9497//5660 9498//5661 9601//5764
f 9498//5661 9499//5662 9601//5764
f 9499//5662 9500//5663 9601//5764
f 9500//5663 9501//5664 9601//5764
f 9501//5664 9502//5665 9601//5764
f 9502//5665 9503//5666 9601//5764
f 9503//5666 9504//5667 9601//5764
f 9504//5667 9505//5668 9601//5764
f 9505//5668 9506//5669 9601//5764
f 9506//5669 9507//5670 9601//5764
f 9507//5670 9508//5671 9601//5764
f 9508//5671 9509//5672 9601//5764
f 9509//5672 9510//5673 9601//5764
f 9510//5673 9511//5674 9601//5764
f 9511//5674 9512//5675 9601//5764
f 9512//5675 9513//5676 9601//5764
f 9513//5676 9514//5677 9601//5764
f 9514//5677 9515//5678 9601//5764
f 9515//5678 9516//5679 9601//5764
f 9516//5679 9517//5680 9601//5764
f 9517//5680 9518//5681 9601//5764
f 9518//5681 9519//5682 9601//5764
f 9519//5682 9520//5683 9601//5764
f 9520//5683 9521//5684 9601//5764
f 9521//5684 9522//5685 9601//5764
f 9522//5685 9523//5686 9601//5764
f 9523//5686 9524//5687 9601//5764
f 9524//5687 9525//5688 9601//5764
f 9525//5688 9526//5689 9601//5764
f 9526//5689 9527//5690 9601//5764
f 9527//5690 9528//5691 9601//5764
f 9528//5691 9529//5692 9601//5764
f 9529//5692 9530//5693 9601//5764
f 9530//5693 9531//5694 9601//5764
f 9531//5694 9532//5695 9601//5764
f 9532//5695 9533//5696 9601//5764
f 9533//5696 9534//5697 9601//5764
f 9534//5697 9535//5698 9601//5764
f 9535//5698 9536//5699 9601//5764
f 9536//5699 9537//5700 9601//5764
f 9537//5700 9538//5701 9601//5764
f 9538//5701 9539//5702 9601//5764
f 9539//5702 9540//5703 9601//5764
f 9540//5703 9541//5704 9601//5764
f 9541//5704 9542//5705 9601//5764
f 9542//5705 9543//5706 9601//5764
f 9543//5706 9544//5707 9601//5764
f 9544//5707 9545//5708 9601//5764
f 9545//5708 9546//5709 9601//5764
f 9546//5709 9547//5710 9601//5764
f 9547//5710 9548//5711 9601//5764
f 9548//5711 9549//5712 9601//5764
f 9549//5712 9550//5713 9601//5764
f 9550//5713 9551//5714 9601//5764
f 9551//5714 9552//5715 9601//5764
f 9552//5715 9553//5716 9601//5764
f 9553//5716 9554//5717 9601//5764
f 9554//5717 9555//5718 9601//5764
f 9555//5718 9556//5719 9601//5764
f 9556//5719 9557//5720 9601//5764
f 9557//5720 9558//5721 9601//5764
f 9558//5721 9559//5722 9601//5764
f 9559//5722 9560//5723 9601//5764
f 9560//5723 9561//5724 9601//5764
f 9561//5724 9562//5725 9601//5764
f 9562//5725 9563//5726 9601//5764
f 9563//5726 9564//5727 9601//5764
f 9564//5727 9565//5728 9601//5764
f 9565//5728 9566//5729 9601//5764
f 9566//5729 9567//5730 9601//5764
f 9567//5730 9568//5731 9601//5764
f 9568//5731 9569//5732 9601//5764
f 9569//5732 9570//5733 9601//5764
f 9570//5733 9571//5734 9601//5764
f 9571//5734 9572//5735 9601//5764
f 9572//5735 9573//5736 9601//5764
f 9573//5736 9574//5737 9601//5764
f 9574//5737 9575//5738 9601//5764
f 9575//5738 9576//5739 9601//5764
f 9576//5739 9577//5740 9601//5764
f 9577//5740 9578//5741 9601//5764
f 9578//5741 9579//5742 9601//5764
f 9579//5742 9580//5743 9601//5764
f 9580//5743 9581//5744 9601//5764
f 9581//5744 9582//5745 9601//5764
f 9582//5745 9583//5746 9601//5764
f 9583//5746 9584//5747 9601//5764
f 9584//5747 9585//5748 9601//5764
f 9585//5748 9586//5749 9601//5764
f 9586//5749 9587//5750 9601//5764
f 9587//5750 9588//5751 9601//5764
f 9588//5751 9589//5752 9601//5764
f 9589//5752 9590//5753 9601//5764
f 9590//5753 9591//5754 9601//5764
f 9591//5754 9592//5755 9601//5764
f 9592//5755 9593//5756 9601//5764
f 9593//5756 9594//5757 9601//5764
f 9594//5757 9595//5758 9601//5764
f 9595//5758 9596//5759 9601//5764
f 9596//5759 9597//5760 9601//5764
f 9597//5760 9598//5761 9601//5764
f 9598//5761 9599//5762 9601//5764
f 9599//5762 9600//5763 9601//5764
f 9600//5763 9121//5284 9601//5764
f 109//109 108//108 107//107
f 110//110 109//109 107//107
f 110//110 107//107 106//106
f 111//111 110//110 106//106
f 111//111 106//106 105//105
f 112//112 111//111 105//105
f 112//112 105//105 104//104
f 113//113 112//112 104//104
f 113//113 104//104 103//103
f 114//114 113//113 103//103
f 114//114 103//103 102//102
f 115//115 114//114 102//102
f 115//115 102//102 101//101
f 116//116 115//115 101//101
f 116//116 101//101 100//100
f 117//117 116//116 100//100
f 117//117 100//100 99//99
f 118//118 117//117 99//99
f 118//118 99//99 98//98
f 119//119 118//118 98//98
f 119//119 98//98 97//97
f 120//120 119//119 97//97
f 120//120 97//97 96//96
f 121//121 120//120 96//96
f 121//121 96//96 95//95
f 122//122 121//121 95//95
f 122//122 95//95 94//94
f 123//123 122//122 94//94
f 123//123 94//94 93//93
f 124//124 123//123 93//93
f 124//124 93//93 92//92
f 125//125 124//124 92//92
f 125//125 92//92 91//91
f 126//126 125//125 91//91
f 126//126 91//91 90//90
f 127//127 126//126 90//90
f 127//127 90//90 89//89
f 128//128 127//127 89//89
f 128//128 89//89 88//88
f 129//129 128//128 88//88
f 129//129 88//88 87//87
f 130//130 129//129 87//87
f 130//130 87//87 86//86
f 131//131 130//130 86//86
f 131//131 86//86 85//85
f 132//132 131//131 85//85
f 132//132 85//85 84//84
f 133//133 132//132 84//84
f 133//133 84//84 83//83
f 134//134 133//133 83//83
f 134//134 83//83 82//82
f 135//135 134//134 82//82
f 135//135 82//82 81//81
f 136//136 135//135 81//81
f 136//136 81//81 80//80
f 137//137 136//136 80//80
f 137//137 80//80 79//79
f 138//138 137//137 79//79
f 138//138 79//79 78//78
f 139//139 138//138 78//78
f 139//139 78//78 77//77
f 140//140 139//139 77//77
f 140//140 77//77 76//76
f 141//141 140//140 76//76
f 141//141 76//76 75//75
f 142//142 141//141 75//75
f 142//142 75//75 74//74
f 143//143 142//142 74//74
f 143//143 74//74 73//73
f 144//144 143//143 73//73
f 144//144 73//73 72//72
f 18//18 17//17 16//16
f 18//18 16//16 15//15
f 144//144 72//72 71//71
f 19//19 18//18 15//15
f 19//19 15//15 14//14
f 144//144 71//71 70//70
f 20//20 19//19 14//14
f 144//144 70//70 69//69
f 20//20 14//14 13//13
f 144//144 69//69 68//68
f 21//21 20//20 13//13
f 144//144 68//68 67//67
f 144//144 67//67 66//66
f 21//21 13//13 12//12
f 144//144 66//66 65//65
f 22//22 21//21 12//12
f 144//144 65//65 64//64
f 144//144 64//64 63//63
f 145//145 144//144 63//63
f 22//22 12//12 11//11
f 145//145 63//63 62//62
f 23//23 22//22 11//11
f 145//145 62//62 61//61
f 145//145 61//61 60//60
f 145//145 60//60 59//59
f 23//23 11//11 10//10
f 145//145 59//59 58//58
f 24//24 23//23 10//10
f 145//145 58//58 57//57
f 145//145 57//57 56//56
f 145//145 56//56 55//55
f 145//145 55//55 54//54
f 145//145 54//54 53//53
f 24//24 10//10 9//9
f 145//145 53//53 52//52
f 25//25 24//24 9//9
f 145//145 52//52 51//51
f 145//145 51//51 50//50
f 145//145 50//50 49//49
f 146//146 145//145 49//49
f 146//146 49//49 48//48
f 146//146 48//48 47//47
f 147//147 146//146 47//47
f 147//147 47//47 46//46
f 25//25 9//9 8//8
f 148//148 147//147 46//46
f 148//148 46//46 45//45
f 148//148 45//45 44//44
f 149//149 148//148 44//44
f 149//149 44//44 43//43
f 26//26 25//25 8//8
f 149//149 43//43 42//42
f 27//27 26//26 8//8
f 150//150 149//149 42//42
f 150//150 42//42 41//41
f 28//28 27//27 8//8
f 150//150 41//41 40//40
f 29//29 28//28 8//8
f 150//150 40//40 39//39
f 30//30 29//29 8//8
f 150//150 39//39 38//38
f 151//151 150//150 38//38
f 31//31 30//30 8//8
f 151//151 38//38 37//37
f 32//32 31//31 8//8
f 151//151 37//37 36//36
f 33//33 32//32 8//8
f 151//151 36//36 35//35
f 34//34 33//33 8//8
f 151//151 35//35 34//34
f 151//151 34//34 8//8
f 152//152 151//151 8//8
f 153//153 152//152 8//8
f 154//154 153//153 8//8
f 154//154 8//8 7//7
f 155//155 154//154 7//7
f 156//156 155//155 7//7
f 157//157 156//156 7//7
f 158//158 157//157 7//7
f 200//200 199//199 198//198
f 201//201 200//200 198//198
f 159//159 158//158 7//7
f 201//201 198//198 197//197
f 202//202 201//201 197//197
f 160//160 159//159 7//7
f 202//202 197//197 196//196
f 161//161 160//160 7//7
f 161//161 7//7 6//6
f 203//203 202//202 196//196
f 162//162 161//161 6//6
f 163//163 162//162 6//6
f 203//203 196//196 195//195
f 204//204 203//203 195//195
f 164//164 163//163 6//6
f 165//165 164//164 6//6
f 166//166 165//165 6//6
f 204//204 195//195 194//194
f 167//167 166//166 6//6
f 205//205 204//204 194//194
f 168//168 167//167 6//6
f 169//169 168//168 6//6
f 169//169 6//6 5//5
f 170//170 169//169 5//5
f 171//171 170//170 5//5
f 205//205 194//194 193//193
f 172//172 171//171 5//5
f 206//206 205//205 193//193
f 173//173 172//172 5//5
f 174//174 173//173 5//5
f 175//175 174//174 5//5
f 176//176 175//175 5//5
f 177//177 176//176 5//5
f 178//178 177//177 5//5
f 179//179 178//178 5//5
f 206//206 193//193 192//192
f 180//180 179//179 5//5
f 206//206 192//192 191//191
f 181//181 180//180 5//5
f 206//206 191//191 190//190
f 182//182 181//181 5//5
f 207//207 206//206 190//190
f 207//207 190//190 189//189
f 183//183 182//182 5//5
f 207//207 189//189 188//188
f 184//184 183//183 5//5
f 207//207 188//188 187//187
f 185//185 184//184 5//5
f 207//207 187//187 186//186
f 186//186 185//185 5//5
f 207//207 186//186 5//5
f 207//207 5//5 4//4
f 208//208 207//207 4//4
f 208//208 4//4 3//3
f 209//209 208//208 3//3
f 210//210 209//209 3//3
f 210//210 3//3 2//2
f 211//211 210//210 2//2
f 211//211 2//2 1//1
f 212//212 211//211 1//1
f 212//212 1//1 480//480
f 213//213 212//212 480//480
f 214//214 213//213 480//480
f 214//214 480//480 479//479
f 215//215 214//214 479//479
f 215//215 479//479 478//478
f 216//216 215//215 478//478
f 216//216 478//478 477//477
f 217//217 216//216 477//477
f 217//217 477//477 476//476
f 218//218 217//217 476//476
f 218//218 476//476 475//475
f 219//219 218//218 475//475
f 219//219 475//475 474//474
f 220//220 219//219 474//474
f 220//220 474//474 473//473
f 221//221 220//220 473//473
f 221//221 473//473 472//472
f 222//222 221//221 472//472
f 222//222 472//472 471//471
f 223//223 222//222 471//471
f 223//223 471//471 470//470
f 224//224 223//223 470//470
f 224//224 470//470 469//469
f 225//225 224//224 469//469
f 225//225 469//469 468//468
f 226//226 225//225 468//468
f 226//226 468//468 467//467
f 227//227 226//226 467//467
f 227//227 467//467 466//466
f 228//228 227//227 466//466
f 228//228 466//466 465//465
f 229//229 228//228 465//465
f 229//229 465//465 464//464
f 230//230 229//229 464//464
f 230//230 464//464 463//463
f 231//231 230//230 463//463
f 231//231 463//463 462//462
f 232//232 231//231 462//462
f 232//232 462//462 461//461
f 233//233 232//232 461//461
f 233//233 461//461 460//460
f 234//234 233//233 460//460
f 234//234 460//460 459//459
f 235//235 234//234 459//459
f 235//235 459//459 458//458
f 236//236 235//235 458//458
f 236//236 458//458 457//457
f 237//237 236//236 457//457
f 237//237 457//457 456//456
f 238//238 237//237 456//456
f 238//238 456//456 455//455
f 239//239 238//238 455//455
f 239//239 455//455 454//454
f 240//240 239//239 454//454
f 240//240 454//454 453//453
f 241//241 240//240 453//453
f 241//241 453//453 452//452
f 241//241 452//452 451//451
f 242//242 241//241 451//451
f 242//242 451//451 450//450
f 243//243 242//242 450//450
f 243//243 450//450 449//449
f 244//244 243//243 449//449
f 244//244 449//449 448//448
f 244//244 448//448 447//447
f 245//245 244//244 447//447
f 426//426 447//447 446//446
f 245//245 447//447 426//426
f 246//246 245//245 426//426
f 427//427 426//426 446//446
f 246//246 426//426 425//425
f 246//246 425//425 424//424
f 428//428 427//427 446//446
f 246//246 424//424 423//423
f 429//429 428//428 446//446
f 246//246 423//423 422//422
f 430//430 429//429 446//446
f 246//246 422//422 421//421
f 431//431 430//430 446//446
f 431//431 446//446 445//445
f 246//246 421//421 420//420
f 432//432 431//431 445//445
f 246//246 420//420 419//419
f 433//433 432//432 445//445
f 246//246 419//419 418//418
f 434//434 433//433 445//445
f 246//246 418//418 417//417
f 246//246 417//417 416//416
f 246//246 416//416 415//415
f 246//246 415//415 414//414
f 246//246 414//414 413//413
f 246//246 413//413 412//412
f 246//246 412//412 411//411
f 434//434 445//445 444//444
f 246//246 411//411 410//410
f 435//435 434//434 444//444
f 246//246 410//410 409//409
f 246//246 409//409 408//408
f 247//247 246//246 408//408
f 247//247 408//408 407//407
f 247//247 407//407 406//406
f 435//435 444//444 443//443
f 247//247 406//406 405//405
f 436//436 435//435 443//443
f 247//247 405//405 404//404
f 247//247 404//404 403//403
f 247//247 403//403 402//402
f 436//436 443//443 442//442
f 437//437 436//436 442//442
f 247//247 402//402 401//401
f 247//247 401//401 400//400
f 437//437 442//442 441//441
f 248//248 247//247 400//400
f 248//248 400//400 399//399
f 438//438 437//437 441//441
f 248//248 399//399 398//398
f 438//438 441//441 440//440
f 439//439 438//438 440//440
f 248//248 398//398 397//397
f 248//248 397//397 396//396
f 248//248 396//396 395//395
f 248//248 395//395 394//394
f 248//248 394//394 393//393
f 274//274 248//248 393//393
f 249//249 248//248 274//274
f 274//274 393//393 392//392
f 274//274 392//392 391//391
f 274//274 391//391 390//390
f 275//275 274//274 390//390
f 249//249 274//274 273//273
f 276//276 275//275 390//390
f 249//249 273//273 272//272
f 277//277 276//276 390//390
f 249//249 272//272 271//271
f 278//278 277//277 390//390
f 249//249 271//271 270//270
f 279//279 278//278 390//390
f 249//249 270//270 269//269
f 279//279 390//390 389//389
f 280//280 279//279 389//389
f 249//249 269//269 268//268
f 281//281 280//280 389//389
f 249//249 268//268 267//267
f 282//282 281//281 389//389
f 249//249 267//267 266//266
f 283//283 282//282 389//389
f 283//283 389//389 388//388
f 249//249 266//266 265//265
f 284//284 283//283 388//388
f 249//249 265//265 264//264
f 285//285 284//284 388//388
f 285//285 388//388 387//387
f 286//286 285//285 387//387
f 287//287 286//286 387//387
f 287//287 387//387 386//386
f 250//250 249//249 264//264
f 288//288 287//287 386//386
f 288//288 386//386 385//385
f 289//289 288//288 385//385
f 290//290 289//289 385//385
f 290//290 385//385 384//384
f 291//291 290//290 384//384
f 292//292 291//291 384//384
f 293//293 292//292 384//384
f 250//250 264//264 263//263
f 294//294 293//293 384//384
f 251//251 250//250 263//263
f 295//295 294//294 384//384
f 296//296 295//295 384//384
f 297//297 296//296 384//384
f 298//298 297//297 384//384
f 299//299 298//298 384//384
f 251//251 263//263 262//262
f 300//300 299//299 384//384
f 252//252 251//251 262//262
f 301//301 300//300 384//384
f 302//302 301//301 384//384
f 303//303 302//302 384//384
f 252//252 262//262 261//261
f 304//304 303//303 384//384
f 253//253 252//252 261//261
f 304//304 384//384 383//383
f 305//305 304//304 383//383
f 306//306 305//305 383//383
f 253//253 261//261 260//260
f 307//307 306//306 383//383
f 254//254 253//253 260//260
f 308//308 307//307 383//383
f 309//309 308//308 383//383
f 254//254 260//260 259//259
f 310//310 309//309 383//383
f 255//255 254//254 259//259
f 311//311 310//310 383//383
f 255//255 259//259 258//258
f 312//312 311//311 383//383
f 256//256 255//255 258//258
f 256//256 258//258 257//257
f 313//313 312//312 383//383
f 314//314 313//313 383//383
f 314//314 383//383 382//382
f 315//315 314//314 382//382
f 315//315 382//382 381//381
f 316//316 315//315 381//381
f 316//316 381//381 380//380
f 317//317 316//316 380//380
f 317//317 380//380 379//379
f 318//318 317//317 379//379
f 318//318 379//379 378//378
f 319//319 318//318 378//378
f 319//319 378//378 377//377
f 320//320 319//319 377//377
f 320//320 377//377 376//376
f 321//321 320//320 376//376
f 321//321 376//376 375//375
f 322//322 321//321 375//375
f 322//322 375//375 374//374
f 323//323 322//322 374//374
f 323//323 374//374 373//373
f 324//324 323//323 373//373
f 324//324 373//373 372//372
f 325//325 324//324 372//372
f 325//325 372//372 371//371
f 326//326 325//325 371//371
f 326//326 371//371 370//370
f 327//327 326//326 370//370
f 327//327 370//370 369//369
f 328//328 327//327 369//369
f 328//328 369//369 368//368
f 329//329 328//328 368//368
f 329//329 368//368 367//367
f 330//330 329//329 367//367
f 330//330 367//367 366//366
f 331//331 330//330 366//366
f 331//331 366//366 365//365
f 332//332 331//331 365//365
f 332//332 365//365 364//364
f 333//333 332//332 364//364
f 333//333 364//364 363//363
f 334//334 333//333 363//363
f 334//334 363//363 362//362
f 335//335 334//334 362//362
f 335//335 362//362 361//361
f 336//336 335//335 361//361
f 336//336 361//361 360//360
f 337//337 336//336 360//360
f 337//337 360//360 359//359
f 338//338 337//337 359//359
f 338//338 359//359 358//358
f 339//339 338//338 358//358
f 339//339 358//358 357//357
f 340//340 339//339 357//357
f 340//340 357//357 356//356
f 341//341 340//340 356//356
f 341//341 356//356 355//355
f 342//342 341//341 355//355
f 342//342 355//355 354//354
f 343//343 342//342 354//354
f 343//343 354//354 353//353
f 344//344 343//343 353//353
f 344//344 353//353 352//352
f 345//345 344//344 352//352
f 345//345 352//352 351//351
f 346//346 345//345 351//351
f 346//346 351//351 350//350
f 347//347 346//346 350//350
f 347//347 350//350 349//349
f 348//348 347//347 349//349
