# MOVE blank - normalized Z-up -> Y-up (pipeline convention)
v 3.396028 0.000000 17.922628
v 4.143465 0.000000 17.887467
v 4.882479 0.000000 17.766355
v 5.604421 0.000000 17.566035
v 6.311200 0.000000 17.317228
v 6.997853 0.000000 17.017062
v 7.668607 0.000000 16.682819
v 8.319212 0.000000 16.310779
v 9.160894 0.000000 15.772309
v 9.969346 0.000000 15.185124
v 10.744761 0.000000 14.554849
v 11.307927 0.000000 14.060238
v 11.853267 0.000000 13.546038
v 12.383672 0.000000 13.016453
v 12.893372 0.000000 12.466920
v 13.545460 0.000000 11.709680
v 14.167145 0.000000 10.927254
v 14.613968 0.000000 10.325466
v 15.037322 0.000000 9.706963
v 15.441363 0.000000 9.075666
v 15.698287 0.000000 8.647062
v 16.066661 0.000000 7.994298
v 16.525018 0.000000 7.106338
v 16.841957 0.000000 6.427132
v 17.038591 0.000000 5.967737
v 17.312774 0.000000 5.270173
v 17.562842 0.000000 4.563627
v 17.778992 0.000000 3.846007
v 17.964738 0.000000 3.119928
v 18.068622 0.000000 2.631155
v 18.156095 0.000000 2.139171
v 18.225384 0.000000 1.644316
v 18.291817 0.000000 0.897886
v 18.309828 0.000000 -0.100813
v 18.234669 0.000000 -1.096632
v 18.051591 0.000000 -2.078134
v 17.746508 0.000000 -3.028452
v 17.439983 0.000000 -3.711880
v 17.192101 0.000000 -4.145670
v 16.915191 0.000000 -4.561447
v 16.444830 0.000000 -5.144311
v 15.734460 0.000000 -5.845527
v 14.939937 0.000000 -6.449780
v 14.077150 0.000000 -6.952090
v 13.395952 0.000000 -7.263917
v 12.927868 0.000000 -7.438633
v 12.209122 0.000000 -7.650344
v 11.232298 0.000000 -7.859305
v 10.242414 0.000000 -7.994692
v 9.245715 0.000000 -8.063616
v 8.246717 0.000000 -8.059761
v 7.250845 0.000000 -7.980043
v 6.261673 0.000000 -7.838686
v 5.281101 0.000000 -7.646398
v 4.312510 0.000000 -7.400913
v 3.327965 0.000000 -7.096583
v 2.528178 0.000000 -6.829276
v 1.696495 0.000000 -6.559097
v 1.215836 0.000000 -6.422556
v 0.484039 0.000000 -6.261837
v -0.507004 0.000000 -6.141230
v -1.505189 0.000000 -6.146209
v -2.494744 0.000000 -6.277111
v -3.222461 0.000000 -6.454788
v -3.928779 0.000000 -6.704400
v -4.829518 0.000000 -7.134343
v -5.459658 0.000000 -7.538622
v -5.839237 0.000000 -7.863052
v -6.174933 0.000000 -8.232282
v -6.545646 0.000000 -8.878904
v -6.712535 0.000000 -9.849193
v -6.448032 0.000000 -10.798505
v -5.849848 0.000000 -11.589039
v -5.270694 0.000000 -12.062183
v -4.622565 0.000000 -12.437093
v -3.705392 0.000000 -12.831253
v -2.750215 0.000000 -13.122848
v -2.018861 0.000000 -13.286085
v -1.277862 0.000000 -13.397884
v -0.532045 0.000000 -13.471174
v 0.216842 0.000000 -13.500097
v 1.215909 0.000000 -13.485622
v 2.212381 0.000000 -13.411983
v 2.956222 0.000000 -13.320265
v 3.449091 0.000000 -13.237938
v 4.182755 0.000000 -13.084843
v 5.149801 0.000000 -12.833279
v 5.867596 0.000000 -12.617435
v 6.343240 0.000000 -12.464184
v 7.054047 0.000000 -12.226229
v 7.996897 0.000000 -11.894744
v 8.700722 0.000000 -11.636856
v 9.403516 0.000000 -11.376161
v 10.107437 0.000000 -11.118532
v 10.815175 0.000000 -10.871636
v 11.527903 0.000000 -10.639615
v 12.008812 0.000000 -10.503925
v 12.744162 0.000000 -10.365918
v 13.486924 0.000000 -10.383884
v 13.904061 0.000000 -10.640264
v 14.040705 0.000000 -11.108820
v 13.732685 0.000000 -12.048524
v 13.312130 0.000000 -12.667670
v 12.646097 0.000000 -13.410969
v 11.865297 0.000000 -14.081384
v 11.188112 0.000000 -14.583144
v 10.456276 0.000000 -15.061317
v 9.806255 0.000000 -15.434388
v 8.915586 0.000000 -15.887224
v 8.000352 0.000000 -16.288210
v 7.065934 0.000000 -16.642327
v 6.115036 0.000000 -16.949432
v 5.393079 0.000000 -17.150819
v 4.664120 0.000000 -17.325215
v 3.653136 0.000000 -17.524258
v 2.821092 0.000000 -17.660790
v 1.954100 0.000000 -17.774408
v 1.456783 0.000000 -17.823243
v 0.708918 0.000000 -17.873071
v -0.289922 0.000000 -17.904480
v -1.289245 0.000000 -17.898535
v -2.038110 0.000000 -17.867393
v -2.784714 0.000000 -17.801704
v -3.775352 0.000000 -17.670719
v -4.513956 0.000000 -17.543274
v -5.246312 0.000000 -17.383949
v -5.971950 0.000000 -17.196435
v -6.686865 0.000000 -16.971523
v -7.391340 0.000000 -16.715821
v -8.079393 0.000000 -16.418838
v -8.751132 0.000000 -16.086669
v -9.185742 0.000000 -15.840106
v -9.607521 0.000000 -15.572241
v -10.210356 0.000000 -15.127436
v -10.950219 0.000000 -14.457215
v -11.451733 0.000000 -13.900734
v -11.889958 0.000000 -13.293230
v -12.380412 0.000000 -12.424140
v -12.667146 0.000000 -11.732271
v -12.870583 0.000000 -11.011482
v -13.005367 0.000000 -10.274703
v -13.060483 0.000000 -9.527653
v -13.035092 0.000000 -8.529446
v -12.951343 0.000000 -7.784860
v -12.808282 0.000000 -7.049337
v -12.541353 0.000000 -6.086909
v -12.189273 0.000000 -5.152110
v -11.763115 0.000000 -4.248562
v -11.203580 0.000000 -3.274012
v -10.434342 0.000000 -2.135995
v -9.818400 0.000000 -1.349220
v -9.156497 0.000000 -0.600749
v -8.632230 0.000000 -0.065161
v -8.083259 0.000000 0.445139
v -7.332248 0.000000 1.104535
v -6.585346 0.000000 1.768485
v -6.050145 0.000000 2.293003
v -5.558888 0.000000 2.858658
v -5.112743 0.000000 3.460477
v -4.725895 0.000000 4.102024
v -4.300452 0.000000 5.005069
v -3.992028 0.000000 5.954400
v -3.807260 0.000000 6.935419
v -3.757813 0.000000 7.931908
v -3.822519 0.000000 8.677611
v -3.935538 0.000000 9.164071
v -4.114271 0.000000 9.630054
v -4.365471 0.000000 10.060759
v -4.694575 0.000000 10.434995
v -5.328658 0.000000 10.822501
v -6.300609 0.000000 10.992151
v -7.040651 0.000000 10.895427
v -7.515687 0.000000 10.741292
v -8.186004 0.000000 10.408169
v -8.815373 0.000000 10.002400
v -9.394912 0.000000 9.527572
v -10.112025 0.000000 8.832391
v -10.763757 0.000000 8.075397
v -11.351033 0.000000 7.267272
v -11.879729 0.000000 6.419492
v -12.357159 0.000000 5.541696
v -12.685888 0.000000 4.868135
v -12.981307 0.000000 4.179356
v -13.246570 0.000000 3.478419
v -13.475251 0.000000 2.764673
v -13.678354 0.000000 2.043210
v -13.853803 0.000000 1.314498
v -14.059606 0.000000 0.336532
v -14.246790 0.000000 -0.645224
v -14.381761 0.000000 -1.382558
v -14.510639 0.000000 -2.120980
v -14.636322 0.000000 -2.859956
v -14.767486 0.000000 -3.597966
v -14.911888 0.000000 -4.333476
v -15.022152 0.000000 -4.820855
v -15.234512 0.000000 -5.539078
v -15.540026 0.000000 -6.220834
v -15.868296 0.000000 -6.592386
v -16.334286 0.000000 -6.726354
v -16.780107 0.000000 -6.518734
v -17.249060 0.000000 -5.940893
v -17.681670 0.000000 -5.043293
v -17.974528 0.000000 -4.088848
v -18.129610 0.000000 -3.355788
v -18.201080 0.000000 -2.861249
v -18.252863 0.000000 -2.364269
v -18.293210 0.000000 -1.615938
v -18.287004 0.000000 -0.616871
v -18.214941 0.000000 0.379704
v -18.127869 0.000000 1.124145
v -18.010397 0.000000 1.864403
v -17.870581 0.000000 2.600771
v -17.702790 0.000000 3.331285
v -17.446158 0.000000 4.297084
v -17.146815 0.000000 5.250488
v -16.803219 0.000000 6.188850
v -16.520183 0.000000 6.882888
v -16.211849 0.000000 7.566071
v -15.771785 0.000000 8.463302
v -15.297293 0.000000 9.342801
v -14.784540 0.000000 10.200503
v -14.375592 0.000000 10.828632
v -13.941239 0.000000 11.439462
v -13.487533 0.000000 12.036051
v -13.006456 0.000000 12.610770
v -12.504310 0.000000 13.167171
v -12.154740 0.000000 13.524252
v -11.611070 0.000000 14.040149
v -10.852215 0.000000 14.690091
v -10.257431 0.000000 15.146049
v -9.634216 0.000000 15.562225
v -8.767246 0.000000 16.058219
v -7.854425 0.000000 16.462830
v -6.898986 0.000000 16.751826
v -5.915104 0.000000 16.920772
v -4.917900 0.000000 16.958897
v -4.171705 0.000000 16.895743
v -3.079954 0.000000 16.634195
v -2.257102 0.000000 16.341523
v -1.805386 0.000000 16.128147
v -1.158039 0.000000 15.751195
v -0.347056 0.000000 15.168486
v 0.402962 0.000000 14.508891
v 1.091403 0.000000 13.785181
v 1.716767 0.000000 13.006139
v 2.280716 0.000000 12.181508
v 2.666078 0.000000 11.538743
v 2.901267 0.000000 11.097853
v 3.121754 0.000000 10.649445
v 3.327846 0.000000 10.194221
v 3.606967 0.000000 9.498648
v 3.936917 0.000000 8.555454
v 4.219032 0.000000 7.596831
v 4.399905 0.000000 6.869479
v 4.570455 0.000000 6.043660
v 4.862380 0.000000 4.669018
v 5.060237 0.000000 3.946265
v 5.318220 0.000000 3.242901
v 5.630571 0.000000 2.561985
v 5.874089 0.000000 2.125748
v 6.141826 0.000000 1.703910
v 6.434911 0.000000 1.299250
v 6.921375 0.000000 0.729605
v 7.647011 0.000000 0.044292
v 8.245191 0.000000 -0.406449
v 8.671218 0.000000 -0.667403
v 9.350441 0.000000 -0.981716
v 10.065929 0.000000 -1.199955
v 10.811000 0.000000 -1.239556
v 11.759383 0.000000 -0.975411
v 12.349124 0.000000 -0.523624
v 12.638695 0.000000 -0.117270
v 12.921395 0.000000 0.573938
v 13.078525 0.000000 1.304974
v 13.105390 0.000000 2.053130
v 13.010982 0.000000 3.046570
v 12.861615 0.000000 3.780729
v 12.730295 0.000000 4.262817
v 12.491033 0.000000 4.972951
v 12.212494 0.000000 5.668640
v 11.890263 0.000000 6.345258
v 11.538156 0.000000 7.006862
v 11.155217 0.000000 7.651150
v 10.606980 0.000000 8.486551
v 10.010116 0.000000 9.287829
v 9.364643 0.000000 10.050501
v 8.674175 0.000000 10.772764
v 8.132430 0.000000 11.290724
v 7.762362 0.000000 11.626531
v 7.199344 0.000000 12.121381
v 6.439972 0.000000 12.771173
v 5.865312 0.000000 13.252465
v 5.288055 0.000000 13.730644
v 4.520328 0.000000 14.370553
v 3.764350 0.000000 15.024201
v 3.215775 0.000000 15.534845
v 2.869770 0.000000 15.895287
v 2.557492 0.000000 16.285095
v 2.223892 0.000000 17.204724
v 2.458468 0.000000 17.630592
v -15.266662 11.518890 7.512814
v -10.533708 14.102255 13.770309
v -4.772487 15.138768 16.088068
v -16.910636 7.115472 -4.354748
v -9.906497 21.377060 -2.919074
v 4.060865 6.601050 15.940797
v 5.722454 8.929298 16.430735
v 13.763837 14.074430 3.922800
v 6.281094 22.371678 -6.936944
v 9.085150 10.412714 -14.757261
v 13.668472 18.424955 -0.011138
v -14.263058 7.987660 10.043072
v -10.484171 9.569455 9.263633
v -9.980820 7.234906 9.531162
v -11.090962 6.998607 13.965271
v -9.880272 13.857252 14.338872
v -17.294200 5.792262 3.282890
v -16.575374 6.315713 5.584646
v -17.336349 10.340391 -0.956327
v -6.883929 17.617432 11.788164
v -6.590641 14.407446 15.961144
v -4.060224 14.993747 16.027813
v -5.434919 16.681386 2.348054
v -4.286837 28.276823 -5.888746
v 0.653459 18.649479 12.937651
v -3.323759 18.751267 9.193408
v 3.275728 22.567225 7.841187
v -2.999928 28.729730 6.320073
v -17.255683 8.726068 -2.938684
v -17.918506 4.713616 -1.654649
v -17.349756 4.155995 -4.601970
v -10.178475 14.625676 -2.744924
v -11.833805 9.761012 -5.353292
v -16.491082 1.902203 -6.187258
v -12.621545 8.697193 -9.822343
v -8.767630 13.477764 -15.141760
v -10.965473 7.691102 -13.838016
v -5.584587 9.345283 -12.375311
v -0.114811 8.809962 -14.063973
v 0.542195 6.303242 -13.897557
v 2.743142 2.183486 16.778983
v 2.835579 1.802032 17.407495
v 3.547970 4.088406 17.221562
v 3.334710 3.310615 17.325872
v 3.686694 3.762302 15.637835
v 7.870962 7.559173 12.267221
v 9.929471 10.869145 14.053317
v 9.423704 11.484347 11.296167
v 8.450084 8.037208 11.782415
v 9.864843 6.404978 10.121218
v 13.177939 11.605800 10.718298
v 14.097868 10.994464 9.613577
v 12.647268 12.413880 6.818333
v 13.561677 10.443519 3.319371
v 13.303336 7.628059 3.714438
v 13.466233 8.073846 1.492678
v 6.229049 11.990813 -7.402142
v 8.584278 6.718722 -15.479464
v 9.512284 7.059688 -14.951435
v 9.109402 5.340480 -15.352787
v 9.138300 24.651311 -1.818188
v 9.821521 13.377626 -7.467868
v 9.087451 10.218347 -7.661833
v 5.062031 11.628262 -13.813786
v 14.498484 16.642752 -5.669536
v 16.260666 15.447185 -3.954584
v 17.303374 14.439592 -1.468001
v 10.253632 4.004771 -11.433431
v 12.343689 3.337203 -10.868987
v 11.718700 7.172809 -11.607536
v 13.577485 2.225976 -11.400802
v 13.223819 2.157719 -10.784142
v 12.748496 4.104837 -11.071531
v -11.335584 6.625561 7.968404
v -14.800309 6.308221 9.384941
v -14.675592 3.222459 10.002950
v -14.232012 12.364468 9.341918
v -14.044974 6.792637 10.547315
v -14.043331 13.803867 9.307776
v -13.631502 6.869771 11.137336
v -15.259659 6.198329 8.572373
v -14.656830 12.258368 8.563776
v -15.182371 10.195788 7.977185
v -14.986709 12.044581 7.968060
v -14.161634 15.455163 8.613607
v -15.797452 8.985334 6.936012
v -10.843783 7.444476 8.666314
v -12.252293 6.676263 12.854450
v -9.053349 8.324483 10.360705
v -9.009178 15.399018 10.979526
v -10.182743 10.861667 9.675144
v -11.100491 15.833891 9.497008
v -10.400891 7.388212 14.520652
v -10.746640 10.475508 13.962082
v -9.949217 7.687376 14.838525
v -14.060780 6.175140 2.193617
v -17.398199 6.177947 2.703916
v -17.031407 6.018233 4.248615
v -16.691082 12.365142 3.043223
v -16.646820 3.324000 5.996916
v -16.349845 5.812313 6.277991
v -16.817606 6.085902 4.915837
v -15.814611 12.551929 5.885104
v -15.142626 16.573601 5.635080
v -15.431111 14.464621 6.168307
v -16.154050 12.456489 4.981750
v -17.459801 7.997850 1.452054
v -14.512441 5.942686 0.187102
v -14.701873 11.302852 1.668628
v -17.914285 4.974437 -0.881346
v -6.164822 14.975687 11.604984
v -8.206659 7.197934 15.898828
v -5.379433 11.499080 16.332933
v -4.053224 30.053107 11.838322
v -4.821467 27.555463 12.109385
v -6.249889 21.630499 12.077318
v -4.615879 31.922362 12.707902
v -5.663405 14.170361 11.483274
v -4.237899 31.312969 12.241469
v -3.590591 33.703473 12.108106
v -3.764945 34.579521 13.162267
v -3.144659 35.654921 12.936392
v -3.486656 35.180988 12.961853
v -2.406706 15.835168 15.478542
v -1.626755 8.778022 15.541156
v -5.262644 24.983027 2.155027
v -5.022875 36.567871 1.722262
v -2.728549 30.330454 -5.416288
v -3.666304 20.499324 -5.999078
v -5.057955 26.170053 -6.285725
v -8.330713 6.817447 -0.069721
v -8.076565 12.203647 -0.078756
v -7.263370 13.292853 0.647882
v 2.069577 13.054773 11.510360
v -3.664165 8.921509 9.117091
v -3.388262 15.010230 8.786172
v -3.512522 8.882150 7.692338
v -3.341572 14.502767 8.101210
v 3.294027 14.711836 8.813545
v -3.383738 20.825957 6.011639
v 3.755846 26.186954 5.737281
v 4.161755 29.978562 3.877700
v -17.849702 5.536224 -1.574495
v -15.571553 8.262952 -3.177679
v -17.418962 1.963758 -5.101301
v -17.240076 2.880222 -5.205481
v -16.408631 8.274666 -4.275517
v -16.779859 8.607348 -3.941597
v -16.222397 6.900423 -4.719144
v -9.454469 23.608900 -2.457696
v -10.910881 10.617540 -3.571651
v -9.509083 22.762737 -2.452059
v -8.798647 33.227852 -2.561382
v -9.284737 28.401028 -2.695345
v -10.462074 15.281791 -3.238553
v -11.797476 5.205130 -4.773580
v -11.160004 16.308886 -4.618191
v -11.047073 13.974837 -4.131605
v -10.940098 22.556548 -4.988041
v -6.871365 17.893251 -8.204929
v -6.743779 12.948495 -8.353240
v -12.084567 17.362694 -7.952519
v -12.114847 5.114668 -5.524523
v -12.054416 13.183061 -6.547008
v -10.820248 29.392512 -6.195305
v -10.774034 26.561729 -5.299486
v -11.098940 27.200649 -6.506771
v -10.373025 31.684220 -5.442620
v -16.328618 2.775368 -6.014237
v -12.826440 4.585009 -9.820117
v -12.497632 11.018991 -8.434381
v -11.990204 19.518017 -9.224859
v -9.410115 7.689108 -15.197232
v -9.996797 7.514076 -14.786709
v -10.109923 11.426217 -14.374764
v -10.856665 11.956367 -13.568595
v -6.743190 10.064958 -11.063964
v -6.533899 10.527677 -11.455356
v -6.141234 6.922942 -16.723437
v 5.428833 16.784963 2.094360
v 5.698575 30.632284 0.817971
v -1.064875 17.495598 -5.705903
v -4.874441 8.008305 -12.750203
v -4.154862 11.297465 -13.343652
v -3.842232 5.731585 -17.307898
v -1.054706 7.431707 -13.887248
v -1.107017 6.473370 -17.487857
v -0.431539 7.000809 -13.907688
v -0.160012 9.691111 -14.132484
v -0.254513 14.510146 -14.611829
v 1.242393 6.308444 -13.873682
v 1.036558 6.074158 -17.445381
v 2.519729 1.229407 17.081239
v 3.991916 3.424116 17.456187
v 3.135955 3.789964 16.674582
v 3.267133 3.382097 16.123380
v 4.102417 4.205486 15.272415
v 4.656542 4.488585 14.774977
v 5.368144 9.028783 14.865015
v 4.822428 6.515736 16.959002
v 6.028763 10.347431 16.085810
v 5.387021 10.281046 16.056218
v 6.197632 12.454935 15.265442
v 6.944376 5.636794 16.508709
v 6.032848 10.063814 14.371050
v 6.353640 10.642665 14.159711
v 5.619085 3.590854 13.815743
v 4.711838 5.378565 14.846136
v 8.602347 6.856864 15.499105
v 9.490096 10.381251 14.452390
v 6.659215 3.021676 12.856354
v 6.786674 8.456955 13.383414
v 7.283813 12.068686 13.523943
v 7.356535 8.775551 12.906545
v 9.331447 6.396415 10.715149
v 8.622926 3.826163 11.165278
v 10.682776 11.628196 13.294447
v 10.194711 9.305143 10.092074
v 11.667303 6.811895 7.640668
v 10.881911 9.555281 9.238136
v 11.502153 9.655182 8.337624
v 14.961225 13.130155 7.878203
v 15.494413 9.208803 7.726604
v 14.683424 13.802885 8.197755
v 14.465944 6.103481 9.833374
v 14.049318 13.268069 9.250616
v 16.115335 6.446002 7.022300
v 16.076034 12.737303 5.893797
v 12.694230 4.118898 5.074010
v 12.541451 7.656631 6.064454
v 13.555824 15.171167 5.293413
v 17.034634 6.639918 4.863565
v 16.933864 13.282704 3.578789
v 13.498731 8.028108 2.270450
v 13.298196 5.122802 2.847609
v 13.656909 12.178333 3.552764
v 17.893787 7.043860 1.033135
v 14.269436 20.323935 1.067022
v 7.027469 20.850369 -0.191556
v 5.323868 23.332052 -6.740090
v 3.463475 7.317522 -6.917243
v 3.510615 12.377838 -6.757356
v 2.867408 19.934717 -6.305357
v 2.278566 15.433840 -6.298552
v 5.811504 13.351524 -7.275628
v 6.630789 16.782098 -7.255343
v 8.312523 5.034509 -15.764704
v 8.412393 11.591387 -14.956759
v 7.217314 5.643579 -12.583975
v 8.547629 5.585097 -12.138633
v 10.277715 5.124429 -14.691690
v 9.615538 10.135579 -14.470221
v 9.187781 7.930649 -15.035156
v 8.023604 23.765750 -6.994498
v 8.407055 17.875074 -7.316832
v 9.821513 14.466905 -1.594710
v 11.928001 9.515141 -7.286157
v 10.390371 10.565653 -7.535868
v 9.741275 4.964201 -7.846865
v 5.033384 11.073274 -16.322812
v 4.467317 5.308452 -16.996844
v 3.291956 11.817810 -16.621135
v 3.066189 4.304060 -13.570994
v 4.474871 6.769990 -13.485303
v 6.337484 5.788301 -16.459498
v 4.381319 5.966185 -13.439309
v 5.927133 7.150782 -13.124620
v 5.319592 13.206624 -13.951246
v 15.314920 15.707959 -5.065830
v 14.764777 8.563396 -6.068546
v 11.650735 14.578805 -1.562853
v 12.034551 21.924003 -1.803670
v 12.741618 28.454208 -2.047489
v 12.438355 32.841292 -2.746104
v 13.362185 34.231243 -3.066182
v 11.544647 36.612820 -3.497842
v 13.036267 35.105978 -3.418344
v 16.882190 15.212390 -2.800855
v 10.848973 4.535444 -11.303966
v 10.055318 4.892746 -11.577829
v 12.115036 4.240358 -13.349870
v 9.287959 5.208587 -11.860378
v 13.391919 2.214231 -12.015816
v 12.976934 3.368265 -12.461778
v 13.334613 2.895972 -11.848626
v 13.025197 4.496214 -11.743245
v 12.654542 5.925834 -11.648520
v 12.016398 7.666430 -11.835430
v 11.192410 3.858496 -11.141827
v 12.046817 4.110721 -11.021600
v -10.861084 4.100130 8.325479
v -11.699678 14.968613 8.683597
v -14.823980 4.955448 9.539033
v -13.662498 11.230969 10.448164
v -13.017180 14.903176 10.711900
v -12.453885 17.170763 11.021751
v -12.895370 16.579139 10.526563
v -12.649230 19.205325 9.722132
v -15.229806 12.364400 7.370300
v -14.910149 14.333064 7.469871
v -14.882429 16.591426 6.380824
v -14.602776 16.550989 7.103006
v -14.002563 17.943920 7.287675
v -14.887166 15.757111 6.887541
v -15.308322 13.062074 6.986956
v -15.986133 5.054916 7.268915
v -12.848576 6.573935 12.179525
v -12.737809 3.711482 12.589351
v -12.030704 7.545738 13.007812
v -9.667297 15.160866 10.554096
v -9.813169 19.652203 11.084406
v -8.595091 10.741943 10.803434
v -8.125257 12.067301 11.119125
v -9.806095 16.950548 14.055539
v -8.986617 21.437475 14.048183
v -9.645127 19.383631 13.850024
v -8.856106 23.627057 13.733543
v -10.222794 18.347506 13.493101
v -9.579898 22.703582 13.201961
v -10.214738 10.937283 14.367688
v -10.515753 15.896499 13.554359
v -10.991634 5.060798 14.211043
v -11.233454 10.512243 13.510299
v -11.136285 5.972218 14.013396
v -10.695708 14.985667 13.506258
v -9.455140 7.522431 15.190557
v -14.122632 6.950224 2.205551
v -14.485142 13.424711 3.316642
v -17.530875 4.747466 2.643983
v -17.209303 8.698482 2.537348
v -16.869172 8.900290 3.925435
v -16.082831 14.150690 4.367924
v -16.340143 13.592469 3.781316
v -15.659976 15.767178 4.679538
v -16.249075 4.395723 6.784109
v -16.037557 8.378102 6.471711
v -13.376983 7.136178 4.439363
v -13.055627 9.434801 5.581327
v -17.707880 4.152978 1.945886
v -16.955177 12.327417 1.584299
v -14.391264 6.293379 0.903296
v -14.622516 5.560329 -0.507892
v -14.254135 6.571975 1.570959
v -17.151462 11.654413 -0.386758
v -17.596689 8.256777 -0.608618
v -17.936204 4.461655 -0.213008
v -17.406788 9.901528 -0.282508
v -16.839832 13.212707 -0.513771
v -17.004717 12.394849 -0.749218
v -16.446211 14.283135 -0.709227
v -6.209413 22.907863 12.161493
v -8.888580 7.359152 15.543137
v -7.720174 15.315425 15.520150
v -8.389254 11.032922 15.547143
v -7.954182 19.361790 15.021748
v -8.043283 22.955978 14.511491
v -7.642353 23.371120 14.685408
v -6.574261 26.757963 14.641436
v -7.219172 27.936638 13.934281
v -7.214815 24.667403 14.709739
v -7.264155 26.746907 14.292173
v -8.101709 25.542674 13.927338
v -6.449704 29.357562 14.042854
v -8.548746 22.920963 14.159202
v -6.743489 28.707417 14.039462
v -7.396562 27.783668 13.263575
v -6.057502 28.015134 14.607595
v -5.152342 29.774391 14.513475
v -5.100425 32.050572 13.844652
v -7.438183 6.064986 16.273464
v -5.415077 5.808767 16.659411
v -4.327024 19.029656 15.756394
v -4.704721 6.096294 16.637009
v -3.540566 8.058128 16.352877
v -2.872592 6.266652 16.248117
v -3.187709 32.590107 11.133559
v -2.165191 8.163789 15.864046
v -1.932676 12.160888 15.501638
v -0.909774 10.882842 14.950439
v -3.314709 26.436338 10.344305
v -2.740727 33.521137 10.396153
v -2.538358 37.214071 11.597022
v -3.062089 35.057197 11.640222
v -1.666665 39.662953 11.233303
v -2.093588 38.717972 11.223175
v -2.284167 37.989585 11.740503
v -1.693815 40.569282 10.168452
v -1.784790 38.480018 11.886544
v -6.616617 19.714965 0.962568
v -5.104757 11.936523 2.991676
v -2.101617 22.217185 -5.626994
v -4.546930 16.713994 -6.456232
v -5.224704 15.254526 -6.847998
v -9.165185 11.506226 -1.200236
v -8.443164 8.999859 -0.289340
v -8.367252 18.113435 -0.694620
v -6.993789 24.759406 0.326278
v -6.529746 38.689203 -0.216616
v -7.194199 33.384218 -0.496884
v -5.984800 46.477560 -0.520808
v -6.346758 41.807103 -0.350359
v -6.457768 45.422508 -0.985557
v 0.954507 5.415356 13.591359
v -0.442335 20.857379 13.821534
v 0.058630 19.006882 13.531603
v 0.053327 23.600712 13.113029
v -0.423289 26.654658 13.234939
v 0.122868 32.133628 12.002864
v 1.300202 10.379700 12.837264
v 2.137686 9.284438 11.712117
v 1.389056 29.728465 10.759113
v 1.721042 28.865402 10.366944
v 2.670776 11.851492 10.534334
v 3.627742 6.204222 8.824078
v 2.414389 26.050587 9.459899
v 2.798867 19.849548 9.402187
v 3.674924 12.662925 7.965365
v 3.845310 12.720583 7.397601
v -2.926290 35.084345 5.551758
v -2.737827 31.248686 6.988038
v -2.269878 40.941972 6.424858
v -2.299234 39.417391 6.753237
v -2.114451 45.289421 5.782039
v -1.767386 48.004476 5.927969
v -1.922733 47.178238 5.801019
v -2.051828 39.211505 8.102025
v -1.204547 52.471596 5.572329
v -2.431419 34.922725 7.660875
v -1.444765 49.857970 6.017476
v -0.959182 51.264923 6.343182
v -1.755734 50.293970 5.326735
v -1.823671 40.797447 8.576491
v -1.584815 43.110416 8.278333
v -3.566279 10.169474 6.701344
v -3.863785 24.164030 4.404670
v -15.569096 10.827341 -1.908188
v -17.446024 9.119706 -1.654760
v -17.335204 9.913145 -1.686936
v -17.225885 9.468146 -2.569780
v -17.816630 5.248592 -2.252453
v -16.657865 11.641151 -2.606090
v -17.007918 10.875327 -2.383676
v -16.359845 10.708609 -3.226200
v -16.966612 9.198315 -3.446104
v -16.596306 11.084428 -2.958174
v -16.045782 11.411544 -2.680496
v -17.495598 7.189923 -2.883113
v -17.879138 4.052566 -2.666014
v -15.289531 4.280536 -4.092100
v -15.205879 4.670368 -3.616154
v -16.369825 9.153103 -3.922451
v -15.725227 7.216134 -4.027074
v -16.567203 9.818481 -3.578106
v -16.052948 8.982597 -3.800563
v -16.252528 9.956640 -3.526481
v -16.146820 10.919999 -2.985573
v -15.805912 9.980967 -2.939644
v -17.225055 7.484889 -3.641216
v -17.627810 3.822909 -3.963147
v -17.755270 4.104941 -3.346013
v -6.542035 16.013500 -7.887022
v -9.569745 15.693165 -1.975027
v -8.487268 32.435478 -1.996515
v -9.898974 26.786716 -3.508576
v -11.323028 6.273561 -3.935643
v -6.511559 9.079584 -8.250170
v -7.339843 29.746848 -7.744381
v -12.555202 8.956538 -7.903241
v -12.478750 7.060438 -7.003179
v -11.239306 27.758356 -7.454659
v -11.200444 26.480261 -6.663795
v -11.704726 23.072116 -8.161961
v -16.858906 3.109816 -5.670974
v -16.128594 5.155763 -5.303293
v -12.807711 5.093095 -8.514707
v -11.274261 26.833350 -9.904248
v -12.084057 11.595515 -11.518218
v -11.456810 9.813681 -12.990586
v -8.584931 10.512740 -15.491230
v -9.774563 12.221780 -14.578430
v -10.258311 5.743288 -14.699507
v -11.173861 6.041779 -13.746009
v -6.574484 12.016077 -11.529177
v -7.020554 19.887276 -11.742657
v -7.041261 25.560888 -13.028826
v -7.251150 25.182194 -12.449770
v -7.178098 7.835924 -16.320239
v -5.191178 6.823560 -16.986910
v 0.203565 24.559310 -5.568834
v -0.035151 45.471761 -4.574155
v -0.398206 37.603392 -4.995213
v 0.476911 44.060374 -4.708056
v 2.020426 38.931100 -5.239639
v -0.385890 41.653652 -4.785270
v 0.235018 47.103554 -4.475324
v -1.145305 52.148691 -3.946066
v 0.731070 49.769894 -4.299976
v 0.034121 56.189678 -3.416176
v -0.808824 56.637820 -3.261635
v -1.803032 18.794724 -5.702122
v -4.811577 15.189178 -13.362966
v -5.107316 21.093175 -14.019100
v -5.499629 20.683707 -13.606323
v -5.286807 12.515735 -12.833693
v -5.117804 6.512072 -12.508312
v -3.155946 6.926772 -17.324832
v -2.471824 6.522144 -17.413045
v -2.020743 9.974243 -13.912264
v -2.313566 4.946451 -13.507124
v -1.322960 15.276490 -14.593830
v -1.861604 16.102843 -14.589212
v -3.202368 20.341928 -15.364064
v -3.951661 20.155663 -14.570460
v -1.558110 18.260489 -15.093867
v -3.441880 20.509480 -15.066035
v -4.473959 21.686944 -14.823011
v -4.522869 20.695722 -14.356297
v -4.121804 21.072901 -14.785258
v -3.727057 20.810207 -15.295218
v -4.253408 21.293036 -15.300961
v -2.486529 10.694813 -13.864103
v -2.515189 6.418595 -13.552649
v -1.826495 6.841284 -17.433836
v -1.158502 4.940856 -13.696740
v 0.595253 9.383959 -14.136673
v 0.402392 12.040860 -14.389573
v 1.037144 4.764425 -13.782051
v 0.363337 6.276474 -17.477637
v 2.428565 6.191953 -17.299098
v 4.766155 3.501367 17.403856
v 2.900582 1.563741 16.171271
v 4.604917 8.319543 15.688213
v 4.551677 7.947099 16.558054
v 5.009384 9.393322 16.257924
v 6.270811 6.843467 16.629339
v 7.962967 4.402903 16.125620
v 8.070316 5.383881 15.980021
v 6.697203 12.955001 14.531041
v 5.264769 9.580643 15.143689
v 9.137048 5.412163 15.303884
v 8.616328 15.421562 13.345665
v 10.529834 6.155654 14.162824
v 9.080660 15.151162 12.576587
v 12.167672 6.052715 12.638078
v 11.620673 5.976145 13.194253
v 12.492855 5.687238 12.332161
v 11.083767 5.967268 13.700135
v 9.297505 4.774455 10.572507
v 10.380635 15.831767 11.450037
v 10.646549 14.439278 10.523948
v 10.257721 14.899930 11.131629
v 10.711230 16.632702 11.714093
v 9.370504 9.045700 10.985591
v 9.669922 12.257977 11.155536
v 9.818263 8.733971 10.456024
v 10.221997 12.366179 10.565773
v 9.587694 4.099766 10.198192
v 11.053460 14.872890 10.097386
v 13.848454 5.165974 10.775607
v 12.796949 8.800989 11.605387
v 10.721682 5.032296 8.865633
v 11.718492 14.368470 8.986549
v 10.542975 9.099277 9.626957
v 11.194532 9.300939 8.750306
v 10.960195 4.432372 8.458097
v 11.204046 5.247368 8.178778
v 15.819496 7.145884 7.473020
v 16.434278 6.644262 6.325515
v 12.431353 5.139515 5.901122
v 12.707447 9.709364 6.106901
v 16.298650 13.137000 5.322728
v 17.222246 6.930993 4.273410
v 17.432678 6.727517 3.626481
v 14.076312 16.232028 3.063891
v 14.590133 20.432501 2.626843
v 14.653359 20.300266 3.582131
v 14.276617 18.289378 3.603346
v 15.435882 22.202070 3.205178
v 15.064005 21.868824 3.238590
v 15.309174 21.424504 3.881120
v 15.195882 22.838176 2.620184
v 15.277203 21.861625 3.525280
v 14.883251 21.963299 2.570014
v 15.225494 22.462241 2.949763
v 15.743950 22.655957 2.737062
v 15.924183 21.382306 3.154329
v 13.567225 11.305083 3.655282
v 13.818459 14.860101 4.051722
v 13.147529 6.211235 4.008730
v 14.160204 18.407578 4.815763
v 13.836242 16.878964 5.108098
v 14.169363 18.887612 5.515808
v 13.591420 16.575936 5.841678
v 14.608663 20.017106 5.118037
v 14.477381 19.620691 5.537993
v 14.752617 19.629363 5.697865
v 15.365918 17.431178 5.971628
v 15.048810 18.889885 5.848359
v 13.397501 10.582936 4.237773
v 17.721929 7.032611 2.323383
v 18.002339 3.861028 1.730401
v 17.559579 10.886535 1.683056
v 17.127761 15.825991 1.868505
v 13.960476 19.238651 0.454259
v 14.301544 18.376454 2.451937
v 14.470350 19.908383 2.294889
v 13.743696 12.046973 2.222210
v 7.127943 9.415114 0.190275
v 7.869857 17.054493 -0.735430
v 5.405341 11.733371 -7.266433
v 4.069105 19.101728 -6.664566
v 2.949747 21.249556 -6.279609
v 2.674928 26.441644 -5.996649
v 2.550649 41.672238 -5.167857
v 3.213343 36.297665 -5.629521
v 5.985017 21.035437 -6.963803
v 5.140721 34.431661 -6.097831
v 6.133659 28.608055 -6.592694
v 5.206958 32.102204 -6.246247
v 5.628435 37.028498 -5.968199
v 6.515685 39.880669 -5.754884
v 6.460740 9.133454 -7.544482
v 6.983073 9.860155 -7.587371
v 7.991491 6.575228 -15.766944
v 7.839127 15.221690 -14.222832
v 8.113172 3.257704 -12.091243
v 8.305849 8.230851 -12.487559
v 9.848922 7.600455 -14.674055
v 8.955062 21.304846 -1.561503
v 11.105180 10.605847 -7.420296
v 10.084032 15.316183 -7.341595
v 9.247921 29.540033 -6.543828
v 5.104887 5.744604 -16.818650
v 3.715528 6.268431 -17.084081
v 3.084607 5.941860 -17.221230
v 2.427490 3.954040 -13.634346
v 2.235121 13.726544 -14.528840
v 3.824847 8.686730 -13.775315
v 6.446174 8.266819 -16.199133
v 6.482711 6.820381 -12.923017
v 6.498326 13.990961 -13.809116
v 6.841466 14.893264 -13.934265
v 7.224774 15.631650 -14.430476
v 6.975986 15.636182 -14.206150
v 6.702713 15.816235 -14.759345
v 14.094027 12.507351 -6.238497
v 14.050149 8.472327 -6.516058
v 10.955343 14.045149 -1.684880
v 10.723848 22.479960 -2.066271
v 10.429893 31.785860 -2.661360
v 10.995840 27.683660 -2.385868
v 11.401179 29.928497 -2.542802
v 11.548053 34.988352 -3.145764
v 17.358764 7.797388 -2.902566
v 17.189043 14.190449 -2.092219
v 17.002731 7.197899 -3.720656
v 15.673281 24.553843 -3.412558
v 16.116753 20.239100 -3.464777
v 15.855148 19.616843 -3.985239
v 16.452489 19.828372 -2.864250
v 15.829372 23.239825 -3.405408
v 16.517954 20.476056 -2.544387
v 15.585365 28.155222 -2.405201
v 15.065027 27.937639 -3.629421
v 15.839075 26.344444 -2.520708
v 14.707478 31.188512 -3.105156
v 15.197989 27.140295 -3.614230
v 15.189411 29.732922 -2.677373
v 15.622090 23.851789 -3.637981
v 14.967217 29.623542 -3.279096
v 14.780764 31.437121 -2.522061
v 14.352359 31.261941 -3.750382
v 15.272414 29.881687 -1.920412
v 16.161036 8.122952 -4.848098
v 10.496905 6.487398 -11.630611
v 11.523186 9.283443 -12.211519
v 11.038993 8.835000 -11.949638
v 11.785186 8.531718 -12.043663
v 11.286806 9.495906 -13.080755
v 11.594576 8.699895 -12.923858
v 10.858074 10.178328 -13.396951
v 10.117887 11.953587 -13.614864
v 10.393396 10.137727 -12.244592
v 11.748149 3.460816 -10.971388
v -11.338975 13.002585 8.781627
v -12.302550 13.781301 7.692831
v -12.585823 18.073961 8.519851
v -12.310211 16.162456 8.227802
v -12.157439 15.258689 8.204752
v -12.612355 9.054872 6.360330
v -12.784546 8.591929 5.954048
v -13.801998 15.834843 9.200821
v -14.647970 17.215761 6.446606
v -14.260908 17.702037 6.661867
v -12.196146 10.000842 12.563475
v -11.514138 14.176852 12.792368
v -11.559503 18.510517 11.931133
v -11.090608 19.245173 12.345575
v -10.932156 21.331486 11.632846
v -12.005261 8.338002 12.951696
v -8.852224 21.499718 11.780800
v -8.234470 6.386195 10.720636
v -8.448635 19.396975 11.623762
v -9.179619 14.039838 14.834707
v -14.191277 13.240577 4.053200
v -13.860614 2.161715 1.864956
v -15.748007 16.470913 3.265061
v -13.063603 4.625396 4.732970
v -13.446915 9.178623 4.698855
v -13.548016 13.001468 5.422125
v -14.423868 15.340249 4.358383
v -12.745894 5.855242 5.578697
v -13.040262 12.117380 6.163810
v -16.777689 13.643912 0.995123
v -15.439607 13.686158 0.301493
v -15.702360 13.806435 -0.378016
v -16.077762 14.568488 -0.486163
v -14.639514 8.701238 0.745819
v -14.708670 10.290134 1.172866
v -16.902546 12.928886 1.025956
v -6.765247 7.240701 11.246348
v -7.632849 14.184178 11.434944
v -7.243810 19.605201 11.904177
v -7.766693 16.397593 11.561478
v -7.838586 8.446975 11.015001
v -8.291912 24.153147 12.353113
v -7.807625 26.283423 12.843321
v -5.639260 28.608973 12.664769
v -8.613730 24.287697 13.800206
v -8.411243 25.768552 13.441237
v -7.132329 28.530308 13.510906
v -6.618361 29.399321 13.447172
v -6.229948 30.066811 13.463004
v -6.214804 27.968199 12.781468
v -5.752386 30.921689 13.344720
v -5.982376 26.292096 12.459176
v -6.662215 25.686307 12.527928
v -5.301978 31.794448 13.324040
v -5.596451 30.347530 13.011260
v -6.905827 5.686387 16.445092
v -4.938378 24.523013 15.275271
v -5.299610 20.258045 15.688418
v -2.768327 8.499346 16.090038
v -3.526392 11.831018 16.119619
v -3.573696 18.057068 15.705091
v -3.453926 13.336017 16.001685
v -3.629020 25.858231 10.792296
v -3.554611 34.568870 12.352928
v -2.969698 36.204215 12.587380
v -2.740337 36.777941 12.287705
v -2.708006 35.812703 12.950125
v -2.837173 35.079053 13.233544
v -2.293414 32.265414 13.713932
v -0.903251 7.758591 15.147049
v -1.788741 24.607011 14.428863
v -0.738417 17.575484 14.341347
v -1.032884 24.635936 13.928644
v -1.667046 28.264110 13.944475
v -2.069267 31.533187 13.721479
v -1.581269 29.405885 13.752103
v -1.138866 31.655434 13.154209
v -2.123753 34.654193 13.168795
v -5.939067 30.843792 1.048296
v -6.766903 11.867488 1.170822
v -5.534942 40.546884 0.763843
v -6.772547 21.963760 0.697553
v -6.599795 28.967836 0.463944
v -1.832827 10.169391 -5.931413
v -3.245838 34.210693 -5.328509
v -4.923153 20.845537 -6.462253
v -5.043890 10.704850 -6.908184
v -8.653751 25.363239 -1.536776
v -8.114813 39.934757 -2.507647
v -8.277861 37.809858 -2.422370
v -7.994380 43.359027 -3.107131
v -9.299436 16.495669 -1.692455
v 1.749918 7.074274 12.471223
v 0.572018 26.622806 12.224562
v 2.207351 15.732468 11.028684
v 2.710976 16.324825 10.002522
v 2.976209 28.963499 7.737547
v 2.920844 35.314404 6.810153
v 2.865294 29.828477 7.903638
v 2.252336 42.528533 6.986076
v 2.557722 38.255435 7.182369
v 2.117055 41.198236 7.554772
v 4.246070 21.744712 4.592655
v 3.570829 30.510226 5.665307
v 3.351701 41.201380 4.495347
v 3.602877 34.911824 4.869652
v 3.074899 39.367730 5.620446
v 3.391825 43.705374 3.938890
v 2.991922 44.258030 4.822700
v 3.458975 45.261265 3.480736
v 4.149416 34.858552 3.314684
v 3.413222 34.428280 5.535923
v 3.313321 39.009442 5.002138
v 3.582353 33.196898 5.200512
v 2.753052 46.607459 4.920795
v 2.547471 43.696401 6.047127
v 3.369598 31.216827 6.224990
v 2.995968 36.986775 6.302015
v 3.771471 20.642124 6.539738
v 2.771981 37.637708 6.751463
v 2.668081 44.450757 5.606873
v 2.487596 41.359973 6.724802
v 2.148620 52.202996 4.666795
v 2.224264 47.582292 5.840963
v 1.811360 52.496124 5.174686
v 1.456566 52.475196 5.706462
v -15.365764 7.656877 -2.813010
v -17.437287 9.599244 -1.001419
v -17.104683 11.741988 -1.084902
v -16.520487 13.673068 -1.251401
v -15.298939 2.933621 -4.644714
v -17.488576 6.013179 -3.461148
v -7.386048 25.541890 -8.288712
v -7.451320 30.630848 -7.779660
v -6.658333 29.148739 -7.110620
v -5.998906 36.263270 -6.097752
v -5.867469 12.506124 -7.402978
v -7.253412 19.396746 -8.794822
v -7.492823 22.498231 -8.973482
v -12.389687 13.119160 -8.512479
v -12.008835 19.341073 -8.592427
v -16.278579 6.151627 -5.015980
v -15.633025 3.643213 -5.198795
v -16.332546 3.577275 -5.801191
v -12.311878 6.582020 -11.728969
v -11.603518 17.884354 -11.595184
v -12.517537 5.769632 -11.234054
v -11.816937 5.016382 -12.935646
v -8.918073 11.261810 -15.245278
v -8.955738 15.221309 -14.879301
v -8.736647 21.129689 -14.376972
v -9.338405 10.446056 -15.038703
v -9.478980 14.682357 -14.583884
v -9.364448 18.065184 -14.325575
v -8.473930 25.545015 -13.814753
v -9.548244 24.918303 -13.253971
v -9.070345 28.795882 -12.743034
v -8.492175 28.552184 -12.994146
v -8.253524 27.862554 -13.285506
v -8.474290 16.781290 -15.013955
v -7.737632 7.362869 -16.126424
v -10.597722 6.256466 -14.346213
v -6.886776 6.878300 -10.249360
v -8.326742 29.727516 -10.826965
v -6.771874 10.793229 -16.251222
v -7.101127 14.734365 -15.804296
v -6.535396 19.568418 -15.467896
v -6.072756 10.690168 -16.478209
v -4.418379 6.961377 -17.133960
v 5.444604 12.582671 2.279206
v 5.386761 7.688038 2.664985
v 5.166599 25.098773 2.010841
v 4.077121 45.012617 2.170140
v 3.653957 49.323333 2.295627
v 4.126342 43.337681 2.315546
v 1.292805 22.867361 -5.802548
v 1.781803 22.438778 -5.927463
v 1.456263 12.380790 -6.166111
v -1.058098 47.929499 -4.354087
v -1.197367 24.384138 -5.495480
v -4.375094 13.645807 -16.594918
v -3.326918 17.702406 -16.206022
v -3.338418 9.933803 -17.073292
v -3.158136 14.738369 -16.637409
v -1.290769 18.700115 -15.857440
v -4.704549 21.396811 -14.417902
v -1.740135 13.311821 -16.874618
v -2.021565 17.703955 -16.211224
v -2.033102 15.583611 -16.580897
v -2.345538 16.314730 -16.479700
v 1.076705 17.068144 -15.189611
v 1.389231 9.193310 -14.102442
v 1.917849 12.037027 -14.355505
v 0.017576 11.118390 -17.079705
v -0.350553 15.815605 -16.495628
v -0.415795 13.252446 -16.855789
v -0.497554 14.964771 -16.644379
v 0.233303 14.548854 -16.668566
v 1.160757 4.506555 -17.557098
v 1.114612 9.128689 -17.197899
v 1.416908 14.050709 -16.607134
v 3.944235 6.226151 16.818690
v 4.651564 5.064594 17.194579
v 4.231118 7.126160 16.708008
v 4.991514 9.779778 15.770104
v 7.705474 7.647342 15.909368
v 7.160523 11.275152 15.630023
v 7.970424 14.494147 14.421678
v 6.850551 12.600428 15.334804
v 6.440581 11.153854 15.841630
v 8.108189 13.683759 14.645670
v 6.415866 11.335876 14.282372
v 6.092351 11.707752 14.789535
v 5.892056 10.910205 14.775331
v 7.119311 13.827244 14.701402
v 8.292799 14.160350 13.058767
v 10.819069 9.086608 13.549879
v 10.577654 13.082963 13.130974
v 9.992433 13.581232 13.512188
v 10.390285 14.761283 12.881248
v 10.110907 16.270439 12.375967
v 9.635854 16.082451 12.779945
v 9.381690 14.010158 13.863569
v 8.661064 14.924580 12.956801
v 8.858569 14.279916 12.519668
v 9.063441 15.773457 13.156675
v 9.738476 16.112487 12.419317
v 9.978064 16.008664 11.984416
v 11.614059 15.238901 11.656275
v 12.153709 15.390823 11.017757
v 11.544965 13.454116 12.172260
v 11.378937 16.780926 11.095958
v 11.713900 16.273300 11.143073
v 11.094231 16.646529 11.458115
v 11.825280 8.692181 12.668586
v 11.372441 8.193090 13.167873
v 13.540874 9.019149 10.673381
v 12.836607 16.413386 9.916956
v 12.667555 13.916200 10.883569
v 13.494724 14.849120 9.629119
v 13.296371 4.146540 11.588356
v 13.250424 8.518322 11.107626
v 11.430238 4.553659 7.745461
v 12.619066 17.556296 9.104110
v 16.011987 11.119103 6.381929
v 13.473683 17.859238 7.043265
v 17.012406 11.668189 3.755523
v 17.506824 5.951039 3.524832
v 15.578934 24.326633 1.805833
v 15.692954 22.194304 3.038929
v 14.859215 21.040035 3.848327
v 13.176487 15.188014 6.402581
v 15.100735 20.661894 4.582343
v 14.781676 20.444323 4.566072
v 15.837213 18.612904 4.596947
v 15.499211 18.876612 5.143369
v 15.682608 20.739594 3.906825
v 17.550919 7.345381 3.015873
v 17.533215 12.882967 0.543738
v 17.179058 17.227597 0.535460
v 16.868087 20.568339 0.200979
v 17.060673 17.358964 1.398703
v 16.152928 24.540735 0.764574
v 16.313590 23.255444 1.180694
v 14.765800 24.004977 0.956766
v 13.686860 14.613432 0.700804
v 14.488642 25.967540 -0.155821
v 14.684729 23.292244 1.038210
v 14.572820 25.171502 0.192450
v 14.180561 24.482900 -0.230770
v 15.307888 26.087192 0.769069
v 7.364658 10.938933 -0.094593
v 7.433535 28.969699 -0.982960
v 8.054781 10.917896 -0.628124
v 4.740092 27.091726 -6.444850
v 5.387750 17.218813 -7.029328
v 2.130574 48.335428 -4.586863
v 3.592166 34.300074 -5.824433
v 3.587315 44.770382 -5.085545
v 3.889637 33.754058 -5.917118
v 3.520405 38.070644 -5.580784
v 4.731646 42.834733 -5.386954
v 4.906535 47.208931 -4.907563
v 6.344889 36.574511 -6.051393
v 5.788976 39.364448 -5.784244
v 5.581698 42.681445 -5.448043
v 5.782040 45.283628 -5.152442
v 6.013958 47.755196 -4.737795
v 5.162434 48.665273 -4.700336
v 7.720029 37.157285 -5.993918
v 8.100891 14.454715 -14.440037
v 8.824530 13.252632 -13.164855
v 8.870976 12.578360 -12.989771
v 8.630670 14.387975 -13.661701
v 8.262907 13.575164 -13.334242
v 9.218328 9.979305 -12.434777
v 9.341374 4.201044 -11.749986
v 10.454718 7.359965 -14.296269
v 10.757283 6.495634 -14.194701
v 8.977702 12.056841 -14.540474
v 9.129085 13.414405 -14.004018
v 8.465082 31.708188 -6.438887
v 8.000395 32.182030 -6.424741
v 6.868850 41.645523 -5.553367
v 6.115535 43.230720 -5.389764
v 9.762620 29.575313 -2.323445
v 8.692760 14.642342 -1.156079
v 11.151389 14.460086 -7.212268
v 10.621381 20.061445 -6.994144
v 11.262520 20.635733 -6.821958
v 10.963240 27.598998 -6.372468
v 10.800929 11.390420 -7.434343
v 12.643492 8.260305 -7.141398
v 13.271825 12.166422 -6.676343
v 8.909077 34.756972 -6.125968
v 10.041597 33.047635 -6.081719
v 10.306432 35.592618 -5.690406
v 9.944935 25.272834 -6.765625
v 3.626224 10.518122 -16.700127
v 2.625015 15.688930 -16.154225
v 3.382563 13.472327 -16.399388
v 2.849467 17.018505 -15.584497
v 3.461451 16.989574 -15.459305
v 4.745356 15.925030 -14.647650
v 5.543393 11.711702 -16.110892
v 6.088201 9.538022 -16.181768
v 5.646811 13.955561 -15.740712
v 5.055656 14.525546 -15.812569
v 6.209889 15.286094 -15.210201
v 5.786229 16.353664 -14.862784
v 15.653120 11.752956 -5.091645
v 14.679950 12.703421 -5.831909
v 14.569801 7.666256 -6.253340
v 14.250217 5.714207 -6.559236
v 13.975176 16.940716 -5.994166
v 13.515962 23.623608 -5.693659
v 13.677725 21.564172 -5.776013
v 12.846627 27.719957 -5.640488
v 13.972806 27.596948 -4.895273
v 14.589553 20.718878 -5.229651
v 11.089338 34.534698 -3.032111
v 10.698025 38.624816 -3.710704
v 10.173748 37.649777 -3.265864
v 10.900954 35.321516 -3.119029
v 13.383886 34.328445 -3.800974
v 12.561517 35.976869 -3.736588
v 17.314425 11.416335 -2.357820
v 17.502249 11.363604 -1.616465
v 17.227653 5.840479 -3.457381
v 17.064470 11.536574 -3.013806
v 17.993823 5.843311 0.491982
v 16.582236 23.057754 -0.671580
v 11.183032 10.237753 -12.560510
v 11.308321 6.054782 -13.816083
v 11.588934 4.411473 -13.812377
v -13.504849 15.856317 9.729135
v -9.981238 22.946981 12.470374
v -10.578717 21.961403 12.012072
v -9.963783 22.200633 12.898915
v -10.273604 22.475363 12.232915
v -9.291595 24.286828 12.815681
v -9.579120 23.778990 12.528595
v -10.180597 22.528174 11.783227
v -9.945242 23.021366 12.127340
v -9.603237 23.461076 12.182940
v -9.084146 24.126340 12.320390
v -9.068363 20.724748 11.591274
v -11.656874 19.945075 11.263223
v -8.506024 24.821739 12.524835
v -16.039953 15.761600 3.064545
v -15.293167 16.715312 3.802750
v -16.373482 14.174741 3.014545
v -15.599465 16.585507 3.600630
v -13.693028 9.511444 4.198548
v -14.667205 16.200098 4.371873
v -14.768431 17.281301 5.277931
v -13.854344 17.044643 6.398554
v -16.428700 14.979074 1.524478
v -16.449510 14.654940 2.229802
v -16.209566 15.530423 2.144533
v -15.610749 16.310149 2.363584
v -15.822570 16.073217 1.750430
v -16.166181 15.677011 1.119148
v -8.213062 21.565399 11.949543
v -8.950565 14.767019 14.913795
v -4.866324 32.463521 13.190895
v -4.501505 33.178681 13.125648
v -4.252570 32.325557 14.037189
v -4.752007 32.711684 13.734031
v -4.126276 33.104846 13.810428
v -4.371001 29.806458 14.575215
v -7.596260 27.092313 13.043448
v -2.316050 37.289086 12.347455
v -1.715851 36.868653 12.455822
v -1.708016 37.720482 12.169044
v -2.203314 35.532070 12.982555
v -2.013563 38.801843 9.835737
v -1.732312 40.863282 9.349635
v -1.258561 43.258980 9.400487
v -3.197184 28.309230 -5.582072
v -4.577670 38.586666 -5.398623
v -2.438666 42.065466 -4.792038
v -8.483859 42.241090 -3.926863
v 3.724090 18.906897 6.944524
v -4.019837 40.829400 2.745715
v 3.332038 40.424127 4.705498
v 4.095346 10.039310 6.803272
v 3.945874 20.031897 5.980405
v 4.149340 11.662478 6.371282
v 2.385633 52.628498 4.070786
v -17.683259 7.456758 -0.810716
v -5.683393 40.695973 -5.561876
v -15.738560 6.271603 -4.407061
v -10.964118 23.143484 -11.860374
v -11.579804 4.342673 -13.355624
v -10.934926 18.139072 -12.751331
v -7.453436 26.700969 -13.682061
v -7.919207 22.891270 -14.528674
v -8.287169 15.261872 -15.246801
v -8.203003 11.108221 -15.639919
v -7.858684 27.452143 -11.868233
v -7.714475 23.510470 -10.389392
v -4.495593 16.550863 -16.262495
v -4.610235 18.983831 -15.889321
v -5.855053 19.865088 -15.576905
v 3.626072 47.101961 2.771423
v 6.106228 23.504567 0.702395
v 5.562433 32.888509 0.847255
v 5.266457 43.350277 0.319787
v 4.624457 51.225377 0.084336
v 5.213716 42.535089 0.485104
v 4.544562 46.152874 1.137708
v -1.563481 49.312951 -4.224446
v -1.595736 41.977838 -4.752038
v -4.362514 9.005115 -16.996742
v -4.902275 22.302477 -14.788615
v -4.500654 20.011299 -14.195247
v -4.979044 20.331436 -13.937109
v -2.317710 12.750318 -16.906056
v 1.084738 14.825344 -14.735223
v 0.679150 17.675433 -15.905355
v 2.708439 8.308625 -17.080929
v 5.393377 10.747855 15.631013
v 4.894483 9.094985 15.507915
v 8.468551 12.043007 14.856160
v 6.691171 13.224644 14.977434
v 8.394459 14.929790 14.073716
v 10.050901 15.557543 12.882923
v 9.396313 15.689427 13.218936
v 9.285226 15.869410 12.891894
v 9.102106 15.449766 13.546986
v 9.179651 14.902119 13.699024
v 10.332327 16.403611 11.980351
v 11.088877 16.441455 10.695118
v 10.758886 16.508041 11.370880
v 11.008883 16.651550 11.098032
v 11.037367 15.925328 11.945381
v 13.833005 9.565049 10.210408
v 12.124165 14.581482 11.289742
v 12.243249 16.320280 10.593489
v 11.818418 17.078360 10.389577
v 11.487439 16.910570 10.712075
v 12.828885 4.475238 12.088881
v 12.372448 9.792493 6.814431
v 12.551817 16.495617 8.306378
v 12.365016 16.779169 8.879240
v 11.955171 16.477271 9.432665
v 12.732670 17.568975 8.675964
v 15.500626 12.168601 7.139831
v 15.843289 15.921439 5.548202
v 12.985286 15.627398 7.053626
v 16.272510 19.338974 3.365344
v 17.099165 13.567439 2.886575
v 17.068300 14.363169 2.741783
v 16.542893 16.604716 3.672170
v 13.973628 18.693896 6.222843
v 15.022448 20.024414 5.168875
v 15.067905 21.157915 4.088240
v 15.687035 17.569660 5.324669
v 17.449587 10.622989 2.444308
v 17.021986 19.225598 -0.192271
v 16.533744 22.972144 -1.370230
v 16.352568 24.467471 0.005053
v 15.970707 26.661795 -0.481018
v 16.130085 22.831146 1.949613
v 1.966620 42.080488 -5.038364
v 1.826467 43.625497 -4.922246
v 2.113002 45.317565 -4.826009
v 2.486135 40.875545 -5.209622
v 1.137248 49.088778 -4.404905
v 2.666268 45.902656 -4.863225
v 2.698867 55.837974 -3.494962
v 3.154091 54.257392 -3.825739
v 1.899371 56.214300 -3.447677
v 1.914076 57.171008 -3.172020
v 3.076819 40.476234 -5.344313
v 4.449836 34.375751 -5.983626
v 8.801173 14.131327 -13.976910
v 9.090736 13.985216 -13.616562
v 8.692064 27.387990 -6.742645
v 9.133126 30.449469 -6.477850
v 8.113682 28.914906 -1.492962
v 10.964384 21.450054 -6.834400
v 10.622790 16.929449 -7.171911
v 10.996768 13.597089 -7.289442
v 12.639362 24.818075 -6.026599
v 13.353859 7.974703 -6.882834
v 3.902336 16.185691 -15.710175
v 5.046422 14.076597 -14.157041
v 5.569695 4.505344 -16.788691
v 14.001143 33.391011 -3.124893
v 17.590990 11.421580 -1.028826
v 17.828980 7.176837 -1.243936
v 16.264576 6.018628 -4.896772
v 12.768207 5.149604 -12.245784
v 12.360059 5.333900 -12.867549
v -13.102381 15.895407 7.056307
v -12.662356 15.580905 7.599877
v -13.270173 17.489031 9.550431
v -12.613615 19.241758 9.322336
v -11.922694 19.143777 9.585369
v -12.773170 18.820432 8.800438
v -12.305249 19.396999 9.551290
v -12.350499 19.619606 9.891896
v -11.948232 19.882876 10.001523
v -11.816828 18.284534 9.386639
v -11.849520 20.176393 10.529566
v -11.418068 18.847512 9.848828
v -13.777351 17.631137 8.392911
v -9.026158 24.314564 13.312740
v -10.572767 22.003922 11.561697
v -12.037837 18.510588 11.256121
v -8.973441 24.766078 12.657848
v -8.645864 25.541731 12.955867
v -8.090631 25.548043 12.678432
v -15.064682 13.596046 1.507540
v -15.000276 14.713188 2.436867
v -14.725572 15.557883 3.813489
v -15.202940 16.871593 4.217239
v -14.361357 17.166690 5.672961
v -14.283200 17.555337 6.349939
v -15.845593 15.709642 1.122303
v -15.498429 14.839076 1.048206
v -15.229572 13.336385 0.756219
v -15.765848 15.259521 0.677300
v -16.086630 15.024085 0.035550
v -15.813862 12.980813 -1.230871
v -15.406272 11.844281 -0.786992
v -4.414409 31.491889 14.238218
v -4.188407 29.031854 14.688241
v -5.319119 27.719494 14.835758
v -3.281357 23.219642 15.191982
v -2.371305 30.815706 13.971536
v -2.491628 33.145288 13.623399
v -1.099010 42.139480 10.320605
v -1.387321 43.437759 8.881577
v -4.483262 49.231611 1.061108
v -3.039609 41.463613 -4.897426
v -2.306222 37.429117 -5.047573
v -2.296420 43.491813 -4.697650
v -3.416638 38.290825 -5.146543
v -3.005080 47.595186 -4.426010
v -7.494470 39.044835 -1.464816
v -7.174122 45.585285 -2.138790
v -7.603824 46.274412 -3.416067
v -7.898740 45.590881 -4.407088
v -8.048079 44.790275 -3.985033
v -8.592695 42.670874 -4.556103
v -8.547382 39.698655 -3.228300
v 1.779809 39.705210 8.488814
v 2.593243 31.063745 8.362756
v -3.914547 40.061877 2.980405
v -3.967847 45.855474 2.249732
v 2.793739 45.097398 5.161650
v 2.344686 50.369416 4.839157
v 2.128636 46.832994 6.223667
v 1.279893 49.347259 6.907331
v -5.461251 33.986453 -6.021562
v -5.627157 30.801726 -6.295827
v -4.458396 34.990956 -5.573779
v -8.331381 33.003893 -8.693588
v -8.897603 35.952832 -8.637190
v -8.359018 36.915393 -7.728980
v -8.829670 36.692272 -8.289120
v -11.417158 26.064098 -9.540381
v -11.129538 28.876148 -9.316914
v -10.939666 29.405553 -9.984026
v -10.945698 22.319826 -12.062951
v -10.359001 28.342692 -11.663494
v -11.258545 22.571833 -11.392655
v -10.208850 20.683758 -13.269669
v -8.001645 28.494924 -12.866683
v -8.318151 26.229326 -13.698195
v -7.389922 26.996240 -13.239018
v -7.904575 19.790614 -14.958313
v -7.482915 14.046817 -15.722104
v -5.593941 18.162430 -15.856043
v -5.328547 22.303327 -15.133955
v -4.295705 19.828729 -15.740329
v 3.289447 48.307927 3.289941
v 2.920710 52.867633 2.946051
v 2.355537 56.918450 2.481753
v 2.840229 54.814476 2.472208
v 2.475442 55.346063 3.003029
v 2.012031 56.678902 3.187978
v 2.342591 54.034511 3.708787
v 3.309636 52.840431 2.175525
v 2.170019 53.505463 4.220057
v 2.755390 56.404916 2.023459
v 1.674345 55.687857 4.170535
v 3.550560 54.891770 1.050808
v 3.606514 52.197769 1.753255
v 4.029581 49.008330 1.606109
v 2.999208 56.662245 1.434405
v 3.675082 56.113340 0.310416
v 3.318081 56.429378 0.898640
v 2.835492 58.514699 0.461633
v 3.182204 57.745943 0.382893
v 2.333740 58.828317 1.195823
v -0.153529 55.296402 -3.544396
v 0.666302 56.537242 -3.347886
v 1.066911 58.467434 -2.771931
v 0.993988 59.265963 -2.300031
v -0.921052 18.515227 -15.379082
v -0.623633 18.385900 -15.800357
v -4.718404 21.756854 -15.182960
v -1.680438 19.144345 -15.534012
v -1.882339 18.454335 -15.998652
v 0.495337 16.807410 -16.232408
v 0.064966 17.465264 -16.044260
v 1.114248 16.311216 -16.257545
v 1.777692 9.570423 -17.087900
v 1.864137 15.810904 -16.253344
v 8.049661 14.898711 14.085888
v 8.208978 15.069613 13.709214
v 7.549771 14.387309 14.145171
v 8.268505 14.819656 13.365924
v 7.862261 13.392453 13.305285
v 7.836261 11.696836 12.910799
v 9.942938 16.080879 12.653080
v 12.318841 16.841582 10.269522
v 12.648153 17.278511 9.640395
v 11.536985 16.527993 10.105855
v 13.097287 16.320428 7.061178
v 12.093642 17.095520 9.637729
v 14.959173 17.712510 6.524189
v 14.579081 18.239869 6.845459
v 13.533593 17.254610 6.393330
v 16.181906 21.477670 2.582176
v 17.429929 9.220933 2.977516
v 16.555146 17.830300 3.175274
v 14.762632 22.220845 1.889319
v 15.127533 24.612380 1.284205
v 15.647834 24.750807 1.497487
v 15.529067 25.427763 1.109381
v 15.915215 25.166376 0.897482
v 15.002011 25.251717 0.774516
v 15.744760 26.563812 0.307707
v 15.890921 25.760364 0.603805
v 14.283581 18.970970 6.695108
v 17.028016 16.666431 1.966186
v 1.263040 51.917063 -4.120896
v 7.005110 15.669232 -14.660577
v 6.768224 15.868476 -14.447612
v 6.306908 16.029240 -14.513416
v 7.743300 15.019452 -13.870774
v 8.367583 14.829279 -13.864592
v 7.467175 15.438656 -14.135004
v 7.607841 42.765884 -5.301796
v 6.371229 47.198838 -4.768715
v 7.483568 47.433332 -3.781038
v 7.092083 47.178557 -4.508016
v 6.148025 50.602341 -3.900455
v 6.411341 49.808629 -4.029562
v 8.013440 45.127956 -4.580011
v 8.682257 41.569542 -5.207717
v 8.917081 42.961952 -4.678603
v 13.376325 24.475188 -5.689352
v 4.241301 16.782434 -15.281853
v 4.294200 14.630984 -16.006092
v 5.437123 15.685871 -14.427769
v 15.800797 6.031514 -5.386828
v 13.093885 32.209865 -4.829363
v 13.403291 32.894868 -4.388006
v 12.574860 34.849115 -4.615191
v 9.736097 41.027448 -3.801281
v 9.696053 41.479230 -4.565789
v 9.338293 42.275489 -4.555753
v 13.688116 33.521014 -3.790468
v 13.674407 33.946511 -3.174514
v 13.639189 33.511949 -2.771927
v 14.169588 32.871089 -2.699332
v 13.857756 31.703293 -2.121057
v 14.015116 31.026883 -1.848716
v 11.392533 38.156402 -4.144012
v 10.953402 38.972772 -4.106418
v -13.214574 14.332094 6.444032
v -13.564641 16.207853 6.473011
v -13.174196 18.660140 8.654352
v -9.416217 23.505393 13.129572
v -11.024525 20.955273 10.892542
v -11.960345 17.727718 11.597962
v -8.357280 26.046013 13.052940
v -15.287610 15.626082 2.298130
v -15.270531 16.213480 3.023614
v -14.997722 16.889458 4.460748
v -15.355879 16.592366 4.829128
v -15.552302 16.432519 4.185984
v -14.383606 13.914009 3.796632
v -14.754153 17.304207 5.798808
v -16.058883 15.463550 0.609804
v -16.151260 14.031213 -1.024786
v -0.773026 44.966906 9.226459
v -4.268846 54.139967 0.337466
v -3.977314 44.347170 -4.820863
v -6.941687 41.397383 -1.039143
v -6.117406 49.383966 -1.321948
v 2.136710 39.381100 7.872644
v 2.309590 36.170448 8.126116
v 0.956302 44.378505 8.650717
v 1.956703 36.675704 8.735595
v 1.583350 40.483524 8.664032
v 1.855108 44.080461 7.417729
v 1.507966 47.186225 7.202764
v -4.157186 41.631834 2.454478
v 2.671240 50.877080 4.036495
v -6.509831 42.788407 -5.596956
v -9.820008 31.447364 -4.073060
v -9.671397 36.521360 -4.965198
v -9.217111 39.288511 -4.751562
v -9.305247 39.814659 -5.438938
v -8.941131 41.514849 -5.368990
v -8.259609 42.535059 -6.005937
v -9.052727 40.978866 -6.063595
v -8.739419 42.314460 -5.347511
v -7.977915 41.766201 -6.274394
v -8.877946 32.761950 -10.305227
v -8.993718 33.548670 -10.034531
v -9.445961 34.194601 -10.161014
v -9.380510 35.776967 -9.123511
v -9.386101 36.505562 -8.738905
v -9.360913 37.320015 -8.288529
v -10.179618 35.835949 -7.886114
v -11.205270 28.725787 -8.438755
v -10.942015 30.951445 -8.498486
v -11.463540 26.119315 -8.701289
v -11.466722 23.697623 -10.428257
v -9.423359 27.573534 -12.827752
v -10.072664 22.530382 -13.150026
v -7.736777 27.505159 -13.377044
v -8.534023 29.915460 -12.380502
v -7.391951 20.493227 -15.070801
v -5.497487 23.200776 -14.489668
v 1.438071 51.140687 -4.225668
v -2.462363 19.610620 -15.651624
v 0.730202 13.542333 -14.559650
v 0.735719 17.728903 -15.468494
v 1.472907 17.419771 -15.394170
v 2.964703 14.145488 -14.524661
v 3.376729 16.431199 -14.973527
v -0.121515 18.240598 -15.648322
v 1.134573 15.517718 -16.415307
v 2.392167 16.468906 -15.990411
v 13.189115 17.631417 8.876721
v 13.054142 17.857393 8.426267
v 13.948194 18.071059 7.743209
v 13.600830 18.150651 8.045853
v 14.168788 16.438154 8.236610
v 13.555621 18.333100 7.668862
v 15.506886 23.444808 2.328253
v 14.596317 19.020261 6.357265
v 4.127418 52.002214 -4.198325
v 3.280565 48.241223 -4.709315
v 6.901147 14.978721 -14.962136
v 6.255475 15.952196 -14.927003
v 5.922111 16.032780 -14.502615
v 7.951584 40.470011 -5.582604
v 3.876402 16.733189 -15.480558
v 3.690248 16.653818 -15.053629
v 4.697192 16.214227 -15.502689
v 4.613511 16.633068 -15.021249
v 12.978051 34.408223 -4.353518
v 11.792429 32.179314 -5.607816
v 11.917930 36.506749 -4.632915
v 9.699133 39.137792 -5.320609
v 8.929525 43.463826 -4.105599
v 8.010520 44.297118 -3.084166
v 8.747429 41.241017 -3.066709
v 8.354117 42.002287 -2.919947
v 8.477514 40.709244 -2.778705
v 14.415205 32.209034 -2.433076
v 14.461484 31.633141 -2.005025
v 14.232570 32.576991 -3.216997
v 13.806338 31.999532 -4.200429
v 13.873143 31.143867 -4.370885
v 10.605521 39.774458 -4.282541
v -12.977313 18.460373 8.378607
v -12.332390 18.648151 9.135056
v -13.523823 18.265298 7.802656
v -14.014182 16.929492 8.338093
v -10.895830 21.497087 11.292730
v -11.212586 21.093419 11.173807
v -11.456530 20.716031 10.807197
v -16.407320 14.771345 -0.089463
v -3.572680 31.285944 14.244786
v -2.992782 32.534941 13.902715
v -2.555245 23.579891 14.909251
v -0.934550 42.969354 10.012935
v 0.266904 42.627979 9.790764
v 0.032370 44.908695 9.277219
v -4.301341 48.393322 1.442824
v -4.900383 49.789434 0.397666
v -4.344054 51.114089 0.936421
v -1.678925 55.631167 -3.419001
v -7.808339 42.901264 -2.610955
v -7.349336 46.760808 -2.904468
v -6.351774 46.967209 -1.122739
v -5.507313 52.699100 -1.344521
v -5.852030 51.028243 -1.371385
v -5.629851 50.627903 -0.847465
v -5.823988 52.326562 -1.886078
v -6.875986 48.550173 -2.549017
v -2.897435 50.885310 3.142345
v -2.816593 52.635646 2.918189
v -2.998038 49.466533 3.257339
v -2.600120 53.487915 3.068195
v -3.748196 53.318467 1.339979
v -5.868729 43.204317 -5.361682
v -8.757109 41.922785 -4.636768
v -8.775655 40.194874 -3.851812
v -7.657615 45.394549 -5.052622
v -7.161750 47.201046 -4.620236
v -8.018156 44.621543 -5.118238
v -7.239644 44.808688 -5.375322
v -9.380919 37.926439 -7.921000
v -9.913007 36.635681 -8.077168
v -11.261381 28.090603 -8.950862
v -9.946734 27.940981 -12.265585
v -8.207122 27.021175 -13.543067
v -8.710793 30.812401 -11.851026
v -7.060222 26.158569 -13.512358
v -7.663705 24.317981 -14.352044
v -6.462521 23.690752 -14.686007
v -5.148944 22.614297 -14.537725
v -5.769632 23.077020 -13.966554
v 2.550207 56.684080 -3.277685
v 2.266907 55.350815 -3.638769
v 3.132558 56.317152 -3.291248
v 3.140276 57.858296 -2.565613
v 2.013313 59.123879 -2.171299
v -2.941074 19.771036 -15.030917
v 1.135673 17.673744 -15.742377
v 2.864298 16.814066 -15.159386
v 3.498546 15.502489 -14.699952
v 1.745218 14.901546 -16.448100
v 2.418117 17.256179 -15.525380
v 12.886326 17.651075 8.945880
v 3.889577 48.183738 -4.762213
v 8.618253 40.761838 -5.391747
v 9.069537 40.327796 -5.324286
v 8.805808 38.923970 -5.630830
v 5.097675 16.518130 -15.107983
v 12.408337 29.327164 -5.679126
v 11.764035 35.863205 -4.964908
v 8.113164 45.604076 -3.836319
v 14.810873 30.186912 -1.362307
v -10.079882 21.737492 11.458084
v -10.445222 18.725108 10.522804
v -11.296317 20.294917 10.451597
v -2.715548 22.742350 15.045621
v -2.337503 19.609703 15.159997
v -1.228499 40.466041 11.062611
v -1.023442 45.515929 8.608433
v -1.068190 46.857234 7.898635
v -5.252680 45.990501 0.502668
v -5.425958 44.335976 0.487835
v -6.026822 40.740335 0.155718
v -4.484911 55.500439 -0.637342
v -4.707411 53.450448 -0.160031
v -3.644086 57.311772 0.026010
v -1.315686 53.606542 -3.758485
v -0.877198 55.940637 -3.398002
v -2.293289 51.745297 -3.979016
v -2.200862 55.153950 -3.472038
v -7.920587 40.753581 -2.344841
v -7.186400 47.731325 -2.993940
v -10.464355 34.315942 -8.100994
v -8.440079 39.956570 -6.919686
v -9.195372 29.508068 -12.467787
v -6.738021 25.167155 -13.450666
v -7.760761 25.770546 -13.995997
v -7.302139 25.136312 -14.237401
v -6.647286 22.045224 -15.044611
v -6.237683 24.349048 -14.342342
v 0.749747 59.828243 -1.602824
v 1.499627 59.611739 -1.769249
v 2.127808 59.582397 -1.341584
v 2.638342 59.311050 -0.827410
v 2.794694 59.023668 -1.591990
v 2.792886 58.590228 -2.235994
v 2.312043 58.367372 -2.627309
v -1.055593 58.128099 -2.807264
v -1.087013 58.927822 -2.449531
v 0.149257 59.567650 -2.064468
v 3.126708 17.034205 -15.381355
v 1.465011 17.537215 -15.723930
v 14.027537 18.639496 7.151807
v 14.313057 17.749240 7.480554
v 14.728805 17.357507 7.055279
v 14.675720 15.852827 7.642587
v 8.085648 33.733018 -1.791170
v 5.287486 16.297808 -14.749193
v 11.695963 27.280109 -6.179397
v 8.358562 44.817553 -3.745369
v 7.682772 46.024259 -3.179436
v 14.593953 30.797894 -1.614925
v 13.460257 28.709882 -1.709514
v -11.635079 19.788520 10.087649
v -10.940544 18.569706 10.145630
v -0.562108 51.028492 6.898065
v -4.735762 54.695050 -0.681121
v -5.163825 51.046484 -0.239317
v -2.787962 55.413065 -3.363667
v -7.861098 44.758561 -3.306547
v -2.204897 56.495703 2.732941
v -1.903662 57.163539 2.858158
v -1.766226 53.997744 4.231272
v -3.013468 46.391229 3.729307
v -3.065883 43.438155 4.061725
v -1.719259 58.357706 2.424769
v -2.610883 56.489145 2.128357
v -1.463406 57.101245 3.469817
v -1.626607 55.701593 3.857304
v -2.781077 57.412534 1.463655
v -3.714978 56.514245 0.358281
v -3.857844 51.337098 1.593910
v -6.235397 47.430664 -4.755909
v -7.400405 46.211605 -4.893803
v -5.974403 45.874774 -5.024724
v -5.448101 44.453248 -5.101909
v -6.932551 48.625015 -4.087095
v -5.195158 42.754081 -5.221375
v -5.069346 46.711958 -4.757367
v -7.824325 43.288936 -5.817968
v -7.262674 41.554787 -6.090042
v -7.157059 38.069383 -6.568751
v -9.420537 39.515166 -6.259514
v -9.949504 37.079339 -7.295120
v -6.991987 25.882869 -13.880694
v -6.590386 25.171135 -13.985685
v -5.962423 22.301825 -15.096230
v 1.853087 57.997185 -2.904898
v -1.476617 57.262211 -3.056161
v 14.429491 14.558751 8.388824
v 3.893902 54.086154 -3.777513
v 4.561911 53.895916 -3.642937
v 4.060637 53.407301 -3.909915
v 4.320707 54.716880 -3.463586
v 4.909181 51.460385 -4.199724
v 3.766014 56.397163 -3.019131
v 4.044845 55.495423 -3.281784
v 4.960093 54.432048 -3.104543
v 6.908472 38.836126 -1.253839
v 7.884949 45.174987 -3.152513
v 15.487721 29.142749 -1.556571
v 15.817866 27.634418 -1.646121
v 14.981310 30.792231 -2.028712
v 13.667843 29.614578 -1.726863
v 13.608743 27.420599 -1.392395
v 13.225384 27.926355 -1.733709
v -0.636858 36.056134 12.029551
v -0.797613 39.689138 11.263935
v 0.024572 38.574119 10.962376
v -0.678111 49.727526 7.274676
v -1.331976 47.213580 7.192054
v -4.287306 56.737883 -1.087165
v -4.980232 52.689659 -0.380377
v -5.161492 53.093478 -0.823047
v -4.871162 55.166392 -1.299803
v -2.877574 56.850478 -2.962991
v -6.343587 49.903454 -1.922074
v -6.042882 52.022630 -2.424890
v -5.150736 54.594223 -2.624015
v -6.229229 51.223317 -3.427657
v -3.372386 53.305612 1.911562
v -3.298363 57.121428 0.774920
v -3.307896 57.820941 0.325031
v -2.971377 57.981640 0.816703
v -3.019210 58.524777 0.243670
v -3.424596 58.111523 -0.202673
v -3.061955 58.860392 -0.370613
v -2.572488 59.429219 -0.685532
v -3.616945 58.168922 -1.387862
v -3.125175 58.869341 -1.122880
v -3.470390 58.357344 -0.767961
v -7.667892 46.392075 -4.181404
v -6.684366 48.131689 -4.520827
v -5.063999 48.237916 -4.551882
v -9.103647 40.269859 -6.599241
v -5.820746 20.280216 -13.250250
v -6.285245 21.788842 -13.064773
v -5.698775 23.194117 -14.761468
v -1.572025 58.532434 -2.565112
v 15.186625 12.559447 7.631142
v 4.184025 51.217757 -4.328264
v 4.103080 56.994001 -1.842504
v 3.168901 57.045867 -3.000287
v 3.647133 57.182252 -2.656795
v 3.765320 57.566359 -2.051177
v 4.080953 56.795447 -2.427720
v 7.543883 43.883786 -2.492293
v 6.652818 36.432283 -0.776962
v 15.257396 29.399731 -1.104747
v 15.422747 28.247369 -0.473057
v 15.434999 28.760026 -0.813750
v 16.156529 25.073374 -1.979651
v 13.267158 32.882185 -2.582365
v 13.135122 24.809890 -1.424235
v -1.002845 38.170830 11.795016
v -0.362349 35.398748 11.942440
v -0.196228 32.935363 12.200892
v -0.976289 50.319534 6.673260
v -2.999146 56.127186 -3.159199
v -3.993841 54.973162 -3.271963
v -3.417771 55.633824 -3.225193
v -2.197929 57.053084 -3.027691
v -3.594758 56.537558 -2.875606
v -2.411245 58.549468 -2.344821
v -3.568513 57.869900 -2.051252
v -1.804970 59.177375 -2.096437
v -3.314659 57.420375 -2.590961
v -3.003131 58.115008 -2.348160
v -5.113103 54.322562 -1.334286
v -4.834076 55.648255 -1.893053
v -6.509485 50.525469 -3.263169
v -6.066173 51.907844 -3.112252
v -4.779644 52.625002 -3.735165
v -5.557096 52.350998 -3.536632
v -5.133441 51.043374 -4.035443
v -5.356271 53.162689 -3.308831
v -4.669183 54.399984 -3.219499
v -2.427745 46.129208 4.919818
v -1.999717 51.240327 4.619878
v -1.438608 53.682040 4.832720
v -2.531331 58.253303 1.360360
v -7.227153 47.953308 -3.928204
v -6.549803 49.857348 -3.865274
v -5.984950 49.749735 -4.221038
v -6.027413 50.623996 -3.925650
v -6.338243 49.023826 -4.330747
v -9.723572 37.976039 -7.223033
v -1.277389 59.842782 1.018934
v -1.706168 59.388892 1.475019
v -2.016795 59.549365 0.690014
v -1.199540 59.553262 -1.891455
v 2.544197 57.543200 -2.968509
v 3.534860 58.098981 -1.660361
v 4.201948 56.580683 -1.356106
v 4.403541 56.322693 -2.037783
v 5.189234 52.735708 -1.346802
v 5.530706 52.348357 -1.905244
v 6.754094 48.867295 -2.775935
v 7.289177 41.897026 -1.938055
v 6.981448 45.215084 -2.134279
v 6.414279 42.569502 -1.092314
v -0.503953 31.387754 12.699416
v -0.517920 47.986627 8.122308
v -0.027723 50.804097 7.216948
v -0.309198 52.801195 6.381745
v 0.008614 48.693303 8.008210
v 0.725743 49.222401 7.501813
v 0.590876 50.836711 7.063810
v 0.014662 51.439919 6.995528
v 0.497059 52.588743 6.479825
v 1.167620 48.551327 7.273248
v 0.278257 46.173746 8.773261
v 0.734447 47.413295 8.064774
v -1.962824 44.709407 6.332751
v -4.720891 50.429439 -4.192115
v 0.503111 59.984446 -0.838935
v 1.353471 59.890955 -1.054500
v 2.354730 59.484261 -0.171021
v -2.221853 58.976276 1.224301
v 4.664880 55.230955 -2.906046
v 5.054285 54.069166 -1.724703
v 15.507598 27.481425 -0.051266
v 16.065979 25.917255 -0.107118
v -1.605233 35.157035 12.832143
v -0.549739 51.863547 6.579240
v -0.204839 45.631893 9.100593
v -3.107227 58.565812 -1.848015
v -4.364899 48.190732 -4.488291
v 0.059327 59.912791 -1.395928
v 2.887247 58.894661 -0.246126
v 3.238234 58.211250 -0.203986
v 3.476654 56.947266 0.268392
v -1.934995 59.784937 -0.214970
v -1.284897 59.945973 0.242948
v -1.189764 59.958366 -0.574472
v -0.500149 59.955612 1.179467
v -0.084274 59.997587 0.613653
v 0.744126 59.984442 0.571021
v 6.940139 46.061576 -2.230858
v 15.040544 27.700588 -0.176740
v 15.383533 26.908750 0.288529
v -0.956902 54.175147 5.282896
v -0.335258 54.642713 5.627800
v -2.534689 59.218086 -1.590640
v -3.921673 52.429362 -3.856107
v -0.475136 59.297849 -2.285606
v -0.387350 59.986583 -0.835570
v -0.569916 59.997643 -0.024411
v -0.273394 59.828621 1.878830
v 6.538117 48.299852 -2.227474
v 5.863200 51.832221 -2.361392
v 6.611767 50.017425 -3.261597
v 15.112053 28.367064 -0.479156
v 14.679822 27.544208 -0.405203
v 14.855609 26.686014 0.062791
v -0.395518 56.732418 4.641159
v -1.216428 55.353698 4.525269
v -0.291523 57.563889 4.238213
v 0.320784 53.375720 6.238133
v -3.954293 57.129599 -2.287446
v -4.055414 57.389976 -1.603588
v -4.462847 56.524030 -1.878859
v -4.603686 55.965208 -1.257876
v -4.574565 55.932459 -2.443215
v -4.780514 55.246222 -2.691641
v 3.904098 56.675529 -0.539085
v 4.176102 56.088448 -0.803223
v -0.522830 59.801935 -1.659119
v -1.011232 59.697463 1.765444
v 6.060793 50.891272 -2.310807
v -1.417598 56.467918 3.811595
v -0.941480 57.729794 3.708258
v -1.865128 53.246258 4.295996
v 0.806056 53.637549 5.935583
v -4.091912 55.806277 -2.945126
v 4.283165 50.223565 0.849443
v 3.872870 57.384627 -1.247959
v 5.569655 53.104010 -2.891217
v 5.758305 50.583739 -1.654707
v -0.642115 55.850903 4.901148
v 0.350172 54.995195 5.566045
v 0.501519 57.078793 4.543319
v 0.380070 57.963246 4.059029
v -0.386045 58.283807 3.727223
v 0.320103 58.681593 3.523866
v 0.744787 51.708822 6.670730
v 1.143647 53.187865 5.813437
v -3.733192 51.613715 -3.998536
v -4.063123 53.292925 -3.675964
v -3.193366 49.664764 -4.228952
v 4.410819 54.515549 -0.492547
v 4.743770 53.979327 -0.963373
v 5.651619 47.444712 -0.809237
v 5.420014 50.252998 -1.012663
v 5.754527 46.618112 -0.821234
v -1.162822 58.717959 2.816009
v -0.941549 58.339555 3.325808
v 0.352062 59.935742 1.404526
v 5.869382 52.213483 -3.068965
v 5.390956 53.222354 -2.042045
v 6.051195 51.429857 -3.517609
v 5.636227 51.272508 -4.004591
v 5.410793 50.644085 -4.264668
v 1.273200 55.433292 4.780226
v 1.736393 53.853503 4.814076
v 1.038903 56.232312 4.647099
v 0.611745 55.610760 5.217126
v 1.933462 54.352719 4.316757
v 1.188634 56.863336 4.207475
v 0.998877 57.510431 4.008265
v 1.199416 59.842849 1.172262
v 1.709602 59.334912 1.597862
v 1.672566 59.816239 0.344261
v 1.885664 59.522188 0.957288
v 1.086501 59.977373 -0.235513
v 0.223707 59.999868 -0.103090
v 2.396141 59.256060 0.431942
v 2.764756 57.985469 1.102776
v 2.404495 58.132945 1.687190
v 1.048411 59.619433 1.972115
v 2.227753 57.735328 2.269331
v 0.330665 59.244823 2.962911
v 1.109174 58.694751 3.077654
v -15.887843 13.890029 5.143166
v 5.649485 9.663821 16.287961
v 4.878836 6.268270 14.834715
v 12.406652 6.789694 -11.863160
v -7.054276 22.015388 15.132274
v -7.166898 14.900867 15.757812
v -6.283402 23.925119 15.162187
v -6.592376 24.674376 14.965499
v -5.568069 18.983140 15.772104
v -5.939390 26.286665 14.935417
v -3.836041 20.440805 10.553934
v 1.855273 8.880689 12.187201
v 3.237946 10.362251 9.430578
v -16.932963 12.290872 -1.505271
v -16.312459 12.273910 -2.319467
v -16.082558 12.809555 -1.843797
v -16.629046 12.157829 -2.289385
v -16.514628 12.882575 -1.866845
v -15.752973 12.208628 -1.484970
v -16.260588 13.463184 -1.517338
v -10.895866 30.008735 -6.734629
v -10.606404 33.466206 -7.846566
v -10.937241 30.884496 -7.783568
v 4.312848 7.484502 15.891690
v 15.374635 25.239402 -3.744336
v 14.878368 26.746728 -4.134112
v 15.605395 18.982650 -4.406026
v 15.444049 29.067273 -2.216110
v -15.229027 12.087850 0.020819
v -5.157680 15.853961 16.039830
v -0.504292 25.072669 13.472531
v -1.053235 28.728925 13.491406
v -2.670977 34.082891 13.484468
v -0.921721 23.210423 13.990651
v 0.439549 20.332690 13.020089
v 1.592385 35.810961 9.534940
v 1.377657 39.939621 9.098647
v 0.721242 39.943241 9.937652
v 0.532564 45.209612 8.853713
v 0.805582 45.795144 8.453202
v 0.426281 44.331593 9.189766
v 6.371741 24.730510 0.311725
v -3.429343 15.450943 -16.523075
v -1.227473 17.885536 -16.141335
v -1.185971 14.487799 -16.732757
v 3.808456 4.943552 17.101952
v 6.944794 12.525715 14.030608
v 7.281252 13.622783 14.051503
v 7.861224 14.316604 13.637208
v 9.449360 13.190346 13.970546
v 16.097318 18.904680 3.965806
v 4.469533 43.652023 -5.289596
v 10.675670 32.840977 -5.927274
v 4.852246 13.892517 -15.985354
v 14.976017 17.039342 -5.251671
v 9.138491 30.126474 -2.132413
v 16.217698 23.100417 -2.612417
v -10.897436 21.074926 12.001025
v -4.042644 33.889817 13.479596
v -8.595837 31.081506 -10.987771
v 2.710726 13.928909 -16.446615
v 11.813265 17.047370 10.053187
v 15.996545 17.084943 4.853399
v 10.081676 11.243965 -13.889704
v -11.645381 17.386377 9.251923
v -11.161368 17.061457 9.646992
v -11.938840 16.785311 8.807340
v -9.127715 34.635523 -3.302143
v -8.610065 40.871462 -3.684923
v 1.543890 57.209463 3.605450
v 0.951134 58.151771 3.645107
v 8.576145 15.358280 13.710629
v 7.648901 14.381514 14.452589
v 14.327032 19.281293 6.111797
v 5.656492 49.289226 -4.512320
v 14.427498 29.186599 -4.183251
v 11.358172 37.136620 -4.893908
v -11.207094 20.547390 11.701712
v -8.559846 31.261019 -10.422658
v -8.833007 31.954599 -10.873532
v -10.025536 33.674185 -10.029746
v -8.305395 29.227054 -12.599786
v -0.456691 17.728551 -16.079143
v 11.836403 37.298507 -4.179615
v 10.469067 39.081208 -4.924079
v -8.283945 43.833837 -5.191074
v -8.456364 39.046371 -7.237176
v 13.460087 17.472334 8.709891
v 11.288449 32.934591 -5.712153
v 11.243575 36.464005 -5.139070
v 11.314771 37.770354 -4.690699
v 10.130570 39.740720 -4.927770
v -9.960257 30.525030 -11.522015
v -10.403515 29.908049 -11.113328
v -9.612606 31.988296 -11.281322
v -9.420933 33.392360 -10.630971
v -10.044209 32.920157 -10.409630
v -9.495140 35.055124 -9.590412
v 3.177827 58.656730 -0.978407
v -3.492030 20.398784 -15.537832
v 5.484337 16.322977 -15.036592
v -2.855160 45.087956 4.227847
v -4.095448 55.962722 -0.067203
v -9.883217 37.443587 -6.678933
v -5.804320 23.675697 -14.381531
v 8.531764 28.054010 -1.694140
v 1.215201 35.603167 10.140039
v 0.557160 37.995761 10.541096
v -4.005757 56.725772 -0.342939
v -5.329521 53.512631 -1.363173
v -3.859887 57.575955 -0.763998
v -9.085031 39.514424 -7.148624
v -2.644704 57.681528 -2.713699
v -5.846788 52.691192 -2.669667
v -5.618828 53.393997 -2.597985
v -2.182188 51.652521 4.203660
v 1.275176 45.759797 7.913291
v -2.559347 59.275701 0.111230
v -2.609910 58.804628 0.749481
v -1.829888 59.728533 -1.229662
v -1.089181 59.876025 -1.270882
v -3.412423 53.889537 -3.623708
v 3.935728 52.193887 1.112826
v 5.213257 47.569637 -0.191924
v -1.444758 57.890518 3.041300
v 1.477684 59.024393 2.362418
v 15.202119 24.358675 -4.141132
v 0.669585 42.791156 9.368288
v 5.182660 45.732627 -5.102536
v 3.233559 28.995134 7.004877
v -8.357551 29.891074 -11.542652
v -10.043151 35.111247 -9.117165
v 10.723055 37.684951 -5.146741
v -7.861796 39.422038 -6.791384
v -11.230204 24.275434 -11.031628
v -10.753708 29.108828 -10.678142
v -10.067772 32.167132 -10.777755
v 7.588677 15.215184 -14.494490
v -3.777734 27.227603 14.881433
v 3.438424 55.672732 -3.432508
v -1.397796 33.401013 13.053949
v -13.975095 0.000000 10.167236
v -10.286639 0.000000 10.217194
v -10.508471 0.000000 13.844342
v -17.482735 0.000000 0.520665
v -7.600212 0.000000 15.195046
v 6.359942 0.000000 16.417443
v 14.575311 0.000000 9.127372
v 8.796292 0.000000 -14.862258
v 13.523740 0.000000 -11.209188
v -14.885583 0.000000 8.755706
v -14.451898 0.000000 9.503702
v -13.497676 0.000000 10.825268
v -10.153257 0.000000 14.459129
v -5.338441 0.000000 2.231955
v -4.305278 0.000000 2.931594
v -8.826223 0.000000 -1.317123
v -7.867414 0.000000 -0.312351
v 0.184891 0.000000 13.562347
v -3.076794 0.000000 8.795776
v -16.504135 0.000000 -6.107249
v -11.722353 0.000000 -12.429750
v -12.165315 0.000000 -11.063973
v -9.202089 0.000000 -15.171430
v 3.029317 0.000000 17.106515
v 8.350274 0.000000 15.320117
v 11.591747 0.000000 12.680736
v 15.013741 0.000000 8.512922
v 14.088630 0.000000 9.821259
v 13.767665 0.000000 2.559673
v 6.829427 0.000000 -0.653774
v 7.705433 0.000000 -7.485820
v 11.713971 0.000000 -1.636149
v 13.074735 0.000000 -11.944401
v 12.902958 0.000000 -11.158985
v -11.462502 0.000000 8.285649
v -16.056205 0.000000 6.539255
v -14.850774 0.000000 6.947822
v -15.162828 0.000000 7.832305
v -11.071576 0.000000 8.911703
v -12.707008 0.000000 12.108031
v -12.388414 0.000000 12.723559
v -10.647480 0.000000 9.563627
v -11.162266 0.000000 13.779479
v -9.517709 0.000000 14.622514
v -16.952233 0.000000 3.858552
v -16.804575 0.000000 3.135147
v -15.972632 0.000000 5.844861
v -15.215705 0.000000 5.560103
v -15.811292 0.000000 5.072870
v -16.579489 0.000000 5.241056
v -17.362051 0.000000 1.262245
v -14.773233 0.000000 0.462020
v -14.853320 0.000000 1.830827
v -7.122178 0.000000 15.870197
v -4.725114 0.000000 16.108971
v -3.070960 0.000000 16.021498
v -5.762267 0.000000 11.418542
v -4.925702 0.000000 11.287794
v -4.508012 0.000000 11.953836
v -5.362160 0.000000 11.988767
v -4.018274 0.000000 12.731668
v -3.095021 0.000000 12.410035
v -1.299247 0.000000 15.223626
v -3.859568 0.000000 10.333374
v -5.818147 0.000000 1.644839
v -4.988726 0.000000 1.582588
v -8.466771 0.000000 -0.703958
v -7.078042 0.000000 0.276944
v 0.593310 0.000000 12.162973
v -2.663563 0.000000 9.475677
v -2.472317 0.000000 7.993467
v -3.262342 0.000000 6.318244
v -3.701527 0.000000 4.868528
v 3.751980 0.000000 6.217585
v -16.724089 0.000000 -5.378750
v -16.826138 0.000000 -4.571519
v -17.469215 0.000000 -4.045003
v -10.025864 0.000000 -2.324924
v -9.445302 0.000000 -2.813337
v -9.557592 0.000000 -3.525628
v -11.325471 0.000000 -4.627511
v -10.866338 0.000000 -4.095743
v -11.260267 0.000000 -5.540138
v -11.923530 0.000000 -7.206658
v -12.129238 0.000000 -6.533813
v -10.580414 0.000000 -5.864123
v -11.288254 0.000000 -6.448405
v -10.692959 0.000000 -5.003248
v -11.871474 0.000000 -5.885371
v -12.525671 0.000000 -9.447679
v -12.392112 0.000000 -8.514099
v -11.762092 0.000000 -9.794703
v -12.375909 0.000000 -10.349667
v -6.013499 0.000000 -12.210410
v -6.593740 0.000000 -12.549264
v 0.990277 0.000000 -5.526373
v -3.229226 0.000000 -13.650428
v -1.476514 0.000000 -17.339255
v 0.110044 0.000000 -14.089500
v -0.466022 0.000000 -14.650028
v 4.790599 0.000000 17.225784
v 4.716057 0.000000 15.100031
v 5.501771 0.000000 16.650082
v 4.503939 0.000000 16.460963
v 5.880303 0.000000 15.791195
v 6.506275 0.000000 15.398191
v 7.437954 0.000000 15.410690
v 5.787879 0.000000 14.113356
v 5.140205 0.000000 14.510012
v 7.927510 0.000000 12.518862
v 9.014400 0.000000 11.485942
v 12.243017 0.000000 12.187301
v 11.039011 0.000000 13.226222
v 10.065636 0.000000 10.111802
v 11.525351 0.000000 8.272144
v 15.994776 0.000000 7.031216
v 16.800879 0.000000 4.665132
v 17.071360 0.000000 3.885391
v 13.637068 0.000000 3.352023
v 17.249544 0.000000 2.421722
v 7.531311 0.000000 -0.540725
v 6.281972 0.000000 -6.783059
v 3.853831 0.000000 -6.480956
v 3.093869 0.000000 -6.298293
v 2.309220 0.000000 -6.101564
v 7.024600 0.000000 -7.214533
v 8.062426 0.000000 -15.516156
v 9.678716 0.000000 -14.611279
v 8.458055 0.000000 -7.363582
v 9.167359 0.000000 -7.204589
v 9.885434 0.000000 -7.362958
v 3.968871 0.000000 -16.808028
v 3.052415 0.000000 -13.856286
v 6.423966 0.000000 -16.142720
v 5.525225 0.000000 -13.534686
v 11.772164 0.000000 -2.453780
v 12.516059 0.000000 -1.985873
v 11.991887 0.000000 -3.303723
v 11.164738 0.000000 -3.633663
v 13.258855 0.000000 -2.263960
v 16.490230 0.000000 -4.049818
v 15.742705 0.000000 -4.292467
v 12.371313 0.000000 -11.878295
v 11.509432 0.000000 -11.090515
v -13.065039 0.000000 11.469439
v -15.370159 0.000000 6.363202
v -14.637043 0.000000 6.073301
v -15.658417 0.000000 7.067144
v -9.489205 0.000000 10.192627
v -9.846779 0.000000 10.890626
v -8.876363 0.000000 10.894578
v -8.031175 0.000000 11.269768
v -9.754826 0.000000 13.857898
v -9.012084 0.000000 13.933483
v -9.208356 0.000000 15.212150
v -14.077518 0.000000 3.425868
v -17.115478 0.000000 2.574988
v -16.266384 0.000000 3.764097
v -16.178128 0.000000 2.577642
v -17.407149 0.000000 1.900578
v -14.492631 0.000000 1.093417
v -14.216219 0.000000 1.754046
v -16.854351 0.000000 -0.804718
v -7.312537 0.000000 11.493314
v -6.928043 0.000000 12.209485
v -7.986433 0.000000 15.813146
v -8.432670 0.000000 15.305862
v -8.009364 0.000000 14.660165
v -7.108663 0.000000 13.662939
v -5.796291 0.000000 14.844729
v -6.464748 0.000000 14.188351
v -6.274094 0.000000 13.441759
v -5.449597 0.000000 16.420067
v -2.027919 0.000000 15.347670
v -3.062046 0.000000 10.323059
v -2.623030 0.000000 10.915711
v -1.968272 0.000000 10.732881
v -1.522011 0.000000 10.173457
v -2.266799 0.000000 12.098054
v -2.086382 0.000000 11.380645
v -4.969865 0.000000 2.765535
v -5.332671 0.000000 -6.620008
v -6.545382 0.000000 -0.236431
v -5.911635 0.000000 -0.344982
v -0.293345 0.000000 14.305509
v 0.190887 0.000000 12.737671
v 1.806463 0.000000 11.577011
v 1.387309 0.000000 10.863063
v 3.205499 0.000000 8.868816
v 3.510175 0.000000 7.997249
v -3.179640 0.000000 5.487961
v -2.717785 0.000000 6.051579
v -1.887322 0.000000 7.183708
v -2.595487 0.000000 6.670525
v -2.327466 0.000000 5.485660
v -1.588796 0.000000 8.013195
v -2.159119 0.000000 8.736218
v -0.747425 0.000000 5.687902
v -4.130876 0.000000 3.695669
v -3.285332 0.000000 3.969292
v -14.852869 0.000000 -1.681418
v -15.192192 0.000000 -2.986049
v -16.910730 0.000000 -1.766333
v -17.614426 0.000000 -1.327876
v -16.421955 0.000000 -3.297981
v -17.355382 0.000000 -3.177724
v -17.640882 0.000000 -2.246409
v -16.164101 0.000000 -4.112364
v -15.560656 0.000000 -3.608233
v -16.841194 0.000000 -3.821352
v -10.156346 0.000000 -4.609450
v -10.352256 0.000000 -3.764782
v -7.143974 0.000000 -8.300731
v -12.303857 0.000000 -7.797644
v -15.938639 0.000000 -4.954883
v -11.158296 0.000000 -12.791627
v -6.720870 0.000000 -11.714120
v -7.675793 0.000000 -11.743974
v -7.251934 0.000000 -11.139832
v -7.265685 0.000000 -12.460690
v -5.309384 0.000000 -12.705697
v -6.951708 0.000000 -16.189159
v -6.204627 0.000000 -16.427969
v 1.648122 0.000000 -6.013473
v -0.008379 0.000000 -5.602951
v 0.053407 0.000000 -4.360213
v 1.614982 0.000000 -4.780208
v -0.564937 0.000000 -4.953963
v 0.812041 0.000000 -4.627182
v -0.026474 0.000000 -3.544702
v 0.602025 0.000000 -3.890862
v -0.589547 0.000000 -3.007184
v -4.555941 0.000000 -13.120948
v -5.339724 0.000000 -13.479707
v -3.896262 0.000000 -13.565909
v -2.165744 0.000000 -14.813689
v -3.171913 0.000000 -15.071550
v -2.035089 0.000000 -13.990838
v -2.857803 0.000000 -14.282304
v -3.763202 0.000000 -14.349098
v -4.049116 0.000000 -15.175389
v -0.838241 0.000000 -15.360098
v -2.542223 0.000000 -13.657106
v 0.864946 0.000000 -14.122425
v 0.185696 0.000000 -17.366743
v -0.593965 0.000000 -17.352848
v 4.132224 0.000000 15.703781
v 7.762988 0.000000 15.986656
v 6.449408 0.000000 14.476452
v 8.647075 0.000000 12.991885
v 9.535598 0.000000 10.814216
v 9.820381 0.000000 11.586766
v 11.267399 0.000000 9.539210
v 13.148039 0.000000 11.157718
v 12.037395 0.000000 9.143134
v 11.876600 0.000000 10.036689
v 11.241188 0.000000 8.765249
v 16.109241 0.000000 6.112899
v 13.269213 0.000000 4.904848
v 12.660374 0.000000 6.373579
v 16.475019 0.000000 5.391757
v 14.458205 0.000000 3.078445
v 15.131478 0.000000 2.683056
v 15.212328 0.000000 3.545904
v 15.781665 0.000000 2.854248
v 13.539884 0.000000 4.131464
v 13.752152 0.000000 5.527546
v 14.473081 0.000000 5.564001
v 17.630196 0.000000 0.907338
v 17.777592 0.000000 0.250797
v 13.808885 0.000000 1.707310
v 14.534243 0.000000 2.189878
v 6.899349 0.000000 -0.022964
v 8.094643 0.000000 -1.038442
v 5.049958 0.000000 -6.976843
v 5.658480 0.000000 -7.090334
v 1.981346 0.000000 -5.454307
v 5.684660 0.000000 -5.394021
v 6.302854 0.000000 -5.891542
v 7.256764 0.000000 -15.876663
v 7.595142 0.000000 -13.887295
v 10.268838 0.000000 -1.790185
v 3.181471 0.000000 -16.993061
v 4.021767 0.000000 -14.057273
v 4.732586 0.000000 -13.519172
v 6.437073 0.000000 -13.241405
v 6.989113 0.000000 -12.755695
v 6.153240 0.000000 -14.091066
v 7.418801 0.000000 -14.483311
v 6.693645 0.000000 -14.669291
v 10.944286 0.000000 -2.091910
v 15.895967 0.000000 -3.511938
v 14.583437 0.000000 -3.172307
v 15.317265 0.000000 -2.921035
v 14.730533 0.000000 -2.330366
v 14.516712 0.000000 -3.928049
v 17.605006 0.000000 -0.498442
v 10.810291 0.000000 -11.526694
v 11.592022 0.000000 -11.765525
v 11.770091 0.000000 -12.483637
v 11.135703 0.000000 -12.973910
v 10.038873 0.000000 -11.999552
v -12.036347 0.000000 7.993598
v -13.092902 0.000000 10.098185
v -12.204940 0.000000 11.547784
v -12.662471 0.000000 6.435912
v -13.057235 0.000000 5.668492
v -11.997677 0.000000 12.286023
v -11.372826 0.000000 12.488238
v -11.312810 0.000000 11.722213
v -11.746390 0.000000 13.135392
v -9.411756 0.000000 11.660634
v -14.326968 0.000000 2.544619
v -14.414485 0.000000 5.109656
v -16.784363 0.000000 0.102762
v -14.825460 0.000000 -1.038177
v -8.106362 0.000000 14.014356
v -8.613832 0.000000 13.270167
v -6.634296 0.000000 12.905682
v -7.409063 0.000000 12.898420
v -5.849004 0.000000 12.680906
v -6.204631 0.000000 12.138796
v -5.491685 0.000000 13.201729
v -5.596756 0.000000 13.907336
v -4.261574 0.000000 14.871945
v -2.902665 0.000000 11.641398
v -3.710865 0.000000 11.841622
v -2.444668 0.000000 13.823046
v -1.777018 0.000000 14.497138
v -1.604529 0.000000 13.681801
v -2.256655 0.000000 12.941119
v -1.832216 0.000000 9.428081
v -2.315326 0.000000 10.149256
v -6.146174 0.000000 0.392611
v -6.441565 0.000000 1.067882
v -2.113138 0.000000 -5.503517
v -2.925818 0.000000 -5.635899
v -4.505630 0.000000 -6.231711
v -7.875696 0.000000 -1.243269
v -8.341350 0.000000 -2.018906
v -8.708474 0.000000 -2.584502
v -1.018097 0.000000 14.412202
v -0.750300 0.000000 13.652809
v 0.888460 0.000000 12.927870
v 1.407890 0.000000 12.259000
v 2.626476 0.000000 10.443494
v 2.834233 0.000000 9.733714
v 3.022051 0.000000 7.526207
v 2.259832 0.000000 7.443974
v -3.763491 0.000000 2.278406
v 4.091104 0.000000 4.186246
v 3.462955 0.000000 5.434965
v 3.095656 0.000000 4.723450
v 4.479425 0.000000 3.742706
v 2.877957 0.000000 6.010477
v 1.157706 0.000000 5.528529
v 4.857092 0.000000 3.255118
v -15.217143 0.000000 -2.251503
v -17.513169 0.000000 -0.380412
v -15.510231 0.000000 -4.373840
v -7.392198 0.000000 -7.486431
v -8.156108 0.000000 -7.316859
v -6.800935 0.000000 -6.939469
v -6.188766 0.000000 -6.673580
v -5.935253 0.000000 -5.978846
v -7.194496 0.000000 -9.093091
v -7.619796 0.000000 -9.682705
v -15.960985 0.000000 -5.785200
v -11.953211 0.000000 -11.769884
v -10.228397 0.000000 -14.327633
v -8.532951 0.000000 -14.264204
v -9.505252 0.000000 -14.538344
v -8.522948 0.000000 -12.749529
v -8.384874 0.000000 -15.698390
v -7.428937 0.000000 -10.516780
v -8.153273 0.000000 -11.069418
v -8.138135 0.000000 -10.257630
v -6.473953 0.000000 -15.574638
v -5.953834 0.000000 -14.923014
v 5.211575 0.000000 1.707658
v 5.010029 0.000000 2.526128
v 4.370468 0.000000 2.059454
v 0.271346 0.000000 -5.007567
v -0.781267 0.000000 -5.667421
v -1.348623 0.000000 -5.304045
v -1.900724 0.000000 -4.883288
v -3.925710 0.000000 -16.724161
v -3.103710 0.000000 -17.066250
v -1.404542 0.000000 -14.242387
v -1.220504 0.000000 -16.060323
v -4.571282 0.000000 -13.898415
v -2.283252 0.000000 -17.261988
v -1.734157 0.000000 -16.700536
v 0.867660 0.000000 -17.116732
v 0.067197 0.000000 -16.670287
v 2.489689 0.000000 -17.203082
v 3.927518 0.000000 17.139693
v 3.482859 0.000000 16.304698
v 7.107046 0.000000 16.178480
v 7.036898 0.000000 14.805791
v 5.633417 0.000000 15.011021
v 10.510259 0.000000 13.823407
v 10.064369 0.000000 12.305331
v 10.254217 0.000000 13.034081
v 9.753897 0.000000 13.739815
v 9.363478 0.000000 14.414873
v 10.013224 0.000000 14.420906
v 8.508946 0.000000 12.067216
v 11.467449 0.000000 11.750846
v 13.437472 0.000000 10.335961
v 12.685929 0.000000 9.786352
v 12.533424 0.000000 10.600996
v 12.846648 0.000000 11.801553
v 12.087788 0.000000 7.699704
v 17.359654 0.000000 3.169131
v 14.870327 0.000000 4.312578
v 14.210895 0.000000 4.734749
v 15.562398 0.000000 4.368902
v 15.036740 0.000000 5.085137
v 16.328281 0.000000 4.095118
v 17.524799 0.000000 1.679567
v 16.893622 0.000000 1.083094
v 16.975627 0.000000 0.168397
v 16.217335 0.000000 1.532973
v 16.043950 0.000000 0.645785
v 13.746299 0.000000 0.853289
v 14.579319 0.000000 1.255396
v 14.615172 0.000000 -0.389208
v 13.645679 0.000000 -0.071342
v 14.477138 0.000000 0.374273
v 15.162782 0.000000 0.690793
v 4.624656 0.000000 -6.447692
v 3.628240 0.000000 -5.662500
v 4.251309 0.000000 -5.844180
v 5.856232 0.000000 -4.571073
v 6.406994 0.000000 -5.038831
v 6.981676 0.000000 -6.348292
v 7.573656 0.000000 -5.948597
v 7.764309 0.000000 -12.608155
v 8.707124 0.000000 -12.490962
v 9.286216 0.000000 -12.055135
v 9.151800 0.000000 -13.304096
v 9.563353 0.000000 -12.681047
v 8.255777 0.000000 -13.391079
v 10.325913 0.000000 -12.798644
v 7.790915 0.000000 -6.713332
v 8.266147 0.000000 -5.918160
v 8.701282 0.000000 -6.567268
v 7.816262 0.000000 -5.269002
v 7.039250 0.000000 -5.506116
v 11.482014 0.000000 -6.897893
v 12.362393 0.000000 -6.813997
v 11.102469 0.000000 -5.239667
v 9.725667 0.000000 -6.647494
v 10.630700 0.000000 -6.808575
v 2.587678 0.000000 -15.105266
v 5.347830 0.000000 -14.939390
v 5.865802 0.000000 -15.566343
v 5.078110 0.000000 -15.603904
v 14.177634 0.000000 -6.141803
v 13.744075 0.000000 -4.961576
v 12.298904 0.000000 -5.374419
v 14.332536 0.000000 -5.293287
v 11.014071 0.000000 -2.902891
v 10.629215 0.000000 -4.079170
v 10.256312 0.000000 -3.453187
v 9.537882 0.000000 -2.861103
v 10.229227 0.000000 -2.528813
v 11.901046 0.000000 -4.023002
v 17.511710 0.000000 -1.399990
v 16.711874 0.000000 -3.298107
v 16.255385 0.000000 -4.626448
v 16.848716 0.000000 -0.799400
v 11.897658 0.000000 -13.235580
v 10.925845 0.000000 -12.273831
v 11.231485 0.000000 -13.728129
v -12.278810 0.000000 7.182980
v -13.513528 0.000000 9.301751
v -14.105195 0.000000 8.860998
v -10.949548 0.000000 13.099139
v -9.819435 0.000000 12.342185
v -10.153999 0.000000 13.080923
v -10.653540 0.000000 12.347309
v -9.018049 0.000000 12.484092
v -8.569422 0.000000 11.848166
v -16.003236 0.000000 3.184073
v -16.573609 0.000000 1.749116
v -16.068059 0.000000 1.239626
v -14.784074 0.000000 -0.255122
v -7.729553 0.000000 12.074283
v -8.726082 0.000000 14.636808
v -4.985318 0.000000 12.657587
v -4.223353 0.000000 14.188058
v -4.693901 0.000000 13.513267
v -4.916496 0.000000 14.432503
v -7.854273 0.000000 13.396042
v -4.225317 0.000000 15.522358
v -1.675810 0.000000 12.412117
v -3.694406 0.000000 -5.890859
v -4.244653 0.000000 -5.329458
v -6.993003 0.000000 -1.550669
v -7.158106 0.000000 -0.672134
v 3.706627 0.000000 7.155814
v 2.962939 0.000000 6.779118
v 2.037489 0.000000 5.655328
v -5.079667 0.000000 -5.665703
v -11.636273 0.000000 -8.130939
v -11.588830 0.000000 -10.515732
v -11.242897 0.000000 -11.917625
v -7.629475 0.000000 -14.460376
v -8.030473 0.000000 -15.115668
v -7.639241 0.000000 -15.948194
v -8.480271 0.000000 -11.883569
v -5.462944 0.000000 -16.585267
v -4.738205 0.000000 -16.650273
v 4.874554 0.000000 0.807501
v 4.306574 0.000000 2.903156
v 4.461958 0.000000 1.335791
v -0.804147 0.000000 -3.955496
v -1.629046 0.000000 -3.862236
v -1.669874 0.000000 -15.465260
v -4.587394 0.000000 -14.609715
v 5.076413 0.000000 15.771247
v 7.836654 0.000000 14.632762
v 9.491266 0.000000 13.001493
v 11.001779 0.000000 11.070915
v 12.342658 0.000000 11.402264
v 11.729116 0.000000 10.855796
v 10.925015 0.000000 10.261446
v 12.548695 0.000000 8.388195
v 15.349681 0.000000 7.547763
v 14.918964 0.000000 6.151771
v 15.845086 0.000000 4.897633
v 15.587941 0.000000 5.684708
v 16.830813 0.000000 -1.659111
v 2.521420 0.000000 -4.826686
v 3.020961 0.000000 -4.073509
v 2.145508 0.000000 -4.121297
v 2.844434 0.000000 -5.529708
v 8.179886 0.000000 -14.281812
v 8.949837 0.000000 -14.087153
v 8.755923 0.000000 -1.462587
v 13.271544 0.000000 -6.601788
v 14.990713 0.000000 -5.615011
v 9.857688 0.000000 -4.270267
v 12.527155 0.000000 -12.612028
v 12.200063 0.000000 -11.151063
v -12.767798 0.000000 9.407376
v -12.268969 0.000000 9.895003
v -9.377001 0.000000 13.149564
v -10.330047 0.000000 11.594416
v -12.498995 0.000000 10.778484
v -11.780532 0.000000 10.341118
v -8.237515 0.000000 12.651406
v -14.571152 0.000000 4.159118
v -15.107670 0.000000 4.048456
v -14.810370 0.000000 3.366498
v -13.405943 0.000000 6.321567
v -15.303864 0.000000 1.054048
v -16.001959 0.000000 0.520698
v -15.468173 0.000000 -0.657478
v -3.379475 0.000000 15.136093
v -3.594308 0.000000 14.451492
v -2.693127 0.000000 14.652207
v -1.297354 0.000000 8.743200
v -2.691258 0.000000 -4.767220
v -7.495821 0.000000 -2.187727
v -6.661121 0.000000 -2.418155
v -8.176853 0.000000 -4.441616
v 2.297967 0.000000 4.849321
v 2.541812 0.000000 4.122944
v 1.381455 0.000000 7.064542
v -9.779361 0.000000 -6.035820
v -10.144575 0.000000 -5.321043
v -7.878812 0.000000 -8.891132
v -8.094274 0.000000 -8.091742
v -11.061877 0.000000 -9.931168
v -11.767239 0.000000 -9.035150
v -10.746114 0.000000 -10.660233
v -9.949068 0.000000 -12.121267
v -10.670308 0.000000 -12.196251
v -10.485127 0.000000 -11.433645
v -10.272289 0.000000 -12.902246
v -7.987213 0.000000 -12.361971
v -7.626338 0.000000 -13.059850
v -5.059519 0.000000 -15.946503
v -5.027546 0.000000 -15.218359
v -4.359686 0.000000 -15.884454
v 3.716222 0.000000 3.433442
v 3.359188 0.000000 4.075455
v 2.779804 0.000000 3.273537
v 1.945411 0.000000 2.860328
v 2.033308 0.000000 3.570498
v 3.322682 0.000000 0.985027
v 3.043328 0.000000 1.727790
v 2.846008 0.000000 0.464256
v 2.581471 0.000000 1.061254
v 3.499124 0.000000 2.502901
v 5.685765 0.000000 1.014563
v 0.516311 0.000000 -3.184693
v 0.961299 0.000000 -2.523810
v 1.757438 0.000000 -2.885579
v 1.287342 0.000000 -1.675022
v 1.144320 0.000000 -3.362124
v 1.336086 0.000000 -4.079710
v -0.182987 0.000000 -15.300374
v 1.830338 0.000000 -14.801388
v 0.330437 0.000000 -15.760152
v 7.904592 0.000000 13.272023
v 10.833510 0.000000 12.418100
v 13.109104 0.000000 7.556303
v 12.432266 0.000000 7.039655
v 13.431028 0.000000 6.282157
v 13.431051 0.000000 8.268600
v 14.803838 0.000000 7.118993
v 16.555123 0.000000 3.144699
v 15.398837 0.000000 2.035418
v 15.430904 0.000000 1.349070
v 14.127912 0.000000 6.181317
v 16.867330 0.000000 1.801400
v 7.330220 0.000000 -15.129024
v 6.885879 0.000000 -13.997010
v 7.302785 0.000000 -13.293565
v 10.491570 0.000000 -13.444667
v 9.837365 0.000000 -13.257369
v 6.579330 0.000000 -4.233224
v 7.191181 0.000000 -4.721751
v 6.646938 0.000000 -3.365809
v 7.331509 0.000000 -3.858693
v 6.057978 0.000000 -3.909060
v 4.374513 0.000000 -15.559020
v 4.948494 0.000000 -14.196290
v 13.059566 0.000000 -5.122845
v 12.536222 0.000000 -4.555571
v 9.616265 0.000000 -5.093376
v 8.965150 0.000000 -4.507089
v 13.782347 0.000000 -3.560016
v 13.938625 0.000000 -2.633149
v 12.766942 0.000000 -3.642030
v 14.140293 0.000000 -4.455680
v 10.482370 0.000000 -4.758228
v -12.939574 0.000000 7.834927
v -13.554753 0.000000 8.379586
v -11.601749 0.000000 10.962967
v -15.655621 0.000000 1.908604
v -15.291229 0.000000 2.704052
v -15.102214 0.000000 4.768588
v -15.674324 0.000000 4.337005
v -5.581429 0.000000 15.735588
v -4.947959 0.000000 15.265126
v -0.256941 0.000000 10.874819
v -1.017039 0.000000 9.500816
v -4.559835 0.000000 0.049351
v -1.398411 0.000000 -4.555008
v -3.383490 0.000000 -4.356004
v -6.465360 0.000000 -0.956613
v -7.190470 0.000000 -3.066587
v 2.081362 0.000000 8.297304
v 1.437608 0.000000 8.005140
v -6.485336 0.000000 -5.421228
v -6.847374 0.000000 -6.151542
v -9.527147 0.000000 -4.311511
v -9.537680 0.000000 -5.169052
v -8.808576 0.000000 -4.821382
v -8.930626 0.000000 -5.663953
v -7.729899 0.000000 -6.053054
v -8.393411 0.000000 -6.041966
v -8.605914 0.000000 -9.565353
v -10.990327 0.000000 -8.445557
v -10.245166 0.000000 -9.083787
v -9.878388 0.000000 -8.264749
v -8.620654 0.000000 -8.774735
v -10.811808 0.000000 -13.565247
v -7.250089 0.000000 -15.326941
v -5.334377 0.000000 -14.315356
v -0.360235 0.000000 -2.275448
v 1.806951 0.000000 -3.549413
v -2.617418 0.000000 -15.741003
v 0.392401 0.000000 -14.845437
v 1.177405 0.000000 -15.390830
v 2.450872 0.000000 -14.325114
v 3.249935 0.000000 -14.652369
v 0.975686 0.000000 -16.322336
v 1.777231 0.000000 -16.084348
v 2.550047 0.000000 -15.836180
v 10.597036 0.000000 11.676608
v 13.343859 0.000000 9.597112
v 12.957888 0.000000 9.033697
v 14.065756 0.000000 7.548250
v 15.480558 0.000000 6.509247
v 16.327033 0.000000 2.281460
v 13.759604 0.000000 6.852653
v 3.479860 0.000000 -4.846311
v 6.617571 0.000000 -15.382556
v 6.026673 0.000000 -14.880163
v 9.081356 0.000000 -5.779628
v 4.633327 0.000000 -14.868708
v 13.349417 0.000000 -4.360120
v 8.673290 0.000000 -3.914007
v 8.117762 0.000000 -3.481106
v 8.832053 0.000000 -3.136102
v 8.132801 0.000000 -2.613235
v 14.034444 0.000000 -1.801421
v -12.809282 0.000000 8.656062
v -13.733910 0.000000 7.626626
v -15.497040 0.000000 3.570115
v -0.712395 0.000000 10.249590
v -0.314195 0.000000 9.645276
v 0.220353 0.000000 10.101793
v 0.941529 0.000000 10.246066
v -4.566037 0.000000 2.217717
v -4.181655 0.000000 1.536618
v -5.345905 0.000000 0.232965
v -3.485223 0.000000 3.096560
v -2.679707 0.000000 3.259142
v -2.961084 0.000000 2.405096
v -3.320375 0.000000 1.465419
v -7.523446 0.000000 -4.569694
v -8.105258 0.000000 -5.290661
v -8.999368 0.000000 -8.169515
v -8.042674 0.000000 -13.632449
v -6.779250 0.000000 -14.678750
v -3.565690 0.000000 -15.858924
v 3.915137 0.000000 -15.021054
v 1.974772 0.000000 -15.437480
v 7.260986 0.000000 -1.343030
v 12.717991 0.000000 -5.962640
v 11.796413 0.000000 -4.866435
v -10.766684 0.000000 10.912488
v -1.254718 0.000000 10.983368
v -0.834051 0.000000 7.075413
v -0.747556 0.000000 8.163355
v -4.746189 0.000000 0.857563
v -3.820416 0.000000 -0.111383
v -2.153427 0.000000 -4.200641
v -7.993849 0.000000 -2.815726
v -10.419611 0.000000 -6.737180
v -10.219238 0.000000 -7.548772
v -9.172185 0.000000 -12.052585
v -9.653048 0.000000 -11.502640
v 2.077170 0.000000 -1.636494
v 0.979898 0.000000 -0.384808
v 2.411959 0.000000 -1.002193
v 3.621553 0.000000 -0.562266
v 1.711526 0.000000 -2.211895
v 2.878720 0.000000 -1.734769
v 14.345939 0.000000 6.744760
v 14.677005 0.000000 7.897020
v 8.076856 0.000000 -1.831596
v 5.540040 0.000000 -14.359411
v 11.878110 0.000000 -6.168088
v 7.451516 0.000000 -2.975429
v -11.084104 0.000000 10.242651
v -0.318311 0.000000 6.404453
v -1.477587 0.000000 4.011871
v -1.322933 0.000000 3.045432
v -2.065941 0.000000 2.546309
v -0.713103 0.000000 3.405893
v -1.209804 0.000000 2.205221
v -2.846620 0.000000 4.782358
v -2.503488 0.000000 1.719437
v -3.973193 0.000000 0.749186
v -3.211812 0.000000 0.488918
v -7.250341 0.000000 -5.372799
v -5.848040 0.000000 -4.990526
v -6.971895 0.000000 -3.930560
v -6.045793 0.000000 -13.030139
v -6.188491 0.000000 -13.950867
v 0.128056 0.000000 -0.936459
v -1.382542 0.000000 -3.175420
v 14.235372 0.000000 8.428403
v 3.929427 0.000000 -4.089410
v 4.343922 0.000000 -3.497816
v 4.731208 0.000000 -4.103172
v 4.431310 0.000000 -2.695255
v 3.547872 0.000000 -3.204701
v 5.320376 0.000000 -2.692567
v 5.427478 0.000000 -4.035903
v 15.485887 0.000000 -2.078722
v 13.238224 0.000000 -1.491237
v -0.697101 0.000000 11.578451
v 0.168202 0.000000 11.463649
v -5.174192 0.000000 -0.563305
v -6.225710 0.000000 -1.734361
v -1.964579 0.000000 4.790680
v -2.652582 0.000000 0.955710
v -2.436598 0.000000 0.176390
v -3.040363 0.000000 -0.359421
v -7.830429 0.000000 -3.721645
v -4.873672 0.000000 -4.749296
v -7.536182 0.000000 -6.756099
v -9.011929 0.000000 -6.432265
v -6.780651 0.000000 -13.197102
v 2.994207 0.000000 -2.557280
v -1.093346 0.000000 -2.325259
v 4.323385 0.000000 -4.928124
v 3.637371 0.000000 -2.223377
v 14.841238 0.000000 -1.358885
v 15.587061 0.000000 -1.394975
v 15.429354 0.000000 -0.698355
v 16.161484 0.000000 -1.905309
v -1.488128 0.000000 11.793328
v -0.220766 0.000000 12.170467
v -3.922215 0.000000 -2.957973
v -2.257046 0.000000 -3.293613
v -3.350696 0.000000 -2.318723
v -1.861829 0.000000 -1.992109
v -2.543068 0.000000 -2.475525
v -5.548490 0.000000 -1.749255
v -6.386490 0.000000 -3.301453
v -5.502228 0.000000 -4.309303
v -6.212419 0.000000 -4.144414
v -9.454312 0.000000 -7.618880
v 0.907814 0.000000 -1.029879
v -1.060243 0.000000 1.550537
v -1.768585 0.000000 1.680946
v -1.292599 0.000000 0.861482
v 2.538922 0.000000 -3.251897
v 3.631146 0.000000 -1.391896
v 4.313356 0.000000 -1.776748
v 4.957455 0.000000 -1.341072
v 5.599889 0.000000 -1.040002
v 5.665633 0.000000 -1.839640
v 7.388373 0.000000 -2.210861
v 16.161640 0.000000 -1.116906
v 16.116454 0.000000 -0.273597
v -0.498705 0.000000 12.929858
v -0.099824 0.000000 7.101930
v 0.605907 0.000000 7.707213
v 0.084043 0.000000 8.456550
v -1.261779 0.000000 6.408778
v -2.843076 0.000000 -1.112060
v -1.842493 0.000000 -2.628103
v -0.036474 0.000000 -0.162192
v 1.650984 0.000000 -0.999660
v 1.926454 0.000000 -0.337909
v 0.518411 0.000000 0.402253
v 2.181729 0.000000 0.369026
v -1.173234 0.000000 -1.469167
v 4.930736 0.000000 -2.074188
v -1.318046 0.000000 12.969080
v -0.997203 0.000000 12.315575
v -0.482045 0.000000 8.917271
v -1.533065 0.000000 5.559995
v 2.787697 0.000000 -0.271069
v 3.512124 0.000000 0.220674
v -1.641470 0.000000 0.067928
v -2.169443 0.000000 -0.598839
v -0.805281 0.000000 0.103122
v -1.326471 0.000000 -0.701185
v -0.139291 0.000000 0.516695
v 0.123965 0.000000 1.103475
v 6.606495 0.000000 -1.954499
v 6.339178 0.000000 -1.214617
v -0.054696 0.000000 5.724193
v -3.540956 0.000000 -1.627097
v -0.609617 0.000000 -0.803842
v 13.926247 0.000000 -0.949649
v -0.570994 0.000000 4.279675
v -4.191346 0.000000 -2.261059
v -4.968798 0.000000 -2.105745
v -4.825785 0.000000 -2.970649
v -4.330661 0.000000 -1.551938
v -4.847146 0.000000 -3.892363
v -0.476810 0.000000 -1.596319
v -0.580080 0.000000 1.012178
v 0.496630 0.000000 6.066827
v 0.486181 0.000000 5.364475
v 0.287448 0.000000 1.804327
v 5.799946 0.000000 -3.351417
v 0.258483 0.000000 4.565038
v 0.020645 0.000000 3.723010
v 0.623519 0.000000 3.185431
v 1.290516 0.000000 6.248106
v -4.258591 0.000000 -3.536274
v 4.307280 0.000000 -0.927267
v 5.089295 0.000000 -0.582155
v -0.430695 0.000000 2.552288
v 6.151097 0.000000 -2.649791
v 5.026997 0.000000 -3.395339
v -0.450889 0.000000 1.752962
v 1.612412 0.000000 4.990814
v 0.830667 0.000000 3.974893
v 6.042969 0.000000 -0.444544
v 6.239271 0.000000 0.406297
v -0.088580 0.000000 3.065104
v 1.674310 0.000000 4.251555
v 1.077910 0.000000 1.826087
v 1.749521 0.000000 1.157437
v 1.332166 0.000000 0.285328
v 1.812511 0.000000 2.060268
v 2.562938 0.000000 2.362522
v 0.483874 0.000000 2.485746
v 1.238536 0.000000 2.645036
v -14.301991 0.000000 8.200292
v 13.070320 0.000000 -0.736603
v -6.755411 0.000000 15.005457
v -6.318132 0.000000 15.537467
v -6.240490 0.000000 16.227781
v -15.887729 0.000000 -2.732059
v -16.750397 0.000000 -2.514437
v -16.227401 0.000000 -1.166078
v -11.035601 0.000000 -7.364070
v 14.328417 0.000000 3.840324
v 15.159668 0.000000 -3.773602
v 15.665394 0.000000 -5.008228
v 12.473854 0.000000 -1.241153
v -15.385044 0.000000 0.162655
v 1.836632 0.000000 9.963068
v 2.403928 0.000000 9.065959
v 1.578095 0.000000 8.955744
v 0.811219 0.000000 8.686851
v 0.959746 0.000000 9.500163
v -3.186980 0.000000 -16.397313
v -1.947031 0.000000 -16.096961
v -0.881559 0.000000 -16.725411
v 7.324934 0.000000 13.956922
v 15.927986 0.000000 3.586973
v 5.490151 0.000000 -6.303002
v 4.922390 0.000000 -5.649113
v 4.704810 0.000000 -16.404950
v 9.540709 0.000000 -1.897361
v 16.736660 0.000000 -2.444797
v 16.044320 0.000000 -2.678746
v 10.471714 0.000000 -14.184385
v -11.461701 0.000000 9.633755
v -12.008179 0.000000 8.995286
v 1.374999 0.000000 3.433335
v 8.993863 0.000000 13.748215
v -9.039943 0.000000 -11.274121
v -0.430646 0.000000 -16.001102
v 11.229700 0.000000 -4.425279
v 10.357005 0.000000 -5.543342
v 9.749457 0.000000 -5.804824
v -5.753045 0.000000 -1.089539
v 11.643985 0.000000 -5.589941
v 11.040511 0.000000 -6.104495
v -9.797832 0.000000 -10.730003
v -9.588681 0.000000 -9.804906
v -9.361882 0.000000 -8.982103
v 3.067151 0.000000 -1.020834
v -2.399229 0.000000 4.066741
v 0.128061 0.000000 -2.691288
v 0.606125 0.000000 10.870322
v -5.032839 0.000000 -1.320624
v -4.408443 0.000000 -0.794536
v -9.655181 0.000000 -6.938976
v -5.717404 0.000000 -15.790119
v -3.118722 0.000000 -3.043540
v -1.961011 0.000000 -1.296147
v -2.685675 0.000000 -1.778451
v -3.616651 0.000000 -3.675033
v -2.903377 0.000000 -3.866709
v 5.407509 0.000000 0.179019
v 2.354880 0.000000 1.670645
v 14.946546 0.000000 -4.653630
v 1.012173 0.000000 11.550059
v 0.235578 0.000000 9.239197
v 5.088730 0.000000 -4.807187
v -8.283938 0.000000 -6.655242
v -11.370188 0.000000 -11.200579
v -8.924145 0.000000 -10.460308
v 4.062923 0.000000 0.797142
v 16.038505 13.166165 -4.514309
v 16.974477 3.930120 -4.109569
v -13.840774 3.254238 11.238090
v 11.523826 18.310330 -1.773574
v -12.770929 5.159231 12.412332
v -12.446553 7.840165 12.518395
v -13.285013 4.997393 11.795330
v -14.229426 7.347963 10.187012
v 13.089382 12.661818 -0.338580
v -15.526556 7.775597 7.766071
v 10.340178 9.203055 -12.096534
v -15.665792 5.594445 7.863259
v -14.598644 4.538891 9.965382
v -14.809733 1.669904 9.965633
v -10.097772 2.173871 9.017228
v 18.035801 3.969665 -0.990129
v 4.685934 12.477266 -14.012767
v -10.564553 9.176386 14.234985
v 5.529993 7.711236 -13.293862
v 5.518315 10.855615 -13.623011
v 4.968597 6.303663 -13.323879
v -11.575338 11.633611 8.306078
v -11.814195 5.409036 7.150021
v -14.715741 5.724445 9.618874
v 12.880955 4.203410 -12.374041
v -11.619313 19.242123 11.571588
v 13.207967 8.712214 4.453823
v -11.555460 8.594202 7.914609
v -11.316324 7.291727 8.077800
v 11.803026 6.107817 -1.182939
v -10.302902 7.785683 9.284216
v -12.564164 3.071531 12.833158
v -15.111148 8.930700 8.358811
v 14.551188 4.466883 -6.447896
v 13.113916 1.655807 -12.607964
v 11.610985 4.860233 -11.196415
v -16.998519 1.612424 5.363387
v -17.145132 3.086178 4.578231
v -17.096574 6.701478 3.805894
v -18.089435 1.975551 0.196730
v 13.823296 0.739300 -11.476106
v -17.676456 6.811825 0.620528
v 13.564124 1.513290 -11.821260
v 13.719217 1.457124 -11.118898
v -17.720985 6.057804 0.779708
v -17.600699 7.711483 0.516403
v -17.570637 2.920503 3.030864
v -17.501095 5.523147 2.485134
v -17.335887 7.117228 2.614979
v -17.493994 6.451167 2.100339
v 10.416086 8.341194 -11.946119
v 10.474080 7.483058 -11.782031
v -16.181318 6.939191 6.449914
v 12.714519 5.078074 -11.363112
v -12.956828 2.355512 4.621159
v -13.226312 1.748371 3.843214
v -13.514457 4.977602 3.667195
v -13.921565 7.881165 3.167833
v -8.253304 3.360570 10.551841
v -12.136408 5.426414 6.640171
v -12.544493 7.725014 6.253903
v -12.258771 11.723177 12.262224
v -16.861049 10.687111 3.170397
v -15.422769 10.653717 7.371549
v -4.727998 23.511928 11.675870
v -14.410305 2.466218 -0.566206
v -14.398274 4.157998 0.082572
v -17.758766 5.268296 1.040998
v -14.289693 4.510182 0.740193
v -17.501655 9.090356 -0.399774
v -17.724583 2.745237 2.358510
v -5.001867 8.569572 11.001199
v -5.167038 5.820019 3.151673
v 10.727845 3.636335 8.712236
v 11.634533 7.333917 -13.268598
v -7.663681 24.272966 14.514225
v 3.209978 6.619334 -13.725053
v 3.261228 8.298627 -13.842468
v 3.228588 10.854777 -14.109799
v -6.818086 4.135961 16.549157
v -4.775140 11.849889 16.299245
v -5.447354 13.181854 16.214099
v -0.386660 7.938175 -13.977792
v -5.652150 8.898202 16.469083
v 3.381482 11.625208 -14.175592
v 4.029163 9.801673 -16.699482
v -7.448956 13.130236 15.794769
v -7.323704 11.376230 15.967413
v -7.108286 9.741889 16.143231
v -8.696169 6.119679 10.462313
v -7.829750 9.382004 15.914727
v 6.974224 3.014994 -16.463986
v -17.954653 3.142618 0.761792
v -18.030294 2.695027 0.263967
v -4.907947 5.317098 10.806699
v -6.701407 11.341077 11.433134
v -4.730785 17.795042 11.273332
v -13.089449 3.252078 12.211777
v -6.147836 11.833907 11.458318
v 3.619587 2.325539 -13.357363
v 4.487405 2.184425 -13.157017
v -4.147170 5.814057 16.591174
v -3.005498 3.610014 16.432246
v -1.609612 4.320630 15.786677
v -2.232718 45.807997 5.417341
v -0.936804 8.057726 -5.934747
v -6.059382 4.828995 11.157158
v -4.120201 14.225196 -13.624209
v -4.877668 13.617762 16.190739
v 0.207133 4.049138 14.452291
v -0.572252 4.179640 15.106323
v -10.222186 15.927453 -13.836407
v 0.626988 7.016967 13.853255
v 0.585646 8.507351 13.795387
v -12.247849 14.434353 -10.123876
v -11.798644 7.271605 -4.997353
v -11.745851 21.528757 -10.059388
v -4.157390 22.956542 11.176890
v -3.822423 26.478877 11.144723
v -14.252993 3.205594 10.648732
v 12.842639 4.548975 -0.102254
v -10.074868 9.203920 9.622391
v -9.576469 2.500256 9.538284
v 3.781776 0.924983 17.792532
v -10.558598 17.448644 -13.307937
v -5.330307 8.253792 2.821374
v -5.461980 8.865714 2.634218
v -11.964633 4.502733 -5.099799
v -8.877989 3.835556 10.193882
v -14.581123 7.580309 9.568990
v -7.603212 22.744655 -0.177119
v -8.420690 9.707524 -0.299025
v -17.156864 7.326523 3.343715
v -5.877466 4.666895 2.319487
v -5.962107 5.473198 2.188056
v -12.892790 1.738324 12.590366
v -6.305070 9.258141 1.700581
v -6.296155 7.652514 1.768966
v 6.229658 2.710919 13.210618
v -5.111649 4.518460 16.731621
v -4.447907 7.686349 10.524324
v -7.808539 6.803581 0.410546
v 5.468668 3.740719 2.702163
v -9.817480 18.291744 -2.526587
v -10.058584 15.482176 -2.634907
v -3.668110 4.942709 8.586494
v -3.629298 4.595709 7.545282
v -11.921909 19.264682 -10.086531
v -18.129774 2.079851 -1.581360
v -0.234458 6.451629 -6.008952
v -4.032225 14.478255 4.734963
v -4.059534 17.944835 4.415425
v 5.948900 6.729948 -7.544847
v 5.987848 5.327500 -7.601560
v 5.764307 9.032229 1.908189
v 5.662617 6.319741 2.193195
v 3.111490 6.455848 -6.828007
v -4.514208 5.071173 4.235063
v 4.121972 2.987683 -13.292210
v 4.144551 5.276825 -13.441854
v 12.447378 3.430792 5.627785
v 12.824573 2.923321 12.248015
v -0.934367 14.790372 -5.776309
v 12.727636 2.930074 -10.833999
v -18.059828 2.932494 -1.672042
v -18.177047 1.398801 -1.803523
v 3.368004 4.630941 16.640180
v 2.669989 0.604878 17.612351
v -17.957497 2.249331 -3.171451
v -18.080414 2.653613 -0.462741
v 2.934061 3.027660 16.756939
v 3.085849 2.476533 16.141862
v 3.723315 2.650251 17.545565
v 3.438460 1.824295 17.617631
v -17.706267 1.520739 -4.479990
v -17.406126 3.424542 -4.704148
v -17.585193 2.528603 -4.521983
v -17.590717 4.523106 -3.780152
v -17.335275 4.910001 -4.357371
v -15.364372 1.453646 -5.335370
v -11.540383 11.521013 -4.880081
v -11.216805 13.347690 -4.408613
v -15.101649 1.487563 -4.476201
v -17.567090 1.047963 -5.034018
v -17.438477 8.510659 -2.254155
v 3.105324 0.923415 17.697881
v -14.625052 4.142087 -1.041567
v -14.649526 1.539098 -2.259556
v -5.626114 32.213835 1.300182
v -10.370397 13.828487 -2.973661
v -8.878064 10.151975 -0.804010
v -8.494626 15.766943 -0.697939
v -10.202652 12.751818 -2.634792
v -0.865435 15.597527 14.591954
v -8.358305 15.006152 -0.510413
v -15.088668 2.188540 -4.144535
v 3.293343 20.185881 8.110696
v -11.224566 4.805134 -3.657127
v -11.266127 5.478330 -3.778300
v -11.249984 10.090340 -4.151303
v -11.226081 9.179455 -4.021837
v -11.120106 11.933308 -4.078928
v -3.820809 9.286106 5.697623
v -11.687217 12.422440 -5.336188
v 3.820454 5.537007 8.302049
v 1.085034 4.198298 13.519356
v -9.292394 5.226748 -1.016230
v -6.756682 6.147539 -10.644136
v -11.311304 21.004497 -11.598304
v -15.700629 2.178616 -5.765111
v -4.384167 8.509999 -13.049262
v -12.984048 1.441536 -9.763294
v -12.967970 2.091878 -9.177180
v -5.869027 7.622406 -12.006873
v -12.362915 12.247124 -10.267742
v -12.439230 12.137286 -9.680673
v -12.468758 11.475833 -9.790785
v -5.044747 3.362141 -12.384704
v -12.674743 4.575334 -7.405810
v -11.770257 11.656491 -12.223443
v 0.485312 20.862194 -5.714992
v -12.772985 4.638185 -8.041131
v 0.852175 30.905151 -5.419635
v 0.660806 34.847417 -5.224119
v -16.980750 3.783345 -5.338449
v -12.520050 5.092074 -6.786899
v -12.725141 4.154758 -10.726310
v -3.935723 3.350201 -17.439508
v -3.650508 1.875648 -17.575162
v -12.232055 4.399957 -5.743787
v -12.410706 3.874625 -6.216157
v -12.373510 4.714694 -6.218533
v -4.036650 15.051177 -13.751990
v -1.303945 13.791625 -14.411813
v -1.432309 12.652576 -14.268200
v -12.320133 4.162538 -12.048881
v 3.572369 5.010877 16.160390
v 3.867563 5.654970 15.922429
v -11.974259 6.256212 -12.524297
v -11.814137 10.154404 -12.349525
v -11.751617 8.518498 -12.659614
v 1.489073 2.811465 -17.635231
v 1.506489 1.866763 -17.695429
v 1.734074 4.978251 -17.467333
v 4.336242 6.017411 15.381933
v 5.076786 0.893834 17.629249
v -10.522905 9.735381 -14.127301
v -10.578034 11.345495 -13.923279
v -11.306750 3.715347 -13.772461
v 4.112230 1.807098 17.670077
v -11.591552 4.485075 -4.305894
v 3.022544 2.593257 17.328889
v -5.336447 17.727298 15.888592
v -12.186859 16.603791 -9.210319
v -12.435873 12.575317 -9.171480
v 4.057516 5.645608 7.491821
v -11.065957 19.740686 -4.872176
v -11.270440 17.486583 -5.049554
v -7.839478 3.118718 16.291750
v -6.832505 3.691994 -9.970875
v -17.360833 3.044916 3.830539
v -16.906983 3.154204 5.315032
v -8.648486 2.053797 -16.014875
v -8.962073 1.544341 -15.874178
v -4.258798 16.894036 15.911065
v -7.612625 13.977922 0.290354
v -6.819342 13.421650 -11.269770
v -4.344373 14.610563 4.071224
v -10.515109 5.592649 -2.602964
v 11.470347 6.021796 7.854236
v -3.469343 2.873559 -6.460327
v 12.569049 5.821206 5.692291
v -1.751222 17.982722 -5.721413
v 12.299368 11.467638 -1.089447
v -1.056629 9.518849 -5.900628
v 2.645451 9.465064 -6.589007
v -2.473212 9.060341 -6.042085
v 12.468037 4.611617 -12.884416
v -5.872661 17.631939 -7.170803
v -5.156350 12.757309 -6.909666
v -12.841867 3.886744 -10.018912
v 5.882056 2.485975 17.241355
v -3.875875 12.230031 -6.338959
v -3.895178 16.308186 -6.210670
v 0.435415 5.505231 -13.840425
v 7.857692 10.848039 12.751387
v 8.398726 9.717767 12.054643
v 7.885558 8.404896 12.360821
v -4.666461 3.974206 -12.635617
v -11.184996 3.420308 7.856777
v -6.378572 14.172074 1.450238
v -4.201423 2.308983 -12.757490
v -9.285046 4.163899 -15.512170
v 6.008636 11.896691 15.504908
v -8.357887 3.465929 -16.078073
v -8.875813 6.567979 -15.607167
v -7.770135 3.894933 -16.322756
v -7.229375 3.478138 -16.567751
v -5.887594 5.499843 -16.893128
v -5.886759 3.222824 -17.028083
v 4.194285 4.265693 17.338085
v 5.881051 5.766063 13.832343
v 5.741991 7.296388 14.165664
v -6.460048 3.800657 -16.821646
v 5.697199 4.974595 13.893575
v -3.845556 17.053503 -14.075685
v -6.466651 7.698292 -16.577957
v -6.516576 6.150597 -16.662724
v 5.011648 3.723408 14.357093
v 5.154818 4.901299 14.378747
v 9.652778 2.759547 15.175270
v -6.058202 2.376929 -17.032678
v -5.325513 3.490559 -17.155298
v -4.677004 3.363738 -17.304928
v 7.800159 2.863453 16.351347
v 8.465094 2.586231 15.998002
v -4.018320 14.867456 -16.521174
v -3.062930 4.475397 -17.491485
v -3.276842 3.337466 -17.535246
v 9.682954 3.320410 10.011093
v 13.321575 4.521539 1.821097
v 13.246746 4.263341 1.205721
v -0.371495 5.123288 -13.783743
v 0.243968 8.248116 -14.031276
v 7.787098 1.396020 -12.069671
v -0.346467 1.836701 -17.787308
v 5.737262 3.071593 -12.873277
v -0.250652 2.042388 -13.602860
v 7.070608 5.758401 12.768986
v 6.735889 4.584690 12.953319
v 6.098854 6.525963 13.737288
v -2.569465 3.786545 -17.591228
v -2.456449 4.714353 -17.546808
v -2.769570 2.201264 -17.666657
v 6.091695 4.250969 13.469971
v 10.766915 2.962963 14.261420
v 7.862336 6.730018 12.181915
v -1.339414 2.791086 -17.719773
v 0.875503 2.258669 -17.717436
v -2.139193 8.292064 -13.769090
v 6.985093 9.323958 13.350643
v -14.013457 4.014131 10.908005
v -9.133866 5.996833 -0.875096
v 1.445477 5.454446 12.993086
v 13.223594 3.649744 -11.643446
v -12.560821 9.616279 -8.295440
v -12.702754 6.951944 -8.354816
v -12.411431 11.176890 -7.734913
v 2.690569 0.729330 16.274214
v 3.948345 3.221409 -17.252280
v -9.567764 25.835638 -2.854945
v -9.793587 24.144591 -3.030560
v -12.686580 7.858604 -9.444608
v -12.602674 9.397115 -9.537677
v -4.026713 24.536237 11.171807
v -10.273317 19.137838 -3.293715
v 3.781856 2.201516 15.306578
v -9.474810 4.486159 -1.183636
v -6.974452 15.800475 -11.255834
v 9.157969 7.810032 -7.757489
v 9.989636 12.576594 -7.487918
v 4.249595 1.998493 14.837971
v 11.300107 22.259607 -2.024559
v 9.642695 26.636362 -6.704594
v 5.078489 7.373495 16.775634
v 7.084699 3.101631 16.693187
v 5.249766 2.250113 13.986253
v 5.453841 1.535341 13.746651
v -7.900759 15.455101 -0.065984
v 6.461872 5.797469 13.325058
v 3.636521 5.476041 16.618853
v 9.303356 12.857395 -7.531060
v -4.226214 7.556035 -6.608266
v -2.546218 34.901146 6.872771
v 3.032796 5.387177 10.362613
v -7.788045 22.014550 -0.331932
v 3.342040 5.785237 9.614548
v 3.300115 4.897227 9.799168
v -3.049956 21.785679 8.274742
v -4.410741 32.598004 12.716908
v -7.995026 11.267255 11.121568
v 4.322729 7.107051 6.222503
v -16.322407 11.545896 4.777887
v -2.925056 26.780589 7.085781
v -2.914424 29.540015 6.524178
v -3.087437 25.616670 6.485547
v 4.161724 18.562079 5.326952
v -2.933045 27.563287 9.398663
v -3.847308 5.937673 9.439561
v 4.732549 8.501360 4.311002
v -4.222433 2.699329 16.763747
v -9.656595 8.045942 9.893802
v -9.239440 6.332988 10.088059
v 7.703287 4.648326 12.102234
v 5.124611 8.026650 3.202070
v 17.495967 8.182354 -2.422238
v 6.084865 8.599765 1.425256
v -11.416114 2.639508 7.444467
v 0.742923 15.960752 -5.904899
v 7.214293 2.851799 0.332803
v 13.103760 3.712227 3.616255
v 14.428673 3.214660 10.216419
v -6.734575 6.477170 16.442618
v -7.111341 2.997947 16.538919
v 4.585213 24.416360 3.277211
v 4.481570 16.404555 4.404735
v 8.608603 4.919422 15.691675
v 8.592650 5.735316 15.621002
v 8.350885 7.851087 -7.763764
v 8.668242 11.612219 -7.609068
v 8.939376 9.481245 -7.695233
v 8.357506 5.140272 -7.867768
v 8.952348 4.500256 -15.504677
v 11.763129 3.755452 13.270639
v 9.254814 9.680481 -14.753099
v 9.805224 6.299558 -14.856075
v 8.670447 1.488785 10.914834
v -16.743423 7.606314 4.740252
v 8.929954 7.632309 11.268749
v 8.769287 2.937080 10.951638
v 9.794373 7.074167 10.277097
v 9.824577 7.872035 10.340556
v 10.222522 3.476931 9.377250
v 10.165058 7.513730 9.905531
v 8.343154 6.414457 11.700113
v 9.133920 2.326263 15.583331
v 9.591418 10.618556 10.987864
v 9.340070 2.577304 -11.616650
v 12.494117 2.274784 12.671700
v 13.442265 6.923413 11.083823
v 10.130018 10.951268 10.432809
v 8.449970 8.064003 -15.400315
v 13.654131 2.232691 11.341840
v 8.675169 2.575366 -11.850193
v 10.985983 13.319138 9.819969
v 11.401621 7.840203 8.233604
v 5.789423 6.061345 -7.538006
v 3.235377 16.435860 -6.537803
v 14.758094 4.721865 9.573312
v 13.689972 2.999105 11.214789
v 14.866456 7.110145 9.098792
v 14.876470 8.558706 8.865424
v -15.247750 2.021903 9.168455
v -15.030374 5.543768 9.097270
v 11.012826 7.246090 8.722695
v 11.463484 3.456561 7.551416
v -14.104737 11.067425 9.764882
v 9.449547 2.786688 -15.392689
v 15.309945 14.326060 6.991535
v 15.144738 15.621655 6.924935
v 12.142987 3.851811 6.357538
v 11.857589 2.453191 6.724087
v 13.284502 3.692656 1.961210
v 12.672199 1.797879 4.768199
v 12.479568 1.893861 5.315531
v 13.929647 16.363205 4.493306
v 13.826890 15.513887 4.470203
v 12.727095 3.428233 4.876756
v 12.923263 3.922324 4.378048
v -10.814082 4.081507 -14.290607
v 13.909025 14.166763 2.213897
v 13.237528 3.749869 2.798650
v 13.307670 4.409133 2.475041
v 14.944354 3.099743 9.493294
v 12.648061 7.083825 5.723748
v 15.868412 7.867053 7.266177
v 16.768259 3.233908 6.097602
v 5.364966 4.755383 -7.500362
v 17.143713 1.508428 5.464052
v 16.893525 6.051021 5.341327
v 16.892164 5.224732 5.486290
v 17.064582 7.520389 4.610862
v 13.603794 10.351251 1.587031
v 13.601725 11.100121 1.218818
v 7.382909 7.583298 0.005817
v 14.357585 19.208106 4.891461
v 4.120099 16.415506 -6.780786
v 17.875708 3.608606 2.545198
v 12.973350 5.457961 0.088722
v 13.847068 13.428828 2.593227
v 13.772523 12.598015 2.898313
v 14.385684 19.167244 2.277634
v 14.187410 17.485707 2.156037
v 17.832710 6.763254 1.708343
v 17.732235 8.206115 1.785638
v 18.111949 3.702388 0.417787
v 18.020498 5.098503 0.761615
v 13.444591 8.170488 3.145441
v 13.317906 8.387379 3.920171
v 18.033836 2.107002 2.152464
v 13.595853 9.616951 2.031759
v 15.321060 8.540551 8.125949
v 2.218497 3.045930 -6.640292
v -17.862696 4.696701 0.509693
v 18.201761 1.964479 -0.249314
v -16.377329 8.406727 5.609740
v 1.426498 18.281154 -5.976134
v 3.137552 24.174981 -6.208292
v 2.276323 8.007211 -6.521371
v -10.456151 3.732661 14.738039
v 3.239384 10.772942 -6.736671
v 3.433972 3.704655 -7.019745
v -10.337186 13.808792 9.883640
v 1.252343 14.669507 -6.054793
v -16.532419 7.743819 5.344087
v -6.356337 2.834401 16.712899
v 4.298838 6.212111 -7.189235
v -6.922434 5.758182 11.158067
v -6.926401 5.067839 11.128459
v 8.575253 7.781938 -0.858957
v 5.078807 5.680751 -7.404438
v -1.776673 9.635676 15.572003
v 6.264090 14.735426 -7.293164
v -16.179203 9.906400 5.732020
v -5.281232 29.723551 1.838843
v 5.654896 32.640936 -6.282298
v 5.651263 34.970650 -6.117693
v 9.790434 6.538264 -1.330027
v -3.571813 7.045103 7.326748
v 6.565417 12.892288 -7.409958
v 6.559744 11.432559 -7.470225
v -2.169818 2.861145 -13.418259
v 8.595550 1.465565 -15.920561
v -7.314237 7.175286 0.846736
v -7.138597 29.087955 -0.125852
v 8.989353 14.431023 -7.473082
v 3.771659 6.830840 8.310093
v 8.521471 13.608152 -14.464018
v -9.929944 12.098071 -2.207174
v 7.897484 4.460691 -12.264027
v -16.446700 9.863148 4.938847
v 0.850158 8.010017 -14.018309
v -14.083590 3.148279 1.249112
v -16.211112 5.243335 6.727276
v -12.232132 3.809078 13.125206
v 2.549389 3.153131 -13.575351
v 8.766431 6.175654 11.271993
v 0.715087 7.547637 -17.352239
v 0.939744 6.814611 -17.396404
v 1.082755 5.324709 -17.500273
v 11.350507 2.732440 13.763180
v 10.117729 10.202589 10.328346
v 2.141545 1.729714 -13.523834
v 5.423277 4.936104 -13.092700
v -17.347544 9.370496 1.276054
v 4.955161 3.048213 -13.091366
v -9.387808 13.135743 14.771417
v 7.337475 2.908481 -12.339517
v -6.588491 11.179064 16.179868
v -6.347270 9.297354 16.353129
v 9.200864 6.344629 -15.200930
v 7.103392 4.328333 -12.526865
v 6.860715 2.180849 -12.446962
v 8.545945 10.823766 -14.986285
v 8.719810 9.289734 -15.102865
v 4.866803 15.257239 -15.686275
v 11.680844 9.593014 12.679895
v 4.697249 3.114797 -17.109297
v 5.450141 3.030649 -16.926135
v 6.982293 4.461142 -16.343652
v 6.430342 6.498471 -16.368156
v 6.956744 5.809981 -16.240089
v 11.284908 11.023722 8.913449
v 11.375850 13.774396 9.359331
v 11.389106 12.821264 9.121393
v 8.175596 7.349212 -15.597478
v -3.798009 21.318662 10.585570
v 10.495097 10.750000 9.954303
v -3.616786 23.725702 5.007677
v -11.973780 1.927664 6.493605
v -14.586209 2.824791 -1.357122
v 12.747539 30.724442 -2.376569
v -15.915279 3.054121 7.731564
v 13.141436 4.882092 0.601002
v -6.904244 20.442042 15.347598
v 13.099114 11.127993 -0.170971
v 15.109402 9.057185 -5.773775
v -11.427416 2.791516 -13.694467
v 11.501471 7.721111 -1.359941
v 11.945819 3.174924 -7.576231
v 12.376873 7.217662 -7.275781
v 10.806729 4.613659 -1.378769
v 5.515390 21.028225 1.698132
v 12.881002 11.446520 -6.877120
v -5.782607 12.886350 -12.488941
v 12.998303 6.017952 -7.121540
v 12.884105 4.191018 -7.251457
v 14.060612 4.212552 -6.741024
v 14.725554 14.525612 -5.666320
v 15.045841 9.795792 -5.771241
v 11.781460 2.365945 -7.648629
v 17.563997 3.844712 -2.945728
v 17.303369 9.378838 -2.765121
v 12.337159 11.600056 7.247770
v 16.112387 24.015971 1.144323
v 17.472141 12.615923 1.408548
v 17.220371 3.520146 -3.739001
v 17.351737 1.819295 -3.676547
v 17.006487 3.678212 5.453737
v -1.359890 2.833713 -13.550626
v 15.521974 13.444904 -5.067983
v 15.665643 10.045133 -5.212415
v 15.159053 12.116498 -5.504250
v -3.019292 2.858131 -13.212555
v 16.504001 5.093436 -4.679338
v 16.218012 17.878445 -3.674721
v 16.299529 16.261318 -3.784784
v 0.527107 4.010247 -17.620081
v 16.692066 9.101409 -4.036263
v -0.465245 12.415830 -14.371609
v -0.408697 11.447559 -14.287712
v 17.782975 8.769306 -0.824067
v 13.524556 9.550687 1.315202
v -6.033081 19.652861 -12.963055
v -9.987657 4.386995 -1.808369
v -16.828398 7.893842 -4.157935
v -11.394595 7.104431 -4.148365
v -11.596687 9.059499 -4.738942
v 10.985062 6.494696 -7.622661
v 10.523456 3.161759 -11.265904
v -6.430572 12.319242 -7.970822
v 9.820918 1.405089 -15.311866
v 15.169712 11.787909 7.809053
v 10.274141 1.935167 -11.239272
v 10.030683 2.537587 -11.374158
v 14.432507 8.553890 9.537568
v 13.407250 9.895875 10.701588
v 9.529864 4.031762 -15.245033
v 10.214711 1.957656 -15.029952
v -15.590968 4.463116 -4.833949
v 11.609778 4.507760 -7.591320
v -12.896172 3.662988 -9.281237
v -12.778878 6.071022 -9.441481
v 16.470591 3.089829 6.774093
v 12.266537 4.798082 -11.132419
v 14.663150 7.784966 9.312776
v 12.617426 2.144745 -13.134545
v 12.324806 1.649949 -13.505234
v 15.582530 11.202534 7.189231
v 12.337635 1.400669 -10.612239
v 13.657387 14.585127 4.717805
v 11.562913 2.004855 -10.850057
v 11.382953 11.978647 -7.292770
v 15.221378 4.741581 8.855367
v 12.943728 7.258620 4.991297
v 12.892158 5.939591 4.839568
v 9.564051 9.035982 -7.684899
v 2.508956 9.771325 11.032177
v 15.434895 3.287858 8.692705
v 1.949511 4.288186 12.377236
v 2.027306 6.251847 12.118081
v 9.007668 11.040960 11.689242
v -13.522844 13.048906 10.318875
v -10.442451 6.973846 9.063554
v -11.870496 4.061926 6.897686
v -11.557988 6.093180 7.613216
v -14.927354 7.006066 9.063779
v -14.954629 7.774570 8.871815
v -14.278897 10.228402 9.639713
v -13.205662 16.652913 9.955679
v -13.852449 8.405836 10.613501
v -13.963987 13.068525 9.638326
v -13.438986 3.377576 11.758780
v -13.242639 9.845881 11.284430
v -13.436048 9.050759 11.106727
v -15.540268 3.182531 8.477591
v -12.079805 11.371773 7.591491
v -11.734886 12.541146 8.235280
v -13.858836 15.194383 5.568086
v -16.030142 2.212303 7.618632
v -16.009798 7.590330 6.727288
v -14.711887 13.827685 8.036133
v -14.385968 14.032870 8.631558
v -14.569044 15.578884 7.723593
v -14.128132 14.586532 8.947402
v -14.347639 17.208475 7.150452
v -14.262930 16.192784 8.132562
v -15.740367 7.138144 7.422214
v -10.336354 3.949870 8.905356
v -10.984348 11.634332 8.983639
v -12.639809 11.382202 11.850547
v -12.552502 9.262312 12.229535
v -9.714188 15.453863 14.297133
v -11.767052 12.203416 12.761375
v -10.900263 3.073565 14.431472
v -10.389928 9.954889 14.312633
v -10.101548 11.923258 14.362757
v -10.075306 9.230818 14.614899
v -11.207878 11.945644 13.380523
v -9.822284 10.052673 14.729724
v -15.886517 13.148337 5.451072
v -14.120247 8.705202 2.739956
v -14.325944 11.228761 3.032781
v -13.631901 6.297315 3.637643
v -13.694652 4.920581 3.113108
v -17.486024 2.284232 3.563301
v -17.337119 8.717135 1.791324
v -17.263108 6.614415 3.143775
v -17.181722 7.976325 2.936018
v -17.683855 2.207304 2.751343
v -16.810649 8.256689 4.297843
v -16.672034 9.709470 4.300002
v -16.956352 7.480953 4.063043
v -16.789275 11.494717 3.096955
v -16.421795 12.100165 4.196964
v -16.181857 14.545186 3.667841
v -16.516366 2.830330 6.406770
v -15.408135 15.194187 5.815731
v -13.303734 3.644098 3.980269
v -13.122861 5.910535 4.798984
v -13.326087 7.873251 4.704962
v -15.379832 13.745332 6.537821
v -15.407394 15.848452 5.358960
v -15.082960 13.708908 7.277461
v -15.462177 11.891647 6.964605
v -16.129836 13.296019 4.673051
v -17.839160 2.167212 1.989222
v -17.931083 1.554778 1.709172
v -17.593159 6.660828 1.375378
v -17.049715 11.369637 1.719261
v -17.316499 10.305865 0.468318
v -17.788597 4.441567 1.284358
v -17.319740 7.989419 2.242080
v -17.212448 9.414434 2.111304
v -14.823273 10.972834 1.055884
v -16.245992 14.988606 2.935793
v -17.434466 9.373036 0.385238
v -17.774755 6.237672 -0.082744
v -5.308424 15.050938 11.409633
v -5.249635 12.726660 11.285312
v -7.050344 13.970755 11.545992
v -8.580577 2.593204 15.997581
v -7.501485 6.909834 16.199839
v -6.401448 8.534956 16.388388
v -7.046709 8.974206 16.209043
v -6.940918 12.785187 15.985650
v -6.081469 17.870083 15.793275
v -6.317306 15.314193 15.952224
v -5.940262 11.151335 16.295261
v -6.144837 6.859922 16.532702
v -3.574253 4.014008 16.569901
v -4.100311 9.558793 16.370537
v -4.172731 11.373256 16.269637
v -4.205956 13.275920 16.157287
v -5.272603 25.074520 12.088130
v -5.270779 19.900718 11.675643
v -5.669377 22.386614 12.005534
v -4.977486 22.152845 11.709711
v -4.357525 28.944771 11.954048
v -5.387462 17.430804 11.575390
v -3.964427 32.178556 12.177430
v -4.275462 28.170124 11.806083
v -3.724919 27.978069 11.208423
v -3.566444 27.209548 10.890218
v -6.199745 17.104360 11.747621
v -5.004183 31.026724 12.784119
v -3.993352 33.860208 12.746419
v -1.499903 23.379664 14.365988
v -2.580743 36.431772 11.102748
v -2.410363 36.598902 10.523866
v -2.939247 33.882016 11.002862
v -2.946960 11.259199 15.982898
v -2.304929 21.307744 14.996668
v 0.646076 4.677925 13.987222
v -3.255226 29.277131 10.668393
v -5.610816 22.773303 1.853525
v -4.701697 14.571594 3.458240
v -5.144115 21.530417 2.491928
v -2.282002 4.768708 -6.118029
v -2.028640 3.973447 -6.105234
v -4.520852 24.268472 3.210756
v -4.636235 27.897877 2.804488
v -0.122319 42.317625 -4.751078
v -0.389923 44.137168 -4.634508
v -2.912764 14.477095 -5.993535
v -4.571143 5.203617 -6.838414
v -9.897966 19.023069 -2.699886
v -8.188949 13.732472 -0.266495
v -8.233601 21.545606 -0.771376
v -8.218970 17.207541 -0.484876
v -7.845129 26.059941 -0.650941
v -6.591676 42.906225 -0.804476
v -7.414755 19.428273 0.204841
v -7.264141 16.916479 0.471717
v -6.808660 32.883559 -0.027546
v -8.660231 31.704016 -2.168558
v -6.909602 6.466864 1.241956
v -6.758179 7.211942 1.351138
v 1.141873 4.856066 13.409546
v 2.238901 4.675020 11.902308
v -2.709959 31.196899 9.507879
v 1.785898 19.245687 11.372848
v 2.441188 13.303093 10.836567
v 2.366547 12.488046 11.050117
v -2.919456 24.930074 7.961277
v -3.511549 14.211529 9.257847
v -1.554988 44.349266 7.728953
v -1.779412 42.997783 7.485228
v -3.429913 11.816880 8.225130
v -2.126698 38.411005 10.472021
v -2.232137 37.725934 10.455210
v -1.978671 39.197420 10.540720
v -3.010648 24.405636 7.236746
v 3.074058 19.734817 8.750609
v 3.895538 6.297003 7.971535
v 3.502023 14.229461 8.289559
v -3.289519 22.267850 6.207665
v -3.087753 29.269407 5.825285
v -3.248769 26.989744 5.638700
v -3.606305 6.203828 7.207804
v -3.021407 22.598003 8.191493
v -2.952256 26.159715 7.082030
v -3.232248 30.353272 5.308482
v -4.342572 20.779257 3.713307
v -2.234615 44.551143 5.675515
v 2.236732 44.389903 -4.922652
v -15.457517 9.267996 -2.365779
v -15.148447 8.454311 -1.618027
v -14.860537 5.321210 -1.740702
v -14.980065 6.192379 -1.895204
v -14.769558 4.527244 -1.633118
v -14.923914 2.198915 -3.376437
v -18.087366 1.902551 -2.450799
v -17.558673 5.243789 -3.555006
v -17.216141 11.084608 -1.014350
v -17.179242 1.389384 -5.710623
v -16.955157 5.515423 -4.839931
v -17.297184 5.724532 -4.120073
v -9.142253 17.283210 -1.535902
v -8.934791 27.978750 -2.150296
v -8.934494 30.942671 -2.473245
v -10.376100 19.925740 -3.553551
v -10.850900 4.386847 -3.018822
v -10.643897 21.279779 -4.188101
v -10.529226 22.909005 -4.171071
v -9.152212 26.343872 -2.293311
v -9.207416 25.410066 -2.279652
v -9.291484 31.311369 -3.099495
v -9.101417 30.006298 -2.611432
v -8.625198 37.406675 -2.927788
v -9.769973 27.436459 -3.367876
v -10.744342 16.022270 -3.804395
v -10.824319 13.563997 -3.704972
v -10.674423 12.355351 -3.339730
v -11.415042 1.731738 -3.747736
v -11.113047 15.504684 -4.432645
v -9.941094 25.370474 -3.408308
v -10.157163 24.980694 -3.741592
v -11.450166 7.791489 -4.317190
v -10.927718 17.668762 -4.317456
v -11.091335 18.304911 -4.724282
v -12.067118 15.852195 -7.250208
v -12.106148 14.879553 -7.159157
v -10.041349 35.269017 -5.651388
v -7.022516 9.011144 -9.510632
v -12.573905 3.220005 -6.679064
v -11.904835 19.191065 -7.497294
v -11.767577 21.585468 -7.691509
v -12.529919 10.877696 -9.150810
v -11.979571 12.427894 -6.167442
v -11.894255 14.745925 -6.288920
v -12.266763 11.017392 -6.935562
v -11.039611 26.238464 -6.007611
v -11.137320 24.978269 -5.998788
v -11.287265 24.200281 -6.297476
v -11.596851 17.225219 -5.826588
v -11.562092 22.062380 -6.752054
v -12.330648 8.758816 -6.721508
v -10.879056 25.003558 -5.266643
v -10.912302 28.512014 -6.223799
v -11.088198 28.477097 -6.991846
v -10.262067 25.728099 -4.035672
v -10.210069 32.484049 -5.219919
v -15.671030 2.961859 -5.488540
v -16.621555 1.087675 -6.350911
v -16.022008 0.546973 -6.512235
v -12.339935 13.993236 -8.553360
v -12.374450 11.982798 -7.782560
v -12.937776 1.911960 -8.370312
v -12.159161 16.107389 -7.886783
v -7.865874 33.016939 -7.963734
v -6.611178 5.734535 -8.599490
v -12.549571 3.514069 -11.522993
v -12.518440 2.051511 -11.834270
v -12.683219 7.331783 -9.933512
v -12.242030 11.911497 -10.924219
v -9.651436 8.364234 -14.980422
v -10.460511 7.046233 -14.412992
v -10.047199 6.575045 -14.812843
v -9.952381 9.173917 -14.691161
v -10.950011 3.172228 -14.219404
v -10.984535 6.837853 -13.892242
v -11.370907 7.944693 -13.311953
v -11.097599 11.177712 -13.341058
v -10.634753 23.634020 -12.291106
v -11.507153 25.431823 -9.175082
v -6.824527 19.314705 -11.973339
v -5.101080 13.743165 -13.055246
v -5.546598 16.539264 -13.012673
v -3.878811 11.219782 -16.889531
v 5.954042 6.029845 1.738017
v 3.095515 34.782164 -5.690122
v 0.796737 38.417169 -5.049855
v 0.897900 41.477303 -4.911795
v 0.981174 20.393686 -5.819149
v -1.791792 16.259303 -5.772400
v -4.216986 7.750690 -13.080424
v -3.650673 10.818138 -13.519743
v -6.267952 16.056629 -15.939020
v -3.746482 12.037571 -16.836566
v -3.226465 10.718992 -17.020227
v -3.040823 12.233698 -13.846418
v -1.032436 10.059652 -14.086895
v -0.763322 11.242639 -17.080546
v -0.713411 12.493677 -16.950261
v 1.921299 2.611244 -13.605668
v 1.831771 5.639801 -13.805823
v 0.026612 3.262271 -17.686444
v 1.030572 10.139140 -17.100084
v -0.774741 3.408053 -17.686850
v 0.447477 11.814769 -16.959974
v 4.742920 1.787873 17.596186
v 3.438881 4.247071 16.109000
v 3.119700 0.844585 15.773909
v 3.810385 4.702169 15.709135
v 5.434842 5.210273 17.054739
v 5.112140 8.409433 15.023846
v 5.403887 8.148047 16.607968
v 5.661667 4.576542 17.088072
v 5.634477 6.205957 16.887504
v 5.458200 1.818093 17.433039
v 5.620845 6.888169 16.797132
v 5.898017 7.522386 16.627927
v 6.256438 9.631017 16.181021
v 5.125076 7.117730 14.741903
v 6.569087 8.937932 16.226932
v 5.711484 11.074096 15.822334
v 6.645423 11.941516 15.560053
v 6.862855 9.582218 16.011777
v 7.966380 2.002848 16.336556
v 8.640732 1.611824 15.978078
v 5.742095 2.816690 13.621187
v 5.742902 8.748395 14.418527
v 6.307225 9.191706 13.949540
v 8.893400 9.833026 14.923408
v 8.525344 8.959191 15.279214
v 7.778291 6.870318 15.961625
v 10.383526 7.018440 14.185433
v 8.418251 10.509622 12.156260
v 7.850997 10.039413 12.630503
v 6.481889 12.125180 14.427770
v 6.859159 11.704656 13.915259
v 7.503014 2.873359 12.118902
v 7.359623 2.000667 12.164077
v 7.041174 2.491671 12.490067
v 8.833330 12.803399 12.177743
v 8.373565 12.156779 12.472559
v 7.275259 10.253149 13.198819
v 8.233790 12.802191 12.768934
v 8.545649 13.477980 12.626414
v 11.149986 3.631121 13.860500
v 12.321778 4.022467 12.679752
v 13.269429 2.720754 11.762861
v 10.658051 13.746654 10.340294
v 10.230228 9.454990 14.008484
v 9.727352 2.518588 9.879959
v 10.462738 13.178448 10.451402
v 14.138095 3.929169 10.531244
v 11.765876 13.546164 8.707189
v 15.862101 2.683884 8.023019
v 15.777674 3.505268 8.059353
v 15.694313 9.731611 7.252813
v 12.710109 11.004301 6.369386
v 15.223944 11.004820 7.875766
v 11.751942 11.145915 8.209972
v 16.657414 5.903052 5.947096
v 12.999408 9.848954 5.362819
v 12.260009 7.545898 6.652970
v 12.169168 5.585652 6.535920
v 13.979280 18.144876 5.575260
v 13.789391 17.409139 5.694462
v 11.670416 5.306439 7.421050
v 16.541424 11.762218 5.016884
v 16.707939 9.883719 5.037743
v 17.440445 3.486556 4.263256
v 17.008264 8.388341 4.579593
v 13.887419 14.057224 3.020210
v 14.478699 20.524673 1.779342
v 17.169075 10.435078 3.570138
v 17.233380 8.725175 3.797781
v 17.424494 13.388404 1.318260
v 17.591440 10.142978 1.833438
v 18.051750 4.264096 0.998441
v 17.687368 9.430713 1.527930
v 18.102582 3.797201 -0.298265
v 13.453372 8.794664 1.088437
v 6.765275 28.939217 -0.368072
v 6.638723 14.597531 0.496100
v 8.259312 6.471074 -0.627581
v 5.650720 24.772900 -6.729209
v 4.489177 23.458890 -6.575977
v 4.858420 22.702418 -6.680208
v 6.492873 19.647128 -7.103310
v 3.790164 14.260535 -6.772268
v 3.604717 24.920777 -6.294265
v 2.854205 18.193954 -6.364369
v 2.899349 30.693423 -5.859272
v 2.429725 27.287455 -5.902436
v 3.778348 40.453780 -5.464102
v 1.912339 7.206664 -6.424707
v 6.646235 4.890525 -7.725607
v 7.727864 20.294046 -7.165765
v 7.693226 15.419903 -7.412911
v 7.565019 17.741639 -7.292310
v 7.186468 13.515531 -7.455790
v 8.114980 1.871746 -16.101272
v 8.027563 10.355520 -15.321290
v 7.721426 11.758118 -15.263156
v 7.537701 12.478168 -15.244670
v 8.109466 3.532650 -15.972207
v 7.766992 5.829492 -15.923981
v 7.475715 7.285744 -15.907029
v 8.112146 13.017999 -14.836338
v 9.000406 11.242031 -14.667115
v 8.143251 8.791709 -15.461484
v 7.823955 0.686384 -12.006975
v 7.118940 10.448821 -13.106161
v 6.943500 7.955219 -12.883873
v 8.557866 9.819666 -12.606295
v 8.470459 11.036168 -12.800564
v 8.453098 9.001001 -12.531547
v 7.287311 9.699598 -12.964288
v 9.191268 6.046909 -11.977650
v 10.634254 9.507642 -13.790995
v 11.046216 8.747221 -13.568447
v 9.741215 5.632487 -14.968909
v 9.674305 8.378785 -14.673875
v 7.879720 2.396188 -7.952473
v 7.741615 11.944137 -7.563377
v 5.823796 40.259657 -5.709764
v 8.340458 19.661963 -7.220011
v 7.727027 30.428484 -6.560657
v 9.993584 18.829537 -7.158724
v 9.828949 21.203471 -7.044634
v 4.504049 10.518801 -16.499009
v 6.619017 9.998358 -15.941811
v 4.700771 9.832318 -16.535117
v 4.415691 8.297392 -16.761106
v 3.693902 3.965863 -17.248389
v 4.183666 7.576486 -16.876095
v 2.756238 3.022361 -17.467553
v 3.478957 14.306672 -16.248075
v 2.382097 8.241355 -13.955462
v 2.978052 12.202200 -14.272476
v 2.500779 11.271137 -14.238022
v 1.617079 7.041758 -13.916804
v 3.907393 7.929197 -13.697002
v 3.917014 10.859445 -13.977453
v 6.463208 10.746873 -15.917266
v 6.221708 2.997785 -16.699337
v 5.377038 5.729328 -13.175941
v 5.108867 8.441105 -13.465080
v 6.517656 2.939160 -12.612659
v 6.315005 10.553604 -13.356664
v 6.168739 12.262820 -15.821018
v 14.819465 18.682226 -5.230542
v 13.097847 9.671821 -6.896713
v 11.078468 17.493096 -7.050453
v 11.039548 16.098207 -1.757561
v 12.392068 21.321730 -1.630819
v 11.387349 21.609599 -1.977935
v 9.651552 12.097169 -1.460550
v 12.112893 33.598411 -2.920243
v 11.548007 27.167097 -2.309954
v 10.804676 18.639884 -1.887582
v 12.983960 16.321650 -0.774805
v 11.546203 35.701552 -3.294205
v 12.190544 30.984511 -2.543287
v 12.876135 33.519042 -2.812691
v 12.184444 35.840875 -3.443373
v 11.727787 18.134663 -6.853242
v 12.139526 35.042539 -3.208556
v 10.965148 25.870307 -2.260894
v 13.948898 32.733438 -3.740449
v 12.560751 34.318284 -3.017071
v 13.377210 31.592173 -4.710849
v 13.508186 32.232874 -2.354819
v 13.338907 25.754721 -1.393463
v 16.168038 21.632052 -3.096126
v 17.910258 4.261479 -1.697748
v 17.808321 3.827472 -2.223350
v 16.732061 10.489486 -3.809163
v 16.428223 13.555021 -3.923795
v 15.628538 8.583432 -5.360788
v 13.893828 24.962953 -5.300564
v 13.796797 25.852082 -5.265428
v 13.963570 26.754874 -5.027756
v 17.766747 9.707527 0.242950
v 17.955757 6.618355 0.369094
v 17.840038 8.415021 0.529824
v 17.675066 9.343020 -1.361984
v 17.687396 10.053762 -0.956490
v 17.764296 9.484958 -0.542597
v 13.492170 21.395360 -0.695656
v 13.358431 14.875545 -0.147408
v 16.738108 17.929467 -2.547894
v 10.470186 5.646866 -11.538351
v 9.770141 7.265936 -11.944999
v 9.158061 6.837237 -12.068630
v 11.940961 5.612095 -11.268376
v 11.038790 5.347529 -11.369639
v -10.940937 6.741639 8.482876
v -10.598494 8.193005 9.004988
v -11.431202 13.770560 8.797139
v -11.263628 12.276029 8.765329
v -11.706206 10.763036 8.002351
v -14.494230 10.842701 9.162985
v -14.788282 9.190344 8.930301
v -12.768954 12.986788 11.439528
v -12.916977 12.110074 11.389000
v -13.116721 13.547205 10.849913
v -12.440857 12.219482 11.968702
v -12.895033 17.345699 10.300869
v -13.717525 14.399928 9.736211
v -12.383857 18.477002 10.653958
v -12.433152 17.814162 10.875833
v -12.235648 16.839105 11.438322
v -12.673384 16.196660 10.943597
v -12.529326 18.862039 10.166148
v -12.553669 17.158283 8.251630
v -13.419323 8.217459 11.256163
v -14.406047 11.593448 9.177723
v -12.652106 9.718976 6.404739
v -12.943121 10.327213 5.988969
v -11.939567 14.305806 8.294316
v -11.967215 8.549620 7.319534
v -11.921402 9.279490 7.502137
v -14.902689 15.003640 7.222606
v -15.183668 15.102323 6.508814
v -15.613309 11.157189 6.833362
v -15.595802 13.147460 6.240810
v -16.268482 2.718896 7.008272
v -12.761831 9.908316 11.891198
v -12.981871 8.725619 11.760121
v -11.639648 3.776189 13.717195
v -11.444428 17.783541 12.251791
v -11.253376 17.076283 12.618320
v -9.805041 18.165344 10.854186
v -10.181319 15.444982 13.913591
v -9.224663 19.016525 11.305635
v -10.671064 12.533665 13.814490
v -9.152458 18.051265 11.208525
v -9.702925 20.445418 11.298386
v -6.946110 3.686452 11.067045
v -9.678795 18.615418 13.933543
v -10.014577 20.626056 13.258641
v -10.072594 19.874058 13.347792
v -9.094522 22.829118 13.679989
v -10.989248 8.776971 13.897313
v -8.965762 11.183394 15.203724
v -14.008849 4.494689 1.938471
v -14.372110 9.059511 2.020411
v -14.320779 8.274781 1.951844
v -17.056363 8.751452 3.204658
v -16.963074 11.028211 2.426767
v -16.940422 10.033849 3.152084
v -15.855696 14.465600 4.867438
v -15.671713 15.088305 5.113546
v -15.924631 15.013338 4.286586
v -16.487868 12.687215 3.660866
v -14.534478 16.620032 5.107092
v -15.796986 10.325870 6.585349
v -14.042138 12.445908 4.181415
v -13.850452 11.497662 4.348449
v -13.242499 11.071396 5.563690
v -17.622614 5.840186 1.618111
v -15.205278 12.637837 0.449935
v -15.416894 12.921038 -0.134813
v -14.490278 3.920726 -0.446530
v -14.948769 8.249910 -0.820617
v -14.794469 7.805911 -0.279641
v -14.140432 4.065409 1.271208
v -14.519267 8.876052 1.412968
v -17.150482 11.612509 0.352669
v -17.759975 6.653656 -0.788515
v -17.012418 12.451786 -0.010110
v -16.833905 12.948285 -1.118322
v -17.582038 8.173052 -1.383398
v -15.554655 12.636338 -0.736544
v -7.021190 10.517026 11.356727
v -6.749484 18.380854 11.866475
v -8.675097 9.573305 15.500892
v -7.413598 18.167687 15.375287
v -7.599695 20.617400 15.060877
v -7.734533 21.500291 14.875834
v -7.625096 22.462006 14.814240
v -7.139336 22.907109 14.979836
v -7.066870 23.881580 14.883769
v -7.156346 16.916988 15.593924
v -7.611877 25.119699 14.393525
v -7.474821 25.940190 14.322296
v -6.000297 23.211624 15.306090
v -4.819318 17.300963 15.930950
v -8.768305 22.143398 14.108735
v -8.228373 23.734009 14.240236
v -5.718933 21.112266 15.563662
v -8.453363 21.477200 14.451859
v -7.299510 23.474187 12.286663
v -7.641317 18.078575 11.726500
v -5.991130 27.209404 14.770900
v -6.349878 20.980416 15.454655
v -5.402943 26.911893 12.359751
v -5.470574 28.555898 14.661219
v -4.930721 29.172183 14.651714
v -4.754106 30.584513 14.405035
v -6.223292 12.793112 16.149202
v -4.854770 3.045934 16.800463
v -3.380438 14.773200 15.886483
v -2.825413 36.295995 11.742967
v -3.245389 33.481358 11.490951
v -1.341997 7.270192 15.464891
v -2.887432 15.310239 15.699445
v -2.990925 16.053315 15.682598
v -2.733604 11.932831 15.867129
v -1.926047 10.532496 15.598203
v -2.086532 14.073628 15.446509
v -2.010217 7.424683 15.830226
v -1.357826 10.327859 15.288743
v -0.213874 2.707696 14.907281
v -3.631497 24.095845 10.611982
v -2.655342 34.277362 10.377905
v -2.549856 33.880798 9.738607
v -2.463777 34.747433 9.715697
v -0.377088 38.220411 11.370330
v -2.712146 35.509642 11.004196
v 1.462021 23.915738 11.371417
v -2.273971 37.891611 11.038727
v -0.332025 40.290352 10.833564
v -1.940259 39.580016 8.738697
v -2.270849 36.170133 8.541134
v -3.216548 35.500357 12.237405
v -4.302684 32.400030 3.025074
v -6.527491 37.908272 -0.140030
v -6.532539 40.213236 -0.404486
v -4.950893 6.485212 3.429589
v -5.079487 15.973524 2.834255
v -4.754111 22.041921 2.987447
v -3.952416 35.421439 3.321853
v -1.321279 20.156117 -5.627356
v -3.569024 14.967672 -6.144957
v -2.778922 26.164780 -5.581927
v -4.672241 15.109742 -6.567425
v -4.427238 13.827886 -6.502687
v -4.276137 33.448456 -5.599232
v -4.024953 34.279581 -5.498752
v -4.671247 25.358194 -6.148500
v -5.441739 5.799959 -7.326883
v -8.793406 15.106752 -0.994852
v -9.442703 13.784284 -1.687780
v -7.970087 26.747842 -0.844493
v -8.264420 20.354222 -0.728655
v -7.132309 36.583066 -0.723921
v -6.266599 33.291135 0.501777
v -1.431124 51.339140 -4.021899
v -8.880021 28.736159 -2.143739
v -6.086905 37.678905 0.361471
v -6.034295 41.400057 0.074885
v -6.074550 45.612871 -0.507335
v -3.281763 39.233916 -5.064554
v 0.936829 9.971058 13.310428
v -0.973635 27.101398 13.624297
v 0.277123 16.912606 13.487215
v -0.339229 23.037755 13.531295
v 0.112907 20.911883 13.305518
v -1.107472 14.942055 14.810588
v -0.588042 10.100887 14.765074
v -0.429904 8.179917 14.762269
v 0.193222 24.442050 12.872556
v 0.405645 17.609855 13.301805
v -0.557029 30.412567 12.876572
v -1.289373 30.229381 13.452010
v 1.072770 12.631186 12.939619
v 0.886439 13.891850 13.068168
v 2.002520 2.389840 12.434646
v 2.102301 11.012110 11.627407
v 1.736953 13.535341 11.970678
v 1.301921 25.892243 11.379886
v 1.260405 17.501010 12.290560
v 2.077468 18.545749 10.968619
v 1.709932 23.191224 11.075587
v 1.453929 12.115919 12.491488
v 1.478524 8.643819 12.732220
v 1.778418 24.636351 10.797676
v 2.800585 21.433625 9.204727
v 2.985292 18.294741 9.163909
v 2.795050 22.397615 9.099184
v -2.525684 32.998160 7.841717
v -0.208123 43.318213 9.896732
v 1.732817 21.347395 11.247370
v 1.586695 28.240003 10.669233
v -1.966362 40.519722 7.785429
v 2.427337 15.119568 10.685854
v -3.447699 10.892509 7.933973
v -2.739844 28.992238 8.721357
v 3.291992 11.959874 9.124423
v 3.008904 14.697108 9.505598
v 2.605971 35.354712 7.603381
v 3.151441 21.108807 8.391622
v -1.360752 50.740727 5.896523
v 2.689078 25.390299 8.963795
v 3.568670 15.967918 7.855572
v -3.615037 15.224792 5.817342
v -2.479258 45.234176 4.970028
v -2.712311 30.535766 7.327250
v -2.230439 37.419231 7.798150
v 3.205327 25.671198 7.594878
v 3.985336 36.625023 3.543211
v 4.216507 30.585874 3.622489
v -2.346958 40.173086 6.379062
v -2.096001 39.714467 7.497755
v -3.035615 39.644680 4.619992
v -1.975983 43.108012 6.717020
v -1.812220 45.443796 6.537148
v 3.147518 34.780099 6.268149
v 2.321783 39.829421 7.387835
v -1.622434 43.626626 7.812624
v -1.750307 42.282950 7.976084
v 3.615810 41.239501 3.785760
v -2.596515 31.472146 8.255842
v -1.920563 41.783285 7.355267
v -1.694629 51.123416 5.194002
v -2.384943 35.587050 9.730569
v -1.839380 41.375374 8.017091
v 2.836694 27.749412 8.250420
v 2.796155 27.081248 8.454968
v 2.611189 33.940672 7.824568
v 2.840766 32.140955 7.564536
v -2.155863 41.803056 6.535162
v -1.248061 44.665833 8.490159
v -1.842927 40.040563 9.399478
v -1.898971 39.621957 9.942181
v -0.682224 46.404216 8.635675
v -3.570230 13.298619 6.246998
v -3.841452 5.974475 5.949634
v -3.994921 21.466131 4.310813
v -4.133695 24.194561 3.832823
v -4.589906 6.480002 4.035111
v -3.643892 36.072974 3.813984
v 3.743889 45.494069 2.787281
v 3.977895 42.063058 2.797805
v 3.805023 43.699506 2.921482
v 4.515549 5.918731 5.496003
v 3.983737 17.587965 6.181164
v 4.503003 13.895183 4.618964
v 4.534886 14.580825 4.416857
v 4.350406 18.154096 4.683085
v 3.761043 27.152872 5.569982
v 3.836456 23.849917 5.800322
v 4.900051 18.081920 3.076906
v 4.187272 25.922720 4.285110
v 0.227835 46.181893 -4.548499
v -15.040790 8.813629 -0.937695
v -15.047732 7.035904 -1.845120
v -15.614122 8.984959 -2.911657
v -15.390361 8.411577 -2.568723
v -15.801769 10.764121 -2.459350
v -17.176888 10.150595 -2.290396
v -17.682585 5.636178 -2.857015
v -15.963528 8.055754 -4.046215
v -16.821439 10.135198 -3.176228
v -15.805467 9.051287 -3.351538
v -9.613342 19.714592 -2.353523
v -9.717377 29.920107 -3.643014
v -9.896017 30.581983 -4.078627
v -6.420420 25.286180 -7.162576
v -10.035227 31.952518 -4.639232
v -10.577870 19.307175 -3.833809
v -10.158935 27.300190 -4.054352
v -10.658465 25.764775 -4.868306
v -10.315933 29.438323 -4.760240
v -10.891937 9.709458 -3.470814
v -10.863295 5.097800 -3.086363
v -7.305958 23.283460 -8.430230
v -7.538459 27.403301 -8.315781
v -7.022565 32.568150 -7.095959
v -7.407552 34.855669 -7.193964
v -12.597523 4.072090 -6.931923
v -11.720003 20.844405 -7.114758
v -10.315315 32.981316 -5.686209
v -11.349282 25.799388 -7.121301
v -11.476877 25.208054 -7.618305
v -11.239804 27.113796 -7.120210
v -11.788324 22.073659 -8.306408
v -11.856667 20.782993 -7.995685
v -16.171695 4.314749 -5.557299
v -11.552008 24.732613 -9.452170
v -7.461662 22.248022 -11.183031
v -11.673101 17.192389 -11.545901
v -11.427998 8.875652 -13.132929
v -12.783626 3.297902 -10.646801
v -8.745522 15.926261 -14.936254
v -8.881339 17.453413 -14.701683
v -8.440939 8.885109 -15.683527
v -7.688650 9.281532 -16.010143
v -9.883441 13.112299 -14.410619
v -9.653693 16.452439 -14.270941
v -10.111027 16.916474 -13.834209
v -6.953713 15.003166 -11.204579
v -7.692040 26.502787 -11.827338
v -7.266386 21.660588 -11.566863
v -6.960832 21.439828 -12.110223
v -9.172605 25.846722 -13.357072
v -7.567807 24.346230 -11.427250
v -7.357149 23.677529 -11.811397
v -7.522830 24.966133 -11.780822
v -7.605041 25.646356 -11.777903
v -8.023479 27.548337 -11.020938
v -6.711402 21.884859 -12.539058
v -7.370243 26.116902 -12.582606
v -8.523779 22.364939 -14.315625
v -6.640750 15.382550 -15.904499
v -5.552869 9.785750 -16.673608
v -4.516805 12.402757 -16.682841
v 5.601935 15.899308 1.839183
v 5.517489 21.754201 1.641034
v 5.891174 24.268194 0.948905
v -0.102185 27.783088 -5.415151
v -0.814375 43.553929 -4.654597
v -0.959794 36.943767 -4.998071
v 0.553544 48.854171 -4.365158
v 0.843875 44.845260 -4.705915
v 6.786654 19.111702 0.133870
v 0.076512 52.771654 -3.939539
v -0.740642 51.584954 -4.021749
v 3.193385 35.616014 -5.668120
v -0.783441 36.076973 -5.046692
v -2.385554 29.441621 -5.384458
v -1.263825 44.256947 -4.601788
v -2.205635 40.455803 -4.866639
v 0.373394 52.042812 -4.032015
v 0.718731 51.252465 -4.149471
v -0.051067 51.375077 -4.077676
v 0.521006 54.061868 -3.793987
v -0.171349 54.400418 -3.679483
v 5.100677 30.880758 1.702310
v -4.321043 40.268084 2.349800
v -4.382815 36.242156 2.590028
v -5.593801 41.344293 0.609942
v 2.064551 55.872479 3.465430
v -5.133031 18.481848 -13.531655
v -7.184418 12.559374 -15.959847
v -5.428578 19.847673 -13.527045
v -6.924070 18.907395 -15.417729
v -3.690578 11.670416 -13.581986
v -3.157328 15.169468 -14.112196
v -4.139905 16.525713 -13.875615
v -4.297892 4.060748 -17.333936
v -3.290847 8.277574 -17.206498
v -4.105545 8.375043 -17.084382
v -2.883411 8.811952 -17.204547
v -2.127709 13.749403 -14.234962
v -2.241962 15.234891 -14.383179
v -2.485308 17.530425 -14.651677
v -3.213976 17.305373 -14.356764
v -1.924956 16.886840 -14.704203
v -3.680078 18.611165 -14.388794
v -4.130090 19.307106 -14.291262
v -3.299590 18.931577 -14.624184
v -3.422127 19.644924 -14.759848
v -0.911104 14.538504 -14.562178
v -2.772624 19.166592 -14.937627
v -0.630714 13.929521 -14.514541
v -0.864221 16.013004 -14.774721
v -1.515525 17.045621 -16.324006
v -4.643995 11.690742 -16.721432
v -3.768719 19.236131 -15.885120
v -1.876170 2.241996 -17.732427
v -0.258576 8.462815 -17.313277
v 0.412435 8.107940 -17.329857
v 0.965822 14.689632 -16.562618
v 0.519162 13.901844 -16.729366
v -0.129318 9.122449 -17.255601
v 3.144360 8.805585 -16.951160
v 5.110187 2.587377 17.449425
v 5.311927 3.900605 17.254208
v 4.889556 8.728779 16.428607
v 5.800909 11.612778 15.406827
v 9.350236 6.790536 15.002756
v 8.996823 7.546449 15.167850
v 8.363201 10.563960 15.145249
v 9.752529 8.332807 14.529526
v 9.961161 6.494359 14.574876
v 12.167291 9.757896 12.155032
v 12.051461 7.297452 12.608353
v 12.227142 9.109693 12.177612
v 12.375373 8.287563 12.123698
v 10.822082 8.392527 13.634522
v 10.933367 7.486094 13.646963
v 9.216914 2.735785 10.466983
v 9.381853 7.319968 10.770569
v 9.438618 12.939660 11.580942
v 9.878929 14.594362 11.524110
v 9.958578 13.091566 11.035431
v 9.671529 13.800676 11.518198
v 11.630124 11.096612 12.495598
v 13.007352 12.491318 10.750323
v 11.836770 11.774497 12.170917
v 9.066232 12.007555 11.784022
v 11.405247 14.572097 9.575531
v 13.861007 7.386107 10.489644
v 13.073095 13.303324 10.510860
v 12.132781 14.095315 8.240617
v 12.153544 14.892178 8.423639
v 12.159905 13.340198 7.969374
v 10.491642 2.819273 8.946167
v 10.883362 11.145322 9.519018
v 10.590215 7.457814 9.354367
v 11.746953 15.165582 9.196880
v 13.744740 10.453593 10.178758
v 13.282631 10.762591 10.722627
v 11.041644 14.080268 9.926644
v 11.461183 7.282851 8.051846
v 11.045894 2.962806 8.161778
v 15.553435 7.835238 7.842784
v 15.273198 9.918824 7.976111
v 14.145608 7.836592 10.041750
v 16.148645 8.246464 6.647347
v 15.913204 9.076573 6.974088
v 17.138062 2.924237 5.259621
v 16.090866 11.916177 6.057372
v 16.259536 8.957865 6.269454
v 12.105550 2.147752 6.197776
v 12.432564 8.169373 6.408298
v 16.558526 10.776277 5.214092
v 16.966862 2.380967 5.764692
v 16.501853 13.502726 4.714305
v 14.384935 18.860770 3.167272
v 17.684616 3.419988 3.432411
v 16.956197 12.522818 3.714840
v 17.192566 9.558320 3.708206
v 14.083123 17.356470 1.440691
v 14.023574 16.695758 1.456717
v 14.214715 18.335365 1.717948
v 14.193862 17.605340 3.541296
v 16.855933 14.145418 3.543211
v 16.279475 16.528855 4.386921
v 16.718881 13.683825 4.072141
v 13.675387 13.288974 4.061615
v 14.500957 19.519534 3.686310
v 16.332062 17.298226 3.983030
v 13.955707 15.020436 1.881376
v 17.251657 13.822078 2.098661
v 15.630893 21.590107 3.494411
v 12.917040 3.177039 4.242362
v 13.576798 12.620142 4.234063
v 12.871518 2.347593 4.234427
v 13.706561 16.074448 5.189723
v 14.009697 16.062687 3.785391
v 15.110795 17.078869 6.516614
v 13.359219 16.573478 6.520858
v 13.761900 18.024637 6.350665
v 15.509235 14.938603 6.467465
v 15.442601 13.009906 7.070015
v 15.805171 12.470863 6.499478
v 15.462557 18.181930 5.510455
v 17.179216 11.961785 3.086791
v 17.349566 12.326013 2.269183
v 17.585589 11.968219 0.827472
v 16.783267 18.974639 1.904939
v 13.448007 12.452122 0.395923
v 17.258971 16.482439 -0.566712
v 14.368731 19.830022 1.654128
v 14.029266 15.661773 2.404317
v 14.901202 23.014797 1.756629
v 7.020303 15.219780 0.053321
v 7.690659 14.366328 -0.489981
v 4.503529 15.743539 -6.901826
v 4.636396 18.614652 -6.819284
v 3.501301 20.513337 -6.455621
v 4.572160 25.671539 -6.486217
v 4.426927 21.516917 -6.643163
v 2.954412 15.501560 -6.491391
v 2.502846 36.019737 -5.499079
v 2.739830 28.784518 -5.909924
v 4.793867 29.190880 -6.340127
v 2.618406 37.673117 -5.421438
v 3.357629 30.103135 -5.989978
v 5.655916 30.563339 -6.409732
v 6.185226 31.138506 -6.433574
v 3.966677 31.618734 -6.048775
v 3.201523 37.160700 -5.573885
v 6.255958 35.662771 -6.124617
v 5.697019 37.807836 -5.911827
v 6.260311 25.380095 -6.778247
v 7.434701 12.718621 -7.511408
v 5.992910 31.998352 -6.360088
v 6.797807 31.741570 -6.439837
v 6.955013 30.839736 -6.513608
v 7.985813 21.938781 -7.094668
v 7.276548 37.813447 -5.952091
v 7.073805 35.168558 -6.184318
v 6.741055 10.712868 -7.522497
v 7.630535 3.057555 -16.212553
v 7.916848 10.270121 -12.838510
v 7.874272 8.721126 -12.688325
v 7.916786 5.241734 -12.326902
v 7.911087 6.823196 -12.472490
v 9.260052 11.166884 -12.655328
v 10.207096 8.074990 -14.361779
v 7.579053 10.543897 -7.612368
v 7.463406 22.485174 -7.044487
v 7.248797 24.256398 -6.931312
v 10.625885 15.389038 -1.745972
v 7.256015 34.189008 -6.264272
v 12.865140 18.758691 -6.420373
v 13.020583 20.247818 -6.240630
v 5.368467 9.460617 -16.390128
v 4.051205 12.117796 -16.422026
v 4.142772 11.303230 -16.510279
v 3.577006 8.070088 -16.949801
v 2.630114 5.902655 -13.743217
v 2.400673 15.613375 -14.831239
v 0.858145 16.218571 -14.981372
v 4.707208 7.616327 -13.494506
v 3.795352 12.920599 -14.246655
v 4.378139 14.361810 -14.349795
v 7.214881 6.540868 -16.085483
v 6.170079 14.581147 -14.033998
v 6.208530 9.106790 -13.225478
v 6.125841 12.143330 -13.604226
v 6.518620 4.242713 -12.703433
v 6.665185 4.999518 -12.715106
v 7.761072 11.117826 -13.006800
v 8.204829 12.689617 -13.139809
v 8.300434 11.843858 -12.963952
v 5.803103 13.938257 -13.961856
v 14.544637 24.625957 -4.802384
v 14.879471 25.263513 -4.374554
v 15.152346 23.012394 -4.399918
v 15.206684 10.462034 -5.594391
v 14.880074 13.548658 -5.625899
v 15.247065 7.239567 -5.793416
v 14.567120 10.248005 -6.089065
v 14.093967 9.984918 -6.397927
v 13.510050 4.248053 -7.001617
v 8.210386 42.938495 -5.092722
v 8.743097 42.322587 -5.008267
v 10.599515 28.259438 -2.396068
v 11.184069 32.232695 -2.786460
v 14.187253 23.316749 -5.260471
v 13.993318 19.352523 -5.780219
v 16.838637 17.163775 -2.464208
v 16.563354 17.465167 -3.087119
v 16.939320 8.531768 -3.681533
v 17.126698 10.762858 -2.987828
v 17.511905 3.015654 -3.194453
v 16.617538 14.784118 -3.430976
v 16.622244 15.655449 -3.301489
v 15.968910 17.497715 -4.105119
v 15.293521 28.267298 -3.111900
v 15.266804 28.903320 -2.917955
v 16.848203 19.919210 -1.441494
v 16.017726 22.486572 -3.219433
v 15.963109 23.884726 -3.005026
v 15.112474 25.987890 -3.974785
v 16.344642 22.160303 -2.543124
v 15.708146 25.239351 -3.163133
v 15.997235 24.680698 -2.680530
v 15.445933 27.571804 -3.038623
v 15.565700 25.955912 -3.256298
v 14.090923 20.803208 0.423740
v 14.288317 21.717383 0.630043
v 15.730510 21.901887 -3.806458
v 15.740786 27.201128 -2.407295
v 14.692580 30.452669 -3.475719
v 14.979539 30.462839 -2.832199
v 14.914897 28.835990 -3.611495
v 16.215035 23.903206 -2.345189
v 14.636831 29.749185 -3.770908
v 14.327466 18.463284 -5.631424
v 14.383583 27.754240 -4.509775
v 14.422858 27.028376 -4.587354
v 16.809449 3.310003 -4.414978
v 16.667251 7.104501 -4.277705
v 16.448283 8.742103 -4.420049
v 15.837267 2.993242 -5.559303
v 16.179616 9.531175 -4.691777
v 16.044473 11.487574 -4.667030
v 17.848268 8.238442 -0.303765
v 18.154503 2.933068 -0.096183
v 17.497967 13.502099 -0.178124
v 17.673260 10.828513 -0.487826
v 17.427754 13.944741 -0.854008
v 16.746108 21.686572 -0.633946
v 16.869325 20.318954 -1.003605
v 12.390138 16.100136 -1.305160
v 12.123440 7.204687 -12.633059
v 12.210739 6.542163 -12.733069
v 11.984648 4.973864 -13.355632
v 11.077680 9.628227 -12.130001
v 9.700389 8.792862 -12.148542
v -11.076619 8.690960 8.533718
v -11.203499 15.046266 9.267457
v -10.694446 10.239635 9.129299
v -11.174758 10.872408 8.682025
v -11.681147 7.837593 7.649861
v -12.847165 16.479460 7.634257
v -12.952165 17.853197 8.091824
v -13.327714 16.769493 7.052387
v -14.033887 17.476682 7.813071
v -12.328118 14.294680 11.811156
v -12.345111 15.941024 11.470179
v -11.755682 17.008086 12.022716
v -12.240832 1.689953 5.982083
v -12.973313 7.876239 5.479490
v -13.411759 13.699552 5.916458
v -11.307167 14.907646 12.904271
v -10.848594 17.947662 12.914899
v -10.664762 18.844288 12.934791
v -11.799530 14.648457 12.391853
v -11.080671 14.166774 13.239588
v -11.106536 18.457290 12.502698
v -10.184871 19.108016 13.390568
v -11.240685 19.839606 11.939100
v -11.540688 9.002285 13.361635
v -8.060499 9.306630 10.977332
v -8.829298 10.421126 15.346498
v -8.587751 19.232001 14.667160
v -9.138912 18.032007 14.421403
v -13.611300 5.683911 3.540858
v -14.134069 14.925364 4.854392
v -14.558321 11.603744 2.344447
v -13.553098 11.583209 5.041933
v -13.861763 14.514304 5.264215
v -12.843663 7.243757 5.618127
v -14.072355 13.988174 4.629849
v -14.382574 14.585810 4.109147
v -12.671565 2.863527 5.309369
v -13.604381 14.471387 5.815439
v -15.216727 11.455480 -0.262518
v -15.082495 10.706353 -0.152554
v -16.483218 14.859027 0.801145
v -15.142430 10.144124 -0.646829
v -15.360092 10.387648 -1.413716
v -15.663075 14.438953 0.288103
v -14.970095 11.877836 0.972775
v -7.056689 21.670519 12.107120
v -7.629669 3.930868 10.881426
v -7.949404 19.928757 11.830397
v -6.553758 23.726282 12.286807
v -8.343588 22.868489 12.133431
v -7.811039 22.100366 12.116138
v -7.162366 24.926282 12.501853
v -9.250354 22.837022 11.961415
v -6.366576 28.725802 13.028139
v -8.237072 15.976452 15.209804
v -6.568850 26.599545 12.646664
v -6.842845 27.333310 12.864541
v -7.405944 25.582364 12.617713
v -5.801661 29.506784 12.919652
v -4.659868 21.739297 15.541253
v -5.523838 15.278674 16.065130
v -5.481238 13.880489 16.163838
v -3.778514 19.641987 15.622259
v -2.971281 19.197843 15.440718
v -3.000386 20.924968 15.301826
v -5.334241 21.763633 15.537978
v -2.326139 9.989748 15.823464
v -2.844104 10.352017 16.003178
v -4.346271 20.374756 15.647786
v -3.813742 14.110114 16.038042
v -3.650510 31.446563 11.636995
v -3.522655 32.862223 11.754525
v -3.363997 34.392390 13.465732
v -1.749570 28.868057 13.910793
v -2.895904 29.065898 14.414530
v -1.703923 3.397006 15.888462
v -1.342919 19.992276 14.569953
v -2.184271 26.973594 14.377904
v -1.825250 32.857671 13.366713
v -1.426609 25.912250 14.068532
v -1.517928 26.654497 14.045594
v -1.974611 30.056554 13.888402
v -2.811234 31.632000 14.002563
v -1.526483 34.289503 12.953894
v -7.051602 5.805701 1.132921
v -6.257771 34.264516 0.434968
v -2.979029 28.806308 -5.508986
v -0.673516 50.887212 -4.098696
v -3.602987 31.986084 -5.509188
v -3.022264 36.881992 -5.152806
v -3.421811 40.149261 -5.034926
v -8.454752 35.806970 -2.394786
v -4.337005 37.223480 -5.407643
v -4.622748 12.551088 -6.636104
v -8.784405 13.676268 -0.894177
v -8.137255 29.077905 -1.216097
v -7.080336 39.704312 -1.007262
v -7.651871 36.244760 -1.328633
v -2.870924 44.625428 -4.649994
v -2.397104 45.271512 -4.569035
v -2.655044 42.852777 -4.763377
v -5.756644 26.604929 -6.603827
v -8.118997 36.404233 -1.984155
v -7.890714 38.352142 -1.923336
v -7.769545 41.625915 -2.274795
v -8.352823 39.281465 -2.796714
v -7.489080 44.761057 -2.509868
v -7.572635 42.410658 -2.120071
v -7.389320 43.214970 -1.988334
v -7.097499 42.694280 -1.447963
v -0.191032 3.612874 14.834702
v -0.484492 16.128583 14.245498
v 0.879851 20.154621 12.533141
v 0.617981 21.972171 12.669568
v 1.191396 28.185992 11.254839
v 2.321254 33.418879 8.563826
v 2.581152 31.917016 8.249887
v 1.957185 30.493870 9.738528
v 2.059232 29.119175 9.732125
v 2.509410 27.831984 9.015727
v 1.635747 33.334870 9.856803
v 3.042023 26.392237 7.918729
v 3.372815 24.434269 7.283469
v 3.580169 21.201274 7.101358
v 3.311518 26.295076 7.172326
v 3.085650 31.300126 7.054048
v 3.833773 24.653177 5.687332
v 2.281746 38.481679 7.726178
v 2.781936 30.544113 7.988519
v 3.307690 27.569771 6.996410
v 2.764545 38.446633 6.614564
v 2.603853 39.914355 6.719656
v 2.738856 36.879910 6.988472
v 3.208452 39.881005 5.141314
v 3.425030 36.833881 5.065026
v 1.761619 45.630650 7.197967
v 1.984529 44.706152 7.000234
v 2.812315 34.535821 7.234836
v 2.208703 41.917554 7.213631
v 1.919452 46.240484 6.757285
v 1.957272 33.541415 9.275987
v -1.112522 44.105170 9.153171
v -4.180807 28.169764 3.512769
v -3.496671 42.257520 3.419480
v -3.843281 39.358685 3.156538
v 4.604466 17.042892 3.958343
v 3.554649 40.460680 4.076836
v 3.666006 31.699871 5.173362
v 3.777445 34.234939 4.426567
v 2.911467 45.792484 4.694402
v 3.387288 42.783074 4.115790
v 3.959010 32.883366 4.083322
v 3.241877 45.898476 3.858738
v 4.929630 26.912052 2.357264
v 4.450764 39.964823 2.094962
v 3.936515 47.326616 2.067718
v 3.891114 41.314061 3.112923
v 4.730578 23.569683 3.011079
v 4.340730 12.821601 5.394412
v 3.763927 28.958404 5.282058
v 4.476893 4.547388 5.859329
v 3.514100 32.492862 5.527497
v 3.180334 33.910142 6.326382
v 2.188323 49.569772 5.368914
v 2.943781 42.109755 5.401470
v 3.376435 26.885782 6.887909
v 3.033004 38.625931 5.871067
v 3.523264 26.179911 6.498420
v 2.843635 41.432956 5.815599
v 2.909517 40.046836 5.924665
v 2.914246 33.608075 7.134218
v 3.006591 34.403189 6.722522
v 3.704985 18.126768 7.134177
v 3.982223 12.141752 6.964194
v 2.807542 39.271641 6.335006
v 2.431556 48.966574 5.020750
v 3.072184 46.493856 4.161264
v 2.273350 51.314495 4.687583
v 1.975326 53.020438 4.713540
v 2.779186 49.042258 4.275137
v 2.217677 43.811902 6.756487
v -0.442288 53.743567 5.923987
v 4.496430 19.430610 4.053034
v 4.482003 21.501154 3.886922
v -17.092999 8.302852 -3.574975
v -6.539256 20.348600 -7.610598
v -6.481954 18.188976 -7.689508
v -6.965067 29.649715 -7.349419
v -5.783613 27.417975 -6.574879
v -7.529089 32.212007 -7.659366
v -7.598204 31.361835 -7.853828
v -10.195138 35.294506 -6.365082
v -9.449521 38.996087 -5.479019
v -9.594577 38.683231 -6.056772
v -6.153453 33.736532 -6.393910
v -6.068157 34.585884 -6.274646
v -5.484605 36.768993 -5.819925
v -5.542580 33.332841 -6.104731
v -5.399688 36.084374 -5.836884
v -9.205914 36.091053 -3.742186
v -7.680676 24.409977 -9.189976
v -7.692220 25.279817 -9.037292
v -7.919650 29.177987 -8.757054
v -7.277757 15.725788 -9.644904
v -7.820378 24.793167 -9.894505
v -7.338980 16.477930 -9.851390
v -11.286817 27.892115 -8.211570
v -11.368747 26.949376 -8.061377
v -11.181034 28.570882 -7.696598
v -11.381318 26.814121 -9.080167
v -12.199989 3.419276 -12.398652
v -11.410079 25.264261 -10.034651
v -7.946299 26.195780 -10.120164
v -12.130431 13.819889 -10.894237
v -9.327646 12.935050 -14.839259
v -9.109715 16.563925 -14.648573
v -7.532870 10.931938 -15.955953
v -9.518758 19.452705 -14.050386
v -9.145738 22.772007 -13.885213
v -9.621314 22.344870 -13.586854
v -10.082327 23.413107 -13.011894
v -8.800747 27.304075 -13.265512
v -10.974572 19.775428 -12.434203
v -11.339260 17.587892 -12.172746
v -8.767787 26.617727 -13.447060
v -8.918834 28.062953 -13.020854
v -7.568640 17.513527 -15.360239
v -6.942316 10.867490 -10.692545
v -7.850637 26.084032 -10.985409
v -7.992379 26.937752 -10.514541
v -7.765486 24.340287 -10.632848
v -8.153534 28.283102 -10.750280
v -8.237199 28.957205 -10.541030
v -7.910137 26.838701 -11.208822
v -8.063933 28.300984 -11.500989
v -8.450670 31.851021 -9.455821
v -7.623427 18.251447 -15.253736
v -7.907459 16.945734 -15.260993
v -8.066734 25.001137 -14.065644
v -7.857051 22.090552 -14.667282
v -8.444559 21.685082 -14.457405
v -8.240235 20.517620 -14.715922
v -6.223124 18.417196 -15.678825
v -7.672444 19.098914 -15.138035
v -5.873374 8.446196 -16.695552
v 5.894453 21.509851 1.089212
v 4.741551 32.182694 2.300073
v 4.349146 42.066209 2.027052
v -2.346417 54.275344 3.245269
v 4.231687 46.750518 1.577903
v 6.592084 23.271030 0.117557
v 5.680375 18.551296 1.571088
v 6.128071 14.783233 1.107559
v 1.455301 31.222610 -5.517914
v -0.734369 44.993746 -4.565942
v -3.597813 13.470398 -16.716378
v -3.766133 14.152741 -16.630234
v -2.823015 9.492757 -17.152318
v -1.705422 8.544775 -17.308616
v -1.053265 8.007221 -17.369967
v -5.236056 19.448825 -15.744762
v -1.884875 10.548499 -17.135284
v -2.199337 16.958048 -16.357054
v -1.023499 16.400083 -16.430878
v -1.895706 14.057223 -16.776038
v -2.323546 5.598670 -17.494914
v -1.819846 7.666174 -17.369582
v -2.445837 11.171973 -17.041608
v -2.160189 14.758745 -16.679925
v -2.661256 17.497574 -16.262449
v -1.176961 11.877380 -17.016194
v 1.409093 10.956655 -16.982806
v 1.229724 11.718351 -14.340912
v 0.365356 15.266331 -16.539147
v 0.378043 16.052782 -16.391984
v 1.173201 11.697845 -16.926890
v 1.524454 7.301360 -17.309555
v 2.100895 7.749134 -17.206583
v 7.678418 10.539795 15.520889
v 7.908486 11.423838 15.254018
v 7.917885 12.249900 15.095141
v 7.308908 12.097129 15.380060
v 8.351796 12.859194 14.749727
v 8.977355 10.634572 14.762006
v 5.493644 10.133344 15.048115
v 8.959743 12.641590 14.414098
v 8.679126 14.199854 14.235633
v 10.452961 15.653604 12.520156
v 10.984084 13.418308 12.684836
v 11.295776 11.876206 12.702720
v 9.798893 15.262864 11.841517
v 9.863040 14.364760 13.391899
v 9.593937 12.402895 14.019594
v 9.107973 11.894129 14.453854
v 9.133183 13.598478 12.023040
v 9.378839 14.537661 12.036862
v 12.172657 12.152890 11.754303
v 12.114137 13.769784 11.500057
v 11.581002 14.360563 11.917861
v 12.080554 12.981678 11.681483
v 12.494460 12.529184 11.336835
v 10.719534 15.272889 10.714285
v 11.174033 12.764235 12.662248
v 11.013572 14.102849 12.515970
v 11.047490 11.093391 13.037521
v 13.051355 14.969058 10.138090
v 12.675450 14.753161 10.644064
v 13.052947 2.174058 12.069078
v 12.588854 13.131847 11.122987
v 11.854909 7.608753 7.445705
v 12.118238 9.105090 7.211609
v 11.938334 6.224926 7.061372
v 12.011311 11.909771 7.929561
v 12.428041 13.766265 7.602549
v 11.860328 12.774851 8.361943
v 13.561358 13.374358 9.865896
v 16.030100 13.602076 5.768621
v 15.800696 13.250451 6.341291
v 15.476980 15.759340 6.272373
v 12.710264 13.824883 7.038381
v 16.318325 11.352015 5.663789
v 16.646581 14.979744 3.863961
v 16.732237 12.965769 4.214201
v 16.108438 20.183581 3.346724
v 15.907608 19.714976 3.952055
v 16.178626 14.908888 5.088962
v 16.491196 14.370820 4.484080
v 16.406084 15.190607 4.468701
v 15.510725 19.921151 4.573898
v 17.625287 8.843934 2.183433
v 17.770550 9.228918 0.808896
v 17.698065 10.136064 1.008658
v 17.320294 15.864725 -0.009604
v 17.140135 17.926128 0.058556
v 16.940611 19.635278 0.499585
v 17.436929 14.372412 -0.034254
v 17.067999 18.606216 -0.481453
v 16.943909 18.881830 1.114288
v 16.585478 21.468156 1.299299
v 16.660190 20.664919 1.435135
v 16.454923 21.078373 2.018676
v 16.855899 16.680643 2.596858
v 16.647142 21.913435 0.609515
v 16.533970 22.792111 0.554177
v 16.673188 22.369580 -0.261984
v 16.772878 21.453238 0.023079
v 16.546097 23.160617 0.018560
v 14.468985 23.868307 0.357099
v 14.384012 23.093697 0.407362
v 16.846410 20.848371 -0.515756
v 16.942538 19.962762 -0.306325
v 14.851938 25.813695 0.347848
v 13.810590 20.018660 -0.003796
v 4.994033 42.122434 -5.473229
v 8.053062 12.420842 -0.686211
v 4.623845 14.274198 -6.992625
v 5.099362 27.810573 -6.483588
v 2.659154 57.297813 1.719920
v 5.024502 36.647111 -5.919016
v 2.775276 38.527185 -5.401635
v 3.906779 35.005612 -5.848839
v 4.836116 47.686688 0.371651
v 4.267972 44.531941 -5.180857
v 3.727765 43.888324 -5.173325
v 3.882517 43.013713 -5.261828
v 3.801857 37.368507 -5.675192
v 4.388523 32.280097 -6.099144
v 2.751621 48.108655 -4.665121
v 3.008893 47.466794 -4.756364
v 4.204164 45.536427 -5.077673
v 4.551957 40.503111 -5.565835
v 3.165343 46.554977 -4.858326
v 3.997246 41.280257 -5.429995
v 4.316512 39.615447 -5.605521
v 5.036603 30.616404 -6.307611
v 4.971299 37.361613 -5.859328
v 4.749109 35.233637 -5.983858
v 4.344088 37.732000 -5.748152
v 5.750240 41.102048 -5.624646
v 6.013554 46.686800 -4.910164
v 5.979707 46.043460 -5.020191
v 5.239094 40.657008 -5.625466
v 5.372389 47.914537 -4.796877
v 5.638730 47.220482 -4.879131
v 7.828550 31.076340 -1.439810
v 6.776099 48.654630 -4.192585
v 4.364316 48.856256 -4.695675
v 4.584844 48.025815 -4.809432
v 4.190158 47.264987 -4.883177
v 6.604714 43.894810 -5.271675
v 6.566941 45.480554 -5.037535
v 7.808350 27.484524 -6.756734
v 7.020646 42.540679 -5.419746
v 7.473692 41.883044 -5.446404
v 7.365284 41.020737 -5.584458
v 7.580430 8.092891 -12.701281
v 9.492947 12.582226 -13.991080
v 7.978251 14.279945 -13.597508
v 9.625948 10.471878 -12.438559
v 10.760834 8.026204 -13.959273
v 8.819786 12.826807 -14.459898
v 9.526160 11.711896 -14.216812
v 7.369299 32.354057 -6.417456
v 7.798442 36.466951 -6.056003
v 10.760836 34.284102 -5.720741
v 7.210000 38.691916 -5.859898
v 7.172137 39.477156 -5.776686
v 9.097623 35.637231 -5.982279
v 9.533766 34.449218 -6.029373
v 7.937258 39.178058 -5.748399
v 7.251924 44.968847 -4.978937
v 7.419320 46.382555 -4.572218
v 7.198551 43.413695 -5.278072
v 8.026440 41.298749 -5.445346
v 8.438383 29.705687 -1.749657
v 10.147434 20.217368 -1.903731
v 9.623100 25.418711 -2.033266
v 8.794472 25.515276 -1.699021
v 9.025561 6.209654 -1.042882
v 8.672069 20.402399 -1.378932
v 11.109322 22.879504 -6.703127
v 10.701404 22.170013 -6.839482
v 11.188164 24.474554 -6.568253
v 11.064443 26.792318 -6.414841
v 9.482840 31.307694 -6.354530
v 10.930102 28.430318 -6.311044
v 11.123289 30.220682 -6.079582
v 11.202355 26.045835 -6.438242
v 13.266995 29.094529 -5.211954
v 12.907516 29.709482 -5.353419
v 10.830189 30.904612 -6.093611
v 12.298377 10.853535 -7.110696
v 12.174905 14.424324 -6.952969
v 13.552856 10.192749 -6.665339
v 9.071194 31.978152 -6.351356
v 10.429578 32.257339 -6.056266
v 10.496928 36.302386 -5.516771
v 9.889847 36.833828 -5.641142
v 10.016641 37.565633 -5.477219
v 10.419621 30.083764 -6.283620
v 10.377727 22.938442 -6.849463
v 10.751538 37.921599 -3.550375
v 9.928238 23.758546 -6.868317
v 9.910963 22.260641 -6.966502
v 1.726609 10.314475 -17.016752
v 4.022234 12.926211 -16.313588
v 3.323756 12.620310 -16.516710
v 1.819662 12.853006 -16.725358
v 5.967703 13.064994 -15.775785
v 5.450565 12.467682 -16.025398
v 5.827161 5.295408 -16.648264
v 5.741403 7.029793 -16.521505
v 4.999253 7.569700 -16.685460
v 5.578228 14.884373 -15.544118
v 4.593073 13.253052 -16.155043
v 5.522131 15.836037 -15.262848
v 7.004377 14.095949 -15.192166
v 6.274464 14.446779 -15.411917
v 6.210881 15.448980 -14.266305
v 6.551838 5.976750 -12.832904
v 15.880985 6.829250 -5.249197
v 16.346416 3.172658 -5.017838
v 15.392267 3.541613 -5.911713
v 14.717273 3.775101 -6.380607
v 12.891417 16.527743 -6.565527
v 14.788010 27.487195 -4.101834
v 14.020645 28.555135 -4.707156
v 13.272114 22.283291 -5.947638
v 13.400187 26.587270 -5.445773
v 13.405930 28.236994 -5.233288
v 13.077041 25.995598 -5.701129
v 12.626116 28.499034 -5.670482
v 12.364845 27.133619 -5.928861
v 13.323519 30.865141 -4.910651
v 12.951872 27.004147 -5.662620
v 14.727833 22.850531 -4.853725
v 14.808166 21.286912 -4.969394
v 14.908567 16.216500 -5.384676
v 10.854137 36.179939 -3.249430
v 10.124789 38.487509 -3.404759
v 10.321806 35.842271 -3.067792
v 9.407045 36.426931 -2.782744
v 7.323343 45.691051 -4.801386
v 9.934133 40.205160 -3.707518
v 9.335427 33.273979 -2.470706
v 17.508531 9.388574 -2.124919
v 17.560984 6.615565 -2.520427
v 17.037013 9.229466 -3.391863
v 16.791277 13.141739 -3.340642
v 16.658337 22.211105 -1.143528
v 17.128866 15.074749 -2.078447
v 16.734806 2.491897 -4.591350
v 17.808742 8.989841 0.041326
v 16.256392 25.216375 -0.439603
v 17.055040 18.713968 0.308995
v 11.921605 5.848151 -13.271286
v -13.554840 16.568588 9.380542
v -13.678219 17.172199 8.878629
v -10.912920 16.483422 13.087712
v -10.485906 20.854197 12.654041
v -10.008475 21.399199 13.083537
v -10.390475 21.655117 12.478460
v -9.380719 22.062393 11.745543
v -8.635270 22.196043 11.956913
v -8.274533 20.811141 11.846568
v -8.768490 23.522884 12.191219
v -16.079730 15.240282 3.515795
v -15.822308 15.869783 3.854480
v -14.671694 13.964373 3.015750
v -14.206626 15.802598 5.102766
v -16.608245 13.768761 2.298302
v -15.538118 11.301474 -1.388332
v -8.579868 20.186076 11.673042
v -4.722422 28.343733 14.807057
v -3.631741 32.693050 13.964700
v -4.117083 30.727006 14.401641
v -2.727571 16.795121 15.533402
v -3.671133 20.544347 15.524317
v -4.218538 21.198002 15.563510
v -1.976865 33.747741 13.290085
v -2.633608 26.267537 14.647883
v -2.322176 36.403855 12.729673
v -1.977140 39.157603 9.266784
v -2.187494 36.827979 8.932627
v -1.270054 41.294503 10.591755
v -1.407596 42.381625 9.568107
v -4.945366 44.042583 1.109619
v -3.603852 30.360405 -5.588188
v -2.293607 49.906077 -4.171630
v -6.833316 44.131184 -1.303353
v -8.936857 39.385562 -3.982033
v -7.352288 29.794952 -0.391757
v -6.617208 43.547789 -0.917584
v 2.008433 40.333828 7.936777
v 3.164366 31.981217 6.701793
v -3.687987 44.479228 2.840437
v 5.040797 7.212282 3.466222
v 4.330539 4.481772 6.544615
v 4.254494 5.772816 6.710711
v 2.839309 52.100025 3.336898
v 2.608619 52.949852 3.556788
v 1.615944 50.982366 5.939937
v 2.077738 48.811687 5.780781
v -10.470531 33.101557 -6.308979
v -5.839961 35.426628 -6.085187
v -6.056802 38.115321 -5.972967
v -9.847807 35.936278 -5.312381
v -8.238830 31.377710 -9.011454
v -8.197807 30.618326 -9.164218
v -8.283073 32.217158 -8.836650
v -11.889983 18.478870 -10.526754
v -11.891261 16.427085 -11.100528
v -11.747601 19.145582 -10.865994
v -10.989501 20.698001 -12.262575
v -10.680478 20.418173 -12.756279
v -7.542710 26.853195 -12.523647
v -7.162206 19.739158 -15.230495
v -6.936880 21.221020 -15.113079
v -8.375276 19.101872 -14.804849
v -6.549419 22.916389 -14.877214
v -7.940065 16.167345 -15.330343
v -8.098204 18.510311 -15.007126
v -7.965241 28.405673 -12.242337
v -5.681756 16.175979 -16.089128
v -5.251402 16.777669 -16.099388
v -4.695334 17.354758 -16.125394
v -3.880074 17.148415 -16.254182
v 5.323376 36.365881 0.924833
v 5.727274 34.669631 0.474167
v 3.384910 46.572965 3.401044
v 3.954390 39.118000 3.276258
v 6.279665 39.956707 -0.684684
v 6.044187 38.691332 -0.265476
v 5.603802 37.461587 0.389141
v 5.842849 33.417493 0.425052
v 4.965782 41.273617 1.026270
v 4.034490 52.764389 -4.055768
v 4.614097 47.001197 0.884062
v 4.154413 54.052339 0.163550
v 1.102362 50.455727 -4.265376
v -1.681986 43.647411 -4.650764
v -1.602849 40.979002 -4.813719
v -2.179732 18.787583 -15.077485
v 1.657094 15.828260 -14.924361
v 2.366365 16.347503 -15.033997
v 7.255271 12.942626 13.810347
v 11.032378 14.955352 12.258485
v 12.500519 13.076449 7.293015
v 12.502557 14.506405 7.675253
v 12.578001 15.342454 7.783853
v 13.267149 17.027169 7.049012
v 12.930861 16.740801 7.676185
v 12.854969 13.233378 6.578980
v 15.930372 14.484984 5.749921
v 15.719444 16.756779 5.516182
v 13.026719 14.522521 6.577620
v 16.741214 16.238686 3.204355
v 17.307381 13.090061 2.157649
v 16.181028 15.760649 4.832941
v 15.941558 17.860042 4.672154
v 16.219868 18.134118 3.953896
v 16.947420 16.001630 2.546591
v 17.154875 17.096836 -1.052123
v 17.468584 13.110510 -1.048940
v 16.896829 18.329929 -1.932332
v 16.713005 20.694121 -1.774574
v 16.391081 23.401451 -1.897550
v 16.477215 23.793583 -0.338170
v 17.019064 18.531022 -1.203129
v 16.308717 24.602584 -1.417904
v 16.391801 23.704041 0.511792
v 17.155072 15.824739 -1.721868
v 17.049596 16.999256 -1.759020
v 16.378889 24.542059 -0.760482
v 16.340735 21.929257 1.891255
v 2.490203 46.769215 -4.755785
v 2.373239 47.591600 -4.672094
v 2.768955 51.089183 -4.328632
v 1.065111 47.212507 -4.548016
v 1.532756 49.727905 -4.371002
v 2.442648 52.912524 -4.059130
v 3.310187 52.797776 -4.080797
v 2.879047 45.039073 -4.967311
v 2.442934 54.574561 -3.775789
v 2.298527 53.748206 -3.925882
v 2.973248 55.033574 -3.657330
v 1.856881 54.270576 -3.818404
v 3.832745 46.408677 -4.946899
v 3.501412 42.249782 -5.276397
v 5.143614 39.870759 -5.690048
v 7.554364 13.748812 -13.501868
v 7.532922 13.012921 -13.389142
v 8.891771 31.207650 -6.438038
v 9.494117 39.764990 -3.325535
v 12.195350 15.951741 -6.853665
v 12.637840 17.311933 -6.613384
v 12.595314 19.514865 -6.478731
v 12.359670 23.281245 -6.278495
v 12.606308 26.436862 -5.885133
v 13.540319 16.381940 -6.270458
v 5.228474 13.185690 -15.975901
v 12.847401 31.505548 -5.123846
v 8.497922 39.879446 -5.559619
v 7.836341 45.831553 -4.436433
v 14.516913 32.034097 -2.925508
v 13.165496 33.698511 -4.390395
v 12.109686 35.265512 -4.852292
v 17.792222 3.170783 -2.401873
v 17.180230 16.403574 -1.349489
v 17.967795 3.449637 -1.620529
v -12.500904 14.673373 7.612747
v -13.000949 18.485586 9.495958
v -11.688119 15.799051 8.872884
v -14.435340 13.189278 8.760192
v -10.233273 20.995885 11.205587
v -10.410064 20.279924 10.915163
v -15.184544 14.407134 1.677746
v -14.682406 13.206768 2.655003
v -14.679119 14.473106 3.302428
v -15.777277 11.487504 -2.031955
v -3.551015 29.596754 14.517169
v -4.017474 28.120327 14.796557
v -3.514664 28.718231 14.630014
v -4.100844 22.009416 15.474900
v -3.834992 23.664552 15.277618
v -3.979870 22.842781 15.379828
v -5.613460 25.515172 15.094561
v -5.213885 26.860587 14.974697
v -2.460038 17.756281 15.354499
v -3.298369 33.426903 13.758899
v -2.332887 25.343789 14.622812
v 1.329781 38.433886 9.456459
v -4.809912 37.459439 1.921805
v -1.607488 52.882119 -3.838343
v -4.443042 50.185711 0.960891
v -5.317762 45.203458 0.521869
v -2.728453 39.872609 -4.951944
v -6.675100 47.448528 -1.759564
v -2.317181 46.161347 -4.496115
v -3.910103 42.558938 -4.945274
v -4.006868 39.734212 -5.178675
v -3.906077 41.590823 -5.018590
v -4.068005 37.976723 -5.300564
v -3.425233 44.809677 -4.702278
v -2.012924 47.611546 -4.364563
v -1.664733 38.120311 -4.959215
v -2.432969 49.082714 -4.259321
v -1.969811 46.890723 -4.418307
v -7.050573 40.553586 -1.067849
v -7.027757 44.821651 -1.736116
v -7.223624 44.031690 -1.886060
v -7.030335 47.109230 -2.341477
v -5.890652 47.331827 -0.544136
v -7.819576 45.556125 -3.743098
v -7.594304 45.437209 -2.936748
v -8.386479 41.714713 -3.446608
v -8.663016 41.474290 -4.095616
v -7.218178 36.396543 -6.821638
v -8.059187 44.934528 -4.588703
v -9.779162 35.246377 -4.842660
v -9.463563 34.227294 -3.861784
v -9.416173 35.174749 -3.979107
v 1.433648 44.297804 8.036003
v 1.603437 44.952329 7.626765
v 1.702087 38.199792 8.886249
v 1.827485 37.410295 8.818910
v -3.565314 40.028032 3.556800
v -3.735928 36.909843 3.567443
v -3.442691 51.360503 2.205884
v -4.531722 46.036419 1.421099
v 2.066995 43.238290 7.193172
v 1.749299 49.524800 6.185468
v -9.853266 36.637625 -5.658440
v -10.236556 34.626466 -6.140422
v -6.000364 45.139139 -5.131823
v -5.050385 37.358408 -5.621245
v -4.776831 36.490603 -5.587216
v -9.797690 37.382738 -5.919679
v -9.740396 38.068516 -6.346292
v -9.339692 38.598142 -4.830638
v -8.015313 28.537027 -9.240017
v -8.520148 33.873143 -8.813213
v -8.349893 34.605722 -8.302704
v -11.437872 26.024952 -7.874644
v -8.589378 35.368139 -8.429872
v -8.812160 37.436687 -7.976087
v -8.437309 36.130944 -8.003702
v -8.027862 35.369086 -7.690598
v -11.806784 21.884641 -9.219218
v -9.982880 35.837559 -8.633897
v -11.034469 30.219497 -8.267684
v -10.674376 30.863731 -10.098808
v -8.438902 30.469750 -10.440667
v -11.666663 18.480183 -11.282246
v -11.509758 22.844074 -10.595501
v -11.242542 23.450869 -11.209907
v -10.649932 24.405441 -12.123819
v -10.970948 23.987820 -11.663874
v -10.353835 26.612613 -12.071981
v -10.906029 28.104111 -10.654917
v -10.740008 26.910599 -11.392511
v -9.933488 27.108348 -12.471864
v -10.303970 24.078960 -12.650900
v -10.179352 24.760115 -12.661842
v -10.944086 24.773769 -11.533387
v -10.384630 27.460026 -11.833721
v -9.929462 25.482803 -12.792109
v -10.285244 25.906435 -12.328506
v -10.567795 21.165882 -12.797498
v -10.676967 19.042973 -12.961040
v -10.525680 21.978648 -12.722643
v -7.701671 27.720705 -12.742424
v -7.312218 24.424570 -12.106336
v -4.983260 21.065132 -15.427909
v 3.062775 53.511283 2.464852
v 2.836973 54.170607 2.719964
v 3.502933 54.268605 1.367721
v 1.506475 54.651971 4.822061
v 2.411959 56.154755 2.757007
v 2.799974 55.581936 2.273907
v -3.555416 47.554296 2.662583
v 2.116422 54.978123 3.775706
v 3.580528 50.713956 2.139606
v 3.926667 50.855630 1.418803
v 3.469553 53.519925 1.646376
v 1.616888 56.434189 3.873769
v 1.721664 55.024749 4.383466
v 3.470733 55.598525 0.950136
v 3.106061 55.891356 1.538195
v 4.236820 46.180715 1.658475
v 4.456307 44.617200 1.498129
v 4.264960 49.536417 1.017956
v 3.743354 52.923786 1.287980
v 3.072805 57.209379 0.951184
v 1.260595 56.816093 -3.302398
v 1.193313 56.031801 -3.487914
v 4.815234 42.142741 1.165074
v 0.620282 55.713188 -3.498769
v 1.248659 57.638748 -3.072665
v 1.522744 53.135155 -3.967390
v -3.738310 46.767276 2.475867
v 1.224526 55.253391 -3.619020
v -1.646519 37.189249 -5.003716
v -2.992872 16.850412 -16.364478
v 0.057253 15.977871 -14.881844
v 1.103090 14.095787 -14.637853
v 1.730795 15.149197 -14.798121
v 2.914322 15.023291 -14.677547
v 1.096939 17.108521 -16.036417
v 13.204107 15.574501 9.770969
v 11.197209 15.739739 10.248329
v 13.113583 17.118386 9.264677
v 13.853027 16.126588 8.755107
v 16.112317 20.762227 3.061888
v 16.539886 20.235135 2.130339
v 15.920220 23.785849 1.684741
v 15.027622 23.813724 1.590751
v 16.113831 25.172573 0.300321
v 16.929513 17.546708 -2.059952
v 0.909290 46.493528 -4.589934
v 0.906684 52.650081 -3.992463
v 6.729463 12.788312 -15.552541
v 7.496037 12.065875 -13.239603
v 10.530921 10.770459 -13.565360
v 7.906383 44.398101 -4.880619
v 5.999248 48.491358 -4.592977
v 7.421339 33.707183 -1.298592
v 7.065475 34.380547 -1.022808
v 8.392938 35.210656 -6.124822
v 5.494988 51.971716 -3.825188
v 7.643942 46.849002 -4.043337
v 8.444711 43.683752 -4.786483
v 8.558794 44.303631 -4.365369
v 5.556373 14.790841 -14.204904
v 4.850421 14.987317 -14.399547
v 12.429204 32.159381 -5.278108
v 12.905642 35.094745 -4.108193
v 12.622905 34.021942 -4.786121
v 12.055855 33.768734 -5.209390
v 9.527240 41.824681 -3.929144
v 9.162019 39.698217 -5.407985
v 10.082036 40.568914 -4.606042
v 9.254332 41.287335 -3.487102
v 9.204954 36.509713 -5.852550
v 9.225727 41.754533 -4.904694
v 13.473107 30.495943 -1.992072
v 14.602191 28.308877 -4.159359
v 12.102325 34.573551 -5.030900
v 10.629260 36.958234 -5.346590
v -13.402212 15.268328 6.366632
v -13.109905 17.368413 7.646222
v -10.182819 17.515657 10.514383
v -3.634378 25.239350 15.068414
v -4.239962 24.839346 15.214355
v -3.803696 25.894679 15.031549
v -2.985541 27.070569 14.702683
v -3.284535 27.890945 14.682684
v -3.451853 26.421467 14.902547
v 0.936868 37.190490 10.228956
v -0.811458 43.695509 9.747873
v -4.701869 40.167709 1.827819
v -4.639084 39.564194 1.965112
v -4.374155 45.256444 1.733027
v -6.743046 49.729526 -3.140236
v -6.668684 49.362809 -2.455279
v -1.702789 44.848843 -4.579192
v -3.445556 40.888704 -4.988980
v -2.416999 52.648579 -3.856984
v -7.999640 42.074223 -2.767929
v 2.098861 37.945476 8.229182
v 2.595113 30.212632 8.486202
v 1.940881 42.641939 7.574075
v 1.611289 34.042570 9.784631
v 1.434707 46.456398 7.507523
v 1.429967 42.024284 8.567760
v -2.152515 53.668019 3.708272
v -4.554786 40.996874 1.952998
v -4.277390 42.415623 2.185172
v 2.685623 48.273731 4.658101
v 2.915241 47.020335 4.411232
v -6.609325 38.511667 -6.201751
v -6.517260 41.135053 -5.835522
v -10.259107 33.783944 -5.798699
v -9.570059 38.115285 -5.384663
v -9.099324 40.639466 -5.301672
v -9.110384 38.719945 -7.566523
v -8.754264 41.770107 -6.043692
v -8.246059 44.222321 -4.480533
v -7.223717 39.857917 -6.343228
v -7.233518 40.703689 -6.209884
v -8.418026 40.950483 -6.617822
v -8.587974 38.163688 -7.585430
v -8.157385 29.389060 -9.481282
v -8.309833 29.562576 -10.196802
v -8.937612 34.125038 -9.510634
v -8.464742 30.416548 -11.092683
v -10.340938 33.034988 -9.770760
v -10.302281 33.901443 -9.255890
v -10.313359 34.482118 -8.816164
v -10.502454 33.724200 -8.622467
v -10.488293 33.265956 -9.198509
v -10.664627 32.910750 -8.498043
v -10.728808 32.496289 -7.700776
v -10.771372 32.182775 -8.433709
v -9.756026 37.417095 -7.784061
v -9.495477 30.933141 -11.782429
v -9.856655 26.286977 -12.718679
v -9.799445 24.198089 -13.148683
v -9.789395 28.873088 -12.186602
v -9.346145 30.270509 -12.132192
v -9.447498 23.515601 -13.558570
v -9.882609 20.064348 -13.676483
v -9.497324 20.845236 -13.892115
v -9.782660 18.649123 -13.933590
v -10.708789 13.458940 -13.581778
v -10.947670 13.955409 -13.245375
v -5.145317 21.776720 -14.173375
v -7.290037 23.487749 -14.622452
v -7.249452 21.831957 -14.911077
v -7.236174 22.570633 -14.800852
v -1.494367 54.781166 -3.565413
v -0.980547 55.336704 -3.507009
v 1.695820 55.566100 -3.575685
v -2.966784 19.174374 -15.891445
v 0.391655 16.645992 -15.051767
v 1.737670 16.755491 -16.036250
v 13.711441 15.524339 9.136385
v 13.956478 14.760774 8.992957
v 14.228564 13.945482 8.823224
v 14.655860 15.055290 7.894613
v 14.216704 15.474878 8.443364
v 16.034115 22.127017 2.531042
v 3.588695 50.045895 -4.509514
v 3.450893 51.591124 -4.286547
v 3.553159 50.823135 -4.405674
v 7.379932 45.566090 -2.670306
v 8.491925 36.877148 -5.940144
v 4.050334 16.149136 -14.813040
v 12.199051 31.361921 -5.515052
v 11.514994 31.463958 -5.807068
v 9.616227 40.077983 -5.128755
v 9.232582 42.631342 -4.013488
v 8.525291 43.872854 -3.541159
v 8.615365 42.851551 -3.358508
v 9.038879 37.814945 -2.764462
v 9.560067 38.176242 -3.073925
v 8.376583 39.237573 -2.541580
v 8.150036 36.514301 -2.087475
v 13.872246 30.345062 -4.531741
v -12.160291 17.705097 8.862750
v -3.017546 24.878628 14.941845
v 0.020366 40.947018 10.407933
v -0.291012 42.463186 10.188112
v 0.310424 43.519635 9.503500
v 0.810102 36.316645 10.541217
v 0.948221 41.142492 9.428453
v -0.729372 49.066695 7.480762
v -4.089786 43.720974 2.316950
v -4.072566 50.632787 1.391755
v -3.953753 49.303228 -4.323964
v -3.953882 50.184906 -4.199673
v -5.719656 43.541368 0.200422
v -3.808655 54.086368 1.041249
v -0.657356 57.443322 -3.071381
v -3.064004 52.156862 -3.901353
v -1.832613 52.186396 -3.915085
v -7.822771 44.115724 -2.982164
v -6.260415 47.849709 -1.175332
v -5.666872 51.863393 -1.328076
v -4.594788 52.645562 0.233213
v -4.970652 51.889667 -0.152425
v -5.410003 48.594678 -0.115647
v -4.216665 53.367590 0.615345
v -5.113747 54.847530 -1.941655
v -6.481865 50.245002 -2.445355
v -3.416307 43.085851 3.471458
v -3.101305 51.330161 2.732148
v -2.804878 51.742852 3.113929
v -3.262081 46.974580 3.188732
v -2.996251 53.371772 2.465408
v -3.133554 47.819568 3.288195
v -2.297767 50.813613 4.188147
v -3.307420 50.692866 2.526218
v -2.268582 57.878174 1.991727
v -4.129734 52.604835 0.941676
v -4.017450 51.927400 1.242134
v -3.182016 51.995961 2.491565
v -3.683969 52.601165 1.602506
v -10.699415 30.211159 -6.033184
v -6.420430 43.431264 -5.472888
v -5.450446 47.454071 -4.689158
v -9.297626 37.979997 -4.477642
v -9.389678 36.704387 -4.271170
v -8.957576 37.097065 -3.462985
v -7.048600 43.370682 -5.677042
v -7.752701 36.963223 -7.157093
v -9.875293 29.742044 -11.846148
v -9.355451 20.100321 -14.093432
v -8.103663 23.614272 -14.332859
v -6.191891 23.430174 -13.564707
v -3.483550 18.507111 -16.040170
v -0.326061 16.775568 -14.990930
v 3.628794 14.635071 -14.520607
v 15.033478 16.418326 6.884473
v 3.582599 49.121449 -4.626431
v 8.438233 30.637308 -1.810040
v 7.336104 39.285309 -1.712988
v 8.048706 38.375090 -5.833514
v 11.846158 25.083814 -6.323059
v 11.370204 33.656976 -5.571792
v 11.060904 35.789929 -5.371099
v 14.226828 30.256316 -1.539839
v -10.456895 19.487402 10.685293
v -11.028316 19.300017 10.305863
v -2.033306 16.249357 15.259057
v -0.595054 40.939878 10.801999
v -0.119484 34.537480 11.867142
v -0.950488 47.602680 7.770633
v -1.192299 48.627571 6.921703
v -5.028599 48.144858 0.484513
v -4.991372 46.461854 0.749209
v -4.266228 55.037751 0.021402
v -2.192349 50.801961 -4.078820
v -2.049628 53.418966 -3.752781
v -2.116252 54.265918 -3.616746
v -4.850018 41.192000 -5.267545
v -7.457692 47.136568 -3.647010
v -7.431108 45.932304 -2.756771
v -2.009634 54.334171 3.756991
v -2.953488 55.985067 1.778041
v -3.852955 54.867371 0.753956
v -4.511907 47.447388 -4.590137
v -4.446298 46.609630 -4.670526
v -4.660955 45.746427 -4.802555
v -6.762897 45.572517 -5.178021
v -7.558553 44.047544 -5.590918
v -10.106320 36.270936 -7.391739
v -8.636160 31.906919 -10.068408
v -6.941903 24.605804 -12.840615
v -6.643913 22.511027 -12.760654
v 3.500397 58.026038 -0.867885
v -4.053462 17.931856 -16.122426
v 14.509588 13.108356 8.601567
v 14.479578 16.860287 7.600125
v 13.963737 17.359328 8.081930
v 4.748670 52.343969 -4.013050
v 8.406904 31.332277 -1.837933
v 8.248083 37.594922 -5.898987
v 12.071852 24.239501 -6.312192
v 7.782150 41.920711 -2.422601
v -10.551731 18.021696 10.315945
v -11.207483 17.904068 9.783081
v 0.400556 38.870158 10.521247
v -0.348446 50.292869 7.328559
v -1.542946 48.907303 6.126525
v -1.128861 49.415703 6.753700
v -4.306189 56.176009 -0.646468
v -3.320525 54.739850 -3.442967
v -6.278525 51.212321 -2.623966
v -2.529855 51.255469 3.664357
v -2.105743 55.751622 3.133693
v -3.219150 40.209744 4.166107
v -2.349689 50.029738 4.266877
v -3.278011 52.675728 2.180863
v -2.868661 47.275872 3.837919
v -2.748082 45.834172 4.306417
v 2.014447 58.584123 1.980525
v -2.520327 55.009659 2.742405
v -1.796960 56.387693 3.327706
v -1.987664 58.678929 1.801731
v -1.353841 54.506382 4.670739
v -1.050229 56.199370 4.343563
v -2.866963 37.337982 5.359427
v -2.985243 35.749004 5.238380
v -1.681316 54.803656 4.078353
v -1.951148 48.621391 5.337536
v -2.053411 49.822267 4.862726
v -3.390718 55.486776 1.259099
v -2.963974 56.642938 1.501589
v -2.487253 47.523416 4.513442
v -2.630252 46.659402 4.389520
v -3.405361 54.787005 1.460670
v -6.537864 46.539750 -4.962722
v -5.761460 46.667918 -4.859444
v -5.847425 48.258271 -4.593400
v -4.669999 44.792389 -4.903364
v -7.610640 37.625527 -6.915153
v -10.003843 36.658234 -6.555503
v -9.541112 38.809698 -6.814449
v -10.413199 34.011256 -6.604248
v -10.199768 35.749676 -6.892363
v -6.064636 22.537120 -13.464379
v -6.299506 24.214627 -13.751797
v -5.511164 21.645653 -15.278791
v -1.692383 56.434359 -3.234717
v -2.363354 56.118084 -3.234913
v 4.673681 53.114430 -3.832751
v 4.359533 56.007882 -2.722691
v 6.198876 49.938062 -2.196692
v 5.146277 53.582254 -3.387174
v 5.049618 53.418992 -1.350763
v 4.288746 49.632438 -4.581668
v 4.282098 50.410697 -4.460787
v 4.780574 50.716564 -4.364509
v 9.210092 31.027100 -2.226406
v 8.034807 43.403854 -2.916218
v 7.350086 38.394040 -1.634421
v 16.077638 25.938243 -1.797786
v 13.051135 29.145586 -1.999985
v 13.297479 24.202162 -1.216363
v 12.909838 26.246217 -1.723832
v -0.603748 34.549168 12.272186
v -1.044686 35.583048 12.407577
v -1.251720 38.994216 11.631845
v 0.047517 37.694698 11.130096
v -0.574662 38.895284 11.351474
v 0.708908 33.575229 11.134382
v 1.302888 32.082172 10.567127
v 0.972220 31.835761 11.048841
v -0.097653 36.067413 11.581048
v -1.484071 48.144329 6.488995
v -2.159603 40.312674 7.009621
v -4.945421 53.878316 -0.755564
v -5.302070 52.275672 -0.815818
v -5.828030 48.208391 -0.614540
v -3.578776 50.909851 -4.088483
v -6.561655 48.273048 -1.810595
v -6.176083 50.736790 -1.929740
v -5.630149 53.114977 -1.932984
v -5.418926 53.981721 -2.093947
v -2.024911 50.542407 4.735784
v -3.021550 54.606504 2.106903
v -7.881527 40.322250 -6.595504
v -5.686616 21.580715 -13.630423
v 7.857019 39.747023 -2.184250
v 6.545414 49.519124 -2.655845
v 6.809912 39.648455 -1.238382
v 16.061813 26.522580 -1.236368
v 15.927672 27.205438 -0.984986
v 16.155001 25.959056 -0.882407
v 14.518459 28.109354 -0.740492
v 15.941147 26.806913 -1.805803
v 16.591557 21.686606 -1.882393
v 13.178336 22.030830 -1.088557
v -0.586754 36.689232 11.854561
v 1.142545 47.768930 7.523149
v 1.540919 47.963946 6.922227
v 0.061618 52.133184 6.740166
v -5.404990 49.137435 -4.424620
v -5.379511 50.110750 -4.225585
v -4.710928 53.575261 -3.488233
v -5.272479 53.921557 -2.988982
v -5.737102 51.516102 -3.736868
v -5.167974 51.820487 -3.856644
v -3.665605 46.965121 -4.540061
v -3.700125 47.806199 -4.456457
v -1.555943 52.797406 4.916425
v 4.480728 55.777504 -1.414909
v 4.995117 54.745863 -2.321845
v 4.718190 54.869570 -1.388356
v 4.804618 53.147524 -0.778151
v 5.984717 44.964761 -0.902476
v 5.284195 51.907741 -1.260288
v 6.261915 49.101757 -2.034506
v 5.026361 50.713816 -0.486781
v 6.564398 35.551805 -0.598567
v 15.723766 27.957141 -0.845724
v 14.531074 28.745676 -0.929631
v -1.672089 36.006278 12.654543
v -1.123737 37.222324 12.084300
v -0.833712 33.118365 12.699015
v -0.535603 32.235052 12.610982
v -0.581556 47.276734 8.349217
v -0.794931 53.009722 5.902964
v 0.086953 47.803071 8.301800
v 1.149194 47.096099 7.699395
v 0.383221 50.144064 7.409433
v 0.695111 48.257337 7.835259
v 0.132050 47.000476 8.548677
v -1.910941 45.991264 6.124900
v 6.995652 44.375537 -2.016205
v 4.692418 55.551296 -2.161776
v 7.593588 46.767479 -3.362029
v 6.962441 48.198015 -2.866683
v -1.623563 31.939782 13.412966
v -1.028463 33.968774 12.704127
v 1.452500 50.202368 6.425740
v 0.112472 56.243054 5.024430
v -4.692070 49.667474 -4.304420
v 3.603408 57.443788 -0.394297
v 4.001989 55.700747 -0.188061
v 6.125620 48.361658 -1.662956
v 7.224096 46.488036 -2.704565
v 6.788604 47.598751 -2.396126
v 5.785493 48.965520 -1.311404
v 7.064761 48.598353 -3.484031
v 6.423563 45.625054 -1.528368
v -0.811461 55.001884 5.111584
v -0.182229 55.421854 5.357921
v -4.269007 50.967019 -4.097302
v -4.618683 42.166042 -5.125573
v 5.683827 52.576033 -2.458742
v 14.351721 26.791489 -0.536139
v 14.194267 27.520495 -0.893058
v -0.935837 57.009758 4.086809
v -4.197974 56.438429 -2.532553
v -4.518478 51.736691 -3.944461
v -3.900987 46.099797 -4.654691
v 4.076099 54.896624 0.026480
v 3.815240 54.480444 0.622605
v 4.482976 52.855062 -0.135391
v 5.652809 51.469150 -1.792875
v -2.014368 52.486310 4.255498
v 1.547733 53.228101 5.302525
v 1.204806 54.046796 5.419389
v 4.420464 48.853225 0.878470
v 4.869205 52.352677 -0.648260
v 0.975223 54.902652 5.291608
v -4.018822 54.131665 -3.499056
v 6.074047 44.218658 -0.912367
v 5.400807 48.061310 -0.565421
v 5.387228 48.722089 -0.660991
v 5.284290 53.920808 -2.590902
v 5.819948 49.964912 -4.281150
v 5.051358 49.954759 -4.463875
v 5.641180 44.417292 -0.355080
v 5.930800 42.639033 -0.515801
v 6.075921 29.562561 0.375486
v 5.215275 44.695459 0.230926
v -7.351839 14.021281 15.763834
v -7.434988 16.139511 15.561155
v -6.990083 15.550719 15.762748
v -6.419159 16.959319 15.797176
v -6.241630 25.458332 14.956370
v -5.925694 19.584316 15.676538
v 1.042404 26.623672 11.646904
v -11.431572 23.475270 -6.635361
v -10.481262 34.158647 -7.355623
v -10.332695 34.879657 -6.935453
v -10.575878 33.267535 -7.063478
v -10.998531 30.081389 -7.490185
v -11.120921 29.427085 -7.962802
v 7.313319 13.241338 -15.226340
v 7.047573 8.152317 -15.990561
v 15.319339 21.339891 -4.431535
v 15.784680 15.202119 -4.619358
v 15.377347 14.099714 -5.150469
v 14.907572 17.899099 -5.229694
v 15.273746 18.400505 -4.828775
v -1.024756 25.487331 13.831346
v 0.987771 23.832241 12.027127
v 0.135769 33.596886 11.776134
v 0.592020 32.039457 11.481174
v 1.986536 25.184141 10.383786
v 2.052459 31.228734 9.434123
v 1.927600 35.913797 8.917920
v 0.778837 43.645523 9.034307
v 0.994852 40.277812 9.549666
v 0.611778 41.871169 9.626857
v 1.255301 43.613636 8.457510
v 1.130968 45.069745 8.273601
v 0.989661 42.004430 9.171225
v -3.636376 16.281791 -16.396024
v 4.841721 45.022133 -5.176015
v 4.913131 41.370714 -5.533320
v 5.460786 44.629997 -5.231500
v 5.784864 43.928975 -5.304437
v 4.115220 13.758985 -16.182205
v 16.483469 22.565093 -1.956255
v 3.009577 32.735745 7.017118
v 17.075641 18.013989 0.833302
v 9.543070 10.875760 -14.377064
v 14.328130 30.518872 -3.990758
v -9.943797 31.380621 -11.184963
v 10.211996 38.336243 -5.246824
v -10.406997 31.556678 -10.433492
v 1.200653 33.827243 10.437804
v -7.797245 41.050780 -6.395477
v 0.840263 46.562039 8.197583
v -3.267865 53.077608 -3.768663
v 3.854259 53.650569 0.853061
v 1.956899 57.438146 2.910385
v -8.212726 29.029473 -11.167348
v -10.709672 27.789351 -11.209017
v -11.008976 25.455640 -11.212742
v -11.036212 26.224723 -10.941374
v 16.942997 6.510412 -3.900426
v 17.082896 5.066557 -3.820463
v 16.785917 5.849976 -4.217728
v 11.776854 20.168649 -1.807171
v -12.534552 5.953100 12.611219
v 12.700710 6.049263 -0.405607
v -13.866347 1.711826 11.363531
v -14.460502 5.314240 10.084088
v 17.562138 10.059878 -1.740731
v 12.250443 8.630518 -0.998196
v -15.146183 4.677429 9.006319
v 17.982134 4.658805 -1.119768
v 5.750215 6.348311 -13.104404
v -10.396276 8.377116 14.441718
v 5.801130 9.941858 -13.428305
v -11.992647 6.199836 6.986700
v 11.082518 9.926837 -1.513285
v -10.035398 8.455089 9.590611
v -11.998423 1.601159 13.546198
v -9.507981 1.636860 15.536679
v 14.440602 6.275479 -6.413983
v -16.480776 4.923571 6.109204
v -15.975816 4.377590 7.400503
v -7.906072 14.451789 15.508628
v -14.257715 1.841114 -0.048685
v -13.865462 5.709785 2.792364
v -17.591760 4.128187 2.557245
v -5.284668 7.796683 11.082460
v -14.639679 7.379201 0.210515
v 3.424454 10.124967 -14.003060
v -8.241239 7.149729 10.759292
v -7.958647 10.199738 15.804536
v -7.817684 10.878795 15.818378
v 6.099043 1.275142 -16.861407
v -7.444970 12.249712 15.858880
v -3.701901 9.749895 9.357633
v 3.842526 1.537083 -13.261246
v -6.100976 20.882469 1.420108
v -1.408634 13.572172 15.105056
v -2.265426 46.932735 5.096910
v -0.892490 3.560661 -6.041861
v -4.830055 10.925751 16.359494
v 0.225923 2.190571 14.547001
v -0.216593 6.618683 14.680258
v -17.386872 0.638725 -5.524065
v 0.677323 3.677123 14.015859
v -9.480960 3.363276 9.680523
v -3.347612 4.259940 -13.188623
v -7.695678 23.516868 -0.327366
v -8.220760 11.358499 -0.181771
v -16.780924 2.419959 5.794435
v -7.212933 11.160817 0.781461
v -5.842840 7.271242 2.261789
v -8.071664 8.371183 0.105012
v -7.859765 9.934853 0.232338
v -3.669604 6.119832 8.796235
v -3.705105 13.146324 9.679638
v -4.085188 16.530409 4.459176
v 6.101083 3.442677 -7.688044
v 5.738396 7.268073 2.025290
v -4.299307 9.558558 4.441652
v -3.659392 13.789961 5.817122
v 0.404200 4.556579 -13.779036
v -3.258833 19.265577 6.832432
v -8.979578 5.002134 15.639734
v -17.828862 3.433288 -3.284250
v -17.741130 6.026670 -2.212248
v -17.655234 3.210354 -4.098394
v -6.941984 8.418780 -10.230285
v -8.534078 14.382449 -0.663337
v 5.301041 13.318204 2.520417
v 5.323523 15.408734 2.365051
v -1.476554 16.258933 14.955100
v -0.892228 16.570983 14.540544
v -8.716732 12.046869 -0.727359
v 3.046058 21.945595 8.550517
v 4.600620 8.084886 4.866347
v 4.676242 9.273105 4.450770
v -3.889507 10.860617 5.345946
v -10.391643 11.885337 -2.849142
v -9.227869 9.528829 -1.168135
v -5.676250 13.148620 -7.234857
v -4.327611 9.166815 -13.119148
v -12.360982 12.922170 -9.942049
v -12.300820 13.599417 -10.101173
v -12.490943 10.736417 -9.956623
v -11.995024 10.864413 -11.861940
v 0.331275 19.373649 -5.738807
v -12.700100 2.464300 -7.064687
v 0.338958 31.469573 -5.326130
v -16.950345 4.658782 -5.132726
v -4.253919 1.580059 -17.493544
v -12.590228 1.854771 -6.517758
v -3.787365 13.496992 -13.708253
v -12.247180 5.705920 -12.018074
v -12.222850 10.215530 -11.356729
v -12.005651 4.192710 -12.698722
v -11.384582 5.213016 -13.544374
v -11.923655 8.733615 -5.462647
v -9.147916 3.164458 -0.747389
v -11.361998 19.620337 -5.564215
v -4.947821 18.899720 15.807168
v -12.388326 13.434773 -9.220624
v -8.532813 4.786875 -0.185593
v -12.720244 4.924046 5.500714
v -10.897699 15.653459 -13.113705
v -11.209940 16.236439 -12.581457
v -8.845274 3.785856 -15.805718
v -4.431715 12.517704 4.018120
v -4.422313 8.878897 4.220193
v -10.428735 6.897026 -2.561782
v -0.303188 19.485560 -5.670929
v -2.318542 14.801822 -5.873366
v 12.301007 6.116690 -0.841338
v 0.066944 12.060883 -5.903948
v -2.410633 10.739323 -5.991095
v -5.551262 5.902809 -12.183482
v -4.018799 6.925030 -13.099674
v -11.350536 4.126096 7.696429
v -11.574840 4.732788 7.443177
v -6.334167 16.748432 1.382045
v -6.381936 15.983417 1.368537
v 0.883356 24.021491 -5.685434
v 0.612298 22.536578 -5.683717
v 6.303814 5.168947 16.819191
v -8.169029 1.427745 -16.291271
v -5.816969 4.028947 -16.998693
v 9.873416 4.080452 14.890614
v 13.330367 6.516740 1.109802
v 13.420999 6.623193 1.905971
v 8.050388 2.613320 -12.064917
v 6.772761 6.603048 13.146109
v -1.648894 4.928526 -17.571708
v 10.113867 3.206992 14.783954
v 10.303797 2.279143 14.716710
v -2.195085 9.183118 -13.820790
v -10.784945 12.487032 9.327301
v 6.823949 10.864397 13.730181
v -8.715313 8.401145 -0.536502
v -12.625056 8.150207 -8.140973
v -3.714830 8.397204 -13.321966
v -17.967875 0.908035 -3.759570
v -10.180739 20.599466 -3.284284
v -17.973429 3.885592 -1.828756
v 3.546748 2.814128 15.634017
v 4.467172 3.813274 14.859285
v -3.188134 19.332141 8.635095
v 8.770340 16.424695 -7.371586
v -7.989064 14.549442 -0.106590
v 6.512371 2.257364 12.910023
v 4.630910 10.162749 4.536729
v 1.184640 6.896031 13.221704
v 3.437351 10.634650 8.872094
v -6.257409 10.041898 1.722025
v -7.635519 20.342094 -0.064567
v -7.918688 19.592710 -0.319487
v -7.816261 18.735722 -0.155695
v 1.903696 20.095571 11.099086
v 2.178001 19.381358 10.703766
v 4.237177 2.439790 7.216931
v -7.845837 10.597236 11.141839
v 4.340762 11.293780 5.594492
v -2.929124 28.040459 6.756383
v -3.045388 27.284196 6.377895
v -10.403030 13.324121 13.969463
v -17.560779 7.377233 1.105599
v 4.312455 14.419896 5.296315
v -17.824924 3.608242 1.441633
v -3.789271 7.045302 6.042720
v -9.607487 8.872983 10.002853
v -4.145146 36.890558 2.888270
v 5.148268 10.803415 2.983635
v 5.128583 9.070068 3.125512
v 0.228700 18.053443 -5.768180
v 6.826121 7.372264 0.563329
v 6.324790 10.168752 1.050236
v -5.073192 18.596806 2.720589
v 8.724333 8.602394 -7.735674
v 8.056416 6.577320 -7.801633
v 8.879031 6.203691 -7.832957
v -17.209523 4.633576 3.968176
v 8.763770 4.064467 15.681445
v 9.329334 0.940918 -11.482988
v 8.936752 8.619251 -15.084873
v 6.898582 22.151027 -7.024831
v 8.468258 13.944757 -7.500611
v 5.696922 8.837377 -7.422314
v 15.031328 2.289390 9.451561
v 7.596415 16.385438 -0.501648
v 8.743812 3.075989 -15.730662
v 9.049290 8.474679 -12.287280
v -13.898844 10.429174 10.233100
v -14.081353 9.595361 10.084996
v 11.928190 4.676647 6.873468
v 11.760602 3.968841 7.097630
v 12.902661 4.614236 4.582682
v -10.862963 5.439301 -14.137468
v -6.631867 7.132384 -8.556012
v -3.634603 5.383831 -13.158827
v 13.309307 6.810679 3.420547
v 4.262832 12.706394 -6.961397
v 4.170290 13.493823 -6.905393
v 3.786378 25.722498 -6.306983
v 17.116433 5.781432 4.805026
v 4.142271 14.988382 -6.840986
v 13.083953 6.295446 0.241492
v 13.325056 9.272529 4.159692
v 18.031118 2.977222 1.894230
v 17.771000 1.705012 3.496930
v 13.686695 11.695999 1.621014
v 15.356700 5.406309 8.543931
v 18.094355 3.132188 -0.879261
v -10.927504 2.646937 8.105057
v 1.850289 10.498316 -6.317976
v -10.574774 5.530301 14.516895
v -9.962733 5.873250 14.957168
v 2.784736 12.140127 -6.549539
v 3.605672 5.778453 -7.005287
v -10.171882 15.004468 10.182741
v -10.639628 15.442139 9.860888
v 4.294587 3.911230 -7.265008
v 4.544453 8.970637 -7.162727
v 3.347354 5.062856 -6.949773
v 9.118279 10.456556 -1.211216
v -5.260478 19.178542 2.455786
v -4.283645 10.283604 -6.555099
v 4.878630 9.350306 -7.230927
v -5.028462 26.692160 2.362475
v -5.277196 3.993583 -12.270942
v 9.211853 7.874881 -1.171011
v 6.428013 24.535532 -6.845645
v 9.989801 9.201396 -1.456720
v -3.436051 11.644253 7.471348
v 6.907327 7.635638 -7.660759
v 7.061369 8.414891 -7.648736
v 2.511919 6.889490 11.263353
v -7.336170 27.871281 -0.237299
v 3.928104 3.538043 8.187437
v 3.794625 2.849600 8.681818
v -10.049455 9.144579 -2.168564
v 6.296617 1.978196 17.137456
v -16.439221 9.145319 5.217427
v 1.008656 2.895734 -13.670115
v 1.744113 3.455212 -13.669260
v 3.460869 5.869829 -13.624633
v -12.451091 1.670605 13.078388
v 8.847564 6.865120 11.266447
v 12.249685 1.540174 13.001701
v -17.461673 8.640878 0.914531
v 4.513588 3.764053 -13.253295
v 5.125414 3.825524 -16.948118
v 6.615306 5.163669 -16.418929
v 7.506506 2.380038 -16.313770
v -3.833131 25.779370 4.336916
v -14.479658 3.935600 10.227707
v -14.239962 4.721641 10.496917
v 12.201533 30.105423 -2.435164
v -5.155686 15.885429 11.397168
v -17.398348 1.561184 4.077691
v -17.607752 1.540298 3.295736
v 0.028237 29.617887 -5.366028
v 13.734153 6.365798 -6.793495
v -6.384522 17.958977 -12.417715
v 12.284416 4.829177 -7.415299
v 14.988400 10.524939 8.338931
v 17.177150 2.707422 -3.903015
v 17.159045 4.943430 4.834250
v -1.586474 1.381586 -13.438228
v -3.830584 1.445461 -12.867718
v 0.226898 7.492164 -13.973065
v -0.918188 13.202744 -14.399501
v -0.055825 13.740980 -14.541947
v 17.922744 6.873272 -0.469677
v 10.465647 5.303388 -7.749976
v 9.962676 7.872820 -7.702685
v -9.871447 8.373816 -1.899888
v 10.798836 1.501705 -11.026084
v 9.586587 4.174552 -7.885510
v -14.746365 3.086221 -2.149326
v -14.893594 3.800469 -2.541735
v 9.654083 4.784062 -15.100068
v 10.608148 3.862246 -14.603008
v 14.615207 9.307474 9.147049
v -11.215834 23.599323 -5.916275
v -11.107326 23.055835 -5.524355
v -12.282981 5.721631 -6.078605
v -12.848041 4.500864 -8.889029
v -12.894894 3.034999 -9.894879
v 11.169965 2.117697 -7.779062
v 12.497584 3.000149 -13.137992
v 16.072936 5.574672 7.229372
v 16.317757 4.550284 6.882211
v 11.406125 5.266298 -13.848070
v 13.063918 11.269744 5.552756
v -6.189569 29.557573 0.862835
v 12.059789 0.572819 -10.566209
v 13.114202 7.961516 4.577034
v -13.442072 11.969096 10.671201
v -10.545157 6.230845 8.875622
v -13.925842 11.802689 9.936212
v -13.447109 10.543993 10.881436
v -15.462542 4.477191 8.444033
v -15.333583 3.898466 8.764375
v -12.123500 12.113416 7.654743
v -14.562175 14.711421 8.090234
v -10.521384 8.849376 9.155671
v -12.396842 10.710869 12.226770
v -8.892996 2.761524 10.117412
v -8.842140 13.641460 10.912759
v -10.190826 5.576058 9.185813
v -10.328360 13.037371 9.798845
v -9.903522 2.470968 15.225496
v -9.556391 5.234588 15.274637
v -9.508002 12.263803 14.769455
v -14.125414 9.613757 3.067926
v -17.683454 3.417728 2.326298
v -17.206277 1.588499 4.722235
v -16.596067 11.215247 3.924204
v -16.551945 4.102322 6.092811
v -16.382187 3.494800 6.623441
v -16.050926 6.478344 6.868102
v -13.325483 4.505051 4.083130
v -13.329214 5.460354 4.257413
v -17.059761 2.366314 5.021553
v -16.776180 3.823065 5.534852
v -15.661783 14.522610 5.518789
v -17.848331 2.860957 1.647733
v -6.768864 12.041382 16.078357
v -5.508435 10.586824 16.378479
v -5.537334 5.032913 16.694709
v -4.719816 5.233085 16.682342
v -3.546254 6.111708 16.454677
v -4.229365 12.296043 16.221357
v -4.630457 15.507818 11.073860
v -5.463148 21.432336 11.864218
v -4.536751 24.933317 11.667003
v -3.077838 25.861323 9.611772
v -6.143795 20.955683 12.009511
v -5.949842 19.564640 11.867750
v -5.018366 29.206293 12.449538
v -1.596152 25.286151 14.236703
v -2.819984 34.661864 10.973590
v -4.505913 6.668415 10.544376
v -4.568319 9.244294 10.714569
v -4.105627 16.012591 10.603379
v -5.391923 11.199814 2.630395
v -5.924587 8.929113 2.100148
v -4.853314 18.010183 3.064056
v -4.944383 29.401197 2.308714
v -5.191448 20.747332 2.469070
v -5.641172 19.604096 1.986001
v -4.638474 30.553383 2.650858
v -2.468004 7.735356 -6.074773
v -4.258908 26.105804 3.524110
v -0.328002 40.962477 -4.825887
v -4.144321 25.949437 -5.939178
v -4.442445 27.527483 -5.971373
v -4.348994 20.220982 -6.241175
v -9.108484 23.851090 -2.005789
v -8.731879 24.057350 -1.536655
v -8.553860 7.605856 -0.337848
v -8.824823 5.315309 -0.503519
v -8.209894 23.868522 -0.909758
v -7.744190 17.065990 0.003846
v -6.847113 8.846416 1.210251
v 0.063681 16.179014 13.761473
v 0.334665 6.354534 14.191124
v 0.947178 10.932264 13.225955
v 2.311221 3.815054 11.852260
v 2.156559 7.036955 11.858290
v 2.646834 7.919154 10.924709
v 2.250234 11.719230 11.321127
v -2.970329 25.327751 7.250152
v -3.756625 7.496543 9.315725
v -2.891812 25.470928 8.375248
v -3.157522 23.325626 9.424752
v -3.559891 18.277714 9.881341
v -3.277510 16.076369 7.866133
v -2.823516 28.035980 7.519250
v 2.972095 20.475153 8.929858
v 3.344735 7.521118 9.440153
v 3.697298 10.116881 8.177681
v 3.899886 8.716006 7.682045
v -3.859546 18.852436 4.806669
v -3.554145 8.610939 7.100644
v -2.420072 34.334974 8.955444
v -4.042922 7.185979 5.187847
v -3.168673 32.329573 5.251503
v 3.658635 17.561176 7.352483
v 4.890761 2.879976 4.268772
v 4.284597 16.757260 5.103668
v 2.547645 42.509413 -5.106722
v 2.567635 43.374155 -5.047774
v -17.022726 11.508178 -1.827293
v -15.319697 9.505797 -1.709346
v -15.528868 10.120670 -2.155493
v -14.792542 5.872678 -1.178456
v -17.802044 2.698392 -3.732348
v -10.138953 11.252926 -2.441798
v -9.646421 7.594644 -1.561699
v -5.832733 23.127755 -6.864462
v -10.762915 21.975940 -4.512702
v -9.363279 27.593895 -2.729101
v -9.482462 29.544573 -3.156545
v -8.371601 29.760340 -1.571963
v -8.531778 36.656478 -2.634051
v -11.825432 10.804140 -5.471620
v -11.360317 12.479556 -4.610018
v -10.987772 12.815240 -3.916061
v -11.509896 3.574789 -4.066907
v -10.835997 16.930180 -4.051438
v -10.645195 28.953611 -5.507314
v -12.030066 16.716575 -7.325728
v -7.060088 10.875808 -9.346223
v -6.920348 19.792249 -8.128623
v -7.331045 21.703984 -8.698712
v -12.017404 18.696095 -8.146175
v -12.482894 11.709508 -9.075044
v -11.950080 5.856130 -5.208708
v -11.195790 25.681160 -6.379730
v -11.652454 13.797005 -5.433617
v -11.671237 14.525686 -5.579968
v -11.903963 15.537670 -6.488407
v -11.908546 16.248768 -6.683486
v -11.061272 24.332444 -5.632310
v -11.734937 17.941003 -6.407326
v -10.956258 25.745848 -5.616728
v -10.926166 27.716371 -6.033360
v -10.756326 24.399224 -4.864656
v -11.846864 20.086388 -7.517430
v -10.196015 30.996607 -4.810333
v -11.421315 16.694288 -5.271382
v -11.689023 16.249791 -5.927478
v -12.570112 10.152527 -9.240907
v -12.299450 13.618934 -7.882851
v -12.098749 16.625671 -10.134939
v -12.935294 2.829890 -9.271547
v -12.272098 15.102646 -9.381360
v -12.864896 3.797915 -8.499788
v -6.854216 9.486195 -8.845107
v -6.784322 6.523153 -8.918001
v -12.685750 6.677098 -10.202750
v -12.263550 11.038094 -11.067309
v -12.392150 11.451199 -10.397835
v -12.662990 5.034193 -10.805255
v -8.974175 8.239693 -15.432196
v -10.577314 4.928986 -14.465263
v -11.485622 7.237260 -13.217255
v -5.728753 6.782934 -12.094088
v -6.472144 5.464008 -11.192963
v -5.781834 13.745559 -12.556231
v -6.713176 5.353071 -16.642942
v 1.270966 40.009268 -5.050525
v -0.409004 17.779308 -5.716080
v -1.617427 12.678464 -5.841150
v -1.368315 14.093379 -5.801914
v -4.501977 3.149175 -12.670014
v -4.377826 5.446931 -12.846195
v -4.110595 4.663749 -12.926146
v -3.959855 6.143773 -13.077374
v -3.839636 4.814872 -17.364790
v -2.996831 12.426543 -16.883625
v -1.086699 6.508800 -13.816820
v -1.860718 4.309721 -17.601270
v -0.327957 11.846103 -17.019243
v -0.636129 2.823550 -13.630017
v -0.111162 4.311607 -13.745621
v 1.616806 4.946173 -13.770078
v 1.193325 5.464025 -13.823751
v 0.505523 4.931845 -17.560432
v -0.770021 5.089807 -17.578605
v 1.016725 12.516787 -16.856366
v 3.377170 1.785664 15.651540
v 7.423149 9.737058 15.757806
v 7.557122 3.648622 16.411246
v 5.486719 6.475964 14.282522
v 4.783109 1.642504 14.317756
v 5.303163 5.644368 14.338159
v 8.562292 8.202829 15.361679
v 9.345856 4.547979 15.236468
v 6.192102 3.400166 13.308576
v 6.191042 8.325892 13.921509
v 7.591477 3.779487 12.119254
v 7.123382 3.388722 12.498405
v 7.871346 9.247280 12.488702
v 7.186115 4.227129 12.519079
v 10.844572 4.509519 14.049035
v 8.107936 3.218209 11.608584
v 12.373999 4.831326 12.543479
v 13.129746 9.372168 11.124025
v 15.525185 4.060875 8.430565
v 14.823450 11.397340 8.422284
v 15.965423 4.115078 7.646396
v 15.728111 8.551464 7.392691
v 14.655996 2.387172 9.990091
v 15.079322 3.984798 9.167258
v 14.404198 11.585086 9.055609
v 14.544036 10.720998 9.007557
v 16.327637 5.144446 6.774262
v 12.633012 2.737535 5.020324
v 12.435726 4.411876 5.789877
v 12.880731 10.461059 5.825093
v 12.970836 8.565625 5.176847
v 12.614268 10.305561 6.426831
v 16.828898 10.558578 4.589361
v 16.496798 8.449583 5.846214
v 17.349148 5.456626 4.164334
v 17.896881 2.081314 2.867826
v 13.230906 2.950738 2.500197
v 13.301128 5.928765 3.187617
v 17.516761 11.741943 1.552091
v 17.397184 11.492538 2.363105
v 13.441743 9.887428 0.830066
v 7.046113 27.633482 -6.713644
v 6.104699 23.142886 -6.868878
v 3.450128 9.075089 -6.853584
v 4.133785 28.632420 -6.241506
v 2.794577 8.641163 -6.657700
v 3.980185 7.893407 -7.048165
v 3.931726 27.165232 -6.275517
v 5.482195 31.354737 -6.337346
v 3.063013 25.579564 -6.128922
v 3.416362 17.974238 -6.533688
v 2.498886 29.753776 -5.804012
v 2.265552 28.141035 -5.825730
v 3.609666 39.001920 -5.532980
v 1.888195 9.711595 -6.348852
v 2.425283 25.191663 -5.978532
v 2.377593 21.843665 -6.088955
v 5.781089 1.530944 -7.696723
v 7.414088 5.119501 -16.128657
v 7.775912 13.768546 -14.865697
v 7.392212 9.783838 -15.673069
v 9.291671 3.433405 -15.419164
v 9.955222 9.548140 -14.329960
v 8.618250 10.022928 -15.055416
v 9.180213 10.983158 -7.626471
v 7.463782 5.234071 -7.809381
v 7.986571 13.297053 -7.521350
v 8.105454 5.797268 -7.832952
v 8.294426 18.757048 -7.269040
v 7.682895 31.429427 -6.486498
v 9.548743 21.415686 -1.813683
v 11.273292 7.949621 -7.509045
v 11.873210 15.125076 -6.999420
v 12.515858 15.072845 -6.801804
v 14.631404 11.829604 -5.928865
v 9.680498 6.465057 -7.788293
v 9.823384 9.838864 -7.628248
v 9.701807 10.528402 -7.608277
v 9.218935 17.319178 -7.314468
v 9.005057 18.286162 -7.272237
v 2.060856 9.779767 -14.121302
v 3.287017 2.977402 -13.447982
v 3.053641 7.529130 -13.819328
v 3.903599 4.431788 -13.436810
v 6.719831 9.105780 -16.003503
v 4.546837 9.201605 -13.679178
v 5.373095 3.949893 -13.032204
v 5.227979 7.017930 -13.316825
v 11.377217 6.782404 -1.358009
v 11.786749 9.346487 -1.310906
v 11.658047 17.499400 -1.701748
v 10.877041 23.283894 -2.105127
v 9.669855 5.817875 -1.275750
v 11.802580 34.345178 -3.051854
v 11.717958 25.571814 -2.163947
v 12.221333 25.195411 -1.983674
v 13.192777 18.553125 -0.747760
v 14.274663 14.132234 -6.010277
v 10.850140 17.669757 -1.841460
v 11.949804 19.577383 -6.690672
v 12.790279 25.369163 -1.701167
v 16.462747 12.697885 -3.969476
v 17.711315 10.488693 0.268450
v 12.990405 8.229793 -0.115536
v 12.860426 6.851421 -0.220572
v 12.712506 12.968300 -0.816047
v 12.736409 13.865080 -0.848085
v 11.628665 12.774926 -1.500423
v 13.500450 14.020500 0.285420
v 12.472408 5.994089 -12.501600
v 13.135398 1.334655 -10.581873
v -11.040956 4.833515 8.166138
v -10.737686 1.420568 8.235349
v -14.623601 8.455892 9.363064
v -13.856420 9.080710 10.516698
v -13.669214 9.787759 10.678047
v -13.155090 11.322828 11.168382
v -12.759373 15.503788 10.981178
v -13.329113 1.730050 12.064485
v -14.832469 10.620955 8.575398
v -11.848929 10.004339 7.706275
v -15.709964 4.789650 7.892183
v -15.730577 3.931036 7.977148
v -15.166830 14.380317 6.820445
v -13.007244 2.534958 12.383418
v -12.964553 10.587805 11.545261
v -11.739388 7.050464 13.354797
v -9.595963 10.513455 10.145796
v -9.478780 12.146024 10.391951
v -10.373242 16.738764 13.573924
v -8.667573 1.822874 10.214450
v -9.171990 2.018977 9.854894
v -10.002028 12.832777 14.348214
v -9.384613 16.298057 14.447250
v -8.026036 17.911388 15.131274
v -7.934393 16.792487 15.282782
v -9.420338 21.960495 13.565080
v -10.754502 17.274510 13.121500
v -13.936458 10.024384 3.715569
v -13.876537 2.853882 1.994795
v -13.770833 4.052045 2.666823
v -17.016987 8.112041 3.629348
v -16.597855 11.964541 3.594645
v -16.641779 9.048525 4.591398
v -15.912784 9.570207 6.507001
v -17.652128 4.947284 1.878675
v -14.385928 1.526556 -0.800410
v -14.745534 7.007662 -0.431813
v -14.465438 7.196760 0.951273
v -17.563529 8.406572 0.082668
v -8.403439 17.567115 11.456124
v -8.014949 18.634841 15.066443
v -8.344286 8.037393 15.778372
v -7.406925 18.992434 15.298808
v -6.979540 25.366467 14.697456
v -6.299121 21.716652 15.391407
v -4.784389 12.754300 16.242331
v -6.006773 11.924342 16.237616
v -4.296812 4.454437 16.682504
v -2.870971 1.878775 16.477920
v -3.032619 12.618099 15.923260
v -3.199399 34.279840 11.637880
v -1.765177 6.720821 15.743240
v -2.196657 6.096163 15.990000
v -3.774227 16.503517 10.126031
v -3.343733 24.615638 10.168888
v -2.944143 30.707631 10.233648
v -2.568388 35.097310 10.364852
v -2.495340 35.928581 10.451727
v 1.230587 33.023548 10.521988
v 1.230574 23.137043 11.783179
v -0.188919 15.459597 14.044616
v -7.001021 19.354206 0.595635
v -5.863049 17.119157 1.852196
v -5.944156 16.256727 1.801725
v -6.277521 17.606801 1.396154
v -5.656551 33.140293 1.215117
v -4.315359 34.837791 2.806819
v -4.307043 34.055295 2.883105
v -4.514810 25.605281 3.145881
v -4.796996 23.638202 2.834258
v -4.218901 30.012167 3.324245
v -4.768412 20.332638 3.065771
v -4.904792 13.641253 3.201539
v -3.674029 10.709025 -6.317276
v -3.674865 9.890516 -6.339478
v -2.957319 17.517491 -5.908763
v -4.223312 31.995392 -5.665825
v -3.986383 18.867837 -6.157792
v -3.498595 18.212914 -6.027258
v -6.293627 35.871004 0.277142
v -9.589361 2.869249 -1.231933
v -9.269899 20.505862 -1.939240
v -8.656022 22.651142 -1.335620
v -8.133708 23.083591 -0.764476
v -6.905929 26.199641 0.330776
v -7.415229 25.748119 -0.177611
v -7.355502 24.225961 -0.032041
v -6.667581 34.662390 -0.022884
v -7.297180 32.569094 -0.546507
v -8.663029 30.349339 -2.021506
v -6.068402 38.453711 0.321028
v -6.038727 40.030800 0.218315
v -6.229043 44.866760 -0.602833
v -2.283614 38.364736 -4.993413
v 0.496726 5.587190 14.081236
v 0.513406 9.278285 13.818130
v 0.346007 13.893936 13.656661
v 0.147306 18.207501 13.511824
v 0.693835 16.211967 13.100985
v -0.398194 27.471276 13.114967
v 1.583512 16.728362 11.917323
v 1.770968 17.359201 11.586704
v 1.169746 20.655102 12.120745
v 1.287087 2.427987 13.393845
v 0.398723 15.434454 13.484544
v 1.152466 15.833541 12.572493
v 2.400472 6.319121 11.513292
v 2.077642 10.203872 11.736514
v 1.941505 12.293701 11.768369
v 1.527849 26.694302 10.954975
v 1.383715 19.907306 11.887905
v 1.257661 13.316564 12.648546
v 1.337031 11.357932 12.710638
v 2.330052 17.909509 10.591906
v 1.923909 22.364447 10.818121
v 2.049997 16.712646 11.196203
v 2.612419 17.843074 10.035975
v -2.807881 27.822890 8.685051
v 3.580072 7.709039 8.804463
v 2.914388 17.681370 9.403928
v 2.509857 21.431675 9.845509
v 3.243158 18.482732 8.489125
v 2.503857 23.031629 9.671304
v 2.850028 23.232499 8.870191
v 2.693026 14.893122 10.172972
v 2.999994 12.100046 9.805248
v -3.656363 10.962030 6.155013
v -3.597096 17.410066 5.669941
v -3.402625 18.827756 6.210634
v -3.339994 15.660028 7.155440
v -2.756596 29.796940 7.300934
v -3.448182 15.040996 6.572985
v -3.477063 10.250594 7.426031
v -2.851810 30.446545 6.623762
v -2.325761 36.401287 7.632926
v 3.228340 23.974637 7.773442
v 4.228952 33.171568 3.312956
v -2.458835 38.779054 6.287185
v -2.352500 37.282768 7.102741
v -2.719156 35.517752 6.078921
v -2.517316 39.642676 5.920056
v 2.485290 36.806465 7.584922
v 3.734013 39.766929 3.709797
v 3.643898 39.011290 4.081709
v -2.225919 36.886431 8.257553
v -2.638380 30.775169 8.660625
v -2.029614 43.912236 6.357251
v -3.402732 17.928359 6.344911
v -2.824413 28.857275 7.208604
v -3.590394 7.739704 6.997932
v -3.715786 3.289547 6.956402
v -2.626424 42.135529 5.184096
v -4.119015 20.122355 4.159107
v -3.994088 23.354820 4.186515
v -3.529142 33.446147 4.258084
v 4.076843 15.652285 6.094927
v 3.763696 28.055388 5.421108
v 4.852724 12.714348 3.599033
v -17.675594 7.243124 -1.469298
v -18.128156 0.635288 -2.977422
v -15.448858 4.918186 -4.293006
v -15.427566 6.255867 -3.673307
v -15.420859 5.491375 -3.953743
v -15.768735 8.150771 -3.653862
v -6.818669 33.350068 -6.859112
v -9.531911 21.910786 -2.412907
v -9.764129 28.951503 -3.580392
v -9.530428 28.819968 -3.140984
v -9.063529 35.433104 -3.334486
v -10.145358 23.910906 -3.588324
v -10.520970 20.592967 -3.863823
v -9.895154 26.126398 -3.418633
v -10.046878 28.186377 -3.978698
v -10.182522 30.144421 -4.599652
v -10.719253 19.884391 -4.159078
v -10.597314 23.758850 -4.430879
v -10.295782 21.310466 -3.558366
v -10.975866 1.982365 -3.046702
v -11.222423 11.022810 -4.186207
v -6.589622 9.878920 -8.318285
v -6.709773 7.824950 -8.649245
v -6.568680 11.569079 -8.175181
v -7.247175 22.405010 -8.417563
v -12.256678 14.438253 -7.921036
v -12.843084 2.489038 -7.830320
v -12.296587 9.633923 -6.761098
v -10.537217 30.926162 -5.709010
v -11.332774 26.503136 -7.365988
v -11.944271 20.033706 -8.405431
v -12.628088 8.696622 -8.570662
v -11.604638 23.970679 -9.590478
v -11.793495 15.047897 -11.635471
v -11.384879 10.366067 -13.041887
v -9.432502 9.687702 -15.032770
v -7.951926 10.246299 -15.820528
v -7.403458 13.366848 -15.809720
v -9.963397 14.016880 -14.260192
v -10.343532 4.399283 -14.718249
v -11.091263 4.584451 -13.955647
v -6.783354 4.340827 -10.345874
v -6.262638 6.166123 -11.528307
v -6.293040 13.250635 -12.003289
v -6.222195 12.447640 -12.018763
v -7.021088 23.821625 -12.499135
v -6.870710 14.195757 -11.263636
v -7.400955 22.991871 -11.535327
v -6.594691 19.971725 -12.405532
v -5.753547 12.047913 -12.444070
v -4.670874 17.922816 -13.745842
v -7.348882 5.269204 -16.413454
v -6.220096 14.590945 -16.096818
v 2.247826 21.089998 -6.080980
v -0.514621 16.971897 -5.732333
v -0.534362 24.092881 -5.505701
v 4.235672 36.368836 2.931977
v 0.230801 30.584335 -5.349877
v -0.166101 36.788798 -5.050749
v 1.357643 30.327623 -5.535385
v 0.224677 8.643031 -6.008717
v 1.064498 32.575340 -5.387785
v 1.030450 43.196042 -4.823987
v 6.416724 17.704069 0.598403
v -0.570963 38.270660 -4.949909
v 0.567301 36.565663 -5.122520
v -1.102057 34.585760 -5.111281
v -0.535841 42.890384 -4.705951
v -2.185460 27.370585 -5.437849
v -1.000679 41.379814 -4.788694
v -0.810459 42.201147 -4.740633
v -5.040517 47.284019 0.597157
v -0.060410 49.652844 -4.251815
v 0.161432 50.508051 -4.181667
v 1.163496 19.128284 -5.895542
v 0.807863 2.392885 -6.263295
v -1.624827 33.901320 -5.158772
v -1.170005 30.383501 -5.281038
v -0.762789 20.700834 -5.605320
v -0.638083 14.050306 -5.804639
v -0.935988 16.133187 -5.744367
v -6.178911 18.730377 -12.718305
v -3.113964 10.469250 -13.673152
v -3.808638 7.495541 -17.195497
v -3.074130 1.385974 -17.683612
v -3.134929 11.273406 -13.732761
v -3.540007 7.573682 -13.331829
v -1.078244 3.611109 -13.630314
v -1.701851 6.896051 -13.748074
v -1.495926 9.472111 -13.971755
v -1.782732 11.868643 -14.132127
v -1.728964 5.195677 -13.637116
v -3.629653 15.865602 -14.016799
v -3.157031 18.076159 -14.513236
v -0.521865 9.686730 -17.218044
v -0.855924 10.790193 -14.181603
v -0.767982 4.380765 -13.712031
v 1.017031 3.894009 -13.729910
v 4.876195 4.409270 17.274372
v 6.977123 6.563323 16.383816
v 8.038785 1.291490 16.360562
v 7.953457 8.279495 15.691067
v 4.566377 3.175689 14.688219
v 4.636866 2.465772 14.534450
v 9.803461 9.005591 14.402027
v 8.985579 10.209745 11.574418
v 10.236737 11.410959 13.698495
v 13.466837 1.440516 11.658685
v 11.586505 1.888718 13.621765
v 10.843423 6.684743 13.826742
v 9.908297 11.549499 10.782882
v 9.327676 9.789496 11.142550
v 9.203564 1.424311 10.360295
v 9.643526 5.598451 10.280646
v 10.252397 6.877661 9.711460
v 10.508701 9.892700 9.793046
v 10.515100 11.640849 10.078430
v 11.109314 11.861453 9.321257
v 10.718095 6.524898 9.057889
v 10.533342 1.303989 8.733507
v 11.231307 6.641712 8.326160
v 16.067991 1.799585 7.762497
v 15.501596 7.047199 8.060342
v 16.152348 7.314876 6.802933
v 14.443884 7.022309 9.739416
v 12.384018 6.441506 6.220548
v 13.154021 12.120687 5.545807
v 17.230779 4.194017 4.761811
v 16.684031 4.059500 6.166299
v 16.522761 12.654999 4.856875
v 17.562404 5.063280 3.518174
v 17.030935 10.921857 3.900138
v 14.520923 19.680618 3.020115
v 13.487624 11.884178 4.331303
v 12.863204 1.539853 4.089559
v 13.562063 13.794958 4.740789
v 13.478544 15.649390 5.787951
v 14.021466 17.619315 4.904947
v 17.969813 4.764973 1.563694
v 17.781800 7.473707 1.756094
v 18.187841 2.265667 0.501199
v 18.193459 1.723171 0.961313
v 17.599684 12.147186 0.184964
v 13.234953 7.132887 0.570697
v 13.492058 16.750851 -0.107513
v 13.350713 5.097919 2.106532
v 13.173314 1.498451 2.250876
v 13.206583 2.162966 2.201662
v 13.658624 10.998127 2.787259
v 17.368392 14.579569 0.899561
v 17.462003 13.766540 0.657280
v 7.264131 8.536301 0.088238
v 6.624555 16.937712 0.408030
v 7.452985 15.727374 -0.349130
v 7.590647 24.287112 -0.869940
v 7.177322 18.554312 -0.229199
v 9.340762 8.831619 -1.249554
v 5.216339 2.261118 -7.553596
v 4.272361 7.165611 -7.149861
v 3.714877 15.607661 -6.701548
v 4.823394 24.901592 -6.573613
v 2.793068 23.411663 -6.149925
v 2.314985 34.390899 -5.542089
v 2.287109 35.182551 -5.497410
v 4.658637 29.912808 -6.272869
v 4.772416 28.470207 -6.375375
v 1.924616 29.827872 -5.672068
v 1.850534 27.686943 -5.738948
v 2.003851 28.953729 -5.726847
v 2.546977 36.815019 -5.459602
v 1.955752 39.688135 -5.181936
v 3.810521 22.141290 -6.469446
v 5.695232 19.717716 -6.980651
v 6.950406 20.912075 -7.089913
v 3.321449 31.430515 -5.913298
v 6.449175 39.057428 -5.840937
v 5.694151 41.898553 -5.534190
v 6.626497 23.759229 -6.913121
v 6.341972 8.258633 -7.556634
v 6.234454 10.100534 -7.472454
v 5.759338 33.223688 -6.254519
v 6.511505 32.710449 -6.353816
v 7.049074 36.921096 -6.038896
v 6.952047 12.071005 -7.490787
v 7.064854 20.028039 -7.143980
v 7.330660 29.157107 -6.644744
v 7.405677 1.566686 -16.409725
v 8.073345 7.559445 -12.495238
v 10.119969 6.741505 -14.609262
v 7.583822 7.836184 -7.724986
v 7.201158 6.175829 -7.744853
v 7.388435 7.042869 -7.733903
v 8.297943 9.976567 -7.677669
v 7.905591 11.257004 -7.602784
v 7.728836 19.445820 -7.209345
v 9.684805 15.986297 -1.624630
v 8.541215 15.538975 -1.117507
v 10.607634 8.022770 -7.616637
v 11.022510 2.962029 -7.768166
v 11.442502 22.085552 -6.673770
v 10.035412 16.993833 -7.255838
v 9.679375 18.128637 -7.224475
v 7.948828 32.882513 -6.366426
v 3.017846 1.411960 -17.538758
v 3.782552 8.963672 -16.841454
v 2.421041 4.743248 -17.398234
v 2.923145 7.438888 -17.122244
v 3.043334 6.675018 -17.168508
v 2.227393 7.365070 -13.905125
v 2.673706 10.371177 -14.115165
v 5.034974 10.043382 -13.643898
v 7.219150 14.249420 -13.703007
v 6.839400 3.595610 -12.553149
v 14.742606 5.150617 -6.284794
v 15.214560 11.241455 -5.525147
v 15.468717 5.395300 -5.727549
v 10.859927 13.173180 -1.661380
v 10.500078 10.638109 -1.581082
v 10.403796 7.907680 -1.489794
v 10.954105 25.072649 -2.211036
v 10.740320 26.810898 -2.322901
v 17.060361 9.936959 -3.245970
v 17.427354 5.364511 -3.075839
v 16.838385 12.167397 -3.382983
v 16.668574 16.567640 -3.022292
v 16.886972 19.196711 -1.633427
v 16.285685 19.304252 -3.306807
v 15.384436 23.459431 -4.040594
v 16.662897 18.957941 -2.501665
v 14.443895 17.447550 -5.639307
v 13.933885 21.584585 -0.055816
v 17.870897 7.574683 -0.613467
v 17.723496 10.110592 -0.306350
v 17.606073 11.810456 -0.441084
v 12.567175 7.741248 -0.676797
v 12.768352 17.825321 -1.103838
v 11.109353 6.143048 -11.466250
v 11.872482 2.751944 -10.862799
v -10.924542 9.405029 8.794399
v -11.057705 14.190538 9.297879
v -11.635643 3.356838 7.204205
v -12.226805 7.014778 6.693886
v -11.750670 6.998733 7.436509
v -12.426108 3.402149 5.857356
v -12.519052 11.292325 6.905025
v -12.610661 6.753490 5.992597
v -11.078291 15.663210 13.031927
v -11.668738 2.236405 13.813318
v -9.000318 5.547715 10.213083
v -8.600918 4.778726 10.445370
v -8.347174 10.039689 10.894069
v -9.100283 11.802230 15.075340
v -13.686945 7.165396 3.690421
v -13.949203 3.605105 1.915607
v -14.562205 10.447880 1.836617
v -13.885867 9.145796 3.578440
v -13.549605 10.801924 4.866064
v -13.032855 6.597492 5.127374
v -12.968345 5.210357 5.022136
v -17.135614 10.523003 1.784688
v -14.374396 3.278082 -0.107700
v -14.827285 8.569372 -0.069182
v -14.247702 3.569109 0.616739
v -14.882263 10.503772 0.551699
v -14.473743 8.020339 1.234122
v -7.596887 13.451041 11.397320
v -7.456295 11.801488 11.330110
v -8.445476 14.189131 11.149060
v -7.654119 5.843210 10.963281
v -6.777630 28.103815 13.007410
v -6.250649 4.726134 16.632550
v -4.573787 23.335922 15.390343
v -5.857005 14.536021 16.088362
v -4.159748 1.844456 16.798489
v -3.204855 14.039528 15.886621
v -3.487678 10.900062 16.167445
v -3.680408 18.785999 15.674226
v -3.277899 30.904077 10.993757
v -3.780282 22.306369 10.660627
v -1.109878 20.809686 14.331422
v -0.635022 6.118806 15.042599
v -1.921702 26.071374 14.345290
v -1.991346 23.038839 14.684318
v -1.288749 23.946479 14.180972
v -1.081317 19.304557 14.444846
v -5.968475 26.216823 1.288444
v -6.222344 18.413396 1.411074
v -6.880659 26.918504 0.308807
v -6.324563 12.653935 1.555279
v -6.636078 10.398469 1.345936
v -5.011009 42.985879 1.139069
v -4.738806 42.576181 1.550447
v -6.503583 28.167101 0.621581
v -6.793196 9.677184 1.229397
v -7.212467 10.252556 0.818545
v -6.979994 2.968814 1.306429
v -6.109493 32.456970 0.747426
v -6.134806 36.407332 0.407767
v -3.162339 16.616871 -5.992228
v -2.828277 15.322767 -5.951089
v -3.673580 33.606192 -5.446442
v -3.584246 37.415429 -5.229156
v -2.903802 33.319837 -5.313700
v -3.893549 23.738263 -5.950951
v -8.821213 36.062627 -3.031681
v -8.618256 27.514324 -1.686908
v -9.023851 15.876602 -1.303479
v -8.687449 16.630062 -0.972520
v -8.527822 29.048875 -1.715347
v -8.712516 21.880923 -1.349785
v -8.212850 27.484369 -1.176547
v -8.595926 26.744678 -1.583059
v -7.889613 29.842348 -1.003962
v -8.797892 29.531093 -2.118733
v -7.764785 27.630954 -0.672694
v -2.232533 44.310391 -4.634315
v -5.513586 23.949779 -6.610916
v -8.079235 35.559173 -1.812510
v -8.199695 31.801607 -1.549359
v -7.958201 39.194261 -2.148553
v -8.188058 37.139304 -2.206987
v -5.893703 29.424173 -6.537567
v -7.625024 43.757828 -2.481186
v -9.315612 15.182444 -1.615415
v -7.520682 33.846954 -0.919218
v -0.171034 4.412820 14.769978
v -0.535380 9.096514 14.788577
v -0.354051 18.370573 13.953651
v 0.900326 15.333411 12.936552
v 0.923768 14.655673 12.961898
v 0.678078 21.037094 12.687262
v 1.636809 6.192050 12.689732
v 1.058582 19.264719 12.400172
v 1.487880 9.400539 12.666673
v 0.939484 29.748309 11.376289
v 0.158130 27.795457 12.541748
v 2.421350 16.491336 10.559648
v 2.280821 20.951978 10.345552
v 3.011965 7.704552 10.202576
v 2.553256 22.121132 9.672403
v 3.147183 9.664637 9.721140
v 1.738745 31.030241 10.032559
v 1.359682 31.214609 10.605944
v 3.608517 16.814102 7.609438
v 3.408943 20.871588 7.697478
v 3.503702 18.658359 7.695930
v 3.522324 19.470674 7.515637
v 3.350787 21.696800 7.769796
v 2.717701 33.062668 7.728816
v 2.737795 28.492179 8.388605
v 2.328870 44.496502 6.364027
v -4.599880 10.995904 3.798716
v -4.449058 17.989765 3.685487
v -4.462172 16.774183 3.735638
v -3.678293 41.381725 3.217938
v 4.421901 15.103262 4.769008
v 3.956735 26.544422 4.971653
v 3.776845 30.788286 4.942136
v 4.328182 13.505311 5.354100
v 4.467505 10.859082 5.077218
v 3.776591 29.847648 5.097932
v 3.262727 38.073606 5.323433
v 3.566344 28.678106 5.982380
v 3.812796 40.554997 3.397677
v 3.727260 35.553270 4.380348
v 3.454842 41.925390 4.089347
v 3.239327 42.061605 4.648220
v 3.870462 34.930733 4.055341
v 4.430246 40.781016 2.034500
v 4.200683 25.157010 4.330255
v 4.741063 16.347994 3.621607
v 4.546785 3.029043 5.747940
v 3.057109 40.710561 5.392169
v 3.201694 36.491272 5.781700
v 3.598592 24.741507 6.469362
v 3.750110 23.278902 6.176498
v 4.149123 6.497234 7.030527
v 4.093551 9.230221 6.901913
v 1.308335 51.700558 6.122240
v 4.627945 12.593715 4.307727
v 5.305267 5.942619 2.920332
v -15.182730 9.649015 -1.083826
v -15.183910 6.273696 -2.796273
v -15.193849 5.411869 -3.210470
v -17.769536 6.332785 -1.501524
v -15.315638 2.190898 -4.975247
v -7.182460 28.943475 -7.636086
v -6.349286 26.206315 -7.058095
v -5.268750 34.740723 -5.886365
v -5.222037 6.672842 -7.149205
v -5.909168 30.153283 -6.504776
v -7.700807 23.124546 -9.907496
v -7.352934 17.204407 -9.675083
v -11.955605 19.507377 -8.097029
v -11.569548 16.524817 -11.900835
v -12.165891 8.061814 -11.876213
v -12.550285 4.368429 -11.377342
v -12.205622 12.865965 -10.826601
v -11.999073 5.572682 -12.553691
v -11.589505 14.463840 -12.181764
v -11.719574 9.303666 -12.623014
v -11.246818 12.516929 -12.997911
v -11.593667 12.311174 -12.474344
v -12.614331 8.056701 -10.185097
v -8.917943 20.439081 -14.349673
v -9.260655 12.050158 -14.961248
v -9.529674 17.247810 -14.285752
v -8.851034 24.962079 -13.713178
v -9.186389 21.808643 -13.992847
v -8.916672 5.642275 -15.648012
v -8.837581 7.433785 -15.567378
v -7.899919 14.524580 -15.501588
v -6.803492 7.670840 -10.664900
v -6.651128 6.894710 -10.976696
v -7.130245 13.787109 -10.500969
v -7.339991 16.751202 -15.522616
v -4.979880 9.300637 -16.849106
v -6.242972 4.688396 -16.840399
v -5.625103 7.635331 -16.817259
v -5.820411 6.258910 -16.862417
v -5.896122 9.152358 -16.640038
v -5.552828 1.725917 -17.206350
v -4.886699 1.725654 -17.361042
v 5.564687 23.507035 1.463271
v 5.355009 22.364418 1.887805
v 5.140890 12.714426 2.895911
v 5.139495 19.747422 2.454530
v 4.489959 35.856395 2.448835
v 4.553471 36.666552 2.235541
v 4.906289 22.128667 2.769981
v 4.740499 35.332016 1.998419
v 5.050790 39.186173 1.097912
v 4.023710 45.837822 2.141754
v 5.981796 15.631966 1.275393
v 1.252081 27.494083 -5.625343
v 1.638964 19.842819 -5.976390
v 1.158935 10.772594 -6.131503
v 1.819743 32.923011 -5.511194
v 2.060028 31.542741 -5.623633
v 2.055323 17.204210 -6.173767
v 1.620156 16.492176 -6.079835
v 1.652308 25.188583 -5.794276
v 1.528458 23.517694 -5.833171
v 1.509633 2.796098 -6.432857
v -1.478664 27.025643 -5.412929
v -4.789451 10.050602 -16.835150
v -4.717865 10.870556 -16.778581
v -4.300371 20.592271 -15.551028
v -2.936575 13.204644 -16.813963
v -1.537539 12.547588 -16.953306
v -1.571582 11.243108 -17.076449
v -1.636800 3.593831 -17.657836
v -2.105368 9.775579 -17.180043
v -2.837026 14.037086 -16.730121
v -1.187016 10.690842 -17.137840
v -0.796563 17.103699 -16.299207
v 9.160906 8.252681 14.969333
v 10.779268 9.894058 13.480825
v 10.462276 13.838790 13.053900
v 10.070844 5.553433 14.592880
v 11.912707 7.942583 12.672693
v 12.384105 10.369662 11.833793
v 10.837561 16.039590 10.892325
v 13.653973 8.203477 10.642613
v 14.216398 9.230800 9.741793
v 12.246331 11.222404 11.857126
v 13.337062 4.863784 11.458322
v 13.283514 3.388855 11.679412
v 12.675899 11.822655 11.250775
v 16.153149 3.271509 7.409655
v 13.199281 14.164118 10.166496
v 16.133689 9.672105 6.411271
v 15.721268 14.047087 6.320469
v 16.849914 7.343271 5.213387
v 16.239732 10.485168 6.007033
v 16.473900 9.311953 5.731553
v 16.991637 10.129240 4.232337
v 17.698658 5.629037 2.826528
v 17.359891 7.941631 3.581724
v 14.098437 16.801568 3.673894
v 14.503089 19.719938 4.349778
v 17.652404 7.887798 2.384166
v 17.638300 11.090894 0.933897
v 16.774319 19.755773 1.450431
v 16.818639 20.380878 0.866216
v 16.738034 21.104990 0.741263
v 16.850700 17.484886 2.328441
v 16.481663 22.350928 1.202089
v 14.555964 22.473619 1.002184
v 13.715118 20.757243 -0.289588
v 7.766952 25.095698 -1.035241
v 8.118826 9.185738 -0.617549
v 8.126088 14.820877 -0.823816
v 4.385958 27.853725 -6.337189
v 4.976769 17.962536 -6.924870
v 4.953592 16.466677 -6.980354
v 4.570366 17.207758 -6.859461
v 5.320771 15.753737 -7.083406
v 4.240888 26.408086 -6.380288
v 3.732222 36.593102 -5.713594
v 3.911790 35.769719 -5.799675
v 4.247623 42.126314 -5.395448
v 5.667214 29.297510 -6.487023
v 4.339846 36.897672 -5.802523
v 6.390450 37.418980 -5.979401
v 6.407752 38.264796 -5.907387
v 8.347515 28.223095 -6.697774
v 10.079027 11.021926 -12.491345
v 7.685744 34.884120 -6.206908
v 7.805379 35.668635 -6.132178
v 10.889950 35.040627 -5.562617
v 7.763227 39.816823 -5.689736
v 8.969465 26.710434 -6.767284
v 6.294760 41.515891 -5.576998
v 10.330365 25.372239 -2.193516
v 9.423986 11.236378 -1.352041
v 8.471026 26.401301 -1.576173
v 9.317642 7.017376 -1.185658
v 8.771269 9.356842 -1.013273
v 9.509569 23.978749 -1.922689
v 11.548292 23.608180 -6.535664
v 12.801058 14.282776 -6.737196
v 9.760204 30.049211 -6.419429
v 11.596740 7.122803 -7.479460
v 11.691404 5.405124 -7.534596
v 12.554989 9.196533 -7.119513
v 12.573715 12.269405 -6.939785
v 12.933712 2.056282 -7.336914
v 9.360258 25.830506 -6.798215
v 9.269012 32.849657 -6.248799
v 9.943655 30.706382 -6.331294
v 10.186341 31.512729 -6.200850
v 4.545866 9.128999 -16.637860
v 1.907846 8.630535 -17.162130
v 1.819846 12.134840 -16.825632
v 6.592849 7.361651 -16.233793
v 5.880887 10.189515 -16.179148
v 5.061129 6.590458 -16.757485
v 5.225229 8.548814 -16.538060
v 15.774661 10.840218 -5.040745
v 14.134756 11.641896 -6.269110
v 14.233038 15.990472 -5.900573
v 13.101998 17.958959 -6.367474
v 13.412802 20.937384 -5.978583
v 13.463924 27.353583 -5.311976
v 11.878326 26.506332 -6.190885
v 10.190753 39.305815 -3.626166
v 10.307395 34.700038 -2.922660
v 9.618628 31.763120 -2.439003
v 9.599609 34.964040 -2.707132
v 17.281606 15.174041 -1.318573
v 17.344016 10.098062 -2.521101
v 17.669002 5.254089 -2.430956
v 12.718680 1.397002 -13.135664
v 11.896428 7.957122 -12.710430
v 11.214539 1.442904 -14.424772
v 12.154828 0.853835 -13.752351
v -12.008634 4.670443 6.753076
v -13.235266 12.718042 10.850074
v -11.306981 12.787784 13.176239
v -8.642375 25.030317 13.478265
v -13.772706 10.474995 4.264457
v -9.244930 9.976564 15.130020
v -9.335373 9.229896 15.132917
v -6.069492 27.168186 12.620642
v -7.071949 1.468824 16.632563
v -2.245778 14.962059 15.462470
v -2.388108 10.987161 15.788385
v -2.246169 27.836805 14.310909
v -2.127429 37.989912 9.881376
v -1.536107 41.498072 9.845736
v -2.660838 32.030450 9.580762
v -2.282065 36.101921 9.210169
v -5.802223 34.568732 0.947382
v -5.098046 41.223914 1.213188
v -5.054296 40.408207 1.358534
v -3.843678 22.888380 -5.967499
v -4.235028 22.108497 -6.131813
v -5.090931 29.512173 -6.126214
v -3.563363 35.091646 -5.341113
v 3.822101 17.117636 6.835789
v 3.934348 15.013299 6.717397
v 3.544577 26.955901 6.309998
v 3.258566 29.802645 6.798720
v 3.462431 37.598225 4.824566
v 3.683220 37.070796 4.281295
v 4.919010 8.090883 3.750840
v 3.973508 16.434134 6.377224
v 4.243247 9.609996 6.234079
v -17.838326 5.842724 -0.820909
v -7.986192 32.418437 -8.238317
v -7.915384 30.772775 -8.439718
v -11.029872 28.503777 -10.081225
v -12.287251 8.666080 -11.450720
v -12.059480 14.681756 -10.947745
v -8.679453 18.286129 -14.740623
v -8.338487 7.891065 -15.806257
v -7.145520 10.064557 -16.176999
v -5.418348 14.478630 -16.311336
v -5.699989 15.324199 -16.162917
v -4.842005 15.095372 -16.367333
v -4.939510 13.027145 -16.553574
v -5.906961 16.814637 -15.966213
v -4.237028 15.674076 -16.401745
v 3.288604 49.645675 2.989541
v 3.311047 47.598037 3.375175
v 4.241988 37.167278 2.833642
v 6.215012 9.355336 1.219468
v 5.851319 17.125052 1.383372
v 6.258850 22.673739 0.543705
v 5.857844 22.205826 1.096971
v 6.470646 38.635353 -0.783427
v 5.699712 29.926377 0.862776
v 5.130281 40.485263 0.834665
v 5.045410 46.908958 0.170729
v 3.908842 49.962726 1.645537
v 0.651127 53.359652 -3.896393
v -2.238560 41.269702 -4.821817
v -2.634788 10.334263 -17.100685
v 1.669487 16.662045 -15.108084
v 1.626809 7.782826 -13.970502
v 1.976714 10.501335 -14.196399
v 12.733322 16.092276 7.780378
v 16.238417 14.049306 5.199909
v 15.504531 13.671248 6.791960
v 17.126469 12.803711 3.021367
v 16.882535 14.892297 3.227352
v 16.975460 19.384085 -0.868973
v 17.197970 17.226909 -0.277196
v 1.799200 47.009349 -4.653684
v 1.695760 41.338438 -5.039788
v 2.749059 52.022021 -4.212535
v 3.385571 45.658249 -4.972239
v 3.257142 43.410738 -5.152736
v 8.106310 29.052610 -6.644030
v 9.152611 25.064494 -6.868737
v 6.603172 47.902520 -4.518589
v 8.437335 19.445062 -1.213441
v 10.271793 21.639257 -6.951684
v 10.469537 13.086011 -7.403126
v 10.644419 12.258735 -7.417057
v 10.167172 11.829008 -7.503738
v 10.939748 15.078284 -7.219962
v 12.211295 16.674996 -6.804657
v 12.262483 21.852492 -6.423884
v 11.928116 17.366120 -6.839947
v 13.194661 25.313838 -5.706786
v 13.331994 17.201571 -6.311531
v 13.429725 10.979596 -6.675314
v 12.991163 6.775848 -7.087518
v 3.586784 15.019781 -16.081955
v 4.100540 15.481681 -15.858130
v 5.760013 6.169954 -16.590108
v 15.967704 4.732942 -5.311622
v 14.301945 31.967334 -3.485119
v 11.302446 37.454992 -3.655793
v 17.652116 8.577756 -1.752167
v 18.079027 1.630817 -1.542910
v 17.880253 1.903914 -2.343354
v 16.290987 7.409277 -4.749448
v 16.648990 1.630361 -4.774405
v 9.832022 11.861247 -12.744730
v 9.730719 9.639962 -12.267465
v -14.958873 16.164616 3.671887
v -12.804401 14.062389 7.054984
v -15.331338 14.024010 0.952609
v -15.025116 11.285750 0.357348
v -4.991312 25.179992 15.203042
v -3.564858 21.435914 15.424480
v -5.270665 34.789796 1.527523
v -4.586304 36.758273 2.267008
v -2.930076 37.796720 -5.092131
v -2.873285 38.602195 -5.040278
v -2.863095 40.652944 -4.922607
v -2.861626 27.714332 -5.538131
v -2.089939 26.521243 -5.458623
v -3.945958 38.838851 -5.216956
v -3.367158 43.990161 -4.761328
v -1.696282 39.024133 -4.916920
v -7.019355 38.896507 -0.836392
v -3.036146 45.615792 -4.594757
v -6.959757 43.373816 -1.361525
v -6.791638 45.606869 -1.531353
v -7.348924 35.684123 -7.033090
v -7.543749 30.655448 -0.676276
v 1.943064 38.823459 8.355387
v -4.608851 44.602220 1.498005
v 3.153431 45.096981 4.262803
v 2.236481 46.063466 6.188971
v -4.976281 31.953473 -5.939783
v -5.161647 28.045505 -6.239019
v -5.149852 39.207394 -5.523475
v -4.953598 35.621963 -5.711144
v -4.541159 32.617367 -5.741751
v -4.459884 23.026632 -6.169691
v -9.541979 33.314259 -3.839115
v -7.329117 28.089580 -7.908514
v -11.698721 23.395973 -8.910682
v -10.679474 31.638521 -9.650704
v -11.953215 17.218156 -10.659235
v -11.814183 17.808065 -10.995724
v -11.265575 24.871687 -10.731616
v -11.444747 24.418462 -10.234616
v -12.004652 17.869452 -10.180724
v -11.903687 20.128137 -9.722062
v -11.317805 20.190817 -11.745350
v -10.572716 22.821699 -12.528728
v -10.571907 25.319234 -12.059723
v -11.416255 19.216834 -11.731805
v -7.007727 11.684319 -16.093577
v -5.402322 17.534051 -15.970960
v -5.733353 20.763399 -15.430179
v 4.044186 39.838166 2.980362
v 3.596665 47.959034 2.642896
v 3.278505 50.532243 2.807884
v 2.912300 49.671101 3.812012
v 3.170001 54.169352 2.051286
v 4.360515 45.501985 1.531017
v 4.506992 47.934639 0.904552
v 4.231552 47.577680 1.451087
v 4.519435 43.685138 1.510867
v 1.208543 54.475195 -3.750505
v -1.116634 32.159949 -5.217345
v 1.694689 6.538445 -17.354714
v 7.443972 9.496682 12.920297
v 16.414204 19.802792 2.769503
v 17.497984 8.273397 2.968350
v 16.620741 19.529861 2.199138
v 4.157344 33.046541 -6.014576
v 7.267971 32.961391 -1.111799
v 13.350485 19.438208 -6.147208
v 13.576369 18.599602 -6.082233
v 12.844816 23.936595 -6.016800
v 4.743540 12.560238 -16.204120
v 3.189875 16.453566 -15.784144
v -3.037653 17.682073 15.580908
v -4.216146 44.476898 2.052679
v -1.608454 36.283811 -5.046605
v -3.193510 48.860328 -4.309939
v -6.990776 37.395015 -0.644481
v -6.642017 42.287275 -0.785430
v 1.557562 42.771333 8.211223
v 1.727478 41.185491 8.267041
v 2.208651 37.114081 8.159998
v 1.845434 41.937317 7.882842
v 0.551840 40.862884 9.916005
v 1.665570 32.574754 9.928650
v -3.871864 42.156645 2.821747
v -4.396453 43.160707 1.952000
v -6.535187 39.401670 -6.059961
v -6.470549 40.286254 -5.928839
v -4.902475 33.319567 -5.832514
v -10.007687 34.371206 -5.195191
v -9.569380 37.251916 -4.945013
v -8.169407 28.618844 -10.009122
v -10.815675 31.543352 -7.233660
v -10.989475 30.255741 -8.999976
v -10.746073 12.730077 -13.617455
v -10.629864 15.170411 -13.488042
v -4.114606 47.453264 1.834209
v 8.902560 38.658213 -2.792878
v 8.708687 33.703347 -2.185942
v 8.423200 34.338892 -2.072169
v -13.929111 16.323935 8.799942
v -14.311549 10.169626 2.605757
v -3.102791 25.712112 14.885363
v -0.202417 44.215073 9.593659
v 0.797625 35.387825 10.719266
v -4.759058 33.649393 2.263640
v -4.581112 38.848799 2.115339
v -4.078793 49.862752 1.522669
v -5.474916 42.849898 0.588637
v -4.487114 51.878728 0.573170
v -7.048456 48.562014 -3.392015
v -3.945981 31.968554 3.639610
v -3.837749 32.733356 3.764459
v -3.587245 37.678090 3.750138
v -3.253222 44.903128 3.520593
v -3.694208 43.501362 2.950332
v -3.167492 50.048466 2.879094
v -10.631152 31.588652 -6.317352
v -9.576282 35.960724 -4.509433
v -8.960433 37.937670 -3.667183
v -9.220259 37.349867 -4.060253
v -9.264199 32.855433 -3.264804
v -6.867200 49.209494 -3.740114
v -7.880373 36.254644 -7.415042
v -11.107512 29.533219 -8.725962
v -10.114699 14.908666 -14.035182
v -9.975445 21.625857 -13.375997
v 1.831244 54.918924 -3.713740
v -0.377744 58.644957 -2.672284
v 2.295289 49.717244 -4.444041
v 9.345016 40.968790 -5.066934
v 12.772773 30.561529 -5.319352
v 11.493229 34.434234 -5.394925
v 12.435784 25.652994 -6.046846
v -10.161085 15.778456 10.286649
v -2.938485 18.407688 15.496616
v -2.996624 20.052814 15.375343
v -1.605742 15.499063 15.085490
v -2.440765 24.427405 14.768657
v -1.772973 20.677299 14.763322
v -0.425096 41.632969 10.508854
v -1.419707 43.895388 8.433609
v -4.751595 51.276908 0.314559
v -5.952495 44.244252 -0.157660
v -5.454172 47.716698 -0.021097
v 1.924634 59.785483 -0.541435
v 4.611118 46.420989 -5.004738
v 8.552179 36.087139 -6.023649
v 12.371623 30.108524 -5.599025
v 11.549839 27.995873 -6.160297
v 11.753924 28.782032 -6.012450
v 8.108028 41.279438 -2.595528
v -3.396509 39.283411 3.947120
v -2.522770 55.834849 2.486503
v -2.754400 48.087540 3.919212
v -3.396977 40.807396 3.774272
v -3.276997 41.647058 3.891266
v -3.280108 35.948376 4.528941
v -3.396246 36.801650 4.224768
v -3.136457 45.590205 3.630577
v -2.043715 55.027322 3.491005
v -2.935880 38.189323 5.026895
v -2.368282 48.413392 4.586373
v -5.370268 45.311575 -4.981792
v -5.245438 41.973329 -5.308719
v -6.002328 17.230723 -12.702257
v 5.358083 52.752882 -3.605557
v 8.785130 31.850605 -2.099098
v 9.103613 35.602699 -2.570606
v 8.774636 37.083948 -2.540576
v -0.501867 37.486714 11.630803
v 0.387859 36.122552 11.081631
v 0.292269 35.229438 11.336945
v -5.270451 50.284493 -0.223627
v -2.955033 51.298285 -4.022313
v -2.964614 55.304865 1.992481
v -6.018034 20.988515 -13.200935
v -6.137955 17.642050 -15.801430
v 13.895018 26.974034 -1.063439
v -0.462347 33.724288 12.313984
v -2.588450 44.440183 4.879863
v -2.113190 47.772068 5.199817
v 6.543766 37.234937 -0.732776
v 6.834172 37.918564 -1.088137
v 16.432337 23.801170 -1.268877
v -0.073423 31.600275 12.279835
v 1.144535 50.879534 6.584868
v -4.585808 48.871191 -4.414136
v 0.287656 58.873511 -2.582048
v 7.178640 48.022664 -4.049989
v 6.487471 44.799365 -1.485012
v -4.498157 39.381884 -5.318713
v 3.756398 55.298763 0.449128
v -2.586693 48.320060 -4.339070
v 4.300577 50.995994 0.698572
v -1.402075 59.121034 2.202064
v 4.553060 52.028170 -0.007946
v 4.321362 55.295355 -0.669736
v 6.503332 31.970141 -0.285519
v 5.387589 46.943596 -0.353664
v 5.870107 45.772081 -0.859855
v 6.143686 36.834463 -0.223923
v 5.859096 47.989728 -1.217304
v 5.720337 43.525960 -0.348349
v 5.750947 41.199041 -0.131550
v 5.544629 45.202702 -0.320870
v 5.850690 39.532125 -0.102509
v 5.701881 40.324943 0.025502
v -14.630504 10.018231 9.060127
v -11.883595 13.926967 -6.111435
v -11.432435 21.507808 -6.153049
v -11.391027 22.857972 -6.316886
v 12.884412 21.232075 -1.276186
v -8.291323 20.738972 14.664540
v -8.606566 18.309600 14.765429
v -6.712606 19.534666 15.496847
v -6.861735 17.712845 15.623692
v -5.335387 23.882341 15.329225
v -6.660150 23.271439 15.122655
v -6.746992 26.109607 14.681235
v -6.080783 13.729885 16.107454
v -5.748712 24.727468 15.166321
v -2.825569 28.418267 9.138335
v 0.030237 13.031104 14.026072
v 0.141525 22.615642 13.115198
v 1.819505 15.257143 11.700090
v 3.131114 16.832467 8.976018
v -3.627410 20.313432 5.295931
v -10.764816 30.853519 -6.553548
v -0.096296 53.549385 -3.811470
v -3.485395 14.349291 -13.888754
v 7.727005 8.089347 -15.731563
v 15.581725 22.733532 -3.891795
v 15.479057 17.501794 -4.716047
v 15.604962 12.659185 -5.057841
v 15.785283 18.165373 -4.275247
v -1.026732 30.993150 13.169580
v -0.984279 26.287278 13.719061
v -0.892713 18.525048 14.380500
v 0.517561 23.806582 12.595759
v 0.458957 25.232827 12.506117
v 0.512423 29.670821 11.904006
v 0.383997 32.852928 11.619794
v 2.039148 26.649988 10.106154
v 1.875275 28.035975 10.212134
v 2.066170 29.897189 9.599939
v 1.962190 34.225168 9.154191
v 1.651275 36.651721 9.285424
v 5.727884 32.009050 0.683741
v -1.964870 20.490087 -5.665427
v -1.523190 29.534719 -5.319296
v 13.520452 19.277567 -0.366392
v 7.053333 23.782796 -0.355984
v 5.311397 29.869585 -6.400753
v 10.872375 31.612896 -6.005373
v 16.988748 16.500982 -2.171250
v 10.165173 10.321963 -14.022011
v 14.278049 29.913704 -4.203711
v 0.785571 34.484618 10.890350
v 0.281793 40.129655 10.380757
v -2.318679 38.603455 6.889476
v -1.955951 42.379483 7.061542
v -5.451702 51.450430 -0.804847
v -6.188737 21.409844 -15.241641
v 5.069601 48.333974 -0.091573
v 14.792745 23.691299 -4.692002
v 15.220553 22.281112 -4.418843
v 0.690271 28.069623 11.896851
v 1.118376 21.443450 12.114349
v 5.249970 43.417180 -5.366507
v -3.657527 24.420395 15.160339
v 9.174150 0.000000 14.998148
v -6.605610 0.000000 11.498017
v 17.374912 0.000000 -2.277150
v 7.249201 0.000000 13.057119
v 7.971290 0.000000 -14.868085
v -16.459792 0.000000 4.516982
v -3.156135 0.000000 13.236654
v -3.384183 0.000000 11.083463
v 2.165531 0.000000 10.906003
v -9.218817 0.000000 -2.057903
v 17.244822 0.000000 -2.947739
v -3.780622 0.000000 13.671384
v 2.827990 0.000000 5.359769
v 2.141109 0.000000 6.538531
v 3.795413 0.000000 1.586133
v 1.682741 0.000000 -14.094844
v 9.286314 0.000000 12.273932
v 5.562755 0.000000 -16.320368
v -13.196837 0.000000 7.051486
v 1.730878 0.000000 -16.979072
v 8.622649 0.000000 14.453356
v 13.579420 0.000000 -5.695724
v 0.359716 0.000000 -1.784747
v 8.072889 0.000000 -4.446755
v -9.045663 0.000000 -13.528940
v 13.750931 0.000000 9.059123
v -8.683262 0.000000 -3.281586
v -6.769577 0.000000 -4.727601
v 2.347566 0.000000 -2.355664
v -1.989597 0.000000 3.407539
v -5.609507 0.000000 -3.530179
v 6.874766 0.000000 -2.647349
v 4.425725 0.000000 -0.009711
v 1.006839 0.000000 4.778181
v 0.851235 0.000000 1.084630
v 15.953344 13.900104 -4.546225
v 16.955593 0.910389 -4.417085
v 17.034933 1.822791 -4.214075
v 12.301999 3.362407 -0.716312
v 12.745185 11.224929 -0.676931
v -13.774814 4.863893 11.157874
v 13.179623 14.111777 -0.325532
v 17.682962 7.666228 -1.876187
v -14.964161 0.779532 9.816274
v -15.245165 1.339213 9.261468
v 12.889485 0.687924 0.372221
v -15.501052 8.777632 7.629934
v 18.187868 1.507685 -0.827999
v 5.864646 8.422451 -13.254828
v 6.252552 0.677299 -12.538430
v 4.774322 4.608097 -13.249627
v 4.890791 5.489501 -13.273944
v -12.295401 9.158047 6.900710
v 10.511696 8.841433 -1.525997
v -11.218449 7.961802 8.288388
v -11.437224 9.345271 8.159004
v 11.774103 2.896658 -1.077073
v -9.722430 4.889734 9.580259
v -12.080786 5.915255 13.102870
v -15.228475 8.095544 8.300345
v 14.875037 1.475794 -6.408059
v 15.022361 2.242678 -6.266124
v -11.860418 2.655565 6.761137
v 13.031886 2.582921 -12.537977
v -17.119097 0.917515 5.149269
v -17.304809 0.744367 4.598358
v -17.333506 5.088955 3.357983
v -18.122785 0.747916 0.757157
v -17.721455 0.760337 3.032356
v -12.847372 1.439373 4.726462
v -13.197273 0.984495 3.787510
v -13.829502 8.506595 3.584939
v -16.899607 9.517826 3.542826
v -16.303216 1.891617 7.064501
v -15.562050 9.836249 7.258758
v -14.115755 1.937616 0.699664
v -14.133420 0.559860 0.160207
v -14.127372 1.257566 0.438498
v -9.219569 5.805592 15.447645
v -8.521498 5.695491 15.841094
v -17.887810 0.780344 2.234840
v -4.999827 3.814851 10.813094
v -4.923972 8.720217 3.378222
v -13.591238 0.801342 2.553842
v -14.818527 9.264310 0.260341
v -14.937901 9.941030 0.053782
v -4.887732 9.231638 16.468543
v -5.126407 7.639311 16.563792
v -5.548292 1.754120 16.862215
v 0.579814 10.270321 -14.212800
v -8.577445 8.733693 10.687856
v -7.799085 4.851845 10.851280
v 6.568470 0.704367 -16.758096
v 6.723134 2.224443 -16.597814
v -18.126173 1.306835 0.315956
v -13.184437 0.881773 12.321204
v -5.788370 8.503743 11.273549
v -2.100794 1.700439 16.177600
v -6.166184 19.219554 1.433294
v -5.498834 24.312649 1.910800
v -6.122222 24.144843 1.226792
v -5.850670 27.118112 1.359664
v -6.060218 25.509932 1.219428
v -1.128785 9.414655 15.194957
v -1.824913 49.452476 5.404593
v -6.190383 1.736923 11.059931
v -4.260762 12.857935 -13.441780
v -5.137718 14.462701 16.138281
v -5.435522 2.124259 10.943074
v -6.364968 2.344305 -11.128874
v -0.066643 5.824684 14.594523
v -0.213262 1.800746 14.958267
v -4.111973 8.833722 16.417079
v -3.370074 9.016805 16.249633
v -12.015928 18.613665 -9.728600
v -11.706084 22.320751 -9.929460
v -4.168631 21.709475 11.071300
v -6.208236 3.240813 -11.392911
v -4.035287 1.247240 16.806714
v -3.607829 2.221015 16.670849
v 12.997610 3.099103 0.392142
v -10.063228 10.019611 9.708125
v -9.492992 1.067571 9.513724
v -9.599209 1.683197 9.463443
v -9.098397 9.026021 10.385637
v -12.134731 1.421514 -5.174128
v -9.089534 1.288087 9.871468
v -14.356430 6.164108 10.140377
v -7.706654 21.288254 -0.195537
v -16.678529 5.473478 5.480190
v -16.751455 1.499748 6.059987
v -16.915652 0.791926 5.744118
v -7.451003 3.276660 0.875064
v -6.927127 3.725138 1.326157
v -5.805686 2.319852 2.482177
v -12.714287 0.874498 12.862295
v -12.635469 2.399228 12.814493
v -5.718139 14.432600 2.123631
v -5.775355 10.545045 2.216771
v -5.775164 11.417836 2.183449
v -10.081089 3.087960 9.106829
v -6.408615 3.250706 1.815463
v 6.328401 0.960452 12.952221
v 5.814108 1.103894 13.397631
v -4.797649 1.424202 16.881884
v -8.036378 4.437657 0.302340
v -7.982226 3.646089 0.384185
v -4.281912 2.674761 10.087299
v 5.526029 1.790544 2.684926
v -9.965882 17.625015 -2.679991
v -3.696341 3.604819 8.455559
v -17.976537 3.340256 -2.374586
v -3.354369 19.508006 9.428098
v -3.334972 17.981749 9.124391
v -0.307603 13.222082 -5.847045
v -4.122643 15.236070 4.470993
v -3.852113 19.837058 4.750713
v 5.413896 14.708298 2.229936
v 2.553129 4.942530 -6.697011
v 2.621766 1.563107 -6.816020
v -4.558543 2.920461 4.260665
v -3.176261 19.934235 7.361480
v -3.287030 17.397938 7.086768
v 12.437122 0.970463 5.276557
v -3.812903 13.000510 5.385300
v -3.939874 15.804434 4.858111
v -3.527935 16.560437 5.966394
v -0.131582 0.725698 -13.533049
v -13.523852 1.634345 2.954068
v -13.497444 2.465057 3.230213
v -13.372418 0.866118 3.277105
v -0.741554 2.841672 -6.061442
v -3.808587 3.648782 6.322161
v -3.714343 5.809179 6.512207
v -3.843649 2.063594 6.363375
v -8.426836 1.878835 16.115124
v 6.583572 3.739631 -16.531797
v -18.028653 1.498618 -3.138078
v -18.177874 1.337740 -0.415061
v -17.794549 0.717858 -4.473475
v -11.516628 9.700214 -4.628797
v -11.386747 14.106989 -4.841039
v -15.114781 0.659425 -4.887930
v -14.551550 4.687188 -0.476631
v -14.532082 0.759075 -1.920229
v -10.233518 1.676361 -1.965511
v -3.024266 13.586698 -6.048010
v -3.347709 7.606053 -6.294291
v -3.086340 11.124323 -6.127537
v 3.270040 19.256142 8.314483
v 4.622062 6.403773 4.945415
v -11.344558 2.647191 -3.695410
v -3.449509 15.780469 9.260938
v -4.157932 5.156265 5.019787
v -4.041329 5.841492 5.296702
v -11.516903 13.263595 -5.029421
v 0.353154 3.665298 -13.726291
v -15.447033 0.692456 -5.784658
v -4.653575 7.138071 -12.811868
v -4.393690 9.792807 -13.128260
v -11.656138 1.388769 -13.510964
v -5.544267 8.385340 -12.338902
v -12.541110 9.401346 -10.177423
v -12.520567 10.033432 -10.059912
v 0.030236 22.957191 -5.599787
v -12.638830 6.417897 -7.673008
v -4.532087 12.081210 -13.239879
v -12.160158 7.349836 -11.996506
v -12.748506 1.894445 -11.126132
v -12.889367 1.654906 -10.490992
v -12.249529 7.502050 -6.224612
v -12.018801 7.889356 -5.611033
v -12.309170 2.170560 -5.689241
v -12.448262 1.338432 -5.985832
v -11.669223 15.342603 -5.716245
v -12.295692 6.638808 -6.247546
v -11.817133 13.187154 -5.787506
v -1.267177 11.308384 -14.171414
v -11.936993 6.922472 -12.516396
v -12.022182 9.009574 -12.075310
v 1.881323 4.210613 -17.501675
v 1.340640 3.688669 -17.593265
v -12.028208 1.412532 -12.940816
v -10.344310 10.601987 -14.225903
v -11.212956 1.384457 -14.068008
v 4.416422 2.659136 17.547389
v -11.805101 1.482886 -4.458160
v -11.856564 3.742154 -4.765362
v -11.426070 15.863344 -5.170140
v -11.192460 20.435697 -5.270879
v -3.710363 14.141985 -6.213237
v -12.092830 17.961808 -9.315943
v -12.104874 17.311745 -9.767523
v -11.238704 18.893751 -5.164226
v -10.985605 21.188864 -4.895825
v -7.805759 1.841269 16.376826
v -12.500378 1.444241 5.459123
v -6.643272 2.923953 -10.646237
v -17.529387 0.689063 3.821723
v -11.585535 10.903566 -12.672448
v -11.130179 13.176719 -13.086974
v -10.138112 1.531352 -15.081549
v -10.671965 1.529119 -14.621999
v -4.330549 15.963281 15.988413
v -6.588861 12.772159 -11.587814
v -4.356261 11.738661 4.202809
v -5.568565 11.164432 -12.520475
v -10.521484 2.269837 -2.395092
v 11.811870 8.462686 7.645264
v 0.068501 20.197824 -5.686922
v 9.487771 3.368818 -7.921602
v -2.665064 22.709837 -5.675424
v -0.085478 3.331437 -6.096825
v -0.774106 7.251191 -5.958161
v -1.555919 3.468210 -6.069162
v -2.273021 2.480732 -6.171481
v -2.286086 6.491618 -6.077459
v -2.170449 7.233353 -6.045986
v -5.771314 2.403255 -11.800614
v -5.059781 14.369764 -6.796999
v -4.256526 10.574002 -13.246343
v 5.970531 3.844423 17.070482
v -3.333001 15.820202 -6.060498
v -4.918921 3.049467 -7.085752
v -4.902217 5.879954 -6.984535
v -8.632567 1.793824 -0.148352
v -4.631194 1.632755 -12.523430
v -4.223586 0.751637 -12.665294
v -11.041956 0.824503 7.792563
v 0.814392 16.773240 -5.894299
v 0.183922 17.257524 -5.787651
v -9.542629 1.637793 -15.508923
v -9.328524 3.387229 -15.533963
v -8.858481 4.693238 -15.743689
v -8.373567 5.173947 -15.966857
v -9.197559 9.014971 -15.241262
v -7.827552 5.601308 -16.195010
v -5.494917 4.743139 -17.039392
v -6.609894 2.923550 -16.823491
v -3.831421 17.825893 -14.180718
v -5.139674 5.266653 -17.092786
v 8.483428 0.719810 16.148643
v 6.743394 3.713283 16.790907
v 6.282163 3.138830 17.034325
v 9.706551 1.636358 9.818442
v 13.177469 1.692209 1.607793
v 13.193068 2.235118 1.458104
v 8.697900 0.491635 -11.676823
v 5.438963 0.758804 -12.802520
v 5.733844 1.495795 -12.763632
v 5.351794 2.286566 -12.926440
v 6.097134 2.267436 -12.695281
v -0.710887 1.247432 -13.530152
v -15.321919 9.360834 7.884645
v 6.675313 3.845531 12.921459
v 6.773044 5.223662 12.995054
v -3.145549 5.258216 -17.432656
v 6.291753 7.240490 13.650705
v 6.269149 5.061983 13.404449
v 10.250216 4.681077 14.544048
v -1.448670 1.510828 -17.798469
v 0.694234 11.033906 -17.042544
v 7.448639 6.276383 12.505309
v 7.316046 7.950749 12.829855
v -8.805496 2.641836 -0.360644
v -9.167164 2.325865 -0.726597
v 13.386553 2.847642 -11.238628
v -12.455975 11.668419 -8.320242
v -12.432372 12.309345 -8.447279
v 4.247333 2.405001 -17.249169
v 2.963764 8.848656 -13.932143
v -3.596312 9.919380 -13.469979
v -12.655153 8.622370 -9.149806
v -6.478753 3.467633 -8.503240
v -10.155283 16.922826 -2.898058
v 4.072961 3.372557 15.189591
v -10.048206 2.609992 -1.782643
v 3.553118 0.846050 15.338583
v 9.380097 2.531260 -7.958936
v 9.708802 14.547483 -7.414726
v 4.298969 1.317585 14.714423
v 9.180875 24.310480 -6.917316
v 9.212874 20.701636 -7.131460
v -3.246900 17.444711 8.464132
v -3.191495 20.649847 8.954969
v 5.202828 0.642112 13.865075
v 8.575171 21.349793 -7.122834
v -7.770689 17.887934 -0.065963
v 7.209574 4.227866 16.535431
v 10.290140 27.129338 -6.565771
v -3.789027 6.718614 -6.459841
v -2.989760 28.836609 9.897039
v 4.632237 4.580235 5.121898
v 4.494542 6.807853 5.476202
v -2.742844 32.077169 6.714043
v -2.743186 32.998854 6.514678
v 3.226284 3.268036 10.129939
v 3.128524 1.814520 10.471696
v 3.720855 1.512758 9.040326
v 0.747213 2.642529 14.004583
v -6.292452 14.846479 1.508576
v -7.866023 24.373571 -0.567186
v 3.099180 7.018681 10.078220
v 2.220045 17.236551 10.854644
v 3.913430 10.435554 7.429640
v -7.549531 12.636603 11.357689
v -7.495305 9.905650 11.215469
v 4.370689 2.963817 6.577496
v 4.361941 6.292751 6.150258
v 4.248535 15.300973 5.421774
v -16.482962 10.619092 4.611552
v -3.165277 23.899512 6.459666
v -3.094529 26.472983 6.315091
v -10.630802 11.687545 13.939802
v 4.141711 20.317566 5.177016
v 3.964115 20.921875 5.781751
v -18.017508 0.806236 1.476018
v -17.976039 2.255546 1.071834
v -3.155570 21.479222 8.962821
v -3.203445 22.360245 9.400467
v -2.996468 26.713335 9.510547
v -10.605142 14.602423 9.784987
v -10.711570 10.999633 9.200136
v -3.979608 1.906725 5.811713
v 6.928469 0.772890 12.427079
v -9.442510 7.113262 9.983875
v 7.431400 0.615302 11.974073
v -1.244521 1.618770 15.716662
v -1.175259 3.023627 15.594074
v -4.148622 38.790799 2.723150
v 17.523879 7.380224 -2.488679
v 6.265425 7.305532 1.234119
v 6.153089 2.889488 1.568308
v 5.805507 3.282106 2.091919
v 6.183723 2.219257 -7.745927
v 13.058389 1.354535 3.173488
v 14.260668 4.642093 10.286134
v 6.646588 6.678506 0.784871
v 4.462298 12.499161 4.933053
v 8.438145 10.740706 -7.647334
v 8.279133 12.508629 -7.563456
v 8.297485 1.555249 -8.002401
v 8.367816 7.201470 11.763698
v 8.162234 5.138074 11.735676
v 7.646665 5.474947 12.236034
v 8.907154 2.219230 -15.722038
v 10.314482 7.876112 14.143704
v -14.327541 9.623891 2.343269
v -16.287135 7.700441 6.024907
v -13.711710 2.311125 2.494916
v 9.819810 4.802415 9.993552
v 10.196451 6.009579 9.670791
v 9.350166 1.480521 15.510122
v 13.318909 7.714698 11.128523
v 9.757202 9.642776 10.653917
v 13.236693 0.704923 12.004690
v 8.319668 1.967397 -11.930395
v 14.895883 1.590966 9.741924
v 6.791600 18.368972 -7.198347
v 15.554420 0.773738 8.795306
v 3.367643 18.743738 -6.491013
v 0.664429 28.075739 -5.498640
v 1.055222 26.527575 -5.624511
v 7.740436 13.066989 -0.475647
v 11.371089 8.676660 8.399607
v 11.361582 1.439522 7.483560
v -13.735706 12.454253 10.130176
v 9.383553 0.733924 -15.596692
v 9.176551 1.430212 -15.643982
v 9.617793 2.060953 -15.367501
v 7.904656 0.818786 11.572627
v 8.157459 1.566652 11.411734
v 8.411251 2.325185 11.229125
v 7.846742 2.306603 11.756206
v 7.210534 7.355499 16.179661
v 12.692091 0.886119 4.546695
v 15.178011 0.812392 9.395644
v 15.367111 1.635622 8.998413
v 15.393138 2.504403 8.857711
v 12.761879 6.528324 5.341371
v 3.751099 17.242937 -6.645331
v 16.872343 1.628557 6.103487
v 3.434578 26.446601 -6.180834
v 4.072626 22.813047 -6.503982
v 3.248872 22.795782 -6.295567
v 3.116628 22.016363 -6.292808
v 17.358153 0.713873 5.028890
v 7.674588 6.661871 -0.206765
v 13.734059 12.457391 1.643358
v 13.810097 13.403599 1.703941
v 7.585544 2.167422 0.020070
v 7.389085 5.971464 0.056577
v 4.113587 11.874070 -6.950489
v 17.998998 1.346460 2.587791
v 13.299444 8.022835 0.638586
v 13.839473 16.037186 0.863686
v 18.233723 1.452543 0.384927
v 13.568815 9.650041 2.862926
v 13.422171 7.368149 2.893065
v 13.159477 7.119875 4.217622
v 18.143616 0.797986 1.923403
v 18.228940 0.904443 1.113111
v 13.535710 8.865923 2.550604
v 15.332672 6.077882 8.492147
v 15.203579 6.744082 8.607439
v 15.083434 9.274457 8.415335
v 15.145190 7.686391 8.573847
v 10.228701 3.821252 -1.330133
v 18.250885 0.759369 -0.537353
v -16.108850 9.071138 6.120881
v -11.073975 6.040067 8.260926
v -10.274651 1.856255 15.004635
v 3.263054 13.622700 -6.644922
v 3.337594 14.837528 -6.623561
v 3.300314 1.832122 -7.032887
v -10.133525 12.278781 9.888033
v -9.774286 11.449976 10.100268
v 1.676698 21.608035 -5.928679
v 3.454772 8.213348 -6.885100
v 3.931647 11.053611 -6.931449
v 3.775547 10.341867 -6.907209
v -6.853015 2.162669 11.020454
v -5.192528 22.330803 2.389764
v -3.848696 2.154332 -6.609534
v -3.536832 5.882722 -6.403042
v -4.228509 2.855238 -6.746107
v 4.938127 3.935540 -7.431767
v -16.014823 11.865823 5.585166
v 6.897428 16.148563 0.145547
v 7.390977 13.758810 -0.219653
v 9.602565 2.644696 -1.158709
v 8.305755 3.012311 -0.542458
v 6.446516 21.619995 -7.003121
v 6.201434 18.973480 -7.095614
v -15.077258 3.809650 -3.419385
v -3.674930 2.881332 7.783861
v 7.435778 1.633701 -7.940489
v 7.051894 2.415620 -7.867795
v 7.279344 4.363000 -7.821166
v 2.655894 1.360279 11.446402
v 7.644203 9.736174 -7.650526
v 8.655829 0.752782 -15.949895
v -6.932314 27.656122 0.203360
v 9.163627 15.106057 -7.432443
v 9.138341 13.694528 -7.500759
v 3.652625 9.284658 8.407055
v 8.503958 7.111354 -12.301109
v 3.885753 6.372487 -13.577640
v 3.296018 0.837000 -13.314900
v -14.017642 2.335098 1.295046
v -12.231638 5.280795 12.998264
v -12.513694 4.471448 12.765461
v 2.561435 0.879666 -13.429986
v 3.029844 1.668617 -13.411609
v 2.745995 2.430331 -13.505781
v 9.013955 5.531868 10.947554
v 0.491739 8.758412 -17.272505
v 1.202404 8.162945 -17.268428
v 1.557650 0.948989 -17.750773
v 11.853390 4.534305 13.107116
v 4.326816 5.997226 -16.976889
v 1.516701 1.351288 -13.552748
v 1.459155 0.635945 -13.513631
v -17.207730 10.878511 0.924813
v -17.104525 11.612539 1.052190
v 7.193160 1.532356 -12.291200
v 7.100401 0.885722 -12.275391
v 7.575951 2.078698 -12.190162
v -6.781461 13.526968 15.976378
v 10.886275 8.761577 9.121874
v 7.326495 4.953225 -12.494914
v 8.872728 7.293641 -15.275366
v 4.703322 1.565074 -17.213001
v 4.284683 0.773686 -17.354037
v 7.338482 0.744815 -16.492984
v -3.935363 20.648416 4.495921
v -14.363302 1.655212 10.659085
v -14.518301 2.434130 10.337794
v -14.504504 2.040929 -1.253779
v 12.551384 31.563786 -2.548174
v -15.696121 1.735863 8.376318
v -10.930867 1.465960 14.522155
v -5.132456 7.224857 3.143845
v 11.219984 2.394997 -1.258620
v 12.341701 5.694004 -7.357411
v 5.785134 14.238507 1.634238
v 5.699417 15.124437 1.725305
v 13.031498 12.742406 -6.743516
v -6.205077 11.576964 -11.973648
v -5.935655 14.975058 -12.544481
v 13.569676 1.724613 -7.102028
v -6.264623 15.530550 -12.278267
v 13.082665 1.231799 1.022123
v 12.345925 1.678327 -7.541244
v 17.648716 1.571880 -3.053169
v 17.278131 8.584071 -2.967543
v 14.729397 12.305589 8.405029
v 12.367720 10.649873 7.000274
v 13.572983 13.259263 0.586781
v 17.412158 1.327879 4.758891
v -1.835959 3.602976 -13.527032
v 15.183192 12.908391 -5.419643
v 16.148526 1.557550 -5.352104
v -3.287429 6.105593 -13.313783
v 15.539220 1.540379 -5.915767
v 15.722192 2.245754 -5.711162
v 11.879962 29.231262 -2.415968
v 16.064028 18.772193 -3.784898
v 17.257059 0.955457 -3.937128
v -0.197253 10.571358 -14.219544
v 12.812608 9.115329 5.697783
v 10.959738 8.662247 -7.533783
v -10.455132 9.185568 -2.750186
v 10.074336 1.321289 -7.957948
v 10.145612 1.213170 -11.215900
v 10.524218 1.416266 -14.886872
v 10.146049 0.739010 -15.178184
v 14.239461 12.430894 9.140375
v -11.296149 21.022129 -5.645333
v 12.175035 3.962718 -7.484889
v 13.623078 0.669966 -10.626292
v -12.999587 1.290662 -8.966905
v -15.769071 1.353145 -6.110068
v -12.783587 5.265258 -9.931250
v -11.888299 14.169050 -11.557957
v -11.948168 13.295468 -11.567360
v 11.656962 10.198034 -7.324684
v 12.289009 6.524099 -7.335186
v 12.561246 0.943289 -13.363270
v 16.560084 0.725313 6.930902
v 16.352579 1.394727 7.262022
v 11.337308 6.721195 -13.689508
v -1.107110 5.663390 -13.751273
v 13.452758 0.791358 -12.299069
v 13.411723 14.298013 5.461126
v 13.333296 13.611593 5.480886
v 12.858964 0.639879 -10.440303
v 13.378571 12.356326 4.904105
v 13.341288 11.221831 4.658873
v -5.736133 30.081853 1.308161
v 12.555031 2.138513 -10.680011
v 11.853922 12.512214 -7.152711
v 11.582162 11.156771 -7.290258
v 14.909462 5.506283 9.250850
v 12.746397 5.072824 5.117450
v 13.112462 9.260259 4.907157
v 12.990852 6.612968 4.672431
v 9.447475 11.907797 -7.566872
v 2.517343 11.114673 10.901182
v 15.780334 1.332127 8.334011
v 15.720561 1.999813 8.353002
v 4.339230 3.890781 -17.129904
v -15.369489 5.234449 8.511330
v -14.439282 9.358486 9.529637
v -13.399519 7.483688 11.375432
v -15.433289 0.711755 9.006519
v -14.948376 8.480924 8.769263
v -12.201157 12.942516 7.688720
v -14.918683 12.949387 7.856581
v -15.945770 0.802390 8.000874
v -16.114231 1.423134 7.558637
v -12.331265 13.312657 11.949520
v -9.402401 16.638885 10.886766
v -9.402700 4.189704 9.804020
v -10.470484 11.647772 9.514415
v -11.565380 11.312786 13.089905
v -11.443016 1.536237 14.074752
v -11.459326 13.489768 12.937584
v -10.922212 11.157243 13.733444
v -14.386200 12.616447 3.297248
v -13.868132 4.896487 2.543937
v -13.958185 7.207676 2.870858
v -17.483766 3.648263 3.206955
v -17.787500 1.490285 2.488601
v -16.538160 13.267529 3.039436
v -17.046159 4.592844 4.549544
v -16.838626 6.826683 4.653712
v -16.308595 12.836994 4.268770
v -16.640965 0.731719 6.468762
v -16.456707 1.338554 6.809050
v -13.257247 2.777719 3.949295
v -16.928582 5.329566 4.768192
v -16.998158 3.846301 4.881869
v -15.656090 13.801044 5.835460
v -13.586997 8.648594 4.258831
v -15.502689 12.535866 6.664656
v -16.183706 11.112922 5.366161
v -18.044652 1.474164 0.986066
v -17.460550 7.299590 1.845501
v -14.719205 9.643261 0.849678
v -17.655335 7.639773 -0.254711
v -17.520016 8.847381 -1.008734
v -17.846944 5.368960 0.033149
v -5.481141 16.561485 11.562866
v -7.384379 1.541751 10.850320
v -7.518796 2.287318 10.847890
v -7.120078 16.203958 11.673163
v -8.232914 4.841616 16.029296
v -8.597173 11.818303 15.374542
v -8.160822 12.609791 15.535256
v -7.498875 5.248656 16.297542
v -7.615977 7.769035 16.107392
v -7.161648 10.540914 16.077895
v -7.029779 8.261890 16.258256
v -5.368032 12.376273 16.273787
v -4.432295 8.153329 16.495783
v -4.138614 10.414140 16.323610
v -3.707365 12.589021 16.114381
v -3.166792 5.544497 16.382160
v -5.641721 23.417274 12.077295
v -4.846330 18.628901 11.393118
v -4.684059 21.490256 11.470502
v -5.453179 19.056374 11.697023
v -5.910907 29.643005 14.281629
v -4.162352 27.289141 11.586573
v -4.020466 33.065937 12.434086
v -3.396430 22.790974 10.008902
v -5.928141 25.364843 12.349879
v -4.210557 17.433552 10.799913
v -5.132798 24.240240 11.965213
v -4.902159 28.380915 12.277981
v -4.459237 30.492575 12.286312
v -2.943481 33.033196 10.747807
v -3.378041 9.916911 16.198710
v -2.787199 9.417409 16.040458
v 0.241850 7.793001 14.193483
v -3.829796 17.225970 10.283454
v -3.894470 17.912819 10.454787
v -4.156838 14.262525 10.557566
v -4.064023 15.109537 10.496377
v -3.581835 30.099248 11.300378
v -3.173753 31.709066 10.955797
v -3.364083 27.828854 10.641526
v -3.557578 19.045162 9.963140
v -3.736635 15.775588 10.007953
v -6.250398 2.429185 2.004433
v -5.719994 12.827835 2.187880
v -5.297646 18.057551 2.461907
v -4.382219 22.688250 3.531877
v -4.851310 15.293269 3.196522
v -4.488358 19.209756 3.558557
v -4.776563 22.878921 2.900751
v -5.219664 23.708556 2.286189
v -2.430664 20.037280 -5.734846
v -0.233539 40.002382 -4.882086
v -3.919362 28.917672 -5.740912
v -8.983613 24.621453 -1.904299
v -9.186025 21.398282 -1.900648
v -9.126620 19.622871 -1.692733
v -8.519768 4.141142 -0.141728
v -8.829242 18.853661 -1.270618
v -7.974807 33.879463 -1.476622
v -7.723924 33.147148 -1.083931
v -8.275301 18.876846 -0.647461
v -8.173652 22.344982 -0.759501
v -6.488983 40.988116 -0.444433
v -6.922314 30.415075 0.023817
v -7.237898 18.567928 0.412182
v -6.955727 22.782320 0.463101
v -7.086014 20.078632 0.478646
v 0.615095 1.869624 14.189670
v 0.706862 13.191152 13.330804
v 0.570926 12.433224 13.535390
v 2.419489 2.806282 11.752007
v -2.644753 32.959068 9.805083
v 1.886884 16.070755 11.520173
v 2.172607 14.715307 11.182924
v 2.142803 13.868740 11.311993
v 3.515325 3.082373 9.434275
v 3.443895 9.787457 8.947378
v -3.065536 22.106364 7.688128
v -3.057006 22.748108 7.502987
v -2.727025 29.269810 7.986151
v -3.081773 20.975602 8.302174
v -3.732025 2.129253 8.409634
v -1.819648 39.927117 10.574056
v 3.865043 18.330445 6.526872
v -2.908348 32.235921 6.037011
v -3.096172 31.524283 5.525987
v -3.766494 16.536602 5.241663
v -2.549631 32.614605 8.974242
v -3.147953 22.166294 6.930151
v -3.719246 11.704923 5.830503
v -3.908386 24.984737 4.253117
v -2.226333 43.110582 6.019777
v 3.565214 20.313062 7.280658
v 3.572515 22.081682 7.002342
v 4.263247 19.565946 4.826227
v 1.832221 42.828835 -4.972222
v -17.195943 10.653658 -1.731802
v -15.209831 7.744167 -2.166069
v -14.750525 3.879585 -1.825941
v -18.195042 1.354982 -1.182995
v -17.764305 4.773399 -2.944175
v -17.317662 6.655561 -3.738959
v -9.927623 6.789856 -1.873214
v -9.609625 11.377581 -1.751148
v -9.673541 9.792096 -1.740247
v -9.370789 12.226491 -1.489572
v -6.044480 2.812798 -7.968374
v -6.098986 22.380671 -7.086401
v -10.805098 2.773786 -2.839134
v -10.873657 20.509933 -4.548729
v -9.773502 20.516802 -2.649604
v -9.652817 28.178084 -3.262294
v -10.541094 16.808068 -3.514331
v -11.651577 2.255127 -4.228574
v -11.064918 14.674777 -4.241815
v -10.595777 29.670286 -5.552366
v -10.736047 27.411606 -5.373442
v -11.368033 8.476328 -4.222881
v -10.053633 35.934097 -6.095150
v -7.068978 13.031592 -9.095768
v -12.027014 17.954342 -7.830383
v -11.695269 22.290289 -7.546737
v -12.059604 10.988858 -6.181737
v -12.218251 10.390365 -6.613950
v -11.600502 19.542068 -6.284392
v -10.957784 23.760874 -5.232399
v -11.278386 22.305083 -5.836424
v -11.463577 20.316389 -5.988928
v -11.654906 20.225721 -6.664592
v -12.391165 7.903787 -6.783842
v -12.220006 12.417364 -7.042172
v -10.085920 33.358128 -5.106904
v -6.799674 23.592305 -7.669366
v -12.206062 15.310615 -7.906917
v -12.787084 5.699554 -8.695734
v -12.741271 6.944667 -9.277880
v -12.146733 17.305186 -8.823430
v -12.422114 4.957017 -11.666824
v -6.500738 13.102646 -16.151598
v -10.430556 3.637943 -14.692858
v -10.823194 10.507742 -13.749398
v -11.086499 8.606781 -13.614204
v -6.981735 9.227176 -10.173777
v -11.630651 24.262244 -8.810610
v -11.579927 24.885589 -8.794577
v -6.058918 9.081518 -11.947150
v -6.142550 10.737829 -11.978903
v -5.273268 11.849895 -12.785487
v -5.681226 18.054465 -13.068827
v -7.442559 1.843131 -16.583577
v 4.695978 33.765900 2.240434
v 4.817409 31.315232 2.214604
v 3.314781 33.148862 -5.827529
v 1.142170 36.944037 -5.196936
v 1.481871 34.579791 -5.368459
v 0.253335 41.583540 -4.833707
v 0.860960 4.732494 -6.215626
v 1.089313 22.089020 -5.786962
v -0.691300 29.631855 -5.316260
v -0.700260 22.433098 -5.560038
v -1.653920 14.843533 -5.794600
v -1.064555 19.269174 -5.652384
v -0.899326 27.610048 -5.383202
v -4.558514 6.301938 -12.810402
v -2.775896 9.753584 -13.717801
v -2.900082 8.858778 -13.616152
v -4.437328 15.834811 -13.642515
v -3.122157 11.524492 -16.957205
v -3.209758 13.062471 -13.864597
v -2.220179 1.531297 -13.331686
v -0.853674 9.142126 -14.042210
v -1.546438 8.721624 -13.903861
v -0.370126 6.077516 -13.850239
v 0.985770 7.191982 -13.961115
v 0.214337 12.932076 -14.472381
v 0.306559 1.605942 -17.785659
v 0.169571 7.043486 -17.423925
v -0.809567 1.422071 -17.814512
v 0.196702 10.307283 -17.149457
v 0.228657 13.404100 -16.804464
v 1.499373 8.516404 -14.037229
v 4.459227 0.910359 17.746043
v 4.214317 5.109846 15.329791
v 5.474610 0.528894 17.555035
v 6.627069 10.042207 13.760910
v 7.126745 8.210184 16.105493
v 7.113063 9.064791 15.999787
v 5.429439 7.925404 14.574938
v 5.136678 3.008081 14.155580
v 4.822839 0.949467 14.211439
v 4.542889 6.899125 15.341001
v 6.822230 1.591842 12.593919
v 7.219289 5.011444 12.563041
v 7.314255 7.122390 12.718151
v 11.146049 1.400910 14.072844
v 10.266901 8.697201 14.083705
v 8.948876 8.490974 11.350028
v 8.443003 11.365109 12.264760
v 10.809049 12.526143 9.881199
v 14.035004 1.565140 10.927907
v 10.977261 1.401191 8.091380
v 11.812481 10.254224 7.934095
v 16.072194 1.123088 7.840915
v 16.246588 0.642113 7.576173
v 15.950523 4.886498 7.563011
v 15.738743 6.304101 7.737847
v 15.691847 5.475696 7.956401
v 15.862981 10.375233 6.828449
v 13.106316 13.968554 6.207256
v 14.591184 3.947050 9.903564
v 14.803215 9.954004 8.746760
v 11.576583 11.938934 8.644624
v 16.614303 1.599567 6.685822
v 13.240108 9.902958 4.633423
v 12.848412 11.820858 6.241341
v 12.669577 8.438566 5.922579
v 13.308606 14.779029 5.942953
v 16.732718 6.721744 5.612377
v 17.620278 1.445545 4.092959
v 17.876707 4.433006 2.287415
v 17.752048 4.857153 2.787231
v 17.849414 5.298335 2.168567
v 14.276450 17.982478 2.968304
v 13.445956 9.810272 3.753191
v 13.927800 14.705743 3.312740
v 13.935816 15.362601 3.649704
v 17.195406 14.522375 2.070178
v 17.977967 6.090226 -0.340638
v 13.474344 10.608586 0.809952
v 13.537282 8.833363 1.783329
v 6.886339 31.285728 -0.642781
v 6.855860 25.984434 -0.279438
v 7.925523 8.266656 -0.443895
v 6.814989 28.521520 -6.650666
v 5.970691 26.224492 -6.696677
v 5.567333 27.032557 -6.599220
v 3.509276 2.586627 -7.078661
v 5.119448 21.069087 -6.811378
v 4.846653 19.441199 -6.830842
v 3.702823 30.783253 -6.038696
v 3.702382 32.481125 -5.945203
v 3.699940 27.915992 -6.184063
v 2.198515 12.685097 -6.361748
v 2.546316 16.853983 -6.320321
v 3.163680 27.175149 -6.087119
v 3.440592 28.710255 -6.082453
v 2.706024 31.462218 -5.776351
v 3.400534 39.810007 -5.446749
v 2.148627 18.125652 -6.163023
v 6.586914 1.578966 -7.835530
v 7.670081 18.522554 -7.255081
v 7.909564 16.244276 -7.381684
v 8.019264 1.021940 -16.205726
v 7.781271 4.327089 -16.052582
v 7.329535 3.711664 -16.274820
v 8.324101 12.320956 -14.873783
v 8.055730 9.578685 -15.414845
v 6.906290 11.227297 -13.267523
v 10.216138 4.301035 -14.818662
v 8.073157 7.269502 -7.775947
v 8.237565 17.034182 -7.353270
v 7.760069 29.672422 -6.615772
v 10.346465 16.343454 -7.251838
v 10.321853 7.090253 -1.445695
v 12.128877 28.478957 -2.297328
v 10.752058 19.149902 -7.023911
v 9.194827 22.455549 -7.027607
v 9.135607 19.845567 -7.184607
v 8.503194 24.889119 -6.920083
v 4.840388 11.847141 -16.272933
v 3.762074 1.661382 -17.394675
v 3.182047 4.507404 -17.303182
v 2.131927 12.874057 -14.439065
v 4.278754 11.659154 -13.996208
v 4.240014 10.052852 -13.830453
v 6.921362 11.985616 -15.587749
v 7.502983 8.954685 -15.720722
v 5.004918 1.482486 -12.971653
v 4.674584 10.856723 -13.816232
v 5.490968 12.349456 -13.803105
v 11.928847 22.756241 -6.488462
v 11.785247 21.239192 -6.634343
v 13.760465 9.377087 -6.614372
v 13.284257 8.858814 -6.862378
v 12.241446 14.238122 -1.280451
v 12.628645 22.049326 -1.521195
v 12.875440 22.907428 -1.429249
v 10.035706 11.308977 -1.532252
v 11.731402 23.092543 -1.982160
v 11.333342 33.778931 -2.965834
v 12.297603 26.727314 -2.077726
v 12.368524 27.638174 -2.125822
v 11.663507 23.851474 -2.048574
v 13.106431 17.103112 -0.714951
v 14.753353 15.435017 -5.570080
v 11.752217 31.556328 -2.680900
v 11.469501 28.467358 -2.417003
v 10.570762 16.809117 -1.803094
v 12.381262 24.483903 -1.854535
v 11.489245 16.534752 -7.017383
v 13.451275 26.639597 -1.416179
v 13.009599 27.097347 -1.759933
v 16.970732 14.481566 -2.712832
v 15.727005 7.703442 -5.332926
v 13.301795 20.718602 -0.823745
v 13.925252 22.899389 -0.305553
v 13.686715 24.012106 -0.796701
v 13.922897 28.163825 -1.245903
v 11.245197 2.953429 -11.036460
v 9.849804 5.741041 -11.737481
v -11.473244 0.974829 7.186164
v -11.780573 0.710446 6.672631
v -13.603564 13.644237 10.085513
v -13.285611 14.256556 10.465480
v -13.431074 15.053812 10.063005
v -12.981750 11.356205 6.120653
v -15.759470 8.102410 7.194582
v -13.013192 13.472582 6.544495
v -13.236555 10.285947 5.403693
v -16.099142 3.645807 7.241464
v -13.023782 5.846551 12.045357
v -13.074480 4.193356 12.140355
v -12.941767 7.848911 11.921085
v -11.612866 9.830934 13.206483
v -12.048147 9.176719 12.817259
v -8.990265 17.099503 11.151791
v -9.230426 14.477213 10.761046
v -8.615532 14.898304 11.125490
v -8.827077 12.263772 10.804335
v -8.007711 14.878491 11.385308
v -8.900459 16.237350 11.102852
v -8.361660 16.688283 11.402437
v -9.427998 20.212747 13.902849
v -7.017069 8.119936 11.236998
v -9.962397 16.118767 14.017325
v -9.519262 14.748628 14.526624
v -7.983818 11.661287 15.691423
v -10.101281 14.747717 14.056367
v -10.987240 9.673967 13.817943
v -11.611671 5.400286 13.613204
v -11.347678 4.482076 13.933907
v -13.118481 7.288864 5.069001
v -14.424063 11.952042 2.954632
v -16.871236 11.908512 2.368962
v -17.085112 9.435778 2.784329
v -17.062683 10.175589 2.443392
v -14.841641 12.996979 1.986992
v -16.766138 12.822774 2.336464
v -16.780973 13.277344 1.637476
v -14.381488 0.730086 -1.104548
v -14.999815 9.300852 -0.479568
v -14.174379 4.993714 1.404126
v -14.547272 9.695928 1.618986
v -17.291561 10.812904 -0.174692
v -18.007270 3.499657 -0.195465
v -16.886703 13.240788 0.332931
v -6.602019 19.206539 11.930102
v -7.465312 19.857827 15.190181
v -8.166763 24.695842 14.081001
v -8.157878 19.976525 14.842097
v -8.894016 20.804688 14.253545
v -7.221225 18.815141 11.847417
v -5.489731 27.777481 12.502312
v -4.989680 16.507871 15.993832
v -6.745189 4.933486 16.523357
v -6.335534 10.273418 16.297475
v -4.785532 22.514298 15.476522
v -3.561123 16.471484 15.813930
v -3.551854 15.648818 15.867536
v -1.519907 5.086125 15.695478
v -2.672736 13.523809 15.740714
v -2.732907 14.452829 15.699828
v -1.339532 11.953043 15.170386
v -3.363451 23.704652 10.072705
v -2.983010 29.828232 10.151309
v -3.452900 32.096804 11.494654
v 1.557705 20.709052 11.564488
v -0.091438 17.567856 13.788365
v -2.334283 35.330303 8.955102
v -2.137186 37.713703 8.561319
v -6.442744 25.840674 0.814348
v -6.937651 25.439048 0.344372
v -5.318352 27.325536 1.933481
v -5.553055 31.432523 1.439020
v -3.994996 38.089687 3.019658
v -4.295153 31.659472 3.091581
v -4.652467 27.089103 2.827955
v -5.115213 14.460534 2.858336
v -1.214363 16.692842 -5.724186
v -3.042778 2.246551 -6.349578
v -4.158714 35.824352 -5.444794
v -4.372075 26.751912 -5.981343
v -6.707089 33.751659 0.009743
v -6.695473 36.345474 -0.197510
v -8.435487 24.640786 -1.215817
v -7.999555 25.197766 -0.757527
v -6.598012 20.541373 0.942525
v -6.928708 38.170729 -0.650127
v -6.156411 35.163210 0.481208
v -0.912622 48.677750 -4.293772
v -1.387612 50.273693 -4.136131
v -6.428896 44.205402 -0.779593
v -7.144169 34.217517 -0.512337
v -7.157187 35.041913 -0.602975
v 0.369545 10.822037 13.862653
v -0.077813 9.381647 14.380961
v 0.142606 26.105155 12.762543
v -0.319625 24.438784 13.372281
v -0.021593 19.988733 13.519081
v -0.911377 14.107308 14.734894
v -0.314698 7.403047 14.718505
v 0.558884 19.495513 12.970957
v 0.780303 17.940837 12.858168
v 1.417346 19.111515 11.919063
v 0.143587 27.024357 12.653195
v 0.739376 25.920390 12.106673
v 1.331110 14.123701 12.498953
v 1.786722 14.389346 11.823041
v 1.656440 10.721451 12.323729
v 1.273456 28.948740 11.038604
v 1.174955 18.416855 12.321195
v 1.493074 21.920173 11.536659
v 1.567528 25.306703 11.059379
v 2.238193 21.769690 10.329916
v -2.496089 34.250776 7.467757
v 1.435898 24.705934 11.327867
v 1.593307 30.424944 10.355592
v 2.122183 28.308407 9.719048
v 2.198698 24.428218 10.093211
v 2.349528 25.262374 9.689604
v 2.873064 8.467523 10.430407
v 2.490816 14.204632 10.653318
v 2.736769 12.705499 10.315139
v 2.722845 13.434990 10.266770
v -3.410626 12.752500 8.291318
v 2.818615 31.300383 7.773408
v 2.514149 17.164331 10.302190
v 2.582461 19.290812 9.940356
v 2.403770 20.097194 10.217284
v 2.999852 22.660637 8.576690
v 2.856338 10.408332 10.299461
v 3.709885 13.533319 7.732269
v -3.587042 14.545947 5.974898
v -3.562510 18.414695 5.680605
v -2.564583 33.413239 7.307206
v -2.614197 31.820445 7.533430
v -3.277143 20.090872 6.576880
v -2.405449 38.004170 6.676062
v -2.138323 38.334182 7.969150
v -2.832725 42.760562 4.610429
v -2.925568 41.889058 4.543458
v -2.640008 38.060658 5.862918
v -2.362460 42.357624 5.820703
v -2.495150 42.971721 5.331963
v 3.177921 35.653522 6.021422
v 2.961725 36.189065 6.527864
v -2.453078 33.814919 8.143265
v 2.497107 39.076971 7.160922
v 2.677739 36.101004 7.285427
v 3.610494 43.214301 3.485227
v 3.153099 24.871246 7.843319
v 2.953489 24.703732 8.409475
v 3.027052 30.445612 7.361162
v -4.538089 13.989478 3.765039
v -4.444117 19.912623 3.587797
v -4.681865 17.385071 3.351737
v -2.134152 42.522549 6.426620
v 3.885088 31.489158 4.498447
v 4.018872 24.909121 4.984052
v -3.474283 15.826427 6.337824
v -4.073749 2.406993 5.463030
v -3.282512 28.709650 5.363355
v -3.584557 27.158459 4.735178
v -3.235058 33.168314 4.941465
v -4.015969 22.364674 4.207712
v -3.914209 26.528286 4.114456
v -3.703449 29.515389 4.261373
v -3.611095 34.257966 4.036626
v -3.557778 35.179637 4.057935
v -3.608966 31.960486 4.231273
v -3.186173 37.457836 4.572396
v -3.073967 36.600521 4.940219
v -2.992329 38.994367 4.785596
v 4.066301 19.196360 5.618075
v 4.512152 13.127241 4.671427
v 4.362303 20.193470 4.403064
v 4.019003 24.038103 5.111540
v 3.781836 21.548122 6.354530
v 4.945887 12.110700 3.384098
v 0.362544 40.785085 -4.895542
v 3.472399 39.750056 4.425104
v -14.506217 1.375495 -1.495373
v -17.981326 4.121079 -1.005062
v -17.597994 6.407997 -2.862571
v -16.998011 10.329928 -2.729621
v -15.432923 7.018085 -3.307816
v -16.941628 6.355891 -4.579688
v -6.454722 31.721109 -6.740840
v -5.523021 21.362546 -6.766183
v -9.521844 17.875323 -2.071335
v -8.065708 34.700031 -1.695176
v -10.132408 22.772025 -3.430735
v -9.586522 30.879348 -3.542783
v -9.539410 31.605460 -3.563275
v -10.018190 29.128026 -4.077113
v -10.678662 14.425840 -3.524533
v -9.640860 32.315102 -3.863514
v -6.351746 27.779696 -6.956938
v -10.002268 29.805365 -4.155404
v -10.206608 26.537568 -4.036736
v -9.891856 32.848746 -4.495995
v -10.813417 23.203113 -4.799248
v -10.645052 18.500009 -3.872185
v -10.494487 17.593216 -3.515625
v -10.476820 27.021474 -4.672375
v -10.510361 25.082219 -4.444417
v -10.444338 27.831014 -4.734219
v -6.769730 14.466877 -8.282431
v -7.251707 17.691955 -9.053565
v -6.992934 21.826168 -8.052385
v -7.431327 26.535328 -8.251088
v -7.404367 33.983301 -7.295755
v -12.384666 10.351524 -7.315142
v -11.361304 24.893747 -6.811217
v -7.623380 26.007894 -8.723103
v -11.445326 24.081003 -6.908152
v -11.523650 24.359898 -7.465209
v -12.088184 17.996130 -8.505274
v -12.054846 18.709804 -8.920017
v -12.606168 9.432095 -8.896287
v -11.656024 23.153106 -9.779741
v -7.219458 20.771445 -11.483977
v -12.626753 1.339765 -11.638142
v -8.723939 14.402252 -15.085620
v -7.775830 11.803791 -15.772738
v -9.984202 5.100725 -14.963035
v -10.312363 12.292451 -14.101361
v -9.900278 10.758321 -14.605472
v -6.900332 12.579554 -11.030677
v -7.471335 21.445882 -10.950693
v -7.350796 17.790230 -10.480403
v -7.441604 19.804921 -9.394183
v -7.090961 22.309502 -12.045341
v -8.501754 23.038253 -14.232541
v -5.351075 1.626172 -12.093340
v -5.566432 10.212550 -12.456372
v -6.329946 9.995220 -16.453990
v 5.504808 20.233996 1.762333
v 5.336305 18.936272 2.122438
v 5.120168 20.676248 2.429277
v 6.034851 18.995079 1.023956
v 1.879337 37.245984 -5.312370
v 1.262437 37.708110 -5.182237
v 1.980960 38.077169 -5.284683
v 1.902105 26.756172 -5.787770
v 0.286933 26.256659 -5.515359
v 0.077391 38.356119 -4.998936
v 0.885739 25.645027 -5.625727
v 0.415081 21.655916 -5.681649
v 0.850229 19.755233 -5.809449
v 0.649487 35.718863 -5.176616
v 1.278692 42.198568 -4.922177
v -0.140762 48.848412 -4.312659
v -1.341206 22.681293 -5.556896
v -2.011675 25.619292 -5.492211
v -2.519130 39.138767 -4.971842
v -4.988967 48.965688 0.410689
v -0.475364 47.463320 -4.405836
v 4.985034 34.295535 1.639789
v 5.302215 27.368158 1.641132
v -2.748199 34.822472 -5.216290
v -2.804003 35.538109 -5.191931
v -4.305523 37.518477 2.589783
v -5.584723 39.030675 0.834034
v -1.854210 11.977963 -5.891246
v -1.980827 34.732538 -5.137009
v -6.902430 18.004356 -15.537898
v -5.005472 8.856417 -12.738209
v -5.285403 7.419986 -12.457080
v -2.938334 1.426657 -13.157128
v -4.373661 17.421699 -13.852315
v -4.130815 9.617652 -16.987799
v -3.562780 9.087446 -17.111622
v -3.033835 7.653583 -17.280839
v -2.597669 11.969680 -16.963562
v -2.534209 2.148391 -13.299933
v -1.117979 12.012086 -14.248943
v -1.967282 11.184157 -14.028634
v -1.646935 10.642341 -14.048700
v -3.346692 16.545109 -14.208363
v -1.708206 14.548021 -14.424606
v -2.612607 16.708791 -14.481866
v -2.113244 18.022045 -14.866761
v -2.640158 18.362986 -14.790834
v -6.336365 12.276235 -16.272188
v -5.761627 12.916161 -16.364086
v -6.206749 11.476121 -16.371593
v -0.483873 15.269625 -14.715531
v -3.996407 10.371360 -16.946579
v -2.644693 7.232761 -13.573435
v -0.607182 7.230793 -17.426698
v -1.275814 7.236045 -17.426534
v 0.934586 1.334852 -13.577062
v 1.187025 12.671985 -14.452220
v 1.699306 4.305993 -13.726080
v 0.753838 8.713078 -14.088187
v -0.157450 4.620508 -17.604670
v -0.549536 10.486262 -17.149854
v 3.239219 11.130525 -16.715571
v 2.516725 9.142431 -17.034536
v 4.960672 5.752055 17.066367
v 4.251698 5.713723 17.044546
v 8.193903 6.219352 15.815226
v 8.660398 11.292723 14.862328
v 9.314293 9.018447 14.765194
v 9.643581 9.667071 14.432596
v 11.346830 4.333869 13.615397
v 10.104190 12.812317 13.581567
v 10.683768 12.334169 13.175477
v 11.302826 6.733004 13.408609
v 12.862248 5.286617 11.960250
v 9.407199 8.179611 10.845070
v 11.696766 12.520976 12.181721
v 9.105614 4.150146 10.722372
v 10.349667 8.334782 9.775172
v 11.427871 15.259565 9.754712
v 9.987870 4.094881 9.727025
v 14.475787 1.618885 10.332229
v 12.638237 9.604032 11.658679
v 12.068826 6.939275 6.933864
v 10.880175 10.404317 9.392215
v 10.454386 4.262790 9.153532
v 11.518118 10.444481 8.459343
v 15.620292 4.739766 8.171683
v 16.499853 7.537748 6.011449
v 16.942718 4.371967 5.498916
v 13.313055 15.967060 6.358274
v 12.450689 8.939316 6.499553
v 16.442060 9.984762 5.670975
v 14.187225 17.966415 4.150112
v 13.801493 12.815208 2.244783
v 16.530536 15.830880 3.950174
v 17.238690 14.976731 1.664387
v 13.066620 4.563214 3.960615
v 13.028392 5.319352 4.286663
v 15.806352 11.739072 6.664683
v 17.816319 6.177349 2.057705
v 17.352127 10.208005 3.001354
v 17.842045 7.828029 1.088844
v 18.053781 4.602545 -0.466710
v 13.689177 11.157623 2.035693
v 13.378116 5.803281 2.391671
v 7.044328 23.055423 -0.304695
v 7.693940 21.092742 -0.796656
v 7.311445 30.553382 -0.971501
v 1.661897 47.786390 -4.574803
v 8.163332 23.569149 -1.237673
v 5.074246 13.575612 -7.123255
v 5.082013 8.448793 -7.309268
v 3.933817 2.079081 -7.222793
v 4.129303 24.269442 -6.453539
v 4.437900 22.224154 -6.616228
v 4.346583 20.743242 -6.658216
v 2.168932 4.199811 -6.591159
v 4.434654 30.817661 -6.192705
v 4.741439 31.524522 -6.198932
v 2.582697 40.062694 -5.273913
v 7.696656 35.894405 -1.680636
v 7.212078 36.257064 -1.309008
v 6.438358 26.983853 -6.712439
v 5.414026 28.590872 -6.493413
v 6.220636 30.131053 -6.503177
v 5.676385 36.331962 -6.025052
v 6.413454 34.639205 -6.216303
v 6.905742 15.213379 -7.353515
v 8.054183 22.841105 -7.045785
v 7.063714 25.117496 -6.865913
v 6.785207 26.008929 -6.796855
v 7.271167 26.693176 -6.788271
v 8.382605 4.200945 -15.799878
v 7.580448 3.755859 -12.320156
v 8.514233 1.217654 -11.802048
v 7.881933 6.053910 -12.409122
v 8.498868 6.407898 -12.236176
v 10.273757 5.921894 -14.606962
v 8.128184 9.222742 -7.700259
v 7.399019 23.396539 -6.987822
v 11.151453 12.787708 -7.299160
v 12.956327 10.535806 -6.901881
v 12.404930 18.078923 -6.648800
v 5.223335 10.339583 -16.347489
v 3.632188 7.129042 -17.025232
v 3.158909 9.695648 -16.866652
v 6.327312 11.485642 -15.871077
v 4.448784 8.367864 -13.626957
v 6.531782 8.385507 -13.057664
v 6.800419 12.624527 -13.505098
v 6.020858 4.532742 -12.885404
v 6.480623 1.408181 -12.517761
v 15.228483 14.873420 -5.222276
v 14.496974 9.336972 -6.192473
v 14.136305 6.932735 -6.556099
v 11.259419 20.817904 -1.950024
v 10.809602 30.563835 -2.603990
v 10.553981 29.727854 -2.505855
v 11.589438 30.766536 -2.616532
v 10.855023 33.124357 -2.851576
v 10.534129 33.895168 -2.877153
v 10.137484 26.095258 -2.207741
v 10.158066 27.537419 -2.297147
v 14.330619 20.065325 -5.487677
v 13.734399 20.164489 -5.861512
v 17.256385 4.312519 -3.578131
v 16.453811 18.313977 -3.165613
v 16.777934 11.268062 -3.625979
v 16.724117 13.980538 -3.347888
v 16.761825 21.224456 -1.186018
v 16.232433 14.804858 -4.069695
v 15.904350 21.071866 -3.679624
v 15.906889 25.546397 -2.619650
v 15.535466 26.754063 -3.106398
v 14.176059 22.387651 0.196109
v 15.613619 20.429826 -4.198229
v 15.402285 19.750474 -4.541942
v 16.362627 10.982159 -4.320063
v 16.039792 8.894235 -4.916874
v 17.654871 11.356029 0.220966
v 17.375700 14.660164 -0.851869
v 12.973670 19.371510 -1.042390
v 12.885119 20.243142 -1.189034
v 11.235403 7.928891 -11.757613
v -10.889901 13.391337 9.330551
v -12.223860 10.634433 7.279397
v -11.838360 13.361755 8.246560
v -12.356960 8.490603 6.692277
v -12.505257 12.586694 7.183284
v -12.660966 13.660728 11.471855
v -12.840911 14.274830 11.122819
v -12.096357 15.271204 11.934769
v -11.946272 16.207295 11.939809
v -12.403132 5.169136 6.128455
v -12.306133 9.887122 6.998783
v -13.238692 12.873683 6.010184
v -11.631086 15.515747 12.452413
v -11.419694 7.558159 13.617665
v -10.869061 20.173497 12.388418
v -7.798413 24.826361 12.496355
v -9.689343 8.447118 14.962518
v -9.019351 8.307977 15.399935
v -9.022557 15.591556 14.775846
v -9.150849 18.865206 14.313727
v -9.114946 19.571978 14.254394
v -13.629479 7.863896 3.992695
v -14.032996 5.374324 2.082621
v -14.777771 12.147423 1.817296
v -13.473895 9.928895 4.818952
v -13.734357 12.319161 4.868327
v -13.711607 13.804336 5.349308
v -16.640772 14.221342 1.430450
v -14.451736 5.065380 0.155335
v -14.564445 6.697396 0.261930
v -15.287746 10.988878 -0.773633
v -14.337439 5.436157 0.850821
v -14.693479 6.308227 -0.516116
v -7.098696 14.791801 11.584798
v -7.580707 15.613293 11.544012
v -7.435013 20.448999 11.970796
v -7.827659 19.012325 11.759224
v -7.695312 17.172242 11.634129
v -7.666262 7.572385 11.041694
v -6.844096 22.938150 12.237203
v -7.371075 24.175948 12.390191
v -6.618584 24.703978 12.409008
v -7.635337 21.219609 12.019347
v -7.607679 22.902234 12.218671
v -8.700302 13.377219 15.185530
v -8.751269 20.058758 14.460761
v -6.223412 1.314831 16.815172
v -4.464352 14.239207 16.123480
v -4.489939 18.190551 15.842721
v -2.890722 21.840242 15.189273
v -2.237386 9.043633 15.842066
v -3.533868 17.271268 15.753055
v -1.402204 17.178824 14.842269
v -1.545781 8.021119 15.542454
v -0.655494 1.436600 15.325274
v -1.371649 22.483330 14.371371
v -1.061325 5.608728 15.376964
v -1.725135 19.341736 14.850814
v -0.328303 29.666833 12.777837
v -0.678347 20.049521 14.088505
v -1.658256 30.966808 13.585698
v -1.036996 27.903717 13.576767
v -0.947647 34.897651 12.484577
v -2.265384 37.208988 10.095222
v -6.106203 28.731193 1.002124
v -6.760693 18.057549 0.897941
v -5.553594 36.430186 1.081220
v -2.083555 15.480265 -5.814729
v -1.857216 19.608890 -5.682930
v -3.233418 27.043377 -5.644745
v -3.056171 32.374431 -5.375276
v -3.622109 26.442684 -5.758245
v -8.442510 28.314178 -1.532086
v -8.782725 26.030387 -1.766461
v -8.423372 31.065673 -1.770029
v -8.271198 33.177752 -1.793141
v -7.676358 29.112770 -0.693858
v -7.631800 35.334581 -1.207148
v -7.616205 34.525009 -1.099520
v -2.782746 43.696854 -4.709281
v -8.439113 34.895018 -2.249808
v -7.857863 37.586985 -1.775017
v -7.501987 37.159203 -1.249612
v -7.320407 41.881530 -1.635956
v -7.447437 31.638009 -0.646093
v 0.981048 22.424676 12.176935
v 1.659261 1.975370 12.947401
v 1.177799 16.588346 12.483241
v 0.714409 28.908821 11.771316
v 0.128181 29.996971 12.290956
v 2.131021 23.044501 10.384140
v 2.325042 22.472315 10.090462
v -2.774682 30.310878 9.478620
v 3.316872 2.391505 9.994699
v 2.735342 18.492348 9.707550
v 2.349711 31.558806 8.815130
v 1.796532 29.698764 10.117905
v 2.412370 28.803415 9.083119
v 3.405411 25.330576 7.029114
v 3.920872 22.601789 5.681731
v 2.466580 37.606710 7.485604
v 3.454132 35.934169 5.139750
v 2.380083 40.568011 7.114623
v 2.311322 32.444486 8.752896
v -4.878079 3.091353 3.694296
v -3.686504 40.556199 3.293556
v 4.030606 18.347368 5.888144
v 4.181448 17.651098 5.370795
v 3.982458 35.535267 3.688926
v 3.671206 42.198075 3.488262
v 2.948226 47.615095 4.205487
v 4.116049 44.148518 2.227536
v 3.718438 48.606184 2.287314
v 4.626313 27.337553 2.941904
v 4.388094 9.277813 5.645507
v 2.874024 43.576436 5.287080
v 2.408427 46.811366 5.635847
v 3.430497 31.886959 5.894607
v 3.143314 33.302609 6.529505
v 3.523905 27.822980 6.247511
v 2.594547 42.099387 6.313658
v 2.365721 48.197585 5.388176
v 2.589712 47.459271 5.077015
v 5.366465 14.040089 2.360196
v 5.188509 4.202774 3.290809
v 5.123805 9.981309 3.078816
v -15.068118 7.824247 -1.593141
v -6.993686 30.537056 -7.280912
v -6.812360 31.405719 -7.044188
v -5.310725 32.612517 -6.043041
v -5.544053 3.383898 -7.482750
v -7.618371 23.412907 -9.229666
v -7.319144 20.298969 -8.855536
v -7.847224 26.215073 -9.338867
v -7.974490 26.969638 -9.788963
v -7.580382 28.971256 -8.181997
v -7.470984 21.127413 -9.162842
v -7.225548 14.767507 -9.562533
v -12.205488 14.062082 -7.414767
v -12.199003 2.198852 -12.546279
v -11.238233 25.520889 -10.595977
v -7.758701 23.942079 -9.882757
v -11.540788 6.549340 -13.207461
v -11.407093 15.274259 -12.388241
v -11.367819 16.935239 -12.224178
v -11.673165 5.797312 -13.087913
v -9.406965 4.991813 -15.381049
v -9.126138 18.886138 -14.397494
v -9.394415 13.805677 -14.719620
v -9.486700 15.656134 -14.480960
v -8.833221 23.536991 -13.979483
v -11.357186 18.356397 -12.013295
v -8.844737 9.748462 -15.398666
v -8.327008 9.763057 -15.676507
v -8.763337 19.766142 -14.522576
v -8.559930 11.915129 -15.390968
v -7.790910 8.290342 -16.038075
v -7.205958 5.923318 -16.428866
v -7.857156 25.351414 -10.502889
v -7.711673 25.096534 -11.193791
v -7.136677 8.599446 -16.282920
v -6.700874 13.967883 -16.011195
v -7.531392 15.342804 -15.582438
v -6.080840 19.108867 -15.628300
v -5.452508 10.457033 -16.648592
v -5.050085 8.459380 -16.896853
v -5.449810 12.166956 -16.520062
v -5.474444 11.229731 -16.584916
v -4.739190 7.686081 -17.020671
v -4.511197 5.430098 -17.210763
v 4.555603 37.510001 2.148550
v 4.480719 35.077048 2.549860
v 4.602785 33.026478 2.494912
v 5.013000 18.923105 2.775611
v 4.907201 24.390126 2.581535
v 3.955823 48.154343 1.889956
v 4.123758 42.607894 2.419013
v 3.249924 51.364130 2.686628
v 3.730994 44.586319 2.952774
v 6.271025 16.245313 0.853312
v 5.400716 33.829297 1.015253
v 1.589671 32.074202 -5.507788
v 1.892376 35.780344 -5.386327
v 1.558327 15.487812 -6.096729
v -1.228728 42.885280 -4.691635
v -1.997240 42.825582 -4.719096
v -4.162453 12.988109 -16.688269
v -1.988746 11.920413 -17.000889
v -2.457289 8.182862 -17.291265
v -2.254880 9.012706 -17.235534
v -2.475875 7.295973 -17.354962
v -2.713088 15.278316 -16.595415
v -2.352028 13.548325 -16.817085
v -2.671826 18.261426 -16.116472
v -1.091764 13.769219 -16.809007
v -1.101027 13.079333 -16.882260
v 1.918229 0.903011 -13.497796
v 1.311058 9.885617 -14.172868
v -0.315016 14.104652 -16.748090
v 0.891477 13.158457 -16.794363
v 2.309168 6.960605 -17.251757
v 2.356382 10.024494 -16.966956
v 7.569232 5.911709 16.185189
v 6.857315 10.352022 15.880013
v 5.711324 9.479842 14.604919
v 9.336859 11.135822 14.437690
v 9.797393 15.217639 13.197704
v 9.715532 7.448102 14.660817
v 9.717684 11.629238 14.080554
v 11.876874 6.693070 12.857849
v 11.268564 9.021342 13.155849
v 12.924908 10.207008 11.222060
v 12.908949 7.975693 11.580478
v 12.094565 9.996152 7.391040
v 12.093725 10.939633 7.597870
v 14.030991 6.638023 10.365109
v 13.633610 11.319186 10.180628
v 15.897657 15.323770 5.600428
v 17.085195 0.780733 5.726891
v 16.325043 12.248855 5.454751
v 17.527616 9.794509 2.343083
v 17.276696 16.008688 0.643662
v 16.696159 18.367003 2.485991
v 14.529194 21.757977 1.288338
v 14.395839 21.100219 1.140907
v 13.711493 13.766125 0.979636
v 13.822381 16.813640 0.637242
v 13.619422 16.168571 0.235013
v 13.979628 15.871379 1.610577
v 13.725723 22.160966 -0.500985
v 8.320881 2.355564 -0.530158
v 9.272776 26.206980 -1.971251
v 9.264101 22.234220 -1.742997
v 5.718325 29.027392 0.894336
v 4.134562 30.192405 -6.159567
v 5.011002 20.266935 -6.826392
v 5.694332 21.787038 -6.889881
v 2.742850 39.336037 -5.346784
v 4.916986 46.151180 0.495496
v 5.008851 49.145660 -0.147843
v 3.932309 29.465460 -6.154942
v 7.696741 29.692203 -1.239066
v 5.362794 46.519470 -4.998278
v 8.561231 25.910812 -6.852783
v 7.207827 6.491345 -12.663558
v 10.812869 5.590064 -14.273402
v 11.063163 7.296451 -13.833576
v 7.254724 33.219707 -6.342946
v 7.566675 28.370807 -6.702732
v 8.381344 30.820063 -6.511509
v 8.427155 29.829890 -6.582466
v 7.225968 40.249369 -5.690632
v 9.544754 33.641118 -6.117109
v 6.538978 40.781097 -5.654426
v 6.359509 42.314461 -5.486461
v 10.080756 21.936089 -1.970015
v 8.673859 28.860025 -1.822809
v 10.088790 18.264994 -1.797072
v 9.168854 12.865345 -1.323077
v 8.893039 18.702490 -1.422728
v 8.640999 22.882468 -1.481846
v 8.140811 13.897707 -0.796398
v 9.965504 30.363293 -2.437473
v 10.738440 23.657452 -6.729623
v 9.508706 27.498779 -6.661702
v 12.088721 11.731583 -7.125798
v 14.221713 13.383774 -6.099424
v 13.566625 13.989908 -6.422846
v 9.516350 28.673803 -6.577126
v 10.636378 33.521484 -5.854043
v 8.573010 32.526508 -6.359134
v 9.765204 36.055708 -5.789727
v 9.726828 32.177447 -6.237037
v 10.409356 24.239285 -6.757209
v 10.191144 34.846620 -5.819099
v 9.747338 23.015117 -6.944577
v 9.837296 24.559511 -6.827384
v 2.109663 10.845528 -16.926175
v 5.717386 10.963789 -16.143371
v 5.943582 8.813843 -16.304951
v 5.815443 7.939250 -16.416027
v 5.201924 5.081427 -16.844211
v 6.945916 13.479889 -13.626347
v 15.188996 8.123451 -5.777430
v 14.313492 2.026774 -6.721997
v 13.074375 15.737415 -6.532758
v 13.820925 17.796718 -6.011884
v 14.286513 21.590177 -5.372965
v 13.898971 29.545061 -4.657211
v 13.629997 22.837358 -5.696208
v 13.393202 29.981854 -4.999344
v 12.632543 22.447743 -6.240642
v 9.607707 37.305858 -2.987023
v 10.159549 36.671446 -3.110710
v 9.784095 34.044365 -2.698363
v 17.335777 13.646559 -1.599891
v 17.115545 13.539916 -2.491241
v 17.529409 0.905063 -3.415598
v 17.131405 7.863494 -3.393326
v 16.695817 7.843527 -4.168147
v 18.243164 1.213295 -0.193550
v 17.902930 7.529210 0.222669
v 17.257512 16.562340 0.215488
v 11.796478 6.632964 -13.241577
v 11.975326 2.481934 -13.715873
v -12.692301 11.862258 6.746533
v -12.091393 7.798899 7.038541
v -12.609412 13.274251 7.144872
v -10.553614 19.612033 12.908167
v -14.705017 5.032981 -1.079776
v -14.863989 6.626851 -1.172069
v -7.990711 23.514170 12.262302
v -8.896194 12.517488 15.137644
v -3.868410 30.701166 11.762783
v -2.070321 38.304464 9.209448
v -5.690027 38.175573 0.781279
v -5.102355 39.664416 1.368166
v -3.645481 24.530125 -5.837782
v -3.885519 25.164570 -5.889794
v -3.879074 27.105585 -5.806237
v -4.785303 28.897543 -6.037187
v -7.407356 27.193348 -0.263863
v -7.406906 26.483164 -0.215092
v -6.653831 44.836989 -1.163927
v 3.768703 14.408275 7.426608
v 3.507533 23.769880 6.954545
v 3.409515 29.264389 6.385756
v -3.906620 33.678891 3.553657
v -3.931575 34.546802 3.434421
v 4.606781 15.541683 4.099533
v 4.249142 27.183547 3.956728
v 5.025273 3.528821 3.784087
v -8.109181 33.695690 -8.178068
v -6.058179 36.955510 -6.070954
v -10.376959 28.652009 -4.737886
v -7.928227 31.727152 -8.286947
v -11.925767 20.452438 -8.888361
v -11.582204 24.638804 -8.156936
v -11.645238 23.815149 -8.101341
v -11.792889 19.875094 -10.475652
v -11.601157 19.823267 -11.153119
v -11.078542 18.893631 -12.408731
v -8.198212 17.666738 -15.050136
v -5.044233 15.932111 -16.241891
v -4.613563 14.311545 -16.492402
v -4.847118 18.136616 -15.994683
v 4.446395 33.705614 2.768337
v 4.406720 32.419254 2.990273
v 6.625219 2.873733 0.959457
v 6.205672 25.319055 0.478930
v 5.362948 40.960349 0.404038
v 5.284254 37.191769 0.917506
v 5.169257 45.468647 0.193045
v 6.788851 34.960490 -0.784978
v 1.989656 50.515214 -4.327232
v 4.795728 45.256993 0.820607
v -0.805265 49.482710 -4.228518
v -1.938902 39.742618 -4.896073
v -2.282542 1.561082 -17.752962
v 2.565252 12.340121 -16.684810
v 13.983414 8.669669 10.148276
v 16.555776 19.071074 2.684110
v 16.411562 18.593477 3.281866
v 17.048887 15.197077 2.518755
v 16.680930 17.027375 3.117601
v 17.290737 15.767493 -0.837243
v 17.050789 17.710604 -1.507316
v 1.359451 48.432699 -4.483556
v 1.843629 49.036460 -4.478953
v 0.788561 47.929976 -4.465138
v 3.255295 41.154712 -5.324642
v 8.895714 33.951257 -6.198538
v 9.243373 28.091423 -6.650272
v 9.512825 39.015459 -3.187729
v 9.161056 40.494847 -3.229547
v 8.739622 36.265485 -2.441548
v 9.087234 32.487982 -2.293492
v 9.005685 41.962615 -3.450518
v 12.164280 27.907761 -5.941033
v 13.836794 14.722089 -6.233644
v 13.697114 11.805980 -6.501526
v 5.468700 1.389353 -17.034445
v 17.877331 6.007224 -1.348893
v 17.866980 5.093193 -1.692292
v -14.629411 12.392954 2.491970
v -14.910746 13.850070 2.212546
v -12.962020 14.958878 7.017546
v -4.359118 25.623152 15.136839
v -4.568657 27.436718 14.928076
v -5.119580 25.994205 15.095245
v -2.245139 18.680072 15.187235
v -4.670278 48.526680 0.895809
v -5.290275 43.561432 0.741891
v -3.220751 42.243353 -4.870199
v -3.283331 43.073442 -4.818142
v -4.052595 40.629513 -5.124594
v -1.819310 45.638262 -4.517251
v -7.585291 40.025555 -1.745640
v -6.785528 46.519964 -1.709126
v -6.897659 47.837705 -2.314126
v -6.433637 46.104025 -1.077108
v -5.750279 39.803558 -5.680320
v -9.191819 33.750234 -3.274657
v -6.960002 35.173869 -6.769474
v -7.159775 37.216773 -6.664129
v 1.561632 39.118254 8.970407
v 2.532519 34.708523 7.876737
v 2.283285 34.443243 8.476982
v -3.918544 37.449243 3.198802
v -4.633236 47.791433 1.074707
v 2.428780 42.999090 6.487018
v 1.637101 48.729942 6.575293
v 2.543470 51.742565 4.032803
v -7.717854 29.862064 -8.268430
v -11.742300 22.660396 -9.328763
v -11.756455 22.638123 -8.730004
v -8.712719 33.275627 -9.489027
v -11.525557 25.386955 -8.387103
v -11.028382 29.652611 -9.371691
v -11.273071 27.474959 -9.451550
v -10.871353 30.211317 -9.748740
v -11.258062 26.152101 -10.293064
v -12.104430 15.918229 -10.376568
v -11.550181 22.009937 -10.731628
v -10.952261 21.500409 -12.193803
v -11.259485 21.764534 -11.557114
v -10.707199 26.112817 -11.653729
v -10.455074 19.894882 -13.117774
v 2.997149 50.345768 3.454779
v 2.939628 51.149467 3.387964
v 3.580672 51.494031 1.963604
v 4.252850 48.316604 1.307906
v 3.541883 50.002860 2.381024
v 4.870214 39.846271 1.328945
v 4.597781 41.376876 1.645017
v 4.701148 39.149484 1.716897
v 4.837477 43.107054 1.023443
v -1.462920 46.372097 -4.467275
v -1.300596 47.212736 -4.405098
v 0.543567 54.847318 -3.658991
v 0.254731 15.135646 -14.750724
v 0.409827 14.331351 -14.647315
v 1.490367 13.466588 -14.540203
v 1.269938 10.753127 -14.254390
v 16.712699 19.881506 -2.096462
v 0.702776 45.592278 -4.634558
v 13.805504 22.172858 -5.649784
v 11.594696 35.190218 -5.196583
v -13.613204 17.558347 7.119231
v -6.975090 21.230630 15.243005
v -5.229184 19.577786 15.747320
v -4.867583 21.076433 15.612844
v -3.413018 22.335421 15.309500
v -5.287093 43.577847 -5.154752
v -8.173830 42.555013 -3.237475
v -6.171690 48.634342 -1.219865
v 1.336129 41.250458 8.877127
v 1.226406 34.682023 10.269311
v 1.592666 34.907133 9.678503
v 1.679619 43.476418 7.855487
v -3.563753 45.391917 2.941124
v -4.663480 41.824554 1.728147
v 1.904163 50.252674 5.712569
v -5.324187 30.142678 -6.190569
v -9.070477 40.003039 -4.614736
v -8.526612 43.078302 -5.278371
v -10.648041 32.419798 -9.199980
v -8.309135 30.201688 -9.697826
v -11.333901 27.443603 -8.767624
v -10.440935 14.070350 -13.808225
v -10.643082 14.554184 -13.539347
v -10.137993 19.250589 -13.538505
v -7.862582 21.247683 -14.779227
v 13.769500 14.078099 9.444789
v 13.427881 16.265499 9.276416
v 14.887571 14.416520 7.706618
v 8.745149 38.046191 -5.754544
v 9.432588 38.230585 -5.566882
v 12.020603 30.667550 -5.693379
v 8.460054 40.079613 -2.694424
v 7.902526 40.582481 -2.332792
v 8.055655 35.089553 -1.894902
v 8.582681 33.087170 -2.068869
v -2.814900 30.001520 14.259815
v -4.358671 26.493424 15.038692
v -2.374600 20.463294 15.102915
v 0.208298 41.754673 10.072141
v 1.279195 36.495768 9.890272
v 0.847864 38.669612 10.078496
v -3.912651 44.999636 2.422846
v -3.847708 42.869295 2.769541
v -5.765813 42.051453 0.317416
v -5.761681 44.981679 -0.009900
v -5.357680 49.464178 -0.197643
v -4.563923 54.230769 -0.207758
v -3.376965 44.035636 3.421013
v -3.320405 38.341757 4.199238
v -2.978084 44.324572 4.106920
v -3.444432 46.139701 3.027063
v -3.070425 48.648447 3.271744
v -3.565627 51.987945 1.895468
v -10.471561 32.308754 -5.990802
v -6.796026 44.102081 -5.473934
v -10.722151 16.403595 9.916923
v -10.655012 17.253582 10.109183
v -1.829275 17.877598 15.036686
v -1.998828 17.003863 15.186785
v -4.794122 50.609769 0.383423
v -6.069586 42.685787 -0.106100
v -5.712471 49.834926 -0.790372
v -2.787608 54.517676 -3.548389
v -7.336744 42.494402 -5.930946
v 8.336421 32.435104 -1.870783
v 7.998861 38.776263 -2.193123
v 7.008812 41.170631 -1.596335
v 6.756143 41.906994 -1.409309
v 11.726171 29.731682 -5.922353
v 7.985726 42.691414 -2.702567
v 7.641605 43.174193 -2.478672
v -1.419205 46.481599 7.243700
v -8.132705 43.902307 -3.676875
v -2.448829 52.154975 3.612074
v -3.039184 41.049874 4.424285
v -3.166031 42.507130 3.990047
v -2.697726 50.294642 3.587600
v -2.715152 48.896295 3.851930
v -2.658202 49.582935 3.804561
v -2.551765 40.533123 5.584797
v -10.644164 32.369148 -6.792137
v -1.931256 57.883395 -2.769916
v 9.083157 29.301570 -2.061644
v 8.442285 38.013102 -2.446662
v 7.266961 40.291353 -1.753063
v 13.427815 23.435022 -1.011856
v 0.453260 37.049948 10.843665
v 1.133837 30.527694 11.024764
v -1.556419 45.686474 7.183647
v -1.571375 47.378871 6.541129
v -5.995291 51.544166 -1.903946
v -3.387967 54.045976 1.698905
v 7.488803 42.575212 -2.235739
v 6.563068 41.240384 -1.122309
v -1.142102 36.390763 12.306397
v -5.769603 49.021054 -0.686049
v -6.047237 50.204624 -1.482260
v -1.692550 51.907314 4.979213
v 6.613427 43.195741 -1.409161
v 7.472770 44.727587 -2.578387
v 7.530557 41.163325 -2.079335
v 6.220992 40.801519 -0.695016
v -1.196991 32.566367 13.056375
v 0.950183 50.062581 7.032440
v -1.091765 53.340775 5.431768
v 6.347834 47.581566 -1.825247
v 5.816063 49.756004 -1.522550
v 6.856912 49.288402 -3.500524
v 6.426072 46.634061 -1.732906
v 6.548358 43.941629 -1.436942
v 6.098707 47.030232 -1.361227
v -3.958180 43.440455 -4.886676
v -4.618098 43.903437 -4.984768
v -3.809399 45.302757 -4.717137
v -4.578640 43.057356 -5.042669
v 6.343761 50.735043 -3.024074
v 4.458511 53.671481 -0.335072
v 4.628815 49.547413 0.372164
v 4.733405 48.563150 0.406368
v 4.253658 51.766930 0.604978
v 5.365869 51.074174 -1.154986
v 0.462341 54.271508 5.822376
v 4.952509 51.524657 -0.554751
v 6.123968 36.279417 -0.156264
v 5.035009 49.911782 -0.345781
v 6.212000 43.372265 -0.962094
v 6.371708 31.117705 -0.072267
v 5.947661 34.066131 0.230265
v 6.120478 30.363245 0.256621
v 6.490512 28.194304 -0.026637
v 5.385621 46.124482 -0.214920
v 5.517194 42.780680 0.003343
v -12.100151 9.312994 -6.025116
v 13.381438 20.052982 -0.653032
v -6.667326 16.145328 15.806269
v -6.113111 18.855611 15.703632
v -5.606047 17.007802 15.926794
v 3.420332 11.248480 8.851187
v -3.577139 24.607088 5.013685
v -3.256441 25.965621 5.730820
v -11.096628 27.797830 -6.720376
v -5.543983 18.956792 -13.295300
v 14.913814 20.011350 -5.019378
v 15.098514 19.230478 -4.915591
v 15.904131 16.822357 -4.285329
v 12.588763 18.641933 -1.313896
v -7.178222 26.438863 12.754924
v 0.071514 30.853604 12.235814
v 1.021255 25.156126 11.847613
v 0.333038 34.313185 11.458671
v 0.843950 32.627038 11.103592
v 1.786205 25.968723 10.619664
v 1.666060 27.504828 10.632379
v 1.715213 31.730586 9.976422
v 1.256595 40.647013 9.126042
v 2.337406 29.696070 9.114710
v 1.933544 35.078171 9.061518
v 2.041245 32.090870 9.341196
v 2.296322 30.597394 9.072358
v 1.021642 37.962575 9.971630
v 1.424769 37.442584 9.495071
v 11.109680 32.245652 -5.858441
v 14.599141 19.372962 -5.344714
v 2.814890 10.632643 -16.824559
v 16.001704 16.383915 5.057884
v -11.356476 16.529129 9.364460
v -10.414993 32.331664 -10.028755
v 14.516902 26.123340 -4.625120
v -7.879896 38.413854 -7.004339
v -11.035800 27.094266 -10.660371
v -3.104354 24.022530 15.058321
v -6.502304 35.107616 -6.472484
v -15.340318 7.154337 8.248622
v 11.661611 11.023450 -1.433214
v -13.083398 3.903268 4.567128
v 10.984247 5.827269 8.578585
v -6.120345 20.070298 1.441093
v -0.600571 2.023791 -6.088840
v -6.265201 5.690823 11.205963
v -5.481757 12.104239 2.497261
v -7.192350 11.924317 0.770066
v -5.806169 8.165128 2.271349
v -7.785898 10.732971 0.266973
v -0.449231 10.011091 -5.913900
v -3.357369 14.740444 7.333533
v -8.457445 12.927591 -0.501190
v -17.709636 6.954566 -0.073542
v -5.894926 11.810307 -7.453044
v -7.068452 10.428832 -9.887597
v -12.647846 5.413602 -7.466838
v -12.361478 3.071921 -5.957495
v -12.516956 2.557148 -6.367740
v -11.605352 5.743054 -4.441566
v -5.120098 9.531576 3.067631
v -4.575144 10.042579 3.889620
v -1.727140 5.980565 -13.682330
v -11.343380 5.399664 7.837691
v 0.776265 3.120110 -17.666356
v -6.901227 11.303045 -8.812282
v 4.527583 11.775099 4.766356
v 3.580030 5.314655 9.052695
v 0.871824 7.720604 13.536959
v -2.880214 25.877686 7.845808
v -3.887147 7.793406 5.584837
v 10.747351 3.116040 -14.579581
v 6.859657 6.007798 0.578175
v 11.957338 5.316830 12.928867
v 10.553117 5.677934 9.169956
v 8.913035 3.302285 -11.819827
v 11.669631 1.122136 6.904369
v 13.144995 0.846968 1.715640
v 7.399633 12.300568 -0.176726
v 17.788406 0.786991 3.641708
v 0.980799 13.014798 -6.031778
v -10.590421 6.453172 14.438821
v 4.105602 9.617172 -7.030400
v 8.726487 11.225128 -1.051277
v 6.402060 13.850651 -7.349374
v -5.386287 5.149955 -12.262066
v -3.413368 12.327105 7.689075
v 2.261474 8.363939 11.580441
v 13.850362 0.742200 11.254108
v -6.053682 14.393720 -12.360667
v 10.120265 2.792911 -7.892857
v 10.386851 4.508555 -7.794019
v 13.291628 11.731398 5.023367
v 11.842182 8.682511 -7.352437
v -10.080411 1.219571 15.186871
v -9.382683 6.568970 15.298242
v -14.202315 10.456153 3.115937
v -5.415983 11.759136 11.296236
v -2.744655 0.640587 16.500661
v -4.454583 29.705644 12.162231
v -2.042106 8.491709 -6.000416
v -4.318776 26.979624 3.355463
v -7.996733 1.949492 0.441861
v -6.760797 24.187505 0.586778
v -2.855310 26.990006 8.711864
v -4.369897 21.759972 3.601942
v -9.408562 24.459823 -2.476644
v -12.056628 6.505677 -5.535430
v -11.763642 19.567969 -6.898608
v 1.073355 40.705193 -4.979647
v 0.461093 11.342259 -5.982817
v -3.788627 2.947403 -12.967911
v -0.062346 5.547416 -17.540830
v 10.677958 5.323143 14.118012
v 16.803380 11.282268 4.480942
v 17.290327 6.224639 4.200116
v 7.962885 5.888106 -0.392540
v 5.083803 26.357417 -6.552321
v 2.685070 7.201593 -6.668539
v 11.657737 8.552260 -1.345720
v 9.820596 7.517820 -1.368420
v 12.669472 8.591724 -0.594191
v 10.862416 0.685261 -10.923556
v -11.685051 6.333794 13.467293
v -9.480787 10.704230 14.924518
v -14.030723 10.930246 3.737790
v -5.285972 26.073586 12.191640
v -6.679945 18.893601 0.938466
v -5.428062 30.603991 1.632101
v -4.292525 33.217203 2.973039
v -4.742931 21.157808 3.060162
v -6.412218 27.368926 0.759167
v -6.506796 31.750859 0.359356
v -0.661841 22.390217 13.857311
v 2.970430 1.245289 10.850069
v 2.430310 18.629392 10.319992
v 3.959971 11.271374 7.156282
v -3.465515 14.108398 6.635955
v -3.520083 26.296447 4.969885
v -4.078128 12.381209 4.753778
v 3.836435 25.368800 5.566254
v -14.926734 0.741991 -4.046173
v -9.535319 26.727772 -2.899007
v -10.393976 22.041811 -3.808710
v -6.634370 10.774432 -8.328020
v -12.292166 14.842488 -8.607595
v -6.519413 21.164910 -12.647596
v -6.817954 20.610515 -12.205779
v -0.423678 11.554796 -5.879877
v -2.249440 28.250979 -5.413607
v -3.079893 30.894762 -5.442678
v -1.373118 15.081807 -16.636362
v 4.820704 7.708602 15.211204
v 10.206790 2.001799 9.245685
v 17.699504 4.297346 3.157062
v 14.180015 17.100572 2.936883
v 13.119132 0.739085 2.490467
v 13.957801 14.841401 2.615457
v 14.098506 16.490998 2.281991
v 7.562708 23.325431 -0.794617
v 2.592366 14.696661 -6.410572
v 2.891731 12.882148 -6.559856
v 2.447098 13.483690 -6.405875
v 10.881450 0.696442 -14.725754
v 10.408594 6.016999 -7.727808
v 10.324855 6.654280 -7.712469
v 9.494748 16.552078 -7.331640
v -6.999138 14.097498 0.861732
v -6.064346 31.614367 0.867989
v -2.137948 21.333137 -5.655491
v -3.406680 22.380171 -5.851741
v -3.872177 36.577421 -5.334356
v -0.476901 19.234700 13.990481
v 1.919124 7.930629 12.161063
v 4.758443 14.849796 3.705447
v 4.141939 7.454445 6.933048
v 4.115529 8.343819 6.925161
v 5.487799 4.619750 2.615969
v -5.908305 8.067333 -7.611464
v -4.734361 8.164960 -6.825643
v -5.597181 9.388638 -7.312229
v -5.815223 10.851601 -7.422184
v -12.385146 2.748175 -12.081154
v 5.193899 21.516344 2.230225
v 6.454943 20.301916 0.433266
v 5.842448 12.576875 1.627875
v 1.886613 14.772160 -6.208406
v 2.131792 14.085670 -6.300456
v 1.599319 24.295199 -5.818219
v 8.084959 9.757836 15.426189
v 17.631208 6.497395 2.896032
v 15.773124 19.261675 4.461651
v 7.634674 10.008948 -0.285829
v 7.569326 15.008417 -0.423779
v 7.225669 44.248370 -5.119207
v 12.278860 36.429557 -3.929599
v 12.924535 1.367869 -7.373580
v 10.229013 28.762075 -6.443703
v -10.284455 17.559424 13.546033
v -3.290652 36.018330 -5.246166
v 3.997269 14.090964 6.629954
v 4.001846 34.380410 3.776715
v 3.993644 33.662104 3.880597
v 4.875593 9.678611 3.757861
v 3.911639 19.164386 6.235768
v 4.867345 28.634194 2.346660
v 5.905210 20.709069 1.118118
v 12.697491 15.587650 10.388026
v 12.216403 15.833346 8.659945
v 5.041549 39.065020 -5.745272
v 9.532617 13.323769 -13.306234
v 12.378350 35.738122 -4.440266
v 17.325415 12.761362 -1.952263
v -15.398029 15.234094 1.673193
v -2.847190 19.959936 -15.485270
v -2.338916 18.933183 -15.898694
v 13.101060 17.469841 7.808135
v 6.709555 46.365437 -4.847259
v -4.530358 43.887358 1.684194
v -6.902239 49.096050 -3.050674
v -9.236947 40.262620 -5.963797
v -9.456367 28.229710 -12.644886
v -6.952387 24.377764 -14.458365
v 3.000650 49.627710 -4.521617
v 4.173466 15.205912 -14.548453
v -5.036849 25.807275 2.404444
v -4.959251 27.457261 2.405463
v -8.410757 43.448725 -4.468349
v -9.670170 22.940412 -13.454413
v -6.090177 43.950486 -5.322103
v 15.052391 15.050826 7.267926
v 7.894592 46.262108 -3.868774
v 15.636497 28.455891 -1.576904
v 14.407533 29.526019 -1.233309
v 6.830052 46.939605 -2.296244
v 6.109896 51.436055 -2.846903
v -3.031184 50.456937 -4.138220
v -0.516371 59.457146 2.555693
v 1.775373 58.230663 2.661834
v 3.226254 17.631021 8.635747
v 6.472896 11.724667 0.790905
v 6.716269 10.911828 0.551338
v 5.401973 25.549170 -6.649955
v 14.353918 25.347125 -4.884641
v -9.584234 32.673206 -10.967078
v -10.041061 34.456920 -9.565242
v -2.260260 38.087896 7.294777
v -10.258387 35.100562 -8.439734
v 10.300420 0.000000 10.898888
v -6.552568 0.000000 -7.605180
v -4.153055 0.000000 11.178409
v -1.250391 0.000000 -14.809827
v -5.582499 0.000000 0.981558
v 3.945708 0.000000 4.781209
v 10.200338 0.000000 -6.307441
v 6.544765 0.000000 13.655043
v -10.374195 0.000000 -9.953485
v -3.504275 0.000000 -5.043344
v -4.090265 0.000000 -4.370919
v 8.208510 0.000000 13.819380
v 12.848694 10.380544 -0.512869
v 12.390583 9.631877 -0.936644
v -11.381765 2.972460 14.019546
v 12.030633 1.308368 -0.868225
v -9.922565 6.825130 14.920955
v -7.810455 0.775174 10.644367
v -14.256839 0.986042 -0.336415
v -5.559409 3.085031 11.013656
v -4.809240 9.939389 10.924773
v 11.380613 8.005742 -13.388224
v -6.797553 0.831201 16.731065
v -5.436408 0.800953 16.915416
v -4.242367 20.897854 11.073016
v -1.879727 1.015740 16.109450
v -5.821565 24.934255 1.518617
v -0.555061 8.709643 -5.937501
v -0.096245 0.850480 14.913679
v -16.994995 2.334121 -5.714512
v -3.633933 0.641678 16.758882
v -9.735357 0.584122 9.258986
v -5.225372 4.379196 3.127091
v -5.543737 5.879867 2.648863
v -12.080622 2.973817 -5.211001
v -6.915977 4.547860 1.306721
v -6.989850 5.177407 1.215473
v -5.457889 3.626030 2.842998
v -4.781087 4.591233 10.684937
v -7.993519 2.865641 0.406551
v -4.584930 1.362337 10.374317
v -3.771672 3.127547 8.856982
v 5.612025 11.812268 2.028073
v 3.049968 4.350025 -6.872030
v 2.192426 2.330510 -6.651397
v -3.193628 20.730689 6.948705
v -3.952189 6.502697 5.500418
v -4.352516 5.786194 4.537542
v -4.220844 6.542383 4.774640
v -4.036833 4.497892 5.414375
v -10.498949 4.641272 14.639707
v -0.807882 4.821652 -6.012348
v -1.107025 5.603467 -5.994464
v -0.941882 11.064612 -5.862967
v -3.711322 4.820962 6.681806
v -14.922705 1.480193 -3.712068
v -18.143721 1.956388 -0.737151
v -11.965322 2.187457 -4.854063
v -11.197077 4.037214 -3.553659
v -3.508232 16.941850 9.615248
v -3.954798 8.546583 5.347503
v -6.750998 1.448183 -10.050974
v -11.796496 0.688025 -13.372797
v -12.735563 3.198541 -7.393220
v -12.534279 7.750200 -7.433723
v -12.090865 7.155678 -5.710822
v -11.803457 2.163794 -13.228685
v -9.152664 8.640439 -1.035441
v 4.073325 4.093110 7.627293
v -11.136296 16.998635 -4.651191
v -11.130026 21.776880 -5.329170
v -12.578622 0.709586 5.194750
v -6.518696 1.451973 -10.782099
v -8.749627 0.759049 -16.041261
v -7.953521 9.212902 0.177814
v 11.803043 9.329512 7.784961
v -0.232836 14.884985 -5.803799
v -3.291406 1.386417 -6.440894
v -2.537906 23.603992 -5.629297
v 12.544796 5.269169 -0.567908
v 12.051704 7.075350 -1.078634
v -1.392168 4.261051 -6.039620
v 2.582989 3.718465 -6.741554
v -5.635268 0.813515 -11.833154
v -5.040031 2.528825 -12.342135
v -1.441332 0.652359 -13.415365
v -8.148300 1.165467 0.337881
v 0.845017 17.668148 -5.873327
v 9.380803 2.102232 10.234992
v 9.558088 0.749554 9.907625
v 11.450926 2.106016 -14.182178
v -0.778782 0.538122 -13.482025
v -3.479684 2.669825 -17.550005
v -3.175702 0.643755 -17.716309
v 5.884786 2.189521 13.441912
v 10.502319 3.840567 14.407556
v -2.233635 7.601499 -13.698784
v -14.101257 0.905134 11.122026
v -9.069794 3.918322 -0.701343
v 2.001223 1.469274 12.502143
v 2.353452 1.830976 11.931277
v 8.886751 7.024361 -7.800129
v 4.075654 0.749190 14.838972
v 7.464855 1.426358 16.659148
v 2.524400 8.815230 11.081919
v 8.460257 20.472369 -7.173809
v -4.257730 5.955764 -6.669333
v -2.570545 37.235348 6.243039
v -6.213993 10.904735 1.736089
v 3.442898 8.918834 9.047553
v -4.040476 5.292091 9.819314
v -4.116011 6.224789 10.017673
v 4.112133 14.785546 6.080944
v -3.113766 24.751383 6.523639
v 7.982326 5.969904 11.996601
v -1.645882 2.479396 15.905894
v 5.603862 5.489427 2.339360
v -0.097496 15.580179 -5.802586
v 0.045209 16.396839 -5.796188
v 7.295332 1.427443 0.304794
v 13.033032 1.996332 3.507776
v 4.397262 17.280574 4.622006
v -5.429570 13.651922 2.500822
v -4.923739 16.741732 3.026399
v 11.935207 2.441645 13.230218
v -16.618234 8.339207 4.922852
v 8.436118 0.768900 11.071609
v -17.276315 2.329775 4.310254
v 6.661552 17.567403 -7.222389
v 5.627031 4.027580 -7.578309
v 2.086684 30.751444 -5.666682
v 0.960819 31.766836 -5.407730
v 9.086219 9.290012 -12.381805
v 11.285749 0.729915 7.526755
v 12.132710 2.928028 6.248229
v 7.475566 3.494302 0.064930
v 7.406870 4.621091 0.086787
v 7.673470 4.061380 -0.117950
v 12.985801 8.930148 -0.166284
v 10.386634 9.739096 -1.547294
v 10.441695 2.559953 -1.316796
v -10.652768 0.851472 14.789393
v 3.939054 4.395414 -7.149124
v 4.458835 1.720077 -7.384684
v -6.896307 2.900427 11.043340
v -4.430877 24.127763 11.508551
v -3.555030 4.358501 -6.449356
v 8.819896 4.504851 -0.881624
v -15.088643 2.909696 -3.829851
v -3.649728 3.778046 7.703080
v 7.495134 14.645291 -7.432745
v -7.888276 7.522179 0.307251
v 3.705296 8.282282 8.354959
v 8.643776 2.342369 -7.983537
v 4.334254 6.867466 -16.907124
v 5.060892 0.736783 -17.180967
v 13.772756 4.478055 10.948888
v -4.068416 23.671805 11.139050
v -3.781448 27.739380 4.264384
v 11.627383 11.936685 -1.472771
v 5.607299 19.433041 1.643331
v 13.055712 5.076985 -7.145581
v 12.741438 3.329532 -7.342601
v -0.178883 34.464556 -5.141430
v -3.404905 3.547798 -13.131633
v 16.514217 0.802695 -5.006304
v -6.326945 11.062372 -7.887317
v 9.890641 2.041033 -7.949040
v -12.329205 0.687283 -5.572684
v -12.693872 1.198822 -6.785313
v -5.674930 29.288503 1.424439
v -15.138272 3.189021 9.210812
v -13.563698 2.546880 11.681186
v -13.820502 15.182543 9.348066
v -15.159455 15.857426 6.110897
v -12.205119 2.385922 13.272356
v -9.632658 5.626162 9.719955
v -9.436590 0.640701 15.645756
v -17.228759 3.878993 4.091901
v -16.309736 0.698665 7.243837
v -17.908240 3.981023 0.584062
v -7.583986 6.746356 11.033796
v -6.266629 5.714503 16.577788
v -4.984572 3.830251 16.764388
v -3.021356 2.804268 16.478936
v -4.748484 2.076482 10.558778
v -5.368045 18.233624 11.615984
v -4.753454 26.700932 11.976853
v -6.409883 16.256716 11.716947
v -5.276955 10.749793 11.204970
v -5.880746 7.158371 11.225899
v 0.178376 7.038703 14.298571
v -4.296662 18.251806 10.951421
v -3.622770 15.044292 9.678083
v -3.555914 19.943203 10.036449
v -3.500774 20.844186 10.016328
v -6.259710 11.680469 1.659402
v -5.227837 12.830966 2.779905
v -5.437223 7.612229 2.713666
v -6.004694 13.556082 1.852369
v -5.001958 24.287151 2.539620
v -4.788296 34.384439 2.175506
v -5.182498 19.936667 2.520562
v -5.500470 17.492960 2.232643
v -4.666443 18.640556 3.305355
v -2.512635 19.253152 -5.775155
v -2.401613 13.138636 -5.932842
v -8.820721 9.261642 -0.694509
v -7.498705 8.871346 0.606803
v -7.537292 16.278269 0.247260
v -7.291883 21.943557 0.191511
v -6.628783 1.782421 1.664093
v -7.093476 21.053619 0.421791
v 2.365082 0.837004 11.986083
v 2.385052 5.433923 11.613027
v 2.653022 3.535956 11.273558
v 2.842105 4.117111 10.863999
v 3.632410 2.211376 9.214556
v -2.991027 23.373322 7.989795
v -2.957432 24.062662 7.900178
v -3.705279 10.645092 9.470047
v -3.742439 5.423296 9.023471
v -3.802337 4.675174 9.174503
v -3.347505 16.642993 8.917957
v -2.812028 27.499786 8.049440
v -3.361145 17.375448 9.141840
v -3.218922 17.888178 7.730418
v -3.249105 16.945925 7.836809
v 3.530072 0.804557 9.621412
v -18.230544 0.748991 -1.739107
v -10.411819 3.179836 -2.292151
v -9.819450 10.622623 -1.969464
v -6.122467 4.818734 -7.968272
v -11.757434 2.929345 -4.491449
v -12.078666 14.026733 -6.808854
v -6.870558 6.030330 -9.324380
v -11.585666 22.839009 -7.127648
v -12.183666 8.383455 -6.141358
v -11.556415 18.770178 -5.966023
v -10.697856 28.202047 -5.462221
v -11.945817 17.546126 -7.154054
v -6.886181 7.328247 -9.196330
v -12.559950 6.554711 -10.921198
v -9.549128 5.967310 -15.223446
v -9.580820 11.331771 -14.802115
v -6.654373 8.399459 -11.098860
v 5.977382 7.925643 1.617380
v -0.568114 28.431900 -5.356644
v -1.301778 8.667079 -5.931206
v -0.840738 21.594028 -5.582380
v -3.921103 0.902659 -17.592390
v -2.294167 12.371034 -14.069374
v -0.389552 3.630530 -13.687736
v 0.205763 2.481159 -17.731620
v -1.040628 2.085604 -17.770555
v 2.106100 8.980880 -14.040230
v 5.535456 3.214147 17.273750
v 6.256643 8.208755 16.440977
v 11.438985 0.735276 13.869157
v 12.625048 0.737083 12.686582
v 14.324430 0.789670 10.632436
v 10.830092 0.666133 8.233497
v 11.847759 3.273223 6.843452
v 17.608466 0.772533 4.264348
v 16.971752 9.272953 4.491357
v 13.397003 7.342901 1.290224
v 13.133135 2.642371 0.961656
v 14.019090 18.351215 0.845437
v 12.915690 2.254624 0.264555
v 6.771106 12.326787 0.431953
v 6.838685 3.507290 0.692089
v 3.742265 6.528627 -7.019911
v 4.374082 10.491316 -7.067324
v 1.165664 1.609741 -6.369032
v 1.427899 5.925696 -6.327754
v 6.963239 3.511302 -7.818417
v 5.550483 14.245782 -7.188612
v 8.825226 3.794532 -15.629944
v 8.887981 3.059148 -7.956288
v 10.227377 13.717100 -1.650512
v 9.274444 17.262856 -1.533906
v 11.170517 0.946433 -7.829289
v 8.987079 5.460414 -7.857451
v 3.450552 0.755161 -17.512903
v 12.334830 25.903635 -2.003211
v 12.899988 29.878859 -2.185698
v 10.793663 15.893258 -7.201588
v 17.080570 12.794959 -2.730402
v 17.604397 10.686034 -1.276632
v 12.748228 3.661387 -0.185679
v 12.788853 14.628535 -0.847339
v 9.728280 3.334618 -11.546822
v -11.484049 14.451342 8.843537
v -13.569517 4.109765 11.514198
v -9.919822 14.396819 10.305935
v -10.039491 16.704424 10.482676
v -9.623678 17.380103 10.842719
v -9.469666 21.060214 13.701782
v -6.308046 3.370493 11.118064
v -6.077921 28.845403 14.427803
v -7.804376 0.975566 16.426398
v -5.794287 8.218205 16.499628
v -2.475298 1.063662 16.372498
v -5.546302 5.432809 11.083499
v -1.606766 5.887198 15.701001
v -4.164225 11.687111 10.389788
v -3.669234 23.213745 10.579678
v -2.887920 32.255143 10.427630
v -2.392320 37.173325 10.802438
v -6.022832 21.598959 1.472760
v -5.136813 33.291526 1.787877
v -5.194176 32.586788 1.768894
v -4.305278 35.591036 2.758629
v -5.143572 1.622616 3.352318
v -4.750211 24.961857 2.821055
v -4.608267 26.387680 2.940197
v -4.766742 5.717146 3.754501
v -2.955837 8.513633 -6.166260
v -2.815995 20.819664 -5.777674
v -3.681185 9.051362 -6.363931
v -3.283709 19.044699 -5.935815
v -2.895230 2.903592 -6.293544
v -3.928112 13.126605 -6.331088
v -5.245301 23.205130 -6.510538
v -4.700549 37.859194 -5.478412
v -3.749123 11.466254 -6.320213
v -9.028167 12.946035 -1.125845
v -9.477731 8.263457 -1.395436
v -9.576753 8.994112 -1.555136
v -7.267648 17.646747 0.431100
v -6.938368 32.050827 -0.107442
v -6.664403 35.542540 -0.096282
v 0.809449 6.218672 13.705428
v 0.860890 1.333507 13.962500
v 0.107357 8.721166 14.257234
v -0.279528 13.923197 14.245329
v -0.685099 13.296423 14.624229
v 1.653261 18.273022 11.671171
v 2.384764 7.542773 11.442953
v 1.743649 9.780998 12.274585
v 2.783925 7.255322 10.712356
v 2.017216 17.832829 11.138939
v 3.186393 8.217653 9.762416
v -3.649419 4.361765 8.259251
v -3.230347 19.993961 9.012555
v 3.457018 8.318680 9.075584
v 3.428432 12.597551 8.684193
v 3.191420 12.862499 9.266137
v 3.944852 7.879047 7.630495
v 3.509128 15.115588 8.157200
v 4.287501 1.538597 7.129543
v -3.585152 19.364345 5.525910
v -3.273056 25.093142 5.784768
v -2.879455 31.377872 6.269695
v -2.189784 38.897757 7.392395
v -2.546522 32.307343 8.189332
v 3.993449 30.708137 4.290318
v 4.181691 24.232537 4.483548
v -3.616153 12.602294 6.144722
v -3.901221 2.977098 6.014515
v -4.053876 3.782673 5.417499
v -5.024201 3.653538 3.439354
v 4.068895 22.216874 5.196160
v 4.908731 11.381848 3.536974
v 4.786717 14.123299 3.684050
v 0.069807 43.228405 -4.717856
v -14.925854 3.003931 -3.025284
v -8.729466 38.789308 -3.377547
v -10.908340 19.132241 -4.448441
v -10.828479 11.518826 -3.517350
v -8.327798 42.993700 -3.797739
v -12.468915 9.648152 -7.564995
v -12.745280 6.321581 -8.509869
v -12.807952 1.050458 -11.053001
v -12.701598 0.659120 -11.510244
v -12.489809 8.911151 -10.641960
v -12.479670 8.092513 -10.921578
v -9.970285 10.039652 -14.607297
v -11.354206 0.717918 -13.957078
v -6.705118 2.156944 -10.346533
v -6.227222 9.880335 -11.810079
v -6.644665 16.083071 -11.862436
v -7.017334 23.094425 -12.324336
v -7.073983 17.374117 -11.256730
v -4.957548 0.819938 -12.299654
v -7.510948 0.990627 -16.606404
v 5.338144 24.234926 1.801741
v 5.537922 28.158443 1.203018
v -0.194107 21.118274 -5.628443
v 0.789933 23.294171 -5.691298
v 0.213485 12.723828 -5.909510
v 0.028661 4.910700 -6.072553
v 1.319220 35.338722 -5.304850
v 0.051952 28.668513 -5.403238
v 0.057464 35.271784 -5.134770
v 6.462119 15.410342 0.659486
v -0.588048 35.270771 -5.092475
v -1.904904 24.760944 -5.523593
v -2.460116 31.575739 -5.303315
v -0.643010 46.061736 -4.501178
v -0.672719 52.915722 -3.876080
v 0.534054 27.137513 -5.514864
v 0.778580 5.419168 -6.182087
v -1.494706 7.738442 -5.964393
v -4.974855 5.645241 -12.552539
v -4.436855 18.601996 -13.988771
v -4.719033 0.869196 -17.447892
v -1.000758 2.052258 -13.551125
v -1.711764 16.280038 -16.459259
v -0.144087 7.764174 -17.372742
v 9.658973 5.040604 14.965806
v 9.982442 1.463467 15.042879
v 10.618544 1.514749 14.522891
v 8.936493 9.364815 11.489705
v 10.177974 12.088669 13.642770
v 14.735137 0.801851 10.058954
v 12.159532 0.677953 5.876821
v 12.993881 12.612657 6.124805
v 14.644815 21.284702 2.036513
v 7.600910 9.057710 -0.228987
v 7.171631 6.732723 0.240866
v 7.614924 20.249708 -0.682137
v 7.394069 27.392958 -0.867438
v 5.527583 10.397742 -7.336053
v 3.895720 3.125794 -7.177018
v 3.826928 1.305606 -7.214951
v 2.779045 5.708701 -6.739397
v 3.374521 11.567043 -6.746507
v 2.317628 19.569030 -6.156447
v 5.614518 15.005381 -7.168091
v 5.868389 27.801903 -6.602627
v 6.420968 6.232997 -7.642536
v 6.519867 29.301871 -6.584464
v 7.220335 11.353240 -7.552357
v 8.616784 4.727005 -12.042091
v 11.175824 3.760195 -14.209699
v 7.857877 8.548402 -7.714114
v 7.745950 14.022683 -7.475806
v 6.828793 22.925585 -6.980682
v 11.093310 4.911692 -7.672230
v 4.681398 0.732009 -13.011598
v 5.639143 11.650218 -13.674494
v 6.444244 7.603224 -13.011819
v 6.110936 13.065230 -13.740433
v 7.519075 14.491258 -14.820385
v 14.906314 5.896260 -6.131285
v 10.894242 7.333089 -1.450622
v 10.257783 5.877837 -1.393753
v 10.047958 12.850482 -1.590994
v 8.079901 42.139502 -5.291777
v 14.048507 23.589237 -0.254046
v -13.546157 4.222130 3.439958
v -13.884174 13.154636 4.770677
v -7.181906 0.800567 10.884084
v -6.814735 12.259825 11.473850
v -7.093980 22.338680 12.177301
v -7.297059 3.644583 16.448739
v -6.259948 0.619652 16.845098
v -6.833523 7.402747 16.369444
v -4.262402 3.571947 16.723694
v -2.727159 7.607362 16.125446
v -1.176043 6.462464 15.403195
v -0.769133 6.951474 15.097179
v -1.630955 27.472998 14.026451
v -1.883924 20.004373 14.890013
v -1.512158 18.641243 14.787533
v -0.266085 21.658642 13.600283
v -6.407950 26.635410 0.804948
v -6.741149 11.012884 1.227575
v -6.457458 30.962054 0.473570
v -2.181127 14.081230 -5.868151
v -2.410815 12.392167 -5.951729
v -0.374563 52.138505 -3.975006
v -3.236987 23.276264 -5.776648
v -4.261338 1.345112 -6.805870
v -4.311208 21.105922 -6.196696
v -4.628137 15.825874 -6.523790
v -4.420600 4.343626 -6.793894
v -5.051775 17.862200 -6.643425
v -8.756165 20.343908 -1.289860
v -9.048088 27.162808 -2.232569
v -8.439101 33.966115 -2.125796
v -0.332115 16.854477 14.056011
v 1.665239 1.043684 13.003587
v 0.626990 30.455124 11.671357
v -3.295639 21.096538 9.480544
v 3.085197 8.910270 9.940725
v 2.580084 15.692554 10.322675
v 2.876565 15.473574 9.734440
v 3.334430 23.289952 7.583195
v 3.097454 23.295636 8.240773
v 2.909142 24.058006 8.628871
v -4.681154 4.305151 3.974943
v -4.281189 24.925305 3.564143
v -4.111226 25.468275 3.788149
v -4.408548 23.519816 3.428533
v 4.754146 1.444544 4.957145
v 3.984240 25.717022 4.992350
v 3.766925 32.413552 4.725315
v 4.393611 22.930848 4.015343
v 4.438365 22.262216 3.945155
v 4.365041 28.639654 3.448254
v 4.617377 22.731951 3.345844
v 4.104717 21.313229 5.186950
v 3.945125 21.826005 5.711962
v 3.073033 42.790282 4.931149
v 3.278155 32.578226 6.267042
v 2.032558 50.846283 5.313108
v 4.866194 5.484921 4.117007
v 4.723561 11.994408 4.021543
v 5.200433 11.774837 2.820448
v 5.229554 3.376173 3.243405
v 5.433880 2.777860 2.823962
v 4.727060 18.753067 3.442023
v -6.534358 22.121420 -7.492435
v -6.827055 28.345311 -7.322637
v -6.637169 13.633384 -8.137128
v -7.216457 31.449212 -7.397430
v -7.402912 33.108658 -7.399497
v -6.534975 32.510016 -6.721155
v -5.078175 4.914999 -7.116415
v -5.112089 1.643407 -7.244812
v -5.670774 5.079716 -7.522244
v -5.587557 10.121576 -7.279516
v -5.773134 14.643720 -7.243831
v -5.465260 20.664443 -6.764820
v -7.871491 25.563013 -9.780442
v -7.787850 26.975797 -8.968529
v -6.790933 2.058998 -9.711097
v -12.144489 4.914765 -12.337736
v -11.957648 2.798389 -12.923856
v -9.815234 4.133569 -15.157139
v -9.178928 24.223330 -13.647972
v -8.463327 24.258921 -14.059708
v -9.349221 26.791713 -13.056689
v -7.294806 19.909160 -11.120644
v -7.409045 18.775271 -10.454043
v -6.368740 0.730832 -17.034043
v -4.701349 4.713161 -17.217827
v 6.212518 4.694048 1.411280
v 5.954857 1.677700 1.925953
v 5.058087 13.689900 3.015132
v 4.822561 30.451670 2.280856
v 5.247014 33.000009 1.330802
v 3.849655 42.881706 2.955922
v 4.123933 40.617231 2.685132
v 6.279816 12.531532 1.007021
v 5.429445 34.754856 0.887669
v 1.629776 20.750592 -5.944776
v 1.851968 36.503779 -5.343119
v -1.435926 21.036071 -5.611495
v -0.710062 19.969316 -5.629772
v -1.787800 0.765454 -17.831046
v -0.313982 6.424979 -17.491013
v 0.908278 0.634254 -17.821566
v 13.562420 6.111862 11.041946
v 13.523599 12.132950 10.186248
v 13.704989 3.748999 11.115722
v 13.968230 11.862927 9.638801
v 13.389818 12.820877 10.212565
v 17.331789 7.406446 3.812975
v 13.849252 15.236365 1.150457
v 8.064331 3.665228 -0.393979
v 7.818003 1.483563 -0.146664
v 7.264911 21.658043 -0.440074
v 7.768949 26.573809 -1.111055
v 8.248136 11.712369 -0.792837
v 8.055030 7.308980 -0.508268
v 5.349988 18.804309 -6.956339
v 8.102688 26.608571 -6.812886
v 9.404509 12.483440 -12.907025
v 6.392633 44.658969 -5.189901
v 9.210318 5.154439 -1.086408
v 8.861312 13.740732 -1.205016
v 8.838831 23.782626 -1.630336
v 9.763523 26.878048 -2.168690
v 9.801741 32.480849 -2.572736
v 10.590119 25.675155 -6.617820
v 12.438176 10.017516 -7.113681
v 13.609349 13.061863 -6.466916
v 5.871418 3.716268 -16.755387
v 6.489991 13.608876 -15.500951
v 17.738346 4.476459 -2.347719
v -9.539283 21.287050 11.506708
v -8.387131 15.093555 15.211845
v -3.541085 30.448148 14.398324
v -2.293634 36.535503 9.738478
v -3.323431 29.574247 -5.562168
v 3.759112 15.371080 7.331540
v 3.739634 19.764009 6.751606
v 3.897490 15.802602 6.738266
v 3.775807 16.225598 7.151855
v 4.956563 4.271975 3.926758
v 5.238458 2.118804 3.302188
v 4.445152 1.461369 6.449212
v 3.780921 22.384459 6.213891
v 4.125590 10.821166 6.586048
v 4.456823 34.373566 2.661863
v 4.928996 27.767918 2.290590
v 4.616238 28.249482 2.897994
v 4.308064 39.136857 2.467824
v 7.089043 5.268624 0.368637
v 6.548577 5.354362 0.955146
v 6.427583 4.092127 1.154894
v 6.250110 3.545146 1.407111
v 5.858086 26.499786 0.853169
v 5.985611 19.863989 1.052482
v 5.630370 36.668031 0.424069
v 5.286998 41.703511 0.464059
v 3.553572 52.264972 -4.177013
v -1.581791 40.281507 -4.850100
v -2.538378 0.771498 -17.780431
v 1.803545 11.460935 -16.894370
v 12.161894 8.257557 6.972034
v 1.604359 44.828366 -4.799461
v 8.806065 1.304559 -0.775456
v 8.320252 24.436732 -1.376512
v 8.529304 17.128605 -1.174960
v 10.467504 20.860440 -6.971898
v 10.359957 14.576134 -7.345440
v 13.203543 0.794984 -7.297319
v 13.776094 2.689045 -6.963913
v 13.893511 7.606666 -6.648609
v 15.299047 4.429085 -5.928780
v -15.016294 12.789365 1.263069
v -3.026967 30.852822 14.206470
v -4.399750 24.099105 15.311923
v -5.299729 23.143856 15.404893
v -5.285037 37.061281 1.351889
v -6.533093 37.565433 -6.259387
v 2.264547 35.281470 8.381763
v -4.006104 36.252154 3.159805
v 1.889786 47.380557 6.523582
v -4.577293 31.358586 -5.822312
v 3.491615 45.944546 3.269496
v 3.019363 44.153841 -5.059730
v 7.034328 36.963505 -1.189611
v 15.905135 3.829832 -5.435526
v 3.027419 48.299291 3.883560
v -4.898967 30.764239 -5.976065
v -11.134033 27.606828 -10.110778
v -10.830150 31.626582 -8.805451
v 2.590807 13.137851 -16.587507
v 4.528001 13.462832 -14.180209
v -4.756135 32.872415 2.327751
v -10.865685 30.953983 -9.291567
v 13.636478 16.914702 8.740037
v 8.029234 31.778874 -1.624386
v -2.750728 54.158563 2.628150
v -3.293156 33.961401 4.737828
v -2.882670 40.411318 4.833008
v -4.833183 40.151683 -5.347722
v -7.231245 38.957143 -6.493936
v -6.461360 19.266855 -12.479689
v 4.929017 49.285489 -4.606078
v -6.213611 43.482290 -0.392437
v 7.827905 38.076115 -1.990854
v 7.709076 34.414545 -1.570539
v 6.863874 33.552176 -0.765758
v 7.342416 37.621600 -1.545298
v 1.019698 52.445679 6.188344
v 5.403646 49.459191 -0.814380
v 5.622510 42.024300 -0.045501
v -3.192836 18.495856 8.375339
v -3.120738 20.085275 8.265927
v -12.061173 10.173717 -6.045798
v -8.180756 22.236857 14.522930
v -6.741555 18.545000 15.584008
v -5.689899 22.500945 15.436053
v -10.851231 31.630852 -8.054705
v -4.879435 12.979823 -13.116603
v 16.297905 17.083304 -3.664206
v -0.396059 28.207163 13.020277
v 0.783425 23.256709 12.331275
v 1.114206 24.454416 11.808318
v 2.123911 25.783973 10.064900
v 6.302183 33.409281 -0.160835
v 6.398881 27.405876 0.119259
v 6.034701 28.124175 0.528750
v -1.411149 26.117796 -5.443324
v -2.061569 33.270137 -5.196227
v -1.703424 27.777889 -5.399183
v 14.100404 24.120854 -5.242636
v 16.921189 15.862125 -2.544951
v -2.028618 38.719080 8.664099
v -8.814140 34.212088 -2.710699
v -10.334025 29.154427 -11.459322
v -3.098144 53.923978 2.184666
v 1.525496 15.888839 12.079338
v -10.643605 28.532444 -11.111912
v 9.993590 12.528643 -13.410402
v 5.414812 9.225975 -13.474625
v 11.991856 7.952064 -1.148295
v 14.789254 6.721901 -6.163492
v 3.613660 9.416606 -13.879823
v -5.619909 9.695556 16.423652
v -3.704921 8.189776 9.192929
v -2.094765 5.248027 15.986804
v -1.967567 13.317588 15.441254
v -6.105873 4.640228 -11.601631
v -1.611495 12.791278 15.272686
v -4.098457 6.563256 16.545029
v -4.095013 7.192433 10.047715
v -3.620845 5.070475 7.996537
v -3.614174 6.918014 8.654720
v -0.264652 7.904173 -5.973697
v -3.922205 17.188368 4.802194
v 2.920314 7.886765 -6.719423
v -4.389265 7.249592 4.378253
v -4.159807 7.929353 4.829931
v 12.797503 3.693036 12.200881
v -3.971956 9.871497 5.197476
v -1.005856 6.387655 -5.975080
v -3.726186 8.273578 -6.398708
v 5.292235 16.127467 2.383749
v -8.756593 11.078509 -0.716144
v 4.634317 7.225060 4.822772
v -10.926542 5.930435 -3.247292
v -3.984716 11.699352 5.026314
v -9.380644 6.821779 -1.199291
v -6.093777 8.837453 -7.764427
v -6.970301 7.573348 -9.889595
v -4.283808 2.482741 -17.432961
v -12.257266 9.442290 -11.396778
v -8.987836 4.634599 -0.649364
v -5.408815 6.674613 2.785364
v -8.068957 6.393157 16.010273
v -7.655054 11.550948 0.354906
v -10.225584 6.080656 -2.212825
v -10.624215 6.312397 -2.807602
v -3.899684 5.134251 -6.543152
v -3.185898 3.589374 -6.350830
v 0.053350 10.762805 -5.933742
v -3.040865 10.315684 -6.139036
v -5.872224 5.302576 -11.869262
v -4.948785 11.349315 -6.833335
v -4.923850 4.746170 -12.535332
v -8.701946 2.875021 -15.937208
v -8.112434 2.281897 -16.265948
v -7.909805 2.997559 -16.316539
v 6.502886 4.417882 16.824576
v -5.233312 2.623055 -17.229389
v 6.770484 1.404947 16.993560
v -3.444872 3.963978 -17.474146
v 13.375845 5.866661 1.665848
v -13.858272 6.136466 10.898502
v -8.880436 6.845859 -0.641556
v 9.038895 4.722086 -7.884222
v 11.674813 13.261879 -7.153665
v 10.780370 21.650513 -2.024965
v 10.137057 27.991365 -6.523629
v 4.535659 8.891296 5.013228
v 3.040733 6.266395 10.266198
v -6.300810 8.439223 1.735156
v -3.833848 4.255287 6.145670
v 5.471811 10.294451 2.344638
v 5.506572 11.054831 2.239430
v 5.447164 9.504509 2.439334
v 7.078813 4.038737 0.420138
v 6.666311 9.740071 0.652877
v 6.432035 8.023846 0.997417
v 1.307425 29.391870 -5.562480
v 11.611089 1.896444 7.107025
v 11.510644 2.715831 7.376509
v 13.237953 2.800967 1.746191
v 13.156714 3.069852 3.101025
v 18.072651 4.496765 0.246664
v 10.670027 6.426157 -1.446052
v 4.642951 4.761835 -7.328964
v -7.051715 6.435193 11.160031
v 5.798721 12.579129 -7.306272
v -5.134499 28.159412 2.120853
v 7.346371 9.102946 -7.652572
v 2.704926 5.867784 10.984316
v -7.363924 8.170226 0.759741
v -3.304907 15.304422 7.976204
v 2.594323 3.891013 -17.431378
v -4.514875 13.295768 3.838744
v -4.818256 12.696343 3.368435
v 5.543419 17.682584 1.835608
v 17.526733 5.982563 -2.730788
v 12.243523 1.631545 5.825905
v 10.180764 8.532695 -7.651281
v -6.412262 8.272871 -8.149991
v -6.244355 7.381190 -7.968955
v 10.863398 2.211188 -14.588081
v -12.819379 5.274594 -9.162874
v 16.396692 3.764123 6.831043
v 13.172424 10.578527 5.063616
v -9.865542 3.850738 9.384364
v -11.093988 3.715908 14.221807
v -9.893649 3.352992 15.173892
v -9.241555 4.483167 15.519088
v -7.481513 4.461994 16.348512
v -3.453469 4.795301 16.498824
v -4.640940 14.656876 11.032093
v -6.513085 20.148586 11.998779
v -6.045331 12.526675 11.479552
v -6.095195 17.967561 11.784584
v -5.723297 9.638157 2.313984
v -4.600299 29.665809 2.753758
v -8.160922 20.830575 -0.651616
v -8.593341 6.052243 -0.305692
v -7.522460 5.464489 0.721978
v -8.104141 16.384583 -0.315259
v -7.157086 23.499386 0.237401
v -3.403883 14.128214 8.665141
v -3.007164 23.720013 8.665529
v -3.390533 13.111965 7.632431
v -2.886184 27.372821 7.226276
v 3.360995 6.617312 9.486756
v 3.460116 13.379600 8.509454
v -3.384693 23.440962 5.684727
v -3.695862 8.450389 6.249995
v 4.793169 3.832755 4.538205
v 4.817797 4.753380 4.353360
v -18.045031 2.596136 -2.292898
v -5.922925 20.093070 -7.075406
v -10.031100 19.821682 -2.967590
v -6.922893 22.737914 -7.886723
v -10.800279 15.204124 -3.822192
v -5.848187 6.583360 -7.615621
v -11.445762 18.060664 -5.529896
v -12.363295 1.374253 -12.296130
v -12.497310 0.696255 -12.075111
v -12.330003 14.282656 -9.314097
v -7.104185 12.205049 -10.299101
v -5.375372 14.506439 -12.950462
v 1.158419 39.247082 -5.077439
v 0.728628 12.217157 -6.006371
v -0.249188 26.942106 -5.435090
v -1.210927 11.809456 -5.853013
v -1.740316 13.499259 -5.838872
v -1.247557 25.238797 -5.468706
v -4.027296 3.791056 -12.916109
v -0.713961 5.838789 -17.530407
v 8.100823 4.232031 11.708171
v 13.212527 4.462384 3.206659
v 17.924898 6.295721 1.154213
v 13.309807 5.092726 1.351254
v 6.511762 29.722785 -0.133052
v 6.535004 13.151187 0.671435
v 4.034673 8.679601 -7.039385
v 5.034402 24.122150 -6.650302
v 2.019722 11.833938 -6.328542
v 2.193390 25.832538 -5.891023
v 6.618204 5.674476 -7.693548
v 6.077595 17.256347 -7.158277
v 7.384830 3.075302 -7.881088
v 3.588249 5.431917 -17.166497
v 2.920181 2.161979 -17.502409
v 2.744825 9.540639 -14.019536
v 11.053179 14.847630 -1.703095
v 11.635947 13.613706 -1.527448
v 12.154618 18.845263 -6.687380
v 16.436137 11.793583 -4.114721
v -10.862026 4.296367 14.374467
v -13.541927 3.319814 3.272801
v -9.298823 2.933147 15.583448
v -6.188344 2.534422 11.089820
v -1.025426 8.528406 15.181889
v 0.224217 3.120357 14.492408
v -3.799480 14.292967 9.995450
v -3.333087 25.525435 10.264790
v -5.589127 21.245425 1.962823
v -5.206357 35.657645 1.548124
v -4.878117 10.350938 3.377732
v -4.632644 28.710265 2.765070
v -4.838975 19.388119 3.017253
v -3.054126 9.448702 -6.165129
v -3.160309 12.689256 -6.102170
v -2.478296 24.423669 -5.598298
v -3.809650 17.295564 -6.142962
v -4.287884 14.681260 -6.411230
v -4.360347 24.538962 -6.071366
v -8.636750 17.469693 -0.967071
v 1.547152 3.856092 12.968739
v 2.316602 23.732176 9.941240
v 3.148825 4.068903 10.224597
v 3.019828 16.139327 9.319162
v -3.684068 15.870460 5.552446
v -3.405617 19.802743 6.043007
v -3.338424 16.424813 6.946823
v -3.773424 1.622749 6.855474
v -4.156280 13.094524 4.549088
v -4.157717 11.117218 4.655319
v -4.163801 19.412236 4.121767
v -4.551812 8.054126 4.026474
v -4.761491 7.263154 3.691918
v -4.240331 17.304299 4.112809
v 4.261132 10.656579 6.001146
v 4.201901 22.570570 4.654600
v -5.146641 19.936944 -6.598170
v -9.121377 23.046190 -1.947951
v -10.542199 11.037273 -3.018125
v -9.674722 24.978859 -2.931853
v -10.794119 3.638515 -2.881083
v -12.332853 12.801627 -7.802661
v -12.765649 3.823441 -7.721553
v -6.822408 5.237855 -10.312806
v -6.711730 15.377250 -11.674165
v 5.184369 26.531537 1.900649
v 5.556769 24.942974 1.390287
v -0.591142 23.255303 -5.536285
v -0.490360 24.881411 -5.478146
v -0.365018 31.940127 -5.240173
v 0.464989 37.509867 -5.068230
v 0.726660 29.972469 -5.435832
v -1.129064 10.414577 -5.880861
v -0.308243 18.663147 -5.694102
v -5.350044 15.287343 -13.037590
v -5.008615 9.636352 -12.789121
v -3.835544 6.543354 -17.258970
v -2.812180 2.901282 -17.618671
v -2.681101 3.596139 -13.346559
v -1.577722 4.377836 -13.611077
v -0.524970 2.617316 -17.738433
v 9.429886 3.626163 15.258591
v 10.050630 1.037508 9.343295
v 12.353216 2.498848 5.705928
v 17.605731 2.649910 3.893585
v 18.140507 3.012078 0.665148
v 18.122050 2.427990 1.342650
v 13.351486 15.759220 -0.246006
v 6.362803 6.116962 1.158063
v 7.010545 19.910175 -0.134866
v 7.871423 21.831633 -0.947105
v 5.570083 20.519832 -6.920304
v 4.090176 18.105373 -6.708714
v 2.412662 16.170781 -6.308504
v 6.661411 6.859374 -7.657370
v 7.066298 29.937046 -6.577821
v 9.173840 15.427322 -1.426152
v 10.505643 2.075478 -7.879898
v 2.766808 5.321829 -17.309809
v 13.188313 2.655625 -7.213093
v 10.812856 12.328104 -1.632347
v 16.370622 14.238570 -3.932372
v 16.019553 5.470373 -5.209733
v -13.006683 3.181224 4.636866
v -6.458368 3.550503 16.657161
v -3.205955 30.212533 10.737300
v -0.889462 21.668013 14.103550
v -0.478703 5.157220 14.975316
v -2.143583 22.177307 14.841341
v -4.944616 38.269407 1.679969
v -6.800617 17.220326 0.897554
v -6.815443 14.783186 0.995975
v -1.762024 17.207195 -5.743859
v -3.111447 19.897671 -5.871554
v -4.088310 15.477387 -6.314656
v -4.959741 9.891517 -6.886790
v -5.079772 13.476879 -6.840090
v -8.309491 26.028913 -1.177357
v -5.522026 22.345118 -6.708762
v -8.918897 32.401380 -2.636520
v -9.081019 14.454955 -1.280882
v 3.483617 17.907347 7.864687
v -4.296542 18.651890 3.922127
v -4.645138 16.087101 3.480130
v 3.584328 29.578577 5.771483
v 3.901594 29.213777 4.718745
v 4.129379 31.281996 3.799155
v 4.602781 17.825343 3.882073
v 4.587844 1.452962 5.763681
v 4.675674 11.136357 4.269487
v 5.334862 6.796259 2.817188
v 4.635912 22.017386 3.367481
v -7.082351 26.402665 -7.769743
v -6.760851 16.955205 -8.097366
v -6.068755 21.678614 -7.099961
v -5.953620 31.400418 -6.454487
v -5.593730 8.615763 -7.336679
v -5.707735 13.831360 -7.228928
v -7.046232 9.705558 -9.840776
v -12.297160 11.655866 -7.220710
v -8.154864 13.751968 -15.444214
v -7.360240 2.587052 -16.571310
v -10.949696 2.273311 -14.287417
v 5.300684 18.245149 2.244367
v 5.415334 8.613778 2.554668
v 4.790863 21.275830 3.063054
v 4.946034 22.911804 2.615212
v 3.719519 46.278385 2.725850
v 6.764862 21.589057 0.032872
v 6.784756 22.367114 -0.024788
v 5.319080 29.605116 1.445357
v 5.839852 9.816386 1.753485
v 6.032582 13.360764 1.299635
v 5.924128 11.316212 1.553205
v 5.810208 16.378241 1.473441
v 0.426098 10.200087 -6.004154
v -1.223378 23.555429 -5.524942
v 11.566405 7.396521 13.078797
v 13.789922 12.658479 9.726471
v 16.754919 12.173967 4.371211
v 7.445780 22.467102 -0.644492
v 8.634901 8.542586 -0.914086
v 8.235922 9.977664 -0.727426
v 4.936387 15.048760 -7.033971
v 10.152117 19.017982 -1.847710
v 9.572385 9.734265 -1.360794
v 12.419857 12.940242 -6.955396
v 12.521480 2.578690 -7.446285
v 10.877613 29.341743 -6.241850
v 5.166719 2.258774 -17.047977
v 14.263771 22.481950 -5.290596
v 9.126121 34.171896 -2.456458
v 11.795742 1.578383 -13.968694
v -14.522075 3.359029 -0.838383
v -6.374354 2.133542 16.746329
v -5.345019 38.501951 1.159643
v -3.725888 27.719416 -5.737748
v -7.487184 28.406230 -0.434673
v 4.579312 20.122313 3.729240
v 4.276858 31.843626 3.338118
v 4.820729 6.851236 4.149644
v 4.529773 18.563701 4.038093
v 3.657367 25.393849 6.163429
v 4.272089 3.825737 6.885895
v 4.534972 31.710448 2.751709
v 4.234765 37.983769 2.767587
v 5.746518 22.871001 1.220813
v 5.305364 38.050348 0.803052
v 1.794910 11.210037 -14.282071
v 16.243084 25.242796 -1.214162
v 1.874282 46.154181 -4.728639
v 13.479750 7.184426 -6.867911
v 12.884631 7.474975 -7.092196
v 18.137604 2.333102 -0.877662
v -8.599211 38.134248 -3.017316
v -5.120976 27.118060 -6.272110
v 2.692325 50.226280 4.158103
v -10.338873 13.273889 -13.983934
v 7.913464 30.338895 -1.452110
v -5.485936 46.761736 0.097858
v 4.664808 50.418187 0.172320
v -4.140428 16.727610 10.677797
v 2.461032 26.909345 9.247739
v 4.476216 30.991386 2.980378
v 6.294764 25.913391 0.335875
v 5.828518 23.954969 -6.796979
v -5.772391 0.000000 -2.566325
v 11.335311 16.813475 -1.754927
v 11.442822 19.266661 -1.840765
v 13.390777 17.680718 -0.376002
v 12.308515 10.522330 -1.038782
v -10.118987 1.297126 8.926143
v 18.169885 0.728321 -1.296049
v -11.252152 0.783077 14.300839
v 11.146160 10.629389 -1.528118
v 12.336027 4.323403 -0.732620
v -11.931569 4.581345 13.366646
v 14.569397 0.776782 -6.640582
v -12.215380 0.802609 5.917088
v -8.181906 2.466385 10.544348
v -12.351259 6.113153 6.366699
v -12.877456 0.637705 4.533292
v -4.868670 22.817473 11.690958
v -8.734096 6.501297 15.680874
v -5.299826 4.670076 10.979636
v -5.036328 6.091402 10.924878
v -4.871251 12.228282 11.066260
v -5.049021 7.885692 3.235417
v 10.756850 2.116156 8.503773
v -5.656068 3.301834 16.776040
v -5.572397 2.570156 16.819475
v 0.485942 11.146042 -14.304744
v -8.800171 9.546074 10.605639
v -8.756748 6.897144 10.468293
v -8.257414 4.207445 10.595430
v -8.082561 1.602015 10.554530
v -6.802652 9.711959 11.338830
v -5.628311 9.970897 11.290267
v -2.297228 3.081623 16.193711
v -6.409344 0.838412 11.020762
v -6.401630 4.144258 11.144641
v -5.667242 1.279930 10.980363
v -6.528795 9.209459 -11.364902
v -6.214823 7.007408 -11.624427
v -6.267241 3.987679 -11.360418
v 0.127108 4.975526 14.471319
v -0.635768 3.270602 15.207267
v -11.725211 8.189543 -4.932592
v 0.622478 0.668556 14.254005
v -6.540866 4.673099 -11.005980
v -3.669504 3.176229 16.635689
v 12.866585 1.439791 0.236297
v -5.729741 1.484128 2.596016
v -9.143112 0.603611 9.783724
v -7.861964 13.121637 0.092248
v -7.051647 1.584756 1.292464
v -5.852511 3.137442 2.401292
v -6.622549 13.408070 1.242279
v -6.089884 15.469436 1.678453
v -6.226441 1.639414 2.056798
v -4.885213 2.892375 10.691380
v -4.476710 5.753338 10.460049
v -7.787050 0.662547 0.682612
v -8.155470 5.250268 0.159983
v -4.138875 9.116345 10.220814
v -4.210151 10.050412 10.350222
v -4.269088 1.841474 10.005386
v 5.399632 0.868080 2.993232
v -3.604297 5.677743 8.125043
v -3.788550 1.547763 8.728426
v 5.678546 8.197675 2.079564
v -3.203563 18.669685 7.560569
v -3.921825 13.688090 5.060698
v 12.858121 1.484550 12.356102
v -3.249658 21.503146 6.488245
v 0.641303 0.682478 -13.542283
v -1.079462 13.266854 -5.812019
v -18.206271 0.681619 -0.081053
v -6.916089 6.062643 -9.931612
v -11.557420 10.529277 -4.810532
v -11.975985 0.710830 -4.742355
v -3.539442 17.614170 9.756892
v -3.341571 20.355197 9.544133
v -3.832583 15.127419 5.171053
v 4.015592 0.754171 8.219791
v 1.221818 6.077702 13.230272
v -6.880698 4.598126 -9.640337
v -12.497543 6.050590 -6.878539
v -12.973179 0.540942 -8.143572
v 1.082481 33.295821 -5.356960
v 0.707291 33.965922 -5.276076
v 0.490490 33.099149 -5.280125
v -11.813098 7.676978 -12.649886
v -12.183283 0.688300 -12.740705
v -11.407224 2.011651 -13.787795
v -1.361049 5.656030 -17.536296
v -9.140017 7.721309 -0.972672
v -4.286602 18.090194 -6.293151
v 4.128397 1.301527 7.771598
v -5.303796 15.188147 2.587034
v -5.304558 10.295489 2.773945
v -11.380494 14.998467 -4.956435
v -6.940527 13.705665 -8.686554
v -6.927647 18.838456 -8.229710
v -6.838682 15.376399 -8.330455
v -12.256651 2.640028 6.072741
v -6.623692 0.737287 -10.454595
v -6.606192 3.793447 -10.806797
v -11.395526 13.803980 -12.607106
v -10.426044 2.156421 -14.801239
v -6.810857 17.857612 -11.810759
v -7.134690 15.396413 -10.757778
v -2.320349 17.612394 -5.787382
v 12.480914 1.834431 -0.452555
v 0.283333 1.636784 -6.185800
v -1.239357 1.512954 -6.093270
v -0.530487 1.357842 -6.108477
v 2.496997 10.483877 -6.511494
v 3.258913 9.946169 -6.770048
v -2.588684 1.738454 -6.251748
v -5.528820 3.238593 -12.050295
v -5.454097 11.468660 -7.142251
v -13.027680 0.654982 -9.628624
v -3.800819 19.629455 -6.065560
v -1.783910 2.119472 -13.448835
v -4.611640 6.739924 -6.811246
v -8.399591 2.520249 0.048279
v 0.680430 15.195738 -5.917613
v -9.346377 0.799376 -15.687241
v -9.897340 0.856158 -15.311301
v -9.298417 2.454715 -15.612402
v -8.353758 6.087972 -15.921550
v -7.733591 6.457910 -16.182970
v -7.794338 4.741375 -16.261203
v -8.347858 4.272273 -16.034471
v 7.158098 0.691662 16.878213
v -6.988719 0.693411 -16.825266
v 10.298841 0.743672 14.858697
v -6.170735 1.531172 -17.047607
v -6.867882 1.381460 -16.827706
v -5.524459 0.899204 -17.263166
v -5.090394 4.103030 -17.174441
v -5.199020 5.908787 -17.040066
v 13.195727 3.394834 1.134890
v -2.345642 0.783952 -13.262768
v -0.286777 1.006256 -17.839862
v 6.734426 7.570276 13.293029
v 10.901675 0.745565 14.351569
v -9.262066 1.378776 -0.780991
v 1.591292 2.930785 12.973080
v -7.053669 4.497974 -16.572634
v -9.818796 23.241786 -2.973899
v -6.482355 1.646761 -8.610731
v -6.741101 4.094398 -9.017947
v 2.744734 2.029260 11.225059
v -9.823859 1.342258 -1.429934
v 9.237527 1.574619 -8.001543
v 10.378436 13.872902 -7.377430
v 10.910257 24.203141 -2.158430
v 2.765527 6.630549 10.803518
v 8.493947 15.630209 -7.423636
v 8.656891 23.157562 -7.021695
v 7.257353 4.983726 16.445713
v -15.046487 4.641148 -2.927042
v 4.661526 5.492836 4.895125
v -2.640791 33.965517 6.669103
v 3.239906 0.886098 10.308967
v 3.880016 2.176750 8.490208
v 1.217616 0.737251 13.591990
v -8.541373 19.598659 -0.992995
v -4.159975 1.238267 9.782307
v -3.051166 23.501957 7.213386
v 4.177983 16.184632 5.588207
v -3.918700 12.486348 10.085131
v 5.010680 2.124140 3.930881
v 4.781142 7.660425 4.212591
v -0.805021 0.781251 15.469675
v -1.091358 3.836498 15.494958
v 5.864735 2.435454 2.035184
v 5.721192 0.912070 2.354708
v 13.052357 2.789859 3.617878
v 3.991181 0.748933 -13.177349
v 6.899937 10.260535 0.375425
v 14.387901 5.373830 10.027856
v 6.312271 14.030796 0.895069
v 7.811128 0.803414 -8.004768
v 12.036281 0.756401 13.294357
v 1.431084 28.424811 -5.620353
v 3.015580 17.399405 -6.439707
v 11.219075 2.121187 7.798774
v -6.359744 0.706080 -8.473456
v -3.330099 0.699775 -12.997820
v 16.835825 0.794332 6.318226
v 7.797890 2.927961 -0.178533
v 7.692789 5.270450 -0.175122
v 13.034531 7.479746 0.030459
v 18.275644 0.709366 0.279452
v 17.502800 4.245806 3.912621
v 11.004478 8.283694 -1.466611
v 10.766068 5.422265 -1.405653
v 10.672477 1.807281 -1.302348
v -10.493082 2.660912 8.637610
v 2.245560 6.378733 -6.556390
v 1.926816 1.552479 -6.588320
v -10.423235 2.758577 14.830895
v 3.144674 0.858162 -7.011306
v 1.514678 17.428560 -6.023112
v 5.051822 10.876289 -7.218447
v 4.595670 11.343427 -7.094573
v -4.269279 0.612773 -6.831060
v 7.070243 13.019892 0.096009
v 7.140958 14.457801 -0.028052
v -5.637306 23.636818 1.773951
v -5.125558 31.847821 1.889404
v -4.736888 35.127455 2.188002
v 9.498155 1.372513 -1.081524
v 8.642935 3.830549 -0.772002
v 6.584676 16.015878 -7.281809
v 7.015508 0.920140 -7.919142
v 3.017754 0.588143 10.810357
v 2.537512 4.438397 11.414895
v -3.374528 13.908166 7.481681
v -3.476353 10.204695 8.096314
v -6.996029 28.379767 0.084056
v -3.580972 6.510646 7.979399
v 9.038414 1.832461 -11.656682
v 8.739662 0.749215 -8.043185
v 2.564702 0.776002 -17.646569
v 8.445117 8.897999 11.888667
v 0.893617 1.377003 -17.773925
v 2.052816 3.353456 -17.539209
v -3.640247 25.015828 10.722053
v -3.577049 28.880253 4.619812
v -14.130160 2.443789 10.912651
v 13.270993 8.891521 0.446770
v 11.793940 1.945123 -1.030303
v 11.264459 5.980533 -1.362348
v 10.897715 3.363669 -1.335631
v 13.001047 13.433281 -6.712656
v -5.739978 15.760999 -12.801568
v -0.055915 32.711218 -5.229982
v -0.013735 35.983190 -5.099743
v -0.390096 29.014491 -5.350258
v -0.276802 26.200753 -5.460819
v 13.861088 0.801788 -7.019426
v -6.152788 16.410837 -12.472291
v 17.765537 2.511297 -2.596639
v 17.397667 2.712101 4.545804
v 16.278423 2.342930 -5.156299
v 15.186540 2.960800 -6.103136
v 13.670354 12.857341 1.091753
v -10.108597 0.752375 -1.752037
v 10.765828 9.901739 -7.513560
v -6.270876 14.134434 -7.693672
v -6.252647 13.209314 -7.717826
v -6.323580 15.095656 -7.699934
v -6.179672 10.250151 -7.781466
v -6.376361 6.481098 -8.189837
v -6.190248 2.103508 -8.153088
v 9.649377 0.691795 -8.017904
v 10.082709 0.482081 -11.170790
v 11.851820 0.889909 -7.698340
v -13.028642 0.593920 -8.841700
v -12.933413 2.262609 -9.882592
v 11.108247 5.735797 -7.634249
v 13.258334 12.878129 5.480220
v -5.573799 25.636871 1.745818
v 12.282013 13.714068 -6.959662
v 13.794598 13.353146 3.382527
v -14.213417 8.750532 10.008815
v -13.615654 0.866486 11.783191
v -10.452022 0.696505 8.514247
v -12.271155 0.834310 13.335248
v -11.014566 2.279077 14.394824
v -17.129192 5.266816 4.093356
v -16.524394 2.079755 6.520238
v -5.048864 14.217012 11.262964
v -7.575042 3.121762 10.866335
v -6.789841 13.213154 11.527322
v -8.056789 4.003525 16.154974
v -3.391241 1.302211 16.662917
v -2.706847 4.985920 16.257078
v -2.888572 4.369027 16.354303
v -5.565852 0.670135 10.939794
v -5.111764 13.541138 11.268641
v -5.942858 24.351545 12.255516
v -4.043225 25.534848 11.286782
v -5.893298 13.335561 11.498932
v -0.579326 11.822984 14.642420
v -4.033066 13.474636 10.315088
v -3.912527 18.690519 10.532885
v -3.922587 19.541151 10.597982
v -5.773761 17.949652 1.909142
v -6.373926 4.920900 1.787560
v -5.071163 31.056347 2.014862
v -4.736158 35.888175 2.135672
v -1.991714 1.649322 -6.155235
v -4.231431 13.874357 4.339190
v -4.467978 15.336936 3.813076
v -2.560748 18.367370 -5.807763
v -0.375175 39.022682 -4.929643
v -9.836928 22.315472 -2.903717
v -9.143583 22.249742 -1.908024
v -8.769383 21.057313 -1.360409
v -9.019991 18.057771 -1.442926
v -7.539534 12.392520 0.427535
v -7.422103 14.764553 0.432555
v -6.887860 16.299395 0.861041
v 0.297474 1.333647 14.529950
v 1.025690 1.941335 13.734857
v 1.990551 3.358836 12.383259
v 3.672796 3.656136 8.961305
v 3.580121 7.021967 8.879868
v -3.128569 20.637425 7.706171
v -3.119949 21.381731 7.439676
v -2.835492 26.765574 7.894801
v -3.271251 16.550223 8.318700
v -3.172693 27.299011 10.146422
v -3.758308 0.740845 8.303921
v 2.950584 19.049767 9.162789
v 3.401688 3.944268 9.643097
v -3.431532 22.551496 5.655337
v -3.042981 30.011922 5.884709
v -2.883551 33.667569 5.893877
v -2.763039 28.517780 8.002746
v -2.684719 30.152993 7.965487
v -2.489429 33.497444 9.007910
v -14.782175 0.744775 -3.322348
v -18.166599 0.988130 -2.412181
v -18.105378 2.516417 -1.103479
v -18.245257 0.681992 -0.956154
v -10.006311 3.489004 -1.780095
v -9.682446 14.460228 -2.037306
v -9.425545 18.782975 -2.015242
v -9.024198 31.737773 -2.712627
v -5.741188 19.276584 -7.005832
v -6.156994 23.797119 -7.056769
v -11.044144 0.667436 -3.061854
v -11.135067 3.236667 -3.393375
v -8.665624 23.393092 -1.403701
v -6.953177 6.759905 -9.569623
v -7.118176 11.764612 -9.523983
v -7.053681 14.624304 -8.851769
v -12.693667 5.886870 -10.416856
v -12.842061 2.480156 -10.532956
v -12.592896 7.336337 -10.571278
v -6.843998 9.288259 -16.336426
v -10.691543 0.770357 -14.657841
v -6.222992 0.788029 -11.214094
v -7.115500 13.008258 -10.414375
v 0.620472 39.998805 -4.947534
v 0.595634 42.336761 -4.826638
v 1.044385 21.210203 -5.805942
v -0.233530 31.164561 -5.270283
v 0.131748 23.738328 -5.586403
v -0.149514 22.089348 -5.606523
v -1.261178 15.535786 -5.755987
v -1.042692 18.323511 -5.681621
v 0.346993 0.764341 -17.839383
v -0.952434 0.765945 -17.855948
v 0.119088 12.561077 -16.908224
v 7.823131 0.672922 16.535956
v 9.676969 2.065765 15.220157
v 11.006013 2.132171 14.128878
v 14.160982 2.505335 10.659255
v 15.879906 0.644669 8.248161
v 13.122260 13.289592 5.993648
v 16.669937 2.451800 6.436268
v 13.014911 0.663484 3.226224
v 13.108799 9.652670 -0.014851
v 6.677855 32.729869 -0.517225
v 6.823643 27.434186 -0.336798
v 6.961405 24.520818 -0.304364
v 5.026632 21.910901 -6.752483
v 3.713666 21.332589 -6.475012
v 2.769005 20.664219 -6.248652
v 2.998862 27.936186 -6.010898
v 7.369125 16.989639 -7.317579
v 7.833462 21.078843 -7.128675
v 8.965788 7.655811 -12.211223
v 8.248856 3.139107 -7.939740
v 10.197070 1.375410 -1.254796
v 10.468190 14.567522 -1.701218
v 9.416082 18.036477 -1.611746
v 11.002983 4.007578 -7.726542
v 11.508591 3.748696 -7.645850
v 11.543015 15.611564 -7.053464
v 9.699047 5.764110 -7.817549
v 9.784368 7.180782 -7.748236
v 3.452868 2.646853 -17.382475
v 3.249783 3.550251 -17.357079
v 7.267167 10.543353 -15.633434
v 5.824231 0.670731 -16.987693
v 6.172421 3.726650 -12.780618
v 12.814035 23.911776 -1.556539
v 12.202813 22.682159 -1.796745
v 11.707258 27.890035 -2.336323
v 11.612467 26.351489 -2.238502
v 11.687803 24.721921 -2.106532
v 10.560781 19.484996 -1.917823
v 12.494608 29.198741 -2.251929
v 12.839109 15.440454 -0.858739
v 11.364999 19.836557 -6.848749
v 17.995828 2.580361 -1.719055
v 17.306691 6.803711 -3.162385
v 13.452371 22.709384 -0.900870
v 13.639461 15.444448 0.412569
v 13.660163 25.386647 -1.047759
v -11.610557 1.863120 7.072885
v -13.531081 5.641241 11.407518
v -12.608092 2.093365 5.332150
v -11.822628 0.809772 13.779999
v -9.834143 13.009157 10.218159
v -9.575930 13.667807 10.454365
v -9.127907 19.855326 11.446891
v -9.143258 12.891592 10.664447
v -8.412900 18.476639 11.539264
v -6.530115 8.596599 11.311623
v -14.158513 11.775890 3.630132
v -6.427473 14.112034 11.581355
v -8.425077 0.759068 16.180879
v -8.515209 14.237592 15.220871
v -7.311560 0.669541 16.607203
v -4.467716 0.710958 16.892297
v -3.359974 7.007646 16.358511
v -2.278387 12.738816 15.621058
v -3.081871 28.108127 10.026948
v -3.340933 28.511902 10.723283
v -6.134516 23.286723 1.256058
v -4.967349 4.966417 3.468132
v -4.292195 11.052806 -6.536670
v -4.503623 11.722483 -6.610670
v -4.488313 19.401542 -6.329989
v -4.651018 30.092417 -5.917096
v -5.568638 7.399856 -7.360620
v -5.213816 16.162997 -6.806037
v -5.239798 17.049510 -6.784248
v -5.151529 19.132055 -6.639272
v -5.135968 24.635467 -6.392860
v -9.297834 10.562805 -1.305599
v -8.695026 0.879616 -0.168654
v -6.764275 29.705909 0.243287
v -6.500180 21.413103 0.997973
v -9.192485 29.169345 -2.646334
v -0.291082 10.904315 14.464588
v 0.105360 10.088884 14.163264
v 0.031682 11.455428 14.135116
v 1.033252 8.524644 13.295189
v 1.908336 5.293215 12.366029
v 2.772631 0.676845 11.283551
v 1.790545 11.546368 12.058908
v 2.645949 20.678447 9.642085
v 2.124295 27.502874 9.823821
v 2.837710 9.404263 10.421898
v 2.423660 10.478074 11.134714
v -3.533262 10.365889 8.744731
v -3.377873 13.668310 8.245498
v -2.982087 25.210297 8.959767
v -2.900469 26.190912 8.652917
v -2.693070 29.799175 8.737435
v 3.801669 0.766824 8.884750
v 2.819523 16.991867 9.703189
v 2.854361 14.009694 9.931886
v 4.177798 4.484392 7.185819
v 4.199831 5.112614 7.007658
v -2.606540 32.580041 7.317830
v -3.278739 18.329300 6.915231
v -3.527867 11.748481 6.680026
v -3.734479 1.237764 7.324352
v -1.793221 44.542648 6.910861
v 4.481159 29.985237 3.053005
v 4.441109 26.948079 3.453168
v -2.798595 36.440943 5.684640
v -2.339561 43.794500 5.556196
v -1.787056 43.806073 7.155282
v 3.415483 44.459801 3.737332
v 2.657954 29.380008 8.456531
v 2.756581 26.271794 8.675510
v 3.760077 33.356627 4.606724
v 3.950906 29.919057 4.506326
v 4.212866 23.456540 4.470813
v -4.061626 1.272400 5.587897
v -3.660385 21.174681 5.126864
v -2.714487 41.261496 5.102266
v -3.543040 25.452721 5.007491
v -3.351181 31.740976 4.826980
v -3.049808 34.399216 5.283095
v -4.257503 0.912184 5.052342
v 4.339145 18.945424 4.626559
v 4.115788 26.669955 4.403449
v -18.045300 3.298912 -1.101967
v -17.665729 6.808249 -2.159785
v -7.118892 24.179190 -8.030828
v -6.069584 16.893582 -7.366761
v -6.799521 34.367284 -6.743039
v -6.620994 36.666636 -6.408296
v -6.372874 30.836006 -6.758307
v -6.492086 29.961274 -6.914738
v -9.645461 17.108178 -2.199309
v -10.105429 21.976812 -3.294229
v -6.539486 24.365773 -7.351821
v -9.785725 33.747196 -4.452168
v -7.152870 16.972759 -8.836110
v -7.216856 18.421978 -8.824091
v -7.151785 20.755486 -8.430514
v -7.400043 24.763502 -8.439430
v -7.457585 24.005978 -8.656045
v -12.733791 5.597688 -8.076431
v -12.123969 11.702342 -6.519443
v -12.672653 2.671604 -11.261401
v -12.949226 0.787139 -10.383622
v -6.901971 11.731342 -10.890994
v -7.141805 18.301128 -11.236764
v -7.627053 22.835179 -10.667160
v -7.391008 19.518059 -10.709451
v -6.436718 13.962309 -11.911142
v 5.096926 23.593332 2.277604
v 5.822223 25.604851 0.962169
v 1.428339 38.445117 -5.169359
v 2.057917 23.165434 -5.960849
v 0.098199 25.440617 -5.526090
v 1.515651 26.055826 -5.731155
v 0.362939 39.215139 -4.976355
v 1.224487 36.158574 -5.248241
v -0.992900 40.534060 -4.834230
v -0.096722 33.521973 -5.191032
v -1.884940 23.947329 -5.549241
v -0.159177 48.118068 -4.372300
v 4.900380 36.006034 1.658053
v 5.018115 35.203393 1.514911
v 4.910670 36.906910 1.560486
v 4.980722 32.685514 1.800934
v 5.223690 28.881028 1.651647
v 0.395985 13.502739 -5.918662
v 1.193861 9.940787 -6.161631
v -1.693792 11.116589 -5.889203
v -2.206425 35.628629 -5.110837
v -4.504691 13.611522 -13.407459
v -6.315163 20.467259 -12.800644
v -5.351106 17.253431 -13.243282
v -3.381353 2.149270 -13.062175
v -3.159981 6.099170 -17.378276
v 1.354007 1.994079 -13.602551
v -0.985454 4.252710 -17.631369
v -0.242483 3.921344 -17.652228
v 11.335888 5.141197 13.548089
v 8.975331 0.706873 10.532878
v 11.213704 10.090540 8.854582
v 10.406235 0.608380 8.832298
v 16.372374 5.884196 6.571468
v 17.763061 2.571572 3.318268
v 17.940030 0.780680 3.021862
v 13.843491 14.375783 1.462012
v 12.864179 0.750485 3.924675
v 13.089453 1.947097 0.883125
v 13.346769 13.338600 0.034759
v 13.409196 11.440205 0.456032
v 7.050161 11.599251 0.177998
v 6.049756 11.905267 1.336395
v 7.480770 17.650962 -0.458625
v 7.653362 18.496044 -0.625938
v 7.413349 25.873821 -0.801308
v 7.156166 26.658193 -0.607749
v 7.034379 32.163197 -0.845363
v 8.440447 13.067524 -0.951467
v 7.976031 15.624402 -0.761003
v 4.998056 12.939506 -7.132555
v 5.014845 7.590806 -7.324010
v 5.538549 7.328485 -7.445915
v 4.230997 19.970310 -6.665807
v 2.022246 5.431224 -6.509425
v 3.488530 13.039657 -6.727340
v 2.509204 17.579511 -6.283189
v 2.275389 20.334923 -6.116428
v 7.633493 32.358045 -1.372820
v 7.371609 35.115492 -1.357822
v 7.008090 19.176007 -7.180067
v 6.929448 14.299927 -7.394439
v 6.459796 27.886325 -6.664953
v 7.160428 16.120047 -7.341175
v 6.180716 7.463203 -7.557702
v 11.344731 2.886351 -14.177279
v 10.924289 20.073111 -1.941831
v 12.532156 0.789913 -7.525893
v 2.166002 2.460112 -17.585246
v 4.413553 1.373321 -13.120565
v 5.970985 5.419096 -12.967051
v 15.276961 0.773348 -6.166843
v 15.370515 6.327540 -5.751149
v 13.925882 4.956397 -6.770309
v 11.021794 31.343294 -2.684588
v 10.046264 21.067194 -1.920588
v 10.099827 23.744687 -2.067418
v 10.163703 28.954784 -2.381868
v 14.029311 20.835351 -5.625504
v 14.073669 19.966611 0.562514
v 17.550321 12.668172 -0.354886
v 12.347348 19.530826 -1.533391
v -9.166604 10.954590 10.494332
v -4.880746 10.066680 16.415489
v -4.579440 19.644850 15.729505
v -1.417403 0.835370 15.868248
v -1.026460 12.692345 14.915157
v -1.242770 17.965777 14.676410
v -1.016155 4.716486 15.396836
v -5.880065 33.891321 0.910764
v -5.996229 27.914256 1.165057
v -6.500930 32.467348 0.312233
v -2.470170 9.826314 -6.021969
v -2.376594 32.563592 -5.254825
v -7.962205 28.339533 -0.964892
v -5.564699 28.779873 -6.373158
v 1.614291 12.778363 12.218184
v 3.122196 27.155510 7.609120
v 3.082895 29.557442 7.357821
v -4.204477 29.098103 3.410371
v 3.562865 31.267009 5.569441
v 3.972404 27.459475 4.729491
v 3.726377 37.802553 4.062058
v 4.020079 32.092769 4.014247
v 4.126618 29.106226 4.096747
v 4.189427 28.106591 4.024359
v 4.342575 26.398339 3.760089
v 3.956337 46.562041 2.155987
v 3.599100 43.921100 3.408441
v 4.631756 24.993372 3.121139
v 4.823462 17.188222 3.329058
v 4.163877 13.968920 5.985372
v 4.466465 7.641542 5.500079
v 4.426607 8.470362 5.582055
v 2.573695 45.985736 5.455350
v 4.297172 20.931412 4.502272
v 5.015507 6.366087 3.600754
v 5.250561 5.112625 3.080796
v -6.582249 19.080005 -7.751074
v -6.441358 17.475636 -7.688795
v -5.772561 15.575326 -7.201523
v -6.177252 18.638145 -7.371825
v -6.073875 20.830100 -7.148083
v -6.612831 21.201177 -7.642413
v -6.242195 28.526592 -6.822578
v -5.829587 28.092182 -6.569373
v -5.847535 32.077102 -6.340301
v -5.853866 25.726839 -6.734085
v -5.769577 16.560433 -7.154917
v -5.361907 25.341668 -6.464340
v -5.479919 18.494684 -6.861008
v -6.704318 1.309262 -9.236244
v -7.839818 27.807443 -8.907752
v -7.717936 28.292205 -8.529994
v -7.521610 20.455866 -9.752899
v -7.176891 13.378845 -9.747805
v -7.255432 15.323490 -10.167435
v -7.241913 16.049557 -10.519199
v -7.467980 20.468727 -10.627786
v -8.167291 29.139558 -11.913518
v -7.167990 14.617227 -10.491710
v -6.991095 9.983328 -10.401481
v -7.483462 19.668677 -10.079694
v -7.611142 22.030680 -10.346830
v -4.472670 6.223329 -17.169217
v 5.813495 4.887229 2.009908
v 5.868687 4.133043 1.955559
v 5.491097 25.781601 1.429512
v 4.957995 15.659552 3.120666
v 5.041566 16.575187 2.873354
v 6.329684 21.886864 0.499394
v 5.429153 31.268325 1.141431
v 1.693057 13.223897 -6.203658
v -0.816322 33.754255 -5.152490
v -1.286315 28.377774 -5.350683
v -1.859226 6.163602 -17.483376
v 1.704441 14.236354 -14.631949
v 13.940986 5.914399 10.571339
v 17.895567 2.785342 2.680539
v 7.768178 28.158875 -1.190676
v 4.483906 36.160420 -5.878763
v 3.557739 47.350861 -4.823425
v 9.987577 22.867478 -2.004411
v 9.099602 11.947430 -1.250193
v 8.729930 17.896346 -1.306050
v 8.488276 22.003364 -1.358210
v 9.596377 28.856468 -2.225946
v 10.077290 33.203470 -2.708305
v 10.168287 31.078722 -2.547143
v 14.442937 2.853918 -6.601807
v 13.959679 3.523524 -6.827878
v 13.662865 15.515562 -6.273129
v 17.734484 5.959006 -2.063700
v -1.718536 11.271704 15.440243
v -2.159279 37.453649 9.318610
v 3.559273 22.933522 6.923020
v 3.427414 30.042802 6.219356
v 5.026480 4.894685 3.678728
v 4.994210 5.762644 3.707227
v 4.265197 8.808200 6.245980
v 4.293868 7.972062 6.232691
v -11.858814 21.294658 -8.596765
v -11.763333 3.488253 -13.169718
v 4.588273 29.117926 2.889558
v 4.190554 35.613791 3.135946
v 3.980813 37.486275 3.440520
v 6.737517 1.368834 0.878656
v 5.905107 24.900755 0.889922
v 5.460008 38.904994 0.449820
v 5.649283 38.225307 0.267033
v 8.318687 21.235775 -1.222826
v 13.369849 3.472019 -7.101581
v 15.956107 0.779873 -5.595296
v 14.689087 10.968482 -5.950732
v 17.837722 0.752030 -2.670874
v 18.057190 0.834533 -1.874275
v -5.842025 42.420791 -5.433655
v -10.369078 18.368530 -13.403895
v 3.946687 51.585320 1.232756
v 4.727581 40.646045 1.480222
v -1.726779 32.615582 -5.213016
v 8.420939 35.662124 -2.179691
v -4.625467 46.915973 1.198485
v -4.195414 46.628735 1.829602
v -5.639686 45.844607 0.029234
v 7.899150 33.076609 -1.618200
v -3.443190 32.612616 4.552977
v 13.691241 24.707999 -0.901630
v 7.058167 35.641303 -1.111233
v 6.684723 40.511709 -1.185257
v 6.111053 46.286546 -1.259805
v -3.809461 48.549810 -4.389239
v 5.797159 36.035175 0.269827
v 6.494552 34.205063 -0.427790
v 6.166272 41.744743 -0.719382
v 6.716484 30.469588 -0.411851
v 6.063422 35.422033 -0.015519
v 6.074265 32.623238 0.156088
v 6.353671 26.615627 0.226401
v 5.311450 43.972765 0.173404
v 15.421683 16.552953 -4.876076
v 12.139685 15.390981 -1.398668
v 0.851484 31.239807 11.283928
v 6.262067 34.810034 -0.217748
v 6.107107 31.828514 0.167799
v 6.259252 28.956128 0.179778
v 5.533897 22.548721 -6.824549
v -3.647959 12.473625 9.455785
v -9.196018 4.735952 10.016309
v 6.584268 2.594631 16.959968
v -17.932561 2.865735 -2.968803
v -11.875182 11.643356 -5.718597
v -2.439430 4.275022 -13.441884
v 7.298729 11.244844 13.345711
v -6.916191 12.197515 -8.772749
v 13.701807 11.685696 2.791965
v 8.731066 3.931211 -7.924627
v 3.969951 4.667731 -17.148041
v -3.113538 27.960258 5.955226
v -3.510589 9.486690 7.269655
v -10.258737 8.393074 -14.489499
v 6.295806 6.070135 16.713955
v 12.119317 20.315314 -6.596087
v -0.596559 23.835889 13.669957
v -3.732216 10.046002 5.965271
v -4.142045 18.580137 -15.995674
v 10.190326 13.966595 10.947212
v 14.771460 21.152770 2.965082
v 15.035522 18.263470 6.185430
v -1.575592 21.530315 14.576979
v 2.550549 32.625319 8.199242
v 3.011519 37.786263 6.100089
v 3.213720 37.283072 5.611186
v -5.281164 8.126162 -7.139687
v -0.910299 8.901989 -17.297510
v 14.069733 17.159672 4.268287
v -11.959440 15.562819 -11.075043
v -8.310483 7.005911 -15.883961
v 11.683774 15.850072 9.527343
v 12.638381 21.040332 -6.347742
v -2.533353 25.251280 -5.573301
v -14.647628 14.982205 3.622173
v -8.996301 35.313068 -9.024889
v 13.285348 31.409952 -2.264979
v 6.931737 42.606853 -1.672405
v -1.296223 51.602026 5.744722
v -10.683306 30.062936 -10.450611
v -9.973415 0.000000 9.621238
v -13.874615 0.000000 5.805398
v -13.534647 0.000000 5.037434
v 13.016350 0.000000 5.713715
v -13.875365 0.000000 4.247172
v -15.431934 0.000000 -1.496597
v -3.810566 0.000000 16.050948
v -2.502033 0.000000 -16.541158
v -14.020717 0.000000 6.754709
v -16.066447 0.000000 -0.270272
v 3.288176 0.000000 -15.498734
v 9.351024 0.000000 -3.742582
v -14.388126 0.000000 7.483339
v -1.092432 0.000000 4.903566
v -16.098351 0.000000 -1.994620
v 8.835231 0.000000 -2.310081
v -15.680344 6.355389 7.705520
v -4.574379 13.857891 10.930402
v -4.524766 0.794695 4.447749
v 0.084089 2.864433 -13.673863
v -17.376253 8.006018 -2.902803
v -2.953024 6.971291 -6.204937
v -2.424043 5.625014 -6.119661
v 5.374527 4.307472 14.093650
v -8.590487 3.312267 -0.176276
v 3.856933 1.521325 15.143403
v -6.477966 5.771789 1.660471
v 4.519047 0.711184 6.205557
v -5.004703 30.200329 2.158949
v 6.291651 20.317948 -7.044557
v 9.339742 3.496976 -1.085542
v 9.377946 15.845775 -7.382347
v 10.912656 8.025177 8.984514
v 15.854729 15.996337 -4.445964
v -13.106564 15.778979 10.387330
v -13.849809 7.594643 10.726337
v -10.917075 7.948658 14.035827
v -13.933343 6.543579 2.786954
v -16.800622 4.549261 5.328668
v -4.874074 19.407238 11.451562
v -4.602743 11.745915 10.843806
v 2.947246 3.449800 10.707577
v -2.779365 34.566200 6.044327
v -16.265682 7.621917 -4.474088
v -9.354184 30.452713 -3.084815
v -10.983354 26.919578 -6.007276
v -5.820286 3.898734 -11.839018
v 8.914715 2.111307 10.729718
v 15.123799 13.733737 7.463138
v 1.524406 0.847242 -6.488044
v 2.319666 24.542654 -5.973388
v 5.851885 18.057413 -7.081908
v 7.906625 11.046272 -15.279848
v 7.081432 8.876329 -12.935209
v 10.820824 1.429792 -7.864198
v 3.231847 5.119008 -13.608176
v 6.123331 11.328261 -13.500858
v 12.023226 16.780466 -1.541090
v 12.976736 0.825241 -12.935667
v -14.950435 9.784314 8.492564
v -15.998927 5.789404 7.116373
v -11.909034 13.765646 12.399457
v -8.328263 15.718851 11.336909
v -2.896652 31.480642 10.275720
v -0.015075 36.830259 11.356687
v -4.736341 2.159704 3.978685
v -0.470876 25.849193 13.361950
v 1.929613 23.817417 10.645352
v -2.494900 33.053002 8.471893
v 3.963471 7.091584 7.658738
v -2.344744 35.549723 8.111942
v -2.496211 35.845427 6.846204
v -2.646829 31.019000 7.788460
v -17.884249 4.559261 -2.280425
v -12.856395 3.198323 -8.177832
v -4.912217 16.330174 -13.423616
v 0.200111 5.792432 -6.073092
v 2.355973 32.185837 -5.657608
v 8.266126 3.494296 16.033280
v 9.052394 0.850843 15.770456
v 7.691434 8.959986 15.757915
v 8.330662 7.566314 15.575064
v 10.116313 10.157143 14.002651
v 16.337077 2.386157 7.151977
v 14.256764 10.035106 9.547231
v 3.624007 23.485839 -6.365170
v 7.544089 25.851380 -6.855980
v 3.750716 13.820725 -14.371631
v 6.718791 1.383869 -16.660047
v 6.650842 11.827774 -13.412023
v 6.614573 9.726704 -13.182668
v 16.479886 21.258915 -2.440530
v 15.271762 26.501957 -3.639310
v 16.243889 10.293588 -4.541020
v 9.760578 7.991444 -12.034711
v -11.303130 10.072226 8.425104
v -8.344862 12.965539 11.095408
v -14.202695 5.819287 1.523140
v -4.133382 17.573820 15.840808
v -5.799211 35.798672 0.848456
v -8.358223 38.607983 -2.682440
v 0.777733 17.116312 12.931284
v 2.911427 2.739702 10.841509
v 4.531505 5.177150 5.520441
v 2.752430 42.821654 5.759470
v -6.751263 0.868336 -9.689432
v -7.030809 9.960165 -9.363709
v -11.702479 13.690334 -12.066320
v -11.645978 15.874324 -11.840335
v 4.462997 42.797423 1.730101
v 1.240649 11.597372 -6.130796
v 1.412587 6.671695 -6.303886
v 16.917892 18.171822 1.674880
v 17.770477 8.632055 1.292533
v 8.515551 10.472113 -0.909973
v 9.592750 35.250546 -5.928115
v 9.975220 29.391521 -6.441635
v 10.534599 24.916552 -6.686171
v 2.496915 11.522164 -16.783441
v -12.074512 3.499001 6.512488
v -1.672898 41.772430 8.701324
v 4.762851 19.533131 3.273587
v -9.730797 34.561844 -4.519109
v -8.053808 29.969223 -8.925630
v -8.791694 34.719908 -8.980315
v -8.012188 27.779033 -9.585210
v -5.915018 13.723899 -16.245249
v 13.256021 14.902841 -6.505550
v 17.455046 8.839528 -2.422132
v -2.377543 36.429767 -5.095407
v -5.760950 41.552141 -5.497815
v -7.004755 31.189191 -0.120647
v 3.130046 49.021883 3.487261
v 2.544605 54.592964 3.133029
v 0.728125 57.231501 -3.196315
v -1.068850 37.784993 -4.964477
v 1.105565 42.857567 8.834966
v 1.861468 52.317691 -4.110580
v -5.068988 20.263502 -15.621460
v -13.987256 16.397708 5.770107
v 1.916123 13.544078 -16.609700
v -1.260391 47.868805 7.072955
v -2.313450 52.933588 3.651987
v -3.788401 55.676144 0.556078
v 2.881393 50.345975 -4.427133
v -2.738484 46.909288 -4.466511
v -1.698839 46.676242 6.482020
v -2.070904 46.469531 5.635119
v 4.115419 53.236273 0.484161
v 0.709083 24.473540 12.298143
v 1.081228 39.336324 9.626965
v 4.986895 44.183926 -5.271882
v 17.123151 17.854702 -0.743433
v 0.869222 15.560096 -14.860025
v 10.902572 38.373894 -4.839671
v -2.692602 38.904306 5.526948
v 1.164337 27.436407 11.389308
v 16.890170 4.451048 -4.189805
v -11.151886 1.760949 7.735239
v -3.879935 8.967545 9.754641
v -4.683296 16.995717 11.191604
v -0.505512 5.643674 -6.011143
v -4.666012 14.451636 -13.382053
v -4.576999 17.441195 -6.440897
v -6.809031 8.637782 -8.802927
v -2.606212 36.329272 6.322676
v 4.367139 15.893688 4.883252
v 5.130510 6.710223 -7.380307
v 13.443533 8.974364 3.461315
v -6.455231 6.542430 11.231602
v 8.663274 13.149414 -7.541281
v -9.928749 6.476460 9.517053
v -6.876700 10.394659 -8.825773
v -10.353724 24.407260 -4.036014
v -12.162294 16.647485 -8.278144
v 7.147021 2.198223 16.746859
v 6.807646 13.807773 0.340864
v 3.045917 29.468184 -5.951289
v 5.873055 2.802167 -7.669705
v 7.822664 3.832477 -7.895586
v 3.105253 3.631821 -13.521199
v 10.740765 2.325265 -11.125774
v -4.961360 21.729716 -6.443171
v -6.438009 24.980500 0.867758
v -3.746100 2.477258 6.889422
v -9.912010 3.156703 -15.149971
v 5.189248 25.911970 1.929654
v 0.527591 14.361322 -5.918135
v 1.297180 53.827734 -3.868876
v 0.693403 6.384133 -6.143597
v -3.737896 12.515514 -13.640119
v 12.276339 3.141418 12.815129
v 13.473135 13.098102 4.799839
v 13.241542 5.706380 0.844968
v 1.677362 33.795326 -5.440958
v 16.055223 12.297153 -4.577081
v 12.305302 13.339975 -1.200385
v -9.549449 11.447171 14.810205
v -9.166708 17.189752 14.502533
v 3.476923 17.289266 7.971718
v 3.384868 16.746455 8.316059
v 3.868586 38.387647 3.566188
v 2.551645 49.635545 4.597418
v -4.910880 7.425602 -6.939274
v -11.965855 12.368324 -11.690798
v -11.610352 12.997001 -12.349506
v -7.607427 23.587864 -11.031433
v 9.142735 28.490101 -2.044519
v 1.845539 40.463465 -5.116047
v 6.024855 37.742872 -0.151102
v 5.896011 31.216163 0.506047
v -2.035069 41.122276 7.197937
v -6.047651 32.928215 -6.403208
v 13.130168 11.873783 -0.190753
v 10.832371 11.443378 -1.602147
v 12.017760 5.245401 -1.030392
v -5.067272 1.360967 10.761673
v -8.365222 5.527888 10.606442
v -7.745796 8.623162 16.002620
v -4.810237 0.656745 10.545803
v -6.134587 10.649595 11.403025
v -2.373941 2.388896 16.262535
v -12.176485 15.243259 -10.224999
v -12.168544 3.780570 -5.508835
v -7.136962 0.709425 1.246843
v -5.735733 0.674488 2.618013
v -11.865719 20.990717 -9.457682
v -0.065577 14.004997 -5.844175
v 5.685593 9.663750 -7.391180
v -3.395736 17.041164 6.506164
v 6.206848 4.504156 -16.593483
v -6.309612 30.274758 0.690680
v -10.320484 16.129204 -3.082177
v 5.127114 17.436616 2.621800
v -9.698085 5.106154 -1.486434
v -5.586614 4.351828 -7.480376
v -12.840060 0.767575 -7.358004
v 4.220121 0.683870 7.507153
v -5.558424 15.801773 2.239104
v -6.201008 8.427109 -11.726861
v 12.485391 0.849835 -0.385155
v 0.092784 2.596722 -6.136506
v -4.686268 2.242495 -6.980966
v -12.523303 10.313088 -8.273647
v -6.386054 4.225889 -8.321742
v -9.697227 2.053535 -1.316784
v -9.554276 0.672565 -1.074138
v 9.479347 8.403868 -7.719483
v 8.641452 24.011154 -6.973939
v 10.403043 26.366311 -6.601975
v -3.140993 25.014996 9.649187
v 5.117647 0.789701 3.721498
v -8.971343 7.658808 10.365385
v 6.461059 0.582591 -7.851813
v 11.704815 3.111197 13.389579
v 2.708744 19.018499 -6.290778
v 7.559111 1.405030 11.928165
v 4.978647 0.612733 -7.556034
v 5.991012 0.988396 -7.756955
v 7.723125 0.739081 -0.044056
v 17.943878 5.603969 1.367083
v 0.838055 0.821506 -6.311054
v 3.790022 0.575045 -7.227307
v 4.181207 5.301242 -7.188060
v 8.428832 0.785557 -0.544729
v -3.619736 5.380825 7.300280
v 13.057936 0.576024 1.042945
v 11.236579 0.646298 -1.197492
v 16.704296 9.751804 -3.940578
v 11.665208 6.214837 -7.504685
v -13.783063 0.646651 1.787160
v -16.721748 10.276700 3.857727
v -6.777201 15.573781 11.661614
v -5.319975 6.754462 16.609773
v -3.879418 5.293261 16.570878
v -2.598847 5.612468 16.182714
v -5.689183 20.464057 11.865047
v -4.339988 12.537425 10.642224
v -8.147526 30.491738 -1.360993
v -3.472557 13.250830 8.958774
v -10.105447 9.913886 -2.302256
v -7.073937 17.598122 -8.573725
v -11.817240 16.994454 -6.498388
v -4.935558 10.469168 -12.886477
v 12.815998 7.888284 5.459164
v 13.797661 17.591147 0.401779
v 13.618220 11.955719 1.075982
v 6.902038 8.090351 0.447442
v 1.359887 5.163782 -6.328369
v 10.215207 2.603311 -14.972501
v 9.895688 20.394998 -7.082379
v 3.831318 12.278758 -14.157115
v 11.643961 1.018468 -1.076530
v 11.923848 21.069871 -1.801364
v 12.019433 18.738168 -1.642631
v 9.414780 4.184864 -1.135955
v 12.050053 32.205495 -2.720494
v 9.256394 23.532850 -6.957362
v 12.733268 12.043166 -0.738904
v -12.500349 8.510296 12.383606
v -5.739342 6.305079 11.167624
v -4.163309 0.553694 9.747175
v -4.189530 3.576742 9.972524
v -5.631711 28.503078 1.526918
v -3.086368 24.927238 -5.692176
v -4.680356 34.136388 -5.708301
v -0.164982 22.310678 13.447375
v 1.090627 9.285700 13.177953
v 0.537978 11.616123 13.630771
v 3.754281 7.471960 8.293107
v 3.201517 15.348585 8.970589
v -3.703157 7.720133 6.297798
v -3.893402 1.338595 6.205996
v -3.452000 12.504328 7.077766
v -3.721192 1.387014 7.980539
v -3.704629 1.977527 7.504836
v -2.441590 41.526361 5.737552
v -2.583416 31.724120 8.855127
v 2.975420 25.582668 8.224782
v -1.949938 39.973371 8.212136
v -4.206480 1.706127 5.127844
v -3.352962 34.651365 4.520457
v -6.354459 27.044522 -7.009878
v -12.493764 8.381258 -7.372951
v -12.439314 9.044655 -7.246620
v -12.433702 7.306684 -11.245192
v -10.490634 2.819929 -14.695913
v -0.792758 31.223180 -5.258319
v 0.392015 4.038378 -6.147297
v -0.621480 32.867085 -5.201484
v -1.257207 33.117877 -5.175944
v 1.072229 8.595226 -6.166471
v 9.574307 5.908775 14.943548
v 17.256880 11.041068 3.090311
v 8.106193 20.319911 -1.055605
v 5.636856 8.023211 -7.439763
v 10.186229 12.073799 -1.586728
v 10.519414 0.686104 -7.936291
v 11.422765 5.298043 -1.297580
v 11.665272 32.981008 -2.855104
v 17.796211 8.008832 -1.125507
v -8.525788 0.845303 10.251378
v -6.606091 23.506789 0.780397
v -4.855291 0.856525 -7.121067
v 0.662410 27.309717 12.035215
v 3.446417 1.568924 9.758448
v -3.884291 28.675277 3.999181
v 4.878696 0.673507 4.527526
v 3.691443 36.353383 4.370200
v 3.364677 35.209544 5.537548
v 5.060406 14.767237 2.947253
v 4.597617 26.501365 3.074240
v -7.557741 21.838574 -9.437183
v -7.152398 13.883617 -9.275986
v -7.395864 18.164774 -9.623099
v -7.223771 14.030561 -9.875606
v -7.081853 11.342549 -10.088731
v -7.280878 16.912893 -10.553373
v 4.856366 25.365958 2.620394
v 4.556993 38.343851 2.054163
v 4.215973 41.386820 2.383310
v 5.347845 32.224765 1.206691
v 1.938823 18.962115 -6.083397
v 9.394057 23.255095 -1.855351
v 9.363970 27.724652 -2.090605
v 9.849475 10.474263 -1.465069
v 14.263228 1.374651 -6.785673
v 11.869555 3.542498 -13.679202
v 10.547865 11.424952 -13.288731
v -5.202469 42.109537 1.010610
v 4.005085 12.837927 6.777953
v 4.553587 20.766134 3.743333
v 4.710910 13.398668 3.954004
v 4.377197 0.782513 6.860669
v -11.176761 28.094375 -9.614562
v 4.864687 44.308805 0.831663
v 16.799505 15.545942 3.263158
v 8.785206 28.915508 -6.627538
v 9.161304 0.700030 -0.929803
v 10.145591 17.602766 -7.209378
v 13.002292 21.680057 -6.139116
v -3.515964 48.358246 2.599799
v -6.536647 42.020162 -5.725966
v -11.578226 23.536517 -7.378021
v 14.126352 25.332215 -0.488811
v -3.088406 33.618944 5.296851
v 7.216597 25.126031 -0.579655
v 0.778556 53.034954 6.162466
v -4.663526 16.323849 11.141006
v -10.895434 30.693253 -7.160323
v 12.171532 17.807256 -1.517048
v 12.581265 16.971924 -1.208559
v 0.179540 28.486304 12.433998
v 11.806332 10.120017 -1.329244
v -3.743184 11.621223 9.639033
v 10.304443 3.620363 -7.839844
v -3.529802 9.607199 8.630854
v 1.429339 7.972056 -6.274621
v 4.158949 32.488488 3.554087
v 10.642431 7.306602 -7.641941
v -2.613145 26.959733 -5.519849
v 11.765876 3.752980 -1.113945
v -10.697066 1.411957 -2.592932
v -0.444058 4.067274 -6.051254
v -6.041480 1.553853 -11.492920
v 1.994548 0.663934 12.569319
v -9.579230 3.688710 -1.265004
v 4.495260 2.216802 6.097733
v 6.945949 2.126252 0.626190
v -5.130043 17.400589 2.706088
v 5.866602 16.446926 -7.153532
v 5.349286 3.215703 -7.550207
v 0.768360 3.315050 -6.231901
v 4.347033 2.505716 -7.326835
v 4.695001 3.068784 -7.399671
v 11.656769 4.516888 -1.200206
v 11.246525 1.469225 -1.221439
v 11.312693 9.340369 -7.439836
v -4.364672 19.086967 11.073056
v -5.630362 18.771520 2.038076
v -6.777427 2.386197 1.505855
v 1.333626 1.569977 13.393404
v 2.773610 4.957873 10.929728
v -3.800998 12.289762 5.473082
v -14.797141 1.505075 -3.033303
v -6.880963 5.389813 -9.438752
v -12.210534 13.307620 -7.229371
v 1.538469 2.180563 -6.457153
v 6.550757 2.865641 -7.784325
v 10.064949 5.114670 -1.350108
v -4.831438 2.206403 16.842814
v -3.973050 1.743327 9.410293
v -2.431090 3.367315 -6.178564
v -3.623510 9.225405 6.505726
v -4.205652 3.037260 5.041063
v -9.539950 21.145968 -2.363206
v -12.627363 7.343601 -7.887564
v 5.727710 27.391752 0.982719
v -4.527879 3.521850 -6.868642
v 3.054300 28.029227 7.664312
v 4.595413 3.814282 5.392318
v 4.810698 20.332645 3.095905
v -6.404494 22.964560 -7.313209
v -5.043549 3.926066 -7.127521
v -5.377108 2.529454 -7.395229
v -5.774837 2.021470 -7.729684
v -6.814029 2.875611 -9.799655
v -1.073171 39.616651 -4.878389
v -1.400893 2.288562 -6.085996
v 10.394483 32.484098 -2.715790
v 4.870968 10.553356 3.705980
v 5.114428 2.753784 3.584311
v -3.314788 24.232786 5.773341
v 4.403453 27.736054 3.454886
v 6.025373 4.609656 -7.633554
v -4.072467 9.119086 4.970480
v 4.770446 6.195467 4.392912
v 0.561959 2.079272 -13.627383
v -2.512142 16.917661 -5.846902
v -3.821859 6.665650 9.435189
v 1.922857 8.820408 -6.382647
v 4.521698 8.114506 -7.186294
v 5.937275 11.030437 -7.389112
v 3.991788 4.896169 7.813899
v 13.595180 5.636382 -6.895070
v -10.167312 7.631155 -2.232116
v -5.287304 9.185752 11.138087
v -5.622765 20.402968 1.966060
v -7.552533 4.734716 0.724844
v -2.957537 24.578270 8.583039
v 0.007602 0.764197 -6.170470
v 14.036833 3.314069 10.733188
v -5.006315 8.928035 -6.944260
v 4.909944 37.744222 1.487207
v 9.880174 8.407820 -1.410252
v 16.478069 4.065008 -4.796861
v 4.436091 3.778277 6.158311
v 6.491413 24.033822 0.190477
v 12.266875 2.558980 -0.711937
v 13.269846 10.546128 0.235577
v 13.078160 13.451358 -0.432602
v 12.039540 0.650253 -0.830796
v -4.877245 11.286878 11.031650
v -4.627015 13.146620 10.934873
v -8.434339 7.892446 10.707859
v -3.921485 0.836832 9.198677
v -6.189494 9.252547 11.345114
v -6.440508 7.637062 -11.376901
v -5.426632 2.224345 2.936271
v -7.384469 2.360170 0.970013
v -7.995615 6.038387 0.272338
v -3.980777 10.835038 10.088089
v -4.362047 0.987681 10.103267
v -3.499992 12.193512 8.881550
v -4.393844 3.626092 4.569344
v -3.830416 0.728092 6.624781
v -12.816328 1.661768 -7.452940
v -7.467212 6.203747 0.741684
v -3.639578 0.646309 -6.575434
v 12.320972 12.396416 -1.132569
v -0.902111 0.745819 -6.109149
v -3.038365 6.066665 -6.250756
v -5.611291 4.544918 -12.061825
v 11.561519 0.767050 -14.242600
v -9.068550 0.582942 -0.535831
v -6.453682 2.619569 -8.511456
v -6.725687 3.237129 -9.052772
v 4.645276 2.226680 5.367744
v 3.814544 11.912242 7.599068
v 4.384995 5.316930 6.181978
v 6.508099 0.629915 1.186377
v 6.039621 0.844488 1.828428
v 7.134115 0.685819 0.482329
v 0.699117 29.037487 -5.467277
v 4.362980 0.853114 -7.386624
v -6.791911 1.471496 11.002799
v -7.022695 4.423271 11.082542
v -5.442375 26.480064 1.855097
v 8.399707 5.208309 -0.672113
v 8.313509 1.731239 -0.505142
v 9.922936 1.998545 -1.224157
v -3.688174 4.083636 7.005696
v 9.682079 1.841205 -11.433355
v -15.716852 2.506787 8.222218
v -4.910845 0.773896 3.746458
v 0.548846 5.665423 -17.510639
v -6.196669 9.538330 -7.828865
v -6.052057 1.345509 -8.039526
v -6.396056 4.152691 1.794668
v -6.170776 0.765409 2.144117
v -4.734072 32.104678 2.420112
v -2.224760 0.559824 -6.211353
v -1.756531 0.918296 -6.141538
v 4.099694 1.983095 7.791930
v -3.436180 21.735667 5.735389
v -2.978351 32.913052 5.670680
v -6.963990 8.115727 -9.373008
v -6.968065 16.202590 -8.515530
v -0.403027 30.437123 -5.298876
v 9.655134 0.708091 15.358263
v 7.034381 29.674548 -0.673157
v 6.729473 26.771108 -0.200150
v 6.666355 25.222233 -0.052302
v 2.636692 11.336216 -6.528369
v 1.256810 4.163534 -6.325851
v 10.618744 0.851921 -1.276816
v 9.993880 17.420279 -1.754672
v -5.582980 27.847516 1.627986
v -5.350222 0.828769 3.093128
v -2.791723 4.203214 -6.232797
v -2.902667 0.612779 -6.354078
v -4.778189 18.667842 -6.481951
v -4.953898 22.537829 -6.402837
v 3.817738 4.295834 8.448195
v 4.167599 3.306770 7.374738
v -3.497260 10.952327 7.048812
v -3.745861 0.596200 7.454133
v 4.205333 34.055727 3.281273
v 4.315579 29.364399 3.486298
v -3.454331 13.247622 6.883070
v -4.030591 0.653560 5.735867
v -3.365207 27.807863 5.235317
v -3.316082 29.575914 5.161521
v -7.014433 16.571277 -11.275968
v 5.173057 28.173656 1.795058
v -1.972000 23.097652 -5.585705
v -1.886053 30.325881 -5.306872
v -2.413167 34.060362 -5.196460
v 4.982476 33.436805 1.726314
v 5.076292 31.782707 1.672009
v 5.099005 30.098737 1.779636
v 8.125334 27.281004 -1.395408
v 7.844248 19.354064 -0.812410
v 8.025299 17.800826 -0.880582
v 8.210895 18.605963 -1.044561
v 8.037078 22.658089 -1.114905
v 2.295705 1.636881 -17.624594
v 9.874104 28.240166 -2.281507
v -13.943456 1.441200 1.352986
v 4.815506 2.211505 4.620974
v 4.682292 0.686788 5.394986
v -6.328679 19.530907 -7.463755
v -5.877168 0.628714 -7.877855
v -7.049075 6.873835 -16.431719
v 6.054581 5.458471 1.603103
v 6.930595 17.663861 0.041660
v 5.383849 30.345623 1.294731
v 6.093038 6.606472 1.496789
v 1.335516 9.189189 -6.216453
v 9.894071 0.706558 -1.176407
v 9.496202 13.704174 -1.466334
v 4.373699 2.131977 6.683486
v 6.107051 27.247135 0.490854
v -3.041517 30.752958 5.753349
v -1.899960 31.944454 -5.243920
v -2.273908 30.804961 -5.315564
v -9.398988 6.945800 -15.260531
v -9.850124 16.271882 -2.407535
v 11.048119 18.270533 -7.011473
v -13.458547 18.004686 8.812381
v -17.561032 7.699938 -2.165867
v 17.279863 2.101569 5.003317
v 17.349049 14.159839 1.407277
v 7.064167 36.046049 -6.112688
v -13.004253 9.336545 11.653656
v -5.077714 30.062530 12.638024
v -1.928531 23.844528 14.579466
v 12.496486 3.807372 -13.009246
v -3.109436 46.301633 -4.553145
v 0.202227 17.415091 -15.267378
v 2.923639 15.923343 -14.875238
v -0.076887 39.482993 10.844800
v -6.626344 24.064800 -13.152242
v -6.584210 23.202663 -12.979531
v -3.328931 56.223911 1.060035
v -0.437760 58.945560 3.180034
v 0.923006 59.279088 2.618325
v 0.393295 59.658415 2.327139
v 10.782587 37.062811 -3.375646
v -0.258430 16.580677 -16.358616
v -3.262807 0.000000 7.934254
v -16.698128 0.000000 0.867588
v 4.739057 0.000000 5.217477
v 15.283160 0.000000 0.080926
v -7.130812 0.000000 -13.858856
v -9.364731 0.000000 -12.815660
v -0.266388 0.000000 7.732636
v -3.698716 0.000000 -0.949074
v -0.247706 0.000000 5.105115
v 9.755789 0.000000 -13.818533
v -1.585124 5.191378 -6.029860
v 17.725924 6.793197 -1.912933
v 8.308416 14.759281 -7.460465
v 11.934997 1.644047 6.475109
v -3.916898 3.596769 -6.594847
v -15.291615 3.639983 -4.339445
v -14.659234 0.735951 -2.639744
v -14.910774 4.017574 9.510463
v -17.405217 4.344888 3.300117
v -4.220211 7.381880 16.515091
v -9.800377 15.095333 -2.258381
v 4.877092 29.518656 2.246214
v -0.925096 8.342869 -13.961161
v 5.850381 0.483192 13.309806
v 10.307245 8.733556 -14.206091
v 3.894099 7.183753 -13.638987
v -9.686722 17.778407 14.040781
v -4.679396 31.344491 2.547555
v -4.233707 30.551496 -5.747741
v -6.053096 39.312658 0.270434
v -0.435866 12.544862 14.475635
v 0.241673 21.730642 13.092076
v -8.079695 27.696825 -10.306476
v -0.593413 50.195261 -4.172602
v -0.784007 54.666410 -3.625526
v -0.753334 53.822202 -3.744533
v 0.361604 9.547373 -17.212071
v 6.137053 15.534010 -7.240492
v -13.120480 7.078276 11.791618
v -14.287960 7.406228 1.761688
v -14.464451 10.884809 2.368017
v -2.515656 6.890453 16.081354
v -4.894292 45.646869 1.010697
v -7.897110 32.360853 -1.231296
v -9.938378 2.358374 -15.183460
v -1.433412 35.393547 -5.086161
v -1.701061 17.469555 -14.866627
v 12.444524 7.565106 12.146075
v 12.976866 6.260357 11.718123
v 12.257624 12.506223 7.629075
v 16.778792 8.016512 5.264401
v 17.270731 15.465598 1.142694
v 7.830177 9.387199 -12.770648
v 7.787523 43.587753 -5.102153
v 4.817998 4.564162 -16.975734
v 15.837325 14.525022 -4.624985
v -10.429958 20.248427 12.886431
v -12.114909 19.260713 10.787166
v -5.929223 38.880301 -5.842444
v -9.297286 32.099293 -3.215186
v -11.582810 21.279201 -10.856387
v -1.049508 38.642127 -4.924656
v 8.956082 39.596771 -2.952690
v 17.420429 10.763781 -2.108380
v 2.019219 32.902641 9.255920
v -11.105174 14.662752 -12.941058
v 2.714866 48.903557 -4.584605
v -4.444859 38.176248 2.354130
v 3.660730 54.887924 -3.611372
v 11.977856 32.968533 -5.403268
v 13.952518 26.155728 -0.855008
v -6.479497 48.963071 -1.876633
v 7.256107 48.000943 -3.427710
v -2.263912 49.192105 4.614041
v -6.194081 20.321390 15.560271
v 10.923665 10.799759 -12.720263
v -5.400435 18.369080 15.836694
v -0.399951 28.929785 12.932306
v -0.863868 29.506353 13.248683
v 14.768030 21.980681 -4.921979
v -8.422659 31.047414 -9.799876
v -6.496959 20.418346 -15.340740
v -6.620584 35.788124 -6.481891
v 4.082183 2.736105 15.093734
v 8.892519 12.316591 -7.575748
v 10.889150 4.669486 -14.327285
v -5.768912 3.991180 11.093707
v -11.346707 11.740871 -12.944423
v -6.745092 18.633872 -11.999957
v 11.514096 18.966090 -6.867753
v -7.400464 11.092079 11.302251
v -7.650120 17.475987 15.342181
v -5.175401 23.098196 2.374221
v 4.032871 2.780113 7.921382
v -2.422739 35.498396 7.401258
v -7.149747 15.450229 -9.006039
v 0.403116 32.263577 -5.302056
v 2.611438 6.792712 -13.815902
v 2.015328 6.532509 -13.859297
v 0.116837 29.196436 12.403116
v -3.123348 24.100321 -5.727573
v -3.722921 32.790717 -5.500236
v -8.777437 35.163853 -2.793147
v 4.386070 24.365538 3.881390
v 8.913301 27.088382 -1.846173
v -5.070808 38.993751 1.464924
v -5.628118 35.235843 1.094986
v 16.255279 24.340167 -1.959800
v 0.406846 31.340279 11.815681
v 7.097179 43.398158 -1.970084
v 0.541682 39.412769 10.261090
v -14.636162 7.964874 0.504335
v -1.560960 14.548287 15.122840
v -6.661867 15.457762 1.112392
v 6.176760 1.670150 13.154129
v 0.151872 1.389150 -13.584358
v -4.812603 11.263184 -13.014412
v -8.366576 10.498342 -0.282910
v -10.422644 4.080532 -2.367134
v 4.962123 1.505931 4.147618
v -13.743668 1.458848 2.168408
v 3.439147 19.555300 -6.478428
v 18.065507 0.587335 2.460123
v 1.028482 7.241511 -6.190939
v 2.551573 22.620149 -6.108512
v -2.867051 5.573243 -13.412956
v -13.375466 6.356963 11.539891
v -10.657277 3.317119 8.504833
v -6.018462 18.711863 11.822286
v -3.795563 28.738381 11.395139
v 0.064075 14.701576 13.877604
v -10.173592 18.302715 -3.049390
v -11.758034 18.859602 -6.731727
v -7.889000 34.403390 -7.735421
v -5.363402 13.191397 -12.846854
v -1.285734 10.046362 -17.196630
v 2.989618 14.183117 -6.549484
v 2.969188 24.855618 -6.133122
v -10.912652 13.354733 13.502602
v -9.546573 15.984185 10.725104
v -3.740006 38.588793 3.404053
v 1.373661 15.066397 12.363477
v 2.601364 23.906672 9.345913
v -14.777185 2.297801 -2.581000
v -6.806265 26.770195 -7.432929
v -7.580222 21.296011 -10.066082
v -6.597712 17.063949 -12.026040
v -8.792076 12.682430 -15.197139
v -4.224423 39.519478 2.541305
v -5.891607 37.117741 0.625282
v -2.262870 5.590156 -13.554626
v 18.086280 3.366992 1.175363
v 17.187554 16.463703 1.132114
v 2.362931 4.898453 -13.706456
v -14.130986 7.781297 2.429773
v -6.988693 9.077359 11.284403
v -6.579900 22.754255 0.849333
v -5.527409 39.844054 0.831894
v 0.977981 11.818600 13.121530
v -3.089252 22.232249 8.774390
v -5.928921 24.742993 -6.840609
v -7.647807 22.627083 -9.668085
v -6.838208 9.242300 -10.743670
v 12.703174 17.011228 8.273117
v 12.832981 14.802519 7.098391
v 17.357241 15.240892 0.432572
v 14.029637 10.822707 -6.382620
v -5.336200 33.953119 1.503130
v 5.202307 1.507004 3.429776
v -8.066538 12.603795 -15.583583
v 5.476165 26.620792 1.400673
v 9.980610 11.196675 -7.555269
v 12.938561 23.062516 -6.047337
v -1.758768 48.420978 -4.297831
v 7.525962 36.808252 -1.631822
v -2.823323 15.939681 -16.510410
v 13.980312 28.977607 -1.398697
v -3.432093 21.772042 9.955493
v -3.667737 22.878566 4.948276
v -4.328569 9.467996 -6.600303
v 1.396413 7.795785 12.897051
v -5.043235 11.085879 3.114025
v -6.733872 2.099982 -16.830528
v 4.699301 3.025063 5.009034
v 8.106849 4.491066 -0.453041
v 9.731388 19.631393 -1.791638
v -4.213449 8.499013 4.682150
v -6.417632 22.272295 12.147336
v 3.604575 34.035010 4.990045
v 6.392030 37.968619 -0.629797
v -4.452657 8.390869 10.566936
v -1.806673 9.280482 -5.948951
v 4.509377 9.562689 5.049354
v -3.576771 7.748282 8.463464
v -3.321761 15.840674 8.521663
v -3.542946 8.707584 8.402908
v -3.768094 17.961107 5.099856
v -4.237819 10.384791 4.526401
v -10.919268 6.886952 -3.306355
v -0.649974 12.420961 -5.846277
v -5.338367 31.432987 -6.123787
v 10.613724 20.729668 -1.978161
v -4.795321 17.030781 -13.567023
v 12.653617 2.737983 -0.266290
v -5.923259 11.254409 11.412554
v -6.167115 7.848540 11.280487
v 5.620992 13.412517 1.938670
v -3.144914 5.107684 -6.301192
v -6.183510 5.580035 -7.992434
v -2.582210 16.108992 -5.884685
v -3.917777 9.919399 9.888432
v 9.021197 2.049787 -0.906442
v 3.713939 11.056231 8.022968
v 13.062902 4.006303 0.487974
v -4.024433 4.428894 9.740300
v -3.528469 11.230869 8.838504
v -6.664478 0.539183 -9.145766
v -7.150585 12.557104 -9.628457
v -0.681309 25.745724 -5.452758
v 14.188571 19.634711 1.020858
v 3.930777 1.470001 8.410546
v 3.950996 28.473656 4.665906
v -8.071073 0.545370 -16.389801
v 11.106276 4.004940 -1.328905
v -9.080122 10.225974 10.497089
v -6.810252 7.928353 1.279712
v -2.484566 1.134063 -6.246187
v 4.160269 12.490286 6.209675
v 4.500129 23.592494 3.638051
v 4.143342 13.298947 6.169797
v 6.286469 1.337807 1.448621
v 5.307660 23.014537 1.923429
v -1.134729 15.615318 -16.564299
v -5.321604 38.223648 -5.649660
v -2.771328 39.681363 5.214764
v 11.931758 6.465658 -11.475315
v 0.515147 0.000000 6.746748
v -4.482632 20.072878 11.240389
v 11.768793 16.106432 -1.599295
v 2.481713 33.532868 -5.623377
v 9.793794 19.453400 -7.144824
v -5.081127 6.970649 10.974654
v 6.357733 2.140929 1.316858
v 17.247520 3.420775 4.854720
v -6.338873 6.774991 1.756176
v 3.734677 4.904082 8.639737
v -6.579825 11.236349 -11.440999
v 14.228833 19.134550 1.327860
v -6.938201 25.030393 -7.719903
v -1.444706 9.382975 -17.254396
v 2.930928 14.836777 -16.264283
v 12.677069 33.087922 -4.964615
v -12.794783 18.034360 10.126840
v -2.276741 29.275662 14.141645
v -5.785145 37.507323 -5.890734
v -10.036909 17.777366 -13.810158
v 3.225163 55.024264 1.660722
v 0.063973 57.018674 -3.212595
v -8.597679 32.569464 -9.517270
v -8.216413 37.578690 -7.419686
v -3.459519 19.777816 -15.746838
v -0.751971 59.982111 0.586687
v 8.897306 13.491432 14.307534
v -10.375602 30.709270 -10.822032
v -10.329495 0.000000 -3.030879
v 4.129000 0.000000 5.520429
v -10.818961 0.000000 -2.705003
v -11.483348 0.000000 -3.761287
v -0.735355 0.000000 -14.015239
v 12.548749 0.000000 -2.771061
v 13.195235 0.000000 -2.915803
v 2.538182 0.000000 -16.583857
v 8.673602 0.000000 -5.162526
v -8.727389 0.000000 -3.977608
v -13.726188 3.120513 2.613945
v -4.385980 4.898572 10.314220
v -9.029228 0.922411 15.864827
v 7.248359 16.921181 -0.221023
v 18.129948 1.559677 1.729722
v -10.515778 4.795756 8.792838
v -14.477500 6.880412 9.850035
v -16.269112 10.480030 5.309403
v -3.898319 29.496454 11.598861
v 8.669014 4.737896 11.206485
v 11.515012 1.577836 -7.739938
v 3.307236 15.578827 -16.055830
v -13.372261 6.427889 4.317729
v -7.953868 5.629363 16.102544
v -5.826121 16.172825 15.966994
v -0.878800 52.203293 6.091119
v -10.485720 26.319118 -4.586256
v -10.692498 16.558946 -13.260188
v -2.627221 14.462463 -14.187555
v -2.456554 11.591428 -13.954513
v -2.803525 15.918057 -14.312734
v -13.802834 15.752948 5.873124
v 2.155049 45.369274 6.529689
v 4.990069 38.582247 1.247194
v 12.980718 7.141397 11.602921
v 12.769121 10.990997 11.278626
v 8.963228 11.788486 -12.804855
v -1.855899 40.313739 8.845609
v 3.249739 28.366403 7.052795
v 5.377992 35.669002 0.893654
v 15.468621 16.488338 6.068531
v 3.149334 42.856334 -5.179091
v 6.352222 49.210093 -4.271588
v -9.730100 18.691330 10.983791
v -3.610376 31.986115 14.115332
v -8.392829 40.403173 -3.112586
v -3.746353 50.610016 1.882847
v 12.262865 23.508926 -1.836640
v -12.327049 4.203203 6.140253
v 6.438470 4.134195 -7.720780
v -14.052734 5.509955 10.684910
v -17.845236 1.850126 -3.880391
v 4.342164 11.956565 5.504960
v -4.358639 22.281265 11.286116
v -3.491272 9.569140 7.935424
v -11.505637 5.135429 -4.194535
v -12.904357 3.249420 -8.816620
v 9.484383 9.022749 -14.699842
v 8.905500 19.041131 -7.234181
v -15.869902 11.360198 6.142204
v -5.624869 21.954459 1.879986
v 1.511137 4.670144 12.961123
v 4.887477 26.090222 2.486724
v 5.734171 34.063045 -6.191716
v 6.011634 1.870564 -16.843988
v 9.989859 25.927606 -6.710867
v 8.816607 34.907818 -2.356627
v -3.920195 48.979096 1.872583
v -4.730670 23.842303 -6.231115
v -1.455427 31.270599 -5.249781
v -3.538849 30.260832 4.570045
v -3.580915 31.092400 4.375734
v -3.614096 49.861773 2.208187
v 6.664900 8.863805 0.686083
v -3.377741 0.000000 9.592984
v -11.934312 3.059572 13.490518
v -14.226750 2.623228 0.418227
v -6.327674 9.991384 11.391571
v 15.565085 9.406428 -5.359067
v 10.466466 9.221166 -7.585576
v -14.575178 0.812706 10.434752
v -9.537922 9.631857 10.118485
v -6.538830 39.511336 -0.321311
v -3.172473 19.280167 7.805967
v -3.189099 22.924280 6.526295
v -10.255793 10.568408 -2.557922
v -12.952192 1.116123 -8.184079
v 13.460086 7.375307 2.041992
v 13.636333 10.389302 2.462258
v 3.051888 3.132830 -6.910086
v 7.144475 11.232926 -15.592087
v 10.019189 3.463963 -15.010328
v -12.639617 7.251000 12.352799
v -2.796140 21.830266 -5.738367
v -2.457022 36.669108 6.795818
v -12.239249 15.764291 -8.676339
v -10.581872 8.909781 -14.144700
v -7.196953 19.144776 -11.234325
v -1.059747 28.978244 -5.332706
v 0.848839 24.855982 -5.650149
v -0.118683 9.455589 -5.946131
v 8.985133 3.160772 15.610408
v 13.189284 5.292222 3.624791
v 7.705480 11.705026 -0.396469
v 2.296347 23.855410 -5.992320
v 7.402036 31.509276 -1.124636
v 7.254481 21.657738 -7.079388
v 10.096297 24.606978 -2.113884
v -11.520897 8.192221 13.459498
v -8.846482 11.550275 10.725288
v -13.981949 0.589043 0.904959
v -7.478171 41.046402 -1.741460
v -0.527606 14.754289 14.388361
v 3.984990 23.147878 5.359835
v -15.019778 5.445181 -2.447200
v -11.037170 17.177919 -12.730214
v -7.081152 16.055766 -15.680775
v -5.476384 18.698799 -15.806182
v 11.697230 0.518810 6.779189
v 4.882393 33.648008 -6.108954
v 16.475674 6.636671 -4.582443
v -6.414689 7.927177 16.421961
v 9.061043 19.575945 -1.542858
v 9.425123 20.488507 -1.718058
v 5.318478 39.715282 0.625323
v 9.125070 37.389921 -5.750505
v 7.984925 37.370829 -2.055358
v -9.099367 38.687316 -4.193048
v -0.030761 49.567893 7.695732
v -3.200069 48.225428 -4.374305
v -8.012486 13.594028 15.527109
v -2.700632 43.674047 4.771211
v -11.728536 6.453467 -4.751750
v -4.294941 8.595565 -6.609829
v -4.477409 10.810180 10.707617
v -6.374726 44.687265 -5.284981
v -3.814551 3.987732 9.144283
v -4.464491 1.557265 4.533714
v -7.329949 9.448209 0.740216
v -5.735262 4.127552 16.725849
v -3.103496 11.927950 -6.109887
v -12.923015 2.688588 -8.615837
v 17.377820 4.787516 4.205417
v -17.207863 9.891754 1.773834
v -9.195918 2.236645 15.687385
v 8.800621 9.945545 -1.049547
v -3.533490 8.121712 7.744977
v 1.871810 11.107364 -6.307252
v 1.143466 3.347890 13.506951
v -3.168148 35.212738 4.879364
v 8.068000 25.690156 -1.277370
v -5.064986 2.516611 3.427254
v -8.303107 0.558346 0.221940
v -0.838295 26.657776 -5.419750
v 8.562248 5.796953 -0.788613
v 8.988658 16.410292 -1.377287
v -4.207527 29.650633 -5.790671
v 0.462266 22.913521 12.745305
v -6.778418 25.931159 -7.472094
v 6.034325 18.072558 1.074215
v -2.389485 11.577779 -5.968591
v 3.038002 4.688924 10.413759
v -7.231680 16.383225 -9.216306
v 6.372234 21.165133 0.484661
v 9.755881 16.625459 -1.667089
v 9.507932 18.902911 -1.681425
v 4.947903 43.739214 0.763833
v 0.018986 12.117060 14.100415
v -9.648150 5.895919 -1.469947
v -5.354387 2.958188 3.000914
v 2.710552 32.759867 -5.715759
v 5.115340 1.236721 -7.566538
v -4.729115 1.406457 4.028193
v 3.342685 15.969728 8.524637
v 11.015286 29.098319 -2.487878
v -15.719463 5.417273 -4.714049
v 6.676198 7.391440 16.414871
v 8.793746 10.481214 -12.630633
v -2.394413 34.688668 8.218486
v -0.778666 17.689546 -15.111671
v 17.455577 4.739302 -3.092988
v -11.458803 16.329916 12.512372
v -4.287744 16.019563 4.105959
v 9.819120 35.879914 -2.902372
v -16.681458 14.180412 0.502681
v -8.553863 8.892616 15.614975
v -11.027157 29.255165 -7.052783
v 15.129182 20.539213 -4.740670
v -2.045429 0.000000 6.296855
v 3.290577 0.000000 -16.321107
v -3.061361 0.000000 14.050507
v 13.097656 0.000000 6.837522
v -8.862430 0.000000 -7.300893
v -12.705819 3.904897 5.387671
v -5.975707 6.304263 16.587308
v 5.942754 1.245813 17.340911
v -17.301515 9.978942 1.082498
v -3.285934 25.606263 -5.704434
v -11.024818 9.640592 -13.592270
v -6.546516 8.505625 -16.490990
v -10.808812 5.450485 8.520721
v -11.928645 12.879495 12.500669
v -6.723850 27.490045 14.421193
v 4.991779 8.683440 3.498106
v -15.561729 7.630583 -3.431002
v 9.144346 3.514980 10.618024
v 10.061788 2.847531 9.514782
v 13.698873 12.792741 3.613852
v 13.405200 6.560580 2.600083
v 7.884796 24.627081 -6.941637
v -8.728748 16.525927 14.872127
v -17.028711 12.425460 0.721791
v 1.991713 48.131771 6.129073
v 1.833549 51.747154 5.361074
v -6.584629 16.782404 -15.766639
v 9.402552 15.447034 12.335067
v 12.501336 6.500106 12.228416
v 11.898348 10.450683 12.324045
v 7.405453 19.357729 -0.464873
v -3.844628 31.193209 -5.611465
v -7.858992 36.948302 -1.688964
v 2.249054 14.341718 -16.448706
v 0.390247 58.011954 -2.948934
v 8.070533 33.669441 -6.297301
v -3.874291 31.355753 3.809231
v -0.823200 48.358994 7.654582
v 8.408471 3.925352 -12.049994
v -7.924623 31.325578 -1.163805
v -12.204108 15.936045 -9.593135
v 14.821809 6.385371 9.265640
v 8.180339 2.720838 -16.002986
v 12.424609 20.566464 -1.554460
v -12.688764 7.696929 -8.768947
v 12.399426 7.052092 6.298280
v 4.179332 25.090493 -6.429490
v 5.745105 38.621638 -5.845057
v 6.439245 33.656691 -6.284383
v 3.375426 33.267347 5.844179
v 6.341076 39.268753 -0.692478
v -12.854005 12.644354 6.667144
v 3.438600 48.739588 2.843312
v -10.572924 1.945688 8.482467
v -13.213769 8.575171 5.104248
v -3.374533 6.750113 -13.327990
v -3.062809 24.471287 9.220472
v -3.671192 22.021565 5.015429
v 17.562992 2.325853 -3.163060
v -4.263462 26.389488 11.573256
v 0.158544 7.183151 -6.033541
v -2.599739 12.979826 -14.046332
v -1.551823 7.843214 -13.843139
v 8.514023 5.603153 11.460624
v -8.467887 17.437601 14.929821
v 1.449923 22.609958 11.530846
v 3.584483 11.873633 8.332176
v -3.654223 6.925485 6.689560
v -11.134284 1.289268 -3.248665
v -7.225357 27.197060 -7.869910
v -1.573125 6.970354 -5.984579
v -3.008381 13.666928 -13.985059
v 2.963655 13.268266 -14.411358
v -4.676326 6.892268 16.593277
v 3.554682 38.351806 4.439749
v 4.509871 25.809341 3.356529
v 3.470027 33.777925 5.461260
v 2.447797 45.285070 5.903817
v -6.926635 27.544404 -7.493883
v -1.425631 21.909148 -5.584082
v 5.299645 35.843222 -6.016013
v 8.206163 34.320307 -6.221305
v -3.574742 21.479521 -5.936288
v -5.232767 13.657545 -16.431486
v 2.325934 15.114946 -16.321431
v 1.393229 44.138419 -4.820567
v 5.033448 38.233065 -5.804597
v -1.676827 46.062993 6.699371
v -0.069106 25.191084 13.059118
v 6.472901 19.538325 0.449388
v -4.891955 20.741798 11.556450
v -5.479761 5.205699 2.754448
v -6.142032 22.308084 1.295796
v -10.521505 8.279309 -2.787160
v 6.761967 4.536689 0.737715
v 8.642283 12.202331 -1.037175
v -3.523258 16.299374 9.572741
v -5.896327 12.124659 2.011262
v 7.091702 28.187456 -0.631934
v 2.801836 2.420319 -6.847283
v -10.463272 4.825380 -2.476742
v -6.713757 2.302336 -9.111036
v 2.246088 0.760441 -6.713395
v -5.884075 15.786327 11.613353
v -5.777006 15.113069 2.032847
v 3.567518 4.456297 9.165072
v -3.049161 22.955674 8.725324
v 10.188538 3.137148 -1.305614
v -6.136400 15.958888 -7.466448
v 0.622090 7.902063 -6.094372
v 8.261408 16.393494 -0.975213
v 11.087072 9.175620 -1.485139
v 3.903471 13.456538 7.086962
v -5.545874 1.227961 -7.564733
v 8.193576 4.595286 -7.881682
v -5.625831 30.417849 14.197850
v -7.530865 1.379747 0.877593
v 4.996254 32.814787 -6.173911
v -3.389073 49.237513 2.657969
v -4.391301 2.337756 4.646163
v 6.649557 18.359085 0.307047
v -7.450996 4.121806 0.840972
v 5.919572 2.477057 -16.827410
v -10.079521 5.268873 -1.977049
v -12.420894 9.753136 -10.739842
v -11.921233 18.307802 -7.264477
v -2.220424 28.469176 14.224851
v -8.895926 40.919079 -4.527033
v 2.914321 11.265489 10.086204
v 8.387996 25.041132 -1.453084
v -16.565454 7.156511 5.399959
v 15.406731 10.477774 7.640468
v -4.956636 19.394698 -13.797152
v -2.872487 8.118328 -13.569574
v -7.928874 26.470993 13.755063
v 11.259011 25.397856 -6.475108
v 10.149730 35.336631 -2.944230
v -5.235279 31.241853 14.121135
v 3.189632 53.447207 -3.967791
v -1.975171 57.676312 2.524236
v 12.872391 32.162864 -2.533567
v 1.424299 57.858471 3.357428
v -8.987603 31.537347 -11.569596
v -4.065718 0.000000 4.349934
v 10.597646 0.000000 9.387475
v -8.676613 0.000000 -14.946349
v 1.193666 0.000000 -14.625655
v 3.884320 0.000000 -15.877479
v -2.079306 0.000000 0.931741
v -3.899641 5.152371 5.801832
v -12.611115 0.664713 -6.401133
v -5.142549 28.900813 2.060883
v 6.315860 0.598452 17.259237
v 8.899078 6.213741 15.380332
v 11.623323 14.194759 -7.112787
v 11.236156 6.967839 -11.560736
v -15.411011 2.506467 8.809055
v -15.684969 11.880086 6.434728
v -7.488579 27.312050 13.910092
v -4.939810 8.585799 16.510962
v -2.260967 3.840424 16.138091
v -9.664020 12.970755 -1.926584
v -1.426617 45.111158 7.806510
v -1.194497 16.796635 -14.857705
v 7.924234 25.228990 -6.902601
v 9.921845 6.610783 -11.820727
v -7.359908 38.142573 -1.182394
v 8.778775 33.317134 -6.266995
v 6.662473 43.106960 -5.383998
v 17.204277 12.161228 -2.518963
v -11.769222 20.755589 -10.276682
v -5.489511 22.367083 -14.021923
v -2.463765 57.057526 2.104797
v 7.808321 12.531787 13.127060
v -10.502655 13.159452 -3.129135
v -14.776745 11.347298 8.541127
v -15.949660 10.765865 6.091263
v -14.931977 7.482576 -1.054404
v -6.579963 28.215732 14.326762
v 10.004257 15.182406 -1.672653
v 17.929851 1.313526 -2.282829
v -3.876300 48.077404 2.086625
v 10.109241 33.931707 -5.960282
v -7.056056 2.356325 16.588277
v -14.905153 4.581151 -2.255026
v 3.196140 13.823194 9.148850
v -8.200412 13.670368 11.219060
v -9.275593 3.668074 15.550519
v -3.840843 30.454755 3.935029
v -10.548545 0.853579 -2.342097
v -11.511822 0.815747 -3.848291
v 17.534534 2.008010 4.255677
v 2.572432 24.589892 9.326837
v -7.731471 33.654540 -7.700601
v -0.672375 15.453989 -5.762812
v 10.223189 5.076712 9.540176
v 16.748658 8.970958 5.152375
v 18.027576 5.298413 -0.131177
v 1.722526 3.588949 -6.469790
v 3.071169 33.921393 -5.729587
v 17.978363 5.299317 -0.872408
v 2.708728 40.680007 6.302740
v -12.396235 10.628130 -10.618422
v -6.915411 17.356077 -15.605788
v -8.278775 13.140890 -15.433307
v 17.365969 15.141306 -0.471133
v -7.194895 35.866472 -0.724555
v -4.907808 44.891055 1.069068
v 1.322838 45.472555 -4.708274
v 11.988161 25.958768 -6.196288
v 4.193418 52.559497 0.532996
v 3.151526 10.962935 9.573738
v -1.660731 6.053937 -6.008611
v -4.765043 11.793670 3.482525
v -11.085756 7.827720 -3.652812
v 4.403228 10.006323 5.484718
v 3.816189 17.753645 6.755924
v -1.971943 28.813249 -5.367556
v -5.929638 3.874884 2.288386
v -6.952394 12.652473 0.965098
v -3.665580 13.701652 9.638115
v 0.604805 18.551220 -5.803480
v 5.857725 10.606403 1.690221
v -7.193491 15.452055 0.613324
v -3.756201 14.513155 5.426545
v -6.507839 14.795804 -11.911087
v 6.287883 11.030088 1.062910
v -3.096444 31.508057 -5.421283
v -11.592466 20.481113 -11.021604
v 4.254015 38.612195 -5.673852
v 11.496411 1.000687 -10.754720
v -1.857924 13.050124 -14.229022
v 8.518089 5.928894 -15.588469
v 2.011610 20.662551 10.866612
v -4.446281 4.018633 10.341450
v -4.525489 3.327574 10.399053
v 5.606104 0.608049 -7.695187
v -5.321474 0.522550 -7.426258
v -5.551686 29.240582 14.526427
v 3.134977 11.524254 9.551634
v 1.638496 58.676740 -2.600933
v -6.004187 7.420893 16.521381
v -9.918691 0.000000 -13.523030
v -16.684995 13.881779 -0.362707
v 11.387479 15.455791 -1.689260
v 17.888850 6.481410 -1.086165
v -15.731384 13.341427 -0.806165
v 7.192576 7.245597 -12.739652
v -12.530504 15.138291 11.381518
v -5.959375 0.000000 -7.208788
v -11.010527 0.000000 -9.314322
v -0.897159 2.311495 15.450309
v -10.237884 0.421553 15.131309
v -15.076198 11.148057 7.983828
v 8.770719 22.215959 -7.066683
v -6.432586 22.407199 15.286516
v -6.578781 37.008990 -0.122498
v -4.304290 4.461543 4.713167
v -3.439005 9.190779 -13.473707
v 7.555800 12.991200 15.061696
v -13.348812 12.011819 5.560935
v -3.743440 12.688288 -16.779149
v 3.255033 47.068665 3.604026
v -1.192610 46.006605 8.001485
v 6.388335 50.164284 -2.666001
v 7.206135 47.317823 -2.941101
v -6.786963 21.065702 12.062648
v -10.018939 13.603252 -2.434919
v 9.272053 14.597133 -1.431000
v -15.004112 2.522250 9.536925
v 14.228879 14.990500 -5.976737
v -2.829936 29.379876 9.433022
v 4.764154 34.665980 2.021685
v -14.656041 3.474769 -1.452025
v 4.055971 16.972964 5.987679
v -2.653699 27.511898 14.521149
v -7.669743 2.576266 16.386389
v -4.033622 8.211765 9.998215
v 11.672907 1.299176 13.595600
v 12.158223 7.798208 -7.309974
v -10.436963 30.144983 -5.216686
v 13.157193 2.148044 2.804913
v 10.457903 18.132288 -7.131393
v -11.903587 1.300192 6.537778
v -4.242549 30.930015 3.221154
v -7.464233 25.037974 -0.177566
v -10.530346 10.078397 -2.921371
v -10.881584 8.515411 -3.364547
v -7.421120 19.064426 -9.480746
v -5.154160 15.832633 -13.224210
v 14.016035 15.551617 3.159834
v 4.983958 12.202566 -7.157371
v -6.637138 0.891001 1.688406
v -6.947039 31.997959 -7.093307
v 9.876622 4.505728 -1.289736
v -14.617655 2.156168 -1.797485
v 3.328375 30.594395 6.442486
v -2.206690 2.850029 -17.679376
v 17.500655 12.352241 -1.221367
v 1.980528 51.471806 -4.213229
v -2.703007 53.576477 -3.712700
v -10.246619 8.513002 -2.404705
v -3.554072 7.366992 7.774999
v 5.021043 9.969205 -7.243004
v -2.100992 4.576460 16.025324
v 3.399364 28.644369 6.527572
v -5.919299 6.366984 2.204972
v -3.216112 4.828293 -13.260873
v -7.040480 16.741472 11.714701
v 8.788240 7.176892 -0.949204
v 12.352085 14.896873 -1.260002
v 10.286927 15.964713 -1.735066
v -8.630216 3.283555 15.930788
v -5.295846 12.034597 -7.016631
v -3.986546 3.106522 9.561539
v -3.717500 2.822974 8.450523
v -10.702974 7.713967 -3.018489
v 0.700051 9.271289 -6.073863
v -4.598119 13.160087 -6.603774
v 1.939397 5.628829 -17.400333
v 2.975310 13.033292 9.764094
v 3.622685 3.703349 -13.446549
v 1.658687 4.721166 -6.423057
v 14.633085 24.566599 0.478769
v -8.701655 4.147186 15.842468
v -0.196295 57.803825 -2.994662
v -2.789932 28.203833 14.498208
v 2.388489 0.528280 16.861172
v -15.160729 6.862808 -2.429642
v -6.603360 24.651440 -13.445734
v -9.914686 4.196581 15.103609
v 2.338949 14.734017 -14.681159
v -1.296790 54.213920 -3.675764
v -5.136729 46.161691 -4.842999
v -10.335832 35.120166 -7.537364
v -2.897410 0.000000 7.305849
v -7.410829 0.000000 14.207312
v -1.014361 0.000000 7.585538
v 10.675053 0.000000 -7.401394
v 2.693108 0.000000 8.117969
v -14.367546 16.620168 7.690407
v 12.202071 4.730082 6.349494
v 14.361403 18.868962 3.945122
v 16.316898 20.641438 -2.988888
v -8.157750 41.266359 -2.874293
v 3.172460 43.695155 4.504787
v 11.294886 3.849739 7.880188
v 3.143288 41.249823 5.045953
v -0.534195 46.676365 -4.467685
v 12.568242 11.498754 6.773135
v 2.622937 53.586786 3.330308
v 3.263995 52.060353 2.480520
v 1.810832 46.774127 6.822488
v -14.600201 16.086812 7.448236
v -10.570487 7.869430 -14.245844
v 9.444354 21.606020 -7.059707
v -7.083787 46.178237 -2.141168
v -14.939527 15.424783 3.115671
v -2.606067 0.000000 15.620886
v -15.620234 1.018704 8.618289
v -12.003148 9.723171 -12.013737
v -11.996573 11.373530 12.617374
v -4.744525 25.690154 11.878355
v -3.144892 24.022486 9.518939
v -11.559036 20.976019 -6.449035
v -3.609287 28.204201 4.609834
v -11.643056 21.455812 -6.937199
v 6.141494 17.108770 0.978052
v -0.935622 45.483155 -4.525275
v 16.650930 4.987805 6.099615
v -12.704152 10.666768 6.497016
v -11.803274 10.584271 12.925663
v -5.430272 37.641466 1.122532
v 3.602796 24.201529 6.554712
v 3.214181 44.324383 4.275889
v 10.712798 10.639371 13.432460
v 11.158540 9.601482 13.167208
v 13.397916 5.585721 11.299443
v -1.513735 42.735284 8.874674
v 17.452613 11.892990 -1.667361
v 8.817487 3.004764 -0.833902
v 16.322776 20.676098 2.587565
v 0.155331 44.954776 -4.625101
v -3.340662 30.747839 4.934905
v 6.361275 18.814369 0.610720
v -4.695789 9.600352 3.696235
v -3.870233 2.387081 9.179925
v 12.552973 6.729813 -0.638649
v -4.663483 3.505720 4.045606
v 12.719267 9.385406 -0.588776
v 3.899209 9.670369 7.576909
v -1.654314 2.931114 -6.087859
v -4.401488 27.552561 3.190590
v 0.570899 14.520960 13.377670
v -9.946898 4.908259 15.034383
v 1.334522 13.908707 -6.094942
v -6.023764 3.845393 -7.901380
v -7.121387 21.222105 -8.313615
v -3.964582 27.360179 3.954703
v 11.338385 10.376545 12.884903
v 4.375304 25.270408 3.800412
v 4.181642 38.568835 2.815429
v -6.688333 4.843085 -8.824280
v 3.320314 32.128496 -5.878322
v -10.703151 8.466075 -14.062587
v 3.072920 12.650743 -14.312625
v -3.713776 6.407521 6.429512
v 9.449524 18.760521 -7.216582
v -1.656424 44.985193 7.170461
v -16.933748 0.597186 -6.206338
f 3280 6247 8871
f 3326 3286 4976
f 3954 10900 8058
f 4983 4405 5807
f 3318 3310 583
f 3319 371 372
f 587 3329 1499
f 4475 8909 3351
f 6274 8560 6275
f 8010 6276 12018
f 12662 4501 6281
f 3388 9931 8583
f 6292 12667 9912
f 6299 12209 11890
f 3560 3598 6305
f 373 3439 3620
f 6640 11893 6308
f 3446 496 3447
f 759 3451 6310
f 3451 446 3452
f 3525 3448 3449
f 1056 9334 6316
f 3526 3403 8145
f 6325 8117 11022
f 8121 6676 6328
f 10845 6692 10810
f 6649 3456 11894
f 3449 3527 342
f 8191 11281 6350
f 10245 3436 11030
f 6287 3459 4101
f 12420 10913 11210
f 501 502 2173
f 10851 11309 6367
f 2214 7587 6219
f 3285 9902 7977
f 346 8744 8221
f 8743 3604 8302
f 4227 11896 6380
f 299 300 3443
f 203 6384 8097
f 3590 3641 12105
f 10774 8071 326
f 9162 1186 3646
f 8296 12866 9929
f 8522 8280 3955
f 10620 6983 7363
f 11092 12371 9100
f 359 7172 3691
f 4339 6257 12020
f 6373 3709 926
f 850 851 5278
f 7102 3720 7104
f 6434 3722 3934
f 3721 6437 10373
f 7083 4222 8332
f 342 3527 341
f 6443 8350 542
f 3745 3746 6446
f 8764 8774 6449
f 9201 7132 11898
f 3780 13132 8306
f 9281 977 3326
f 3805 10545 4881
f 340 8724 6512
f 7081 6486 9155
f 3829 310 6778
f 1764 3831 7635
f 862 4244 3839
f 3841 3707 8429
f 7024 6340 6439
f 3861 6504 12394
f 6812 4916 9548
f 6446 3746 6509
f 13135 8716 6383
f 8081 10892 3730
f 8778 9664 13247
f 448 3891 5161
f 6740 12014 8761
f 469 3485 334
f 100 101 8478
f 373 3329 3910
f 7110 9955 6536
f 8621 4559 10211
f 13014 8368 6541
f 3934 4392 7855
f 1504 598 1507
f 1525 993 994
f 1508 1511 1509
f 6550 6846 3398
f 626 10127 9958
f 630 3974 4439
f 8894 399 8898
f 3988 4443 3983
f 1357 1355 1689
f 6408 3994 8546
f 1395 4463 6984
f 11171 3382 10414
f 4516 683 1048
f 417 419 4031
f 423 4516 1048
f 1372 1374 1373
f 417 1370 3655
f 2230 421 4032
f 1371 1374 2230
f 5049 1052 423
f 1052 1380 1051
f 6883 4034 4035
f 5049 423 421
f 423 422 4516
f 6070 685 688
f 9601 8942 6599
f 10217 4051 8182
f 733 4601 4073
f 3472 4583 6622
f 11459 6944 6623
f 11462 4087 9932
f 6634 1470 8646
f 736 5019 6638
f 11950 758 747
f 3452 445 3450
f 331 3500 3451
f 6333 4102 774
f 1126 9047 449
f 3891 447 11973
f 3804 6322 6641
f 11451 9050 4104
f 6646 6993 11590
f 3533 4125 4126
f 6665 6675 6666
f 198 199 4151
f 6287 4101 13411
f 6681 3497 6529
f 478 8697 12796
f 11386 8447 11021
f 10940 12040 9973
f 6699 3567 9974
f 6441 6700 6701
f 4185 13263 6704
f 4189 5247 6707
f 6795 7605 9479
f 344 495 3446
f 345 4198 4200
f 501 1194 4212
f 4203 3640 4208
f 4203 307 4761
f 1194 501 9485
f 1427 5261 1189
f 6367 11904 4201
f 8738 4202 4218
f 838 4226 503
f 506 505 1198
f 8741 4210 2174
f 8213 3645 3604
f 6728 6725 6726
f 4231 4783 4232
f 12186 4229 8331
f 8301 10225 13065
f 6735 4246 7453
f 8364 4799 3767
f 6507 13133 4249
f 3763 3764 12098
f 4842 6754 6753
f 1641 1637 1639
f 309 11889 6757
f 3551 6758 6760
f 358 924 3841
f 551 6523 4311
f 552 6777 3690
f 6778 3690 3830
f 359 3826 8429
f 1285 3803 1482
f 7174 6782 6780
f 6783 7178 4316
f 11047 12266 12144
f 3894 12329 7507
f 8815 8464 8847
f 10212 11535 6790
f 7604 8724 4331
f 8824 4333 8829
f 3376 8828 8208
f 1316 946 9548
f 5793 1330 577
f 4360 4348 4354
f 4360 577 4357
f 1329 577 575
f 311 6811 11156
f 4383 12024 11526
f 579 3311 4386
f 373 369 3439
f 3940 3939 6830
f 4404 5628 12802
f 9288 13250 595
f 1510 6008 2236
f 3935 5473 1340
f 10285 3983 4414
f 3953 3285 3946
f 175 11200 12271
f 3965 9987 620
f 666 1031 7253
f 1343 619 1341
f 1344 1348 1347
f 625 4996 302
f 1688 1365 1689
f 3971 3322 3975
f 4440 8896 3338
f 6560 3658 3980
f 8535 3980 406
f 4442 632 2172
f 632 4442 4444
f 8048 11422 6293
f 3343 4451 3320
f 7243 12957 8896
f 9311 9314 6862
f 1788 1530 1017
f 1788 1017 650
f 4464 1532 2190
f 4007 3534 13314
f 657 4472 4473
f 4474 7863 12641
f 8909 1029 4480
f 10410 8571 663
f 6871 3356 6575
f 1035 13139 1038
f 13306 10808 11428
f 688 685 686
f 423 1048 421
f 7551 4500 11836
f 8029 6285 4504
f 6880 4505 11378
f 6881 8925 11052
f 4509 7817 6071
f 685 684 4077
f 684 1856 8633
f 682 686 4512
f 686 1377 1379
f 684 8633 4077
f 4034 4510 4494
f 1049 5498 1050
f 7276 9346 1067
f 10315 6419 6590
f 4711 7721 4704
f 4531 10985 11585
f 6919 1543 7655
f 10443 6609 6920
f 9369 4563 12031
f 6478 6612 6932
f 4564 10452 6939
f 5816 1792 4573
f 8977 711 9378
f 10988 9372 6948
f 6941 8623 1079
f 12743 13304 10815
f 10601 10600 6961
f 9809 6966 4594
f 729 8022 6011
f 4572 11998 9007
f 731 4584 4606
f 8622 4507 11473
f 4072 4601 7788
f 11633 12963 12251
f 757 4646 755
f 6638 757 4641
f 6636 742 8647
f 1395 645 4463
f 6638 4092 757
f 742 6636 741
f 745 741 746
f 744 739 4645
f 752 11973 4644
f 746 756 745
f 757 756 4641
f 447 448 751
f 753 751 744
f 754 447 751
f 754 6989 4644
f 744 4645 753
f 755 753 743
f 751 753 755
f 755 743 757
f 743 756 757
f 745 756 743
f 4099 4643 1116
f 4052 3631 12681
f 6998 8662 6992
f 4116 764 10005
f 6997 764 9060
f 9055 9616 6998
f 4131 3506 4662
f 4665 7013 5700
f 334 10140 469
f 773 3500 1128
f 8193 4165 7019
f 1144 4676 5192
f 4690 4691 9441
f 5208 4692 5211
f 4686 10010 10009
f 338 8119 9128
f 9114 12495 11103
f 7053 1418 7054
f 4720 12516 11814
f 817 813 818
f 814 1611 5559
f 5559 1611 1739
f 811 12844 4737
f 819 818 815
f 4738 9142 4740
f 12596 814 9143
f 4740 13165 12596
f 4741 4743 4742
f 2271 819 815
f 820 816 818
f 820 818 819
f 2271 815 812
f 827 6305 7081
f 8414 4757 12586
f 4755 4756 1182
f 8727 9151 10520
f 3513 8733 4200
f 6483 4206 13009
f 830 4760 7082
f 3640 833 1188
f 1189 834 502
f 4209 4214 9485
f 837 3682 3683
f 847 9170 7093
f 3696 350 515
f 1624 1432 5264
f 4778 854 4776
f 7446 1439 1440
f 1438 1446 1627
f 1629 1626 1228
f 4784 4793 862
f 3839 4244 3840
f 1228 1450 1629
f 1753 1749 1751
f 5291 5289 8762
f 4810 3744 12531
f 4253 4808 530
f 4828 878 882
f 4812 8773 877
f 4812 7116 3757
f 882 878 879
f 879 878 884
f 13344 7464 4824
f 885 881 884
f 880 1241 4828
f 883 879 884
f 884 878 1234
f 880 1462 1241
f 880 4828 882
f 531 7120 4832
f 3732 3916 531
f 894 895 896
f 1632 4836 4256
f 2245 895 892
f 1755 898 896
f 4840 1463 5576
f 11821 3765 6450
f 9502 4269 4267
f 10855 10950 7129
f 883 10529 11910
f 3757 4818 905
f 3766 8355 12902
f 12827 11706 12515
f 4861 4866 7153
f 917 3792 12877
f 7165 4872 4871
f 110 8803 8399
f 4879 4908 4302
f 9235 4311 3691
f 7173 8810 7175
f 7176 4885 8297
f 9237 4886 10549
f 12329 3894 10028
f 3361 1303 4320
f 8405 566 564
f 3296 6802 564
f 1309 9244 9560
f 5435 4903 942
f 1650 925 1652
f 944 1647 1648
f 1648 1649 5435
f 7195 1650 942
f 944 943 1647
f 10692 1311 5434
f 4905 9247 10554
f 7204 951 9260
f 1325 6808 953
f 1777 1676 5621
f 3872 4931 6508
f 9263 6244 12994
f 7205 12198 4367
f 9270 2000 4943
f 2196 4940 4945
f 970 4950 4951
f 970 4936 4952
f 4952 4936 4935
f 4950 970 4954
f 1675 1676 1495
f 4951 971 1951
f 5580 9577 4968
f 978 9281 588
f 4972 588 2175
f 980 979 976
f 981 12625 1337
f 4975 1337 983
f 985 6379 4390
f 986 4410 9284
f 1502 4982 988
f 4982 1501 4984
f 9290 4988 4402
f 5473 5474 7747
f 994 993 3951
f 4997 4993 4994
f 4986 4995 9289
f 4422 4988 12995
f 2249 1786 1787
f 7232 3668 3365
f 1025 9320 12414
f 6556 12127 7235
f 7236 3333 9303
f 4458 4437 4438
f 5483 4001 3981
f 9308 1010 10563
f 1524 1525 1361
f 1359 1690 4446
f 1360 1691 404
f 1361 994 9730
f 650 1696 1114
f 5020 1016 1017
f 4438 7248 4458
f 9592 6639 4095
f 4459 13025 4461
f 5034 1027 9876
f 5028 9322 9297
f 1029 8909 7544
f 661 13136 4476
f 1033 1032 663
f 7253 1031 5030
f 1033 1035 1039
f 1032 1033 5035
f 669 1038 13139
f 4031 1039 1035
f 6582 5035 12535
f 3384 4019 9329
f 5044 7551 4037
f 9330 7260 672
f 422 1049 4516
f 1049 422 1051
f 1049 1050 4494
f 1049 1051 5498
f 1051 1380 5498
f 421 2230 5049
f 686 682 1377
f 422 1052 1051
f 4503 679 11836
f 11053 11912 7263
f 5057 5054 7265
f 5056 7884 5057
f 2312 6142 5060
f 7553 1381 9596
f 9995 10580 10031
f 1069 7286 7284
f 4104 1076 7291
f 11065 6643 10434
f 9363 1074 7304
f 5092 9385 11913
f 9382 1085 5104
f 12846 5113 7334
f 1082 9009 4582
f 7339 6409 4630
f 7349 5127 7350
f 12131 11765 11848
f 5146 5110 7356
f 4600 5108 9384
f 5518 10618 13027
f 5835 5156 5152
f 13027 1110 7362
f 5152 5140 5519
f 2091 2090 5158
f 6637 4637 4093
f 4646 757 4639
f 443 7573 7368
f 1696 2191 1114
f 4664 9783 4148
f 5690 4129 5168
f 5169 1931 5170
f 7305 7374 9745
f 5183 5184 770
f 774 4102 1126
f 1128 1127 4149
f 6687 8688 7380
f 5869 1135 7388
f 12805 1138 7390
f 9436 5194 5954
f 5196 7773 1733
f 1576 1142 2253
f 7396 1147 7397
f 5208 5209 7738
f 7391 5215 10644
f 7408 10046 4700
f 7040 7412 7590
f 7426 10051 12918
f 10790 7428 12967
f 815 1835 812
f 5239 1172 4749
f 814 5559 9143
f 4331 491 12648
f 5252 5248 8219
f 1836 1425 1741
f 345 496 4198
f 3512 3646 3513
f 4761 834 1428
f 1189 502 1427
f 1193 1430 503
f 5259 1195 13261
f 13261 1199 1430
f 4213 1193 503
f 1193 4213 5258
f 1192 1618 1620
f 499 839 9486
f 1198 5261 1427
f 1430 1199 838
f 4766 7088 9165
f 4232 13175 4234
f 1437 849 1212
f 4779 5272 4777
f 1211 1212 5267
f 1205 1211 1624
f 1211 13029 1206
f 1208 1210 843
f 12012 9166 4240
f 1203 7442 5268
f 1434 1210 1433
f 5268 1207 1203
f 6376 3586 6377
f 1200 1621 1208
f 1210 1208 841
f 843 1434 13029
f 1434 843 1210
f 1624 1206 1432
f 1205 1212 1211
f 5267 13029 1211
f 1212 1205 1437
f 1209 5272 5271
f 5277 5276 5273
f 1215 5274 5275
f 1213 1217 1441
f 5278 7446 5767
f 1214 1217 1213
f 1218 1217 1216
f 1440 1439 1218
f 1218 852 1441
f 4772 4773 1220
f 10267 1225 10668
f 9756 5768 1222
f 1841 1452 1228
f 4802 6736 3741
f 4815 4264 7460
f 9977 1231 11106
f 5301 1456 5300
f 884 1234 885
f 4828 1234 878
f 4844 9504 12042
f 7463 3731 11918
f 896 1461 894
f 1462 1238 1237
f 882 1235 880
f 1238 894 1237
f 1235 1462 880
f 5305 1241 1237
f 894 1461 1237
f 1239 10054 1240
f 1239 2222 10054
f 2101 1999 6124
f 1640 1247 5774
f 5326 5322 1245
f 10095 6123 1950
f 1252 7472 4849
f 1639 1638 1640
f 7478 1260 7480
f 5339 2223 5340
f 5352 5335 7487
f 7160 7497 5355
f 5356 5360 1654
f 1272 5359 5782
f 5357 9524 5356
f 5364 5359 1267
f 1842 5364 5365
f 1288 5370 5371
f 4882 7171 13249
f 4879 12991 4305
f 4910 1277 4909
f 5607 5374 7195
f 1650 5374 1651
f 4310 10132 5376
f 310 3829 4299
f 1278 1483 1482
f 1284 5373 5378
f 9653 1299 5385
f 1288 9536 5369
f 5371 1761 9533
f 9535 7497 1288
f 11115 5402 10060
f 5417 5397 5398
f 10059 10731 11730
f 12045 9556 5385
f 4758 7188 4895
f 1304 7718 12835
f 7718 1306 1889
f 12835 7718 1492
f 1760 1665 5435
f 5617 5425 5426
f 9562 7519 5428
f 1314 1760 1759
f 7717 5422 5431
f 4340 5426 5425
f 10692 5434 5433
f 1846 1896 2272
f 12310 5444 1321
f 4370 7630 4371
f 5451 5445 5447
f 7639 2255 1679
f 1671 5796 1670
f 1328 953 4352
f 7531 1328 13138
f 1326 1680 7530
f 1659 5387 5459
f 1674 1673 1329
f 10693 12994 7536
f 6251 5462 7535
f 6454 4270 4965
f 7216 4967 6817
f 1465 5471 5313
f 105 12433 7540
f 1504 1683 5628
f 7230 621 5475
f 6852 4422 5475
f 1342 1347 1515
f 4431 5477 5476
f 5478 1343 1344
f 1348 1344 1341
f 1347 1342 1344
f 619 4433 1684
f 5029 1348 1349
f 1684 1345 1346
f 1350 1349 1346
f 1349 1348 1341
f 5029 5479 1347
f 1515 999 1342
f 1349 1341 1346
f 1347 1348 5029
f 1350 1346 1345
f 1515 1785 999
f 5029 5482 5026
f 1517 1353 1350
f 1687 1519 1518
f 1365 1354 1007
f 4445 8532 399
f 7647 1355 1523
f 1007 1357 1689
f 4446 5486 1359
f 4443 3988 634
f 4446 1690 1360
f 1359 7647 1523
f 1360 1690 1691
f 1524 1361 12069
f 9730 994 603
f 1364 1354 1365
f 1526 1367 1366
f 1365 1366 1364
f 1527 1526 10076
f 1526 1366 10076
f 1367 1364 1366
f 1695 1530 1788
f 11120 3341 3846
f 1530 5020 1017
f 1370 669 1373
f 4032 1371 2230
f 1371 4032 8573
f 1373 1374 1371
f 1038 669 1370
f 666 659 1031
f 1027 1687 13136
f 1027 13136 1376
f 1050 5498 1377
f 5498 1378 1377
f 2312 5060 5496
f 5499 4616 4615
f 10697 11837 5500
f 4514 4615 12851
f 1383 13380 5502
f 5506 7665 5509
f 5144 7566 5142
f 5151 5146 5108
f 2073 730 1904
f 5524 5526 9617
f 1124 4152 6345
f 1725 1726 1568
f 449 1397 1126
f 1401 1578 1825
f 4684 5210 5205
f 1405 4692 5210
f 1406 9423 7375
f 9423 5207 5181
f 816 1170 818
f 5542 5998 5543
f 5598 5597 13140
f 9650 1261 9649
f 1420 5873 816
f 1610 1420 816
f 9160 4758 1426
f 502 4212 1427
f 4762 1427 4212
f 1428 832 4761
f 834 1189 1428
f 503 1430 838
f 13261 1430 1193
f 2219 1622 5562
f 2220 1619 1621
f 5264 1432 1204
f 1206 9488 1432
f 9488 1433 1436
f 1436 1433 1435
f 1206 1433 9488
f 1435 1433 1210
f 1433 1206 1434
f 13029 1434 1206
f 1210 841 1435
f 2243 1436 1435
f 2243 1435 841
f 852 849 1437
f 1216 1446 1438
f 852 1218 1439
f 1218 1216 1440
f 1216 1438 1440
f 1440 1438 7446
f 5280 5275 5563
f 5276 5285 5274
f 10070 1214 5283
f 1445 1444 1625
f 1444 1445 1446
f 2233 1445 1625
f 1627 1446 1445
f 1214 1444 1217
f 1446 1216 1217
f 2233 1627 1445
f 5565 5290 4787
f 1450 1228 1452
f 1228 1626 5768
f 3724 7608 7456
f 8759 5569 5296
f 2245 896 895
f 1240 1461 896
f 1240 5305 1461
f 898 1240 896
f 1238 1462 1235
f 1241 1462 1237
f 5304 9192 5575
f 1255 1639 1643
f 5323 5321 1336
f 5595 7613 5776
f 5593 5592 7613
f 1470 914 7614
f 5602 1477 5600
f 2068 1942 1945
f 1478 1479 1830
f 925 1651 1275
f 4306 12602 4880
f 4910 4908 4305
f 4910 4909 5779
f 5608 5779 4909
f 1483 1285 1482
f 12574 4309 4310
f 1651 1482 1275
f 1483 1278 1279
f 8239 8819 7619
f 9655 7530 5610
f 9659 5898 5900
f 3636 7624 7625
f 7526 9568 7631
f 11833 4920 3863
f 1307 1763 1762
f 1674 575 1675
f 966 7638 5621
f 5623 1848 10074
f 9577 10075 9578
f 3300 12537 3553
f 3553 581 4974
f 1501 1682 4984
f 1503 4398 12802
f 1504 5628 598
f 1507 1508 1505
f 987 1781 1506
f 1505 1508 1509
f 1683 1504 1506
f 1508 1507 598
f 1352 1511 12607
f 1853 1902 1511
f 1787 1853 1511
f 1513 1783 4985
f 379 3950 3948
f 1030 1687 1518
f 4428 5632 5631
f 1686 4402 4988
f 5482 1350 1026
f 1350 1345 1517
f 1514 1517 1345
f 1514 7544 1517
f 1026 1353 9297
f 1517 1518 1353
f 1365 1688 1366
f 9666 8897 5634
f 1693 5635 5012
f 1525 1524 1694
f 12069 4446 1524
f 1360 404 1694
f 993 1525 1694
f 994 1361 1525
f 1367 5017 1362
f 1526 1527 1529
f 1526 1529 1367
f 2200 4452 5021
f 1528 1015 7649
f 736 5488 5019
f 1695 5017 1367
f 668 1375 4490
f 5051 12803 9765
f 5637 1534 5639
f 5638 1534 5490
f 9671 9766 5644
f 5494 7652 5495
f 687 1856 5501
f 5118 1383 5816
f 1542 7601 7657
f 7661 5660 5075
f 1908 5671 5670
f 13346 5672 2240
f 5675 5844 1551
f 1551 5844 9802
f 7334 1105 13079
f 1560 5116 7672
f 5113 5680 1707
f 13026 5519 9693
f 10743 13026 6103
f 2107 5158 2053
f 1561 5688 6143
f 7372 5521 7676
f 10740 5522 12804
f 1396 10762 9683
f 4529 7735 12235
f 1568 5702 1567
f 1567 5703 1568
f 1725 1568 1566
f 1726 1819 5702
f 1724 1566 11925
f 1148 5852 5709
f 5711 5712 1574
f 1130 5200 4673
f 1572 1398 7690
f 9433 5710 7692
f 1573 1822 5722
f 5197 4170 5719
f 5531 5725 1575
f 2253 5539 1576
f 5202 1142 1143
f 4690 4688 5729
f 1735 11802 2253
f 5532 1405 4684
f 1736 1579 5218
f 7694 1581 9627
f 13173 5873 1420
f 1587 5732 7700
f 5516 13353 1585
f 1594 5743 5738
f 2156 5738 5743
f 5736 12806 5745
f 2241 2157 5742
f 6026 1914 7842
f 1601 2166 1602
f 1602 5750 2080
f 11676 12853 11675
f 9721 1604 5754
f 1606 5755 13036
f 1607 1879 1880
f 5755 1479 5751
f 1607 1880 1834
f 7835 13036 7775
f 1609 1745 2254
f 1608 1609 1169
f 820 1610 816
f 5730 1610 820
f 1611 814 1608
f 1608 1169 1611
f 1169 2215 1612
f 812 1835 10077
f 1739 1611 10078
f 1169 1612 1611
f 1613 1425 5765
f 1745 1614 2254
f 1836 1741 1175
f 503 4762 3569
f 1618 1192 1431
f 1429 5262 5259
f 1619 1618 1431
f 2243 1431 1436
f 1619 2243 1621
f 1618 1619 2220
f 1621 1200 2220
f 1205 1624 5264
f 1206 1624 1211
f 5264 1437 1205
f 1437 5264 1441
f 1437 1441 852
f 1439 7446 849
f 1625 1626 2233
f 1626 1625 1222
f 7454 1224 5282
f 1626 1222 5768
f 5768 1748 1841
f 858 5767 9176
f 5568 10079 5567
f 898 11911 4840
f 1755 2245 1644
f 1755 1644 1631
f 1891 4836 1230
f 5771 13383 7709
f 1242 7465 7710
f 1249 5773 1637
f 885 1469 1754
f 1233 1638 1637
f 1638 1639 1637
f 3870 1248 5587
f 1639 1255 1641
f 1643 1639 1640
f 1255 1642 2089
f 1255 1643 1642
f 2245 1460 1644
f 2245 1755 896
f 1460 1891 1644
f 1891 1230 1753
f 1248 3870 5772
f 1646 4715 5777
f 5778 10692 6199
f 1647 945 1648
f 943 2309 1647
f 1648 945 1649
f 1760 1649 1759
f 1284 8806 5377
f 1650 1651 925
f 5374 1279 1278
f 2309 1652 925
f 1482 1651 1278
f 944 1652 943
f 942 1650 1652
f 10057 12603 5389
f 5459 10080 5388
f 5788 12603 5781
f 1656 1655 5787
f 1657 1658 6180
f 9837 1658 2100
f 5620 1659 5459
f 2100 1658 1657
f 4922 1661 1672
f 5796 1671 1672
f 1493 4911 5790
f 2272 1896 1314
f 1663 1762 1763
f 5618 7778 5895
f 1779 5450 4361
f 1679 5418 7639
f 1670 5799 9656
f 1672 1671 5801
f 5788 5789 1770
f 1674 1329 575
f 1495 1673 1674
f 1675 2001 1676
f 1495 1674 1675
f 1952 10396 6065
f 1775 5621 1676
f 4362 1677 1775
f 1678 5968 1900
f 1775 1776 971
f 10074 1330 5793
f 4952 964 5803
f 576 2255 7639
f 1326 5418 1679
f 986 7648 5627
f 1340 11964 3935
f 1781 1683 1506
f 1783 1513 12529
f 1345 1684 1514
f 1029 7544 1514
f 1518 7544 1030
f 10407 5808 4423
f 1352 12607 3301
f 999 1785 1786
f 1519 1687 1027
f 1688 10076 1366
f 1007 1689 1365
f 1521 1688 13359
f 1359 1523 1690
f 1691 1690 1523
f 1691 1523 1692
f 1355 1692 1523
f 1360 1694 1524
f 1367 1529 1695
f 1530 1695 1529
f 1696 13248 2191
f 1696 650 1017
f 5812 5813 2310
f 2138 5663 7722
f 5877 13334 5981
f 10099 5505 2138
f 6084 9826 1803
f 5117 5092 7893
f 1084 5828 5115
f 2288 5112 5830
f 9772 5834 7731
f 1099 5153 5836
f 5695 5694 5840
f 4664 8682 5839
f 1718 5843 5847
f 1712 4651 6673
f 1928 1717 9747
f 5848 1819 5842
f 1719 5843 1716
f 1719 1717 5843
f 1717 1928 9793
f 2257 1928 9747
f 5847 5843 1720
f 5524 5525 12630
f 1721 12808 5994
f 1722 1721 2267
f 1148 2302 5852
f 1725 1820 1726
f 4171 1730 1569
f 5858 5860 5859
f 5698 12054 5699
f 5851 5698 9698
f 1728 6198 7771
f 1932 2035 5861
f 5700 5184 1730
f 1732 10084 5202
f 1576 5728 1143
f 802 5873 6090
f 1986 1935 5536
f 7774 5758 5879
f 5603 7705 7774
f 1420 1610 1582
f 1836 1175 1742
f 1425 1614 1741
f 1741 1614 1745
f 7718 1889 1307
f 1608 1745 1609
f 1741 1745 12539
f 1613 1615 5251
f 1425 1836 5765
f 5882 1617 1615
f 1747 1840 1306
f 1224 5883 5766
f 1748 5768 10757
f 1748 2259 1749
f 1748 1749 1452
f 1751 1749 2259
f 1753 1751 1750
f 1752 5769 5887
f 1753 1750 1891
f 1631 1891 1892
f 3724 4837 10093
f 1754 1233 5773
f 886 5888 1234
f 1633 5591 5888
f 4849 881 1754
f 885 1754 881
f 1630 11911 1631
f 1759 945 1313
f 1314 1759 5432
f 945 1759 1649
f 1648 5435 944
f 1665 1760 1314
f 5962 5361 11145
f 9829 1948 5892
f 4922 5801 1660
f 1763 1307 1744
f 1762 1663 1492
f 1838 5894 1744
f 1492 1663 1764
f 1846 1765 1308
f 1764 1663 1765
f 4901 5791 10087
f 1765 1663 5894
f 5894 1663 1763
f 5793 1766 1669
f 2255 1768 2248
f 5797 1845 5619
f 5796 1672 5898
f 1670 5796 5799
f 1898 5899 5789
f 5621 1775 971
f 1776 1678 1900
f 4951 966 971
f 1676 1777 1495
f 1329 1673 5622
f 2256 1780 1680
f 1670 5460 5798
f 1503 5628 12529
f 1506 1782 987
f 4405 4983 987
f 1683 1781 1783
f 1504 1782 1506
f 2238 5906 2236
f 1783 1781 4983
f 1515 1851 1785
f 1786 1785 1685
f 1786 1685 1787
f 999 1786 2249
f 1355 1357 1692
f 12998 5017 1788
f 1052 5049 2204
f 1052 422 423
f 7750 1697 5118
f 9768 1793 5909
f 5911 7751 2278
f 12942 5913 2054
f 1385 7660 5659
f 5923 5083 1908
f 5924 5654 1801
f 7789 7756 5927
f 9820 1803 5925
f 1870 1806 7757
f 2029 1918 5940
f 5696 1714 5169
f 9747 1719 1552
f 1815 1817 5675
f 1980 1550 5670
f 5992 1817 1818
f 1818 1817 1815
f 5992 1928 2257
f 2035 1819 5861
f 6045 2283 5842
f 1567 12809 5952
f 1819 5848 5702
f 2264 5866 5953
f 11802 1735 2302
f 5867 5195 10091
f 12805 11860 5870
f 1401 1823 1734
f 1873 5866 1735
f 9754 5216 5875
f 5874 5955 1826
f 5215 1875 1876
f 1877 5876 5536
f 2276 1829 1737
f 1582 1828 1420
f 13173 1828 1737
f 13173 1737 1829
f 1170 5873 802
f 1830 1476 1478
f 5600 5601 5603
f 1936 2040 1479
f 1994 1944 1992
f 10077 5880 12810
f 1889 1744 1307
f 1840 1837 1306
f 1836 1742 1890
f 1742 7603 1840
f 7718 1747 1306
f 1304 1747 7718
f 1840 5561 1837
f 5882 1890 1840
f 5768 1841 1228
f 1748 1452 1841
f 5884 5887 5883
f 1753 1230 10079
f 1891 1750 1892
f 1477 5602 12618
f 5889 6058 5961
f 5363 5961 6058
f 5619 1845 5386
f 5415 5414 12939
f 1846 1308 1896
f 602 13342 3951
f 4413 600 6547
f 1783 603 4985
f 1347 1851 1515
f 1853 5970 1902
f 1853 1787 1685
f 1055 5647 7785
f 684 6070 1956
f 5501 1856 5972
f 1539 5501 7787
f 1792 1539 5909
f 1540 5118 7788
f 5975 13039 5913
f 5975 12071 13039
f 7756 5941 5926
f 1886 5920 1937
f 5979 7821 1867
f 10092 1812 5946
f 5984 1549 5671
f 6039 1816 1921
f 1727 10110 13336
f 5865 1822 1573
f 2251 1721 5994
f 1735 2253 1873
f 1825 1933 1401
f 1933 1876 1875
f 1934 1876 1933
f 1879 2065 1880
f 2078 1882 2066
f 1880 2065 1881
f 1834 1880 1881
f 1881 1882 1883
f 1834 1884 1885
f 2165 2078 2066
f 1834 1881 1883
f 1834 1883 1884
f 6138 2068 6054
f 1882 2078 2270
f 5997 2079 6146
f 1883 2041 1884
f 2270 1883 1882
f 1866 6051 799
f 1886 1887 7775
f 5765 1836 1890
f 1306 1837 1889
f 1744 1889 1837
f 1840 1890 1742
f 5765 1890 5882
f 1747 5882 1840
f 526 5999 5885
f 1751 2259 6001
f 1644 1891 1631
f 5886 10093 1894
f 6000 1893 1892
f 1946 1942 2068
f 1665 1896 1308
f 1314 1896 1665
f 1312 3831 5430
f 1765 1846 1764
f 5432 1764 1846
f 5900 1770 5899
f 1659 1898 5789
f 1951 1900 1850
f 1951 1850 973
f 1512 1505 1902
f 1511 1902 1509
f 2237 9786 9785
f 1957 6009 12541
f 5975 6012 6011
f 1960 2111 6013
f 1863 9776 6079
f 5931 5821 1965
f 5832 1911 5985
f 6016 5934 1807
f 7800 6024 6017
f 1910 13174 1909
f 2296 1910 1916
f 5937 7801 9781
f 6024 7800 7822
f 2067 2029 6026
f 9805 9001 9000
f 2105 6028 1917
f 2120 2296 1916
f 9031 6029 7808
f 5942 9782 5944
f 1920 1797 5915
f 12073 6034 12544
f 5941 5944 1811
f 5919 9821 6038
f 1972 2029 2290
f 1922 5991 1815
f 1925 1981 2030
f 1921 6040 6039
f 5947 6040 1921
f 5947 5988 1927
f 5992 9784 5951
f 9842 1924 6042
f 6046 5520 5839
f 1932 2275 2035
f 1401 1933 1875
f 10085 1934 1878
f 1934 10085 1876
f 1878 1827 10085
f 1986 1582 1935
f 6050 5730 7695
f 1991 2040 1833
f 2037 2067 6026
f 1944 1991 1992
f 1886 1937 9811
f 1907 2007 6052
f 1974 1971 1973
f 1894 5887 5886
f 1893 6000 5960
f 5598 13140 1941
f 1941 1939 1940
f 1942 1946 1940
f 1942 12618 1945
f 1991 1944 1832
f 5786 2147 2149
f 1944 6054 1945
f 1944 1994 6054
f 1991 1833 1992
f 6059 6181 6058
f 5391 2227 5962
f 9658 9794 7814
f 9795 6091 5963
f 5963 6063 9795
f 973 1997 1949
f 1776 1951 971
f 685 6070 684
f 1959 12071 9819
f 5925 7909 6080
f 2282 1960 2280
f 1805 6085 2285
f 2007 2009 2011
f 1802 2281 6085
f 1972 1971 1970
f 2037 2038 2067
f 1979 2282 1974
f 1864 1919 1970
f 1970 1918 1972
f 1973 1971 1972
f 2289 1975 1973
f 1974 1973 1975
f 1974 1975 1979
f 1971 1974 1864
f 1976 1978 1975
f 2284 9811 2010
f 1979 1975 1978
f 1979 1978 1977
f 1979 1977 2282
f 1964 2011 2015
f 1960 2109 2110
f 1816 1980 5983
f 2022 2024 2021
f 5847 1983 1718
f 2276 1986 1827
f 1582 1986 1828
f 5730 12068 7695
f 5536 1935 1877
f 7842 2037 6026
f 2289 2081 1976
f 3724 9757 11978
f 1941 6053 5553
f 6181 6059 6060
f 1832 1830 1991
f 2040 1991 1830
f 1833 1993 1992
f 1992 1993 1994
f 1884 2041 1833
f 1993 1990 1994
f 2043 1990 2042
f 9829 6137 1995
f 1997 973 1850
f 10096 6124 1997
f 1999 1949 1997
f 1999 10095 1949
f 11136 6064 6096
f 2101 2102 2088
f 1678 11926 5802
f 575 4354 1675
f 688 1379 2003
f 2003 6072 6070
f 6101 7817 6126
f 6102 1708 6103
f 2053 2073 6104
f 6105 6106 6145
f 2010 1964 2284
f 9811 2284 2012
f 1798 6052 6051
f 2025 6107 6108
f 2012 2284 2016
f 2008 2123 2009
f 2011 2108 2015
f 2015 2016 2284
f 1987 2012 2014
f 2015 2013 2016
f 2017 1963 5930
f 2112 2018 2110
f 2285 2020 1966
f 1968 2019 6015
f 2286 6086 6108
f 2033 2019 1968
f 2033 2032 2031
f 6109 2020 2022
f 2285 2286 2024
f 2023 6109 6110
f 2285 2024 2022
f 2113 1967 5930
f 6087 6033 731
f 2028 6113 9834
f 2031 2032 2034
f 2023 2033 6109
f 1981 1925 2034
f 1981 2034 6041
f 2038 2290 2067
f 2037 7842 2117
f 2037 2036 2038
f 2081 2038 2082
f 1479 2040 1830
f 1833 2040 1885
f 2270 2078 2079
f 1993 2125 1990
f 2125 2042 1990
f 2043 1994 1990
f 7847 2143 9860
f 2068 6115 1946
f 2087 2048 5892
f 2049 9797 11927
f 5784 9635 11876
f 6123 10095 1999
f 5590 11136 5470
f 1999 1998 6123
f 1900 5968 1850
f 1999 1997 6124
f 1850 10096 1997
f 2054 2051 6131
f 6132 5830 1708
f 2055 6133 12942
f 2061 6102 6134
f 6011 724 6077
f 4613 9017 9003
f 2012 2016 2075
f 1976 2081 2291
f 2077 2064 1879
f 2064 2065 1879
f 2163 2065 2064
f 1882 7792 2066
f 1881 2065 7792
f 2095 2064 2077
f 2161 2066 7792
f 2165 1601 2078
f 2029 2067 2290
f 1976 1975 2289
f 2290 2038 2289
f 2082 2038 2036
f 2039 1887 2014
f 2094 1887 2039
f 6054 1994 2043
f 2043 6114 6138
f 2044 2148 6057
f 1655 13267 6139
f 2088 2070 1998
f 2089 2070 2088
f 1378 5498 6125
f 9832 5055 6141
f 6127 6128 2005
f 2057 2073 1904
f 6130 12839 2053
f 2028 2090 6027
f 2092 1978 1976
f 2014 2291 2039
f 1978 2092 2075
f 2021 6163 6110
f 1888 2077 1879
f 2077 1888 2116
f 1879 1607 1888
f 1888 2094 2116
f 2079 2078 1601
f 1601 1602 2079
f 2079 1602 6146
f 2066 2161 2165
f 2289 2038 2081
f 2083 2291 2081
f 2083 2292 2291
f 2092 1976 2291
f 2082 2083 2081
f 2096 2083 2082
f 2085 2096 12811
f 2095 2083 2096
f 2082 2036 12811
f 2086 2146 2159
f 2096 2085 2164
f 2085 2146 2086
f 2106 2130 2131
f 2098 2046 6120
f 2101 2088 1998
f 1642 2070 2089
f 5158 6130 2053
f 2092 2014 2012
f 2012 2075 2092
f 2291 2014 2092
f 2016 2013 2075
f 6156 6163 2136
f 10762 5657 7838
f 2292 2083 2095
f 6146 2080 2114
f 2095 2096 2164
f 2064 2095 2164
f 2095 2116 2292
f 2085 2086 2164
f 2164 2086 2163
f 2161 2086 2159
f 2097 2084 2117
f 9835 10097 6150
f 1999 2101 1998
f 2102 2101 6097
f 2103 2102 6159
f 1253 5328 1251
f 2128 6028 2105
f 6155 2129 2155
f 2128 2105 6154
f 2106 6161 2104
f 2091 5158 9851
f 1977 1978 2075
f 1977 2109 2282
f 2075 2013 1977
f 1977 2013 2109
f 2109 2013 2108
f 2015 2108 2013
f 6162 2108 2011
f 2108 2110 2109
f 2110 2018 2111
f 2111 2018 1963
f 2112 2123 2113
f 2112 2113 2018
f 1905 1862 1963
f 2110 2111 1960
f 2108 6162 2110
f 6108 1967 2025
f 2282 2109 1960
f 2021 6107 2137
f 2039 2116 2094
f 7839 6147 1599
f 2125 2114 2042
f 2077 2116 2095
f 2117 2084 2036
f 2037 2117 2036
f 2117 7842 10100
f 2146 2085 2084
f 2099 2045 6168
f 9845 2100 1657
f 6144 2128 6155
f 6155 2091 2129
f 2145 12545 2144
f 6169 6113 2121
f 2091 9851 2129
f 5158 2107 9851
f 2113 2123 2008
f 2270 5997 2041
f 1914 2144 7842
f 6056 6179 2126
f 2126 6179 2148
f 5786 2149 2150
f 2045 6119 6168
f 6028 2128 2104
f 6154 6155 2128
f 2155 6144 6155
f 6144 2155 2154
f 2135 6171 2122
f 2158 2131 2130
f 2130 2104 6144
f 2106 2104 2130
f 2242 2131 2158
f 2131 2242 2133
f 2132 2131 2133
f 2106 2132 2120
f 2171 2170 2133
f 2170 12547 10100
f 2137 6175 2293
f 2008 6175 2025
f 6117 6173 2044
f 7911 6178 9521
f 2044 6173 6119
f 2143 9840 2141
f 2296 2144 1914
f 2120 2145 2296
f 2146 2097 12547
f 2099 2147 6158
f 1946 6179 6056
f 2069 2148 6179
f 2099 6158 2045
f 2150 2149 1657
f 2151 1943 2150
f 2113 2008 2025
f 12545 10100 2144
f 2132 2145 2120
f 5734 2152 6174
f 1109 5155 6170
f 2155 2129 6174
f 2132 12545 2145
f 2146 12547 2168
f 5734 2156 5743
f 2130 2157 2158
f 2241 2158 2157
f 2297 12546 2171
f 2165 2162 1603
f 2159 2146 2168
f 2163 2086 2161
f 2159 2162 2161
f 2162 2159 2160
f 2163 2161 7792
f 2159 2168 2160
f 6023 1603 2160
f 1603 2162 2160
f 2161 2162 2165
f 2064 2164 2163
f 2168 2297 2160
f 2166 1603 2167
f 2165 1603 1601
f 2166 1601 1603
f 2166 5334 5750
f 2297 6023 2160
f 2169 2167 6023
f 1593 5334 1586
f 12547 2170 12546
f 501 2173 4209
f 834 2173 502
f 499 4202 1428
f 6937 4561 8967
f 4462 2185 649
f 2186 746 741
f 741 2188 2186
f 2189 2186 2188
f 2188 2185 2189
f 2187 2186 2189
f 2189 1114 2191
f 2189 2191 2187
f 4145 4146 9870
f 2193 6196 6194
f 1871 2193 6194
f 5185 4146 13000
f 6336 7877 3383
f 4761 832 833
f 835 12990 4208
f 4796 858 4784
f 4297 7519 6200
f 1778 972 1779
f 4341 6205 6204
f 572 8836 11542
f 666 5033 1376
f 2202 6206 1057
f 2204 1062 1052
f 1538 2204 5646
f 10595 9371 7888
f 7894 2207 6212
f 5912 9884 9738
f 2211 2210 6217
f 2060 2074 2210
f 6235 2061 6135
f 5910 2212 7750
f 9738 5831 6218
f 6216 1704 6213
f 650 1114 13245
f 2185 4462 2189
f 10047 10069 10717
f 1171 9477 7433
f 5240 4749 7439
f 1609 2215 1169
f 1194 4213 3569
f 2219 5562 838
f 1620 2219 2244
f 2220 2219 1620
f 513 2218 5562
f 1618 2220 1620
f 2220 1200 1622
f 4825 1635 5577
f 9272 7214 4947
f 7160 6221 5330
f 6203 3864 9250
f 6225 6099 4941
f 2229 999 2249
f 5049 2230 5646
f 6970 5500 8930
f 2233 1626 1629
f 5576 2234 4825
f 5319 5320 7471
f 7903 6228 2235
f 988 2238 5629
f 1782 5906 987
f 11141 7766 4115
f 1387 5673 5672
f 1589 6238 2241
f 13143 2171 2242
f 13143 2241 6238
f 2158 13143 2242
f 2133 2242 2171
f 4746 9144 5559
f 1621 2243 841
f 1431 2243 1619
f 1192 1620 2244
f 1460 2245 892
f 1272 5782 7620
f 4952 2247 4954
f 1720 5843 1717
f 1148 5209 6239
f 2251 2250 2231
f 10752 9748 7682
f 1609 2254 2215
f 1679 2255 2262
f 2263 5897 5798
f 5385 9556 13184
f 5798 5460 1780
f 5992 2257 1817
f 2258 5842 2283
f 10757 2259 1748
f 1767 9891 2260
f 9729 7779 7494
f 2256 1680 12084
f 2248 1768 2261
f 5798 1780 2263
f 6008 6007 9786
f 2305 1872 6089
f 1983 5847 1872
f 2251 2266 10107
f 2268 2308 9896
f 10107 2268 2267
f 2269 1723 10108
f 1883 2270 2041
f 2271 812 10077
f 1892 6001 6000
f 1846 2272 5432
f 6020 5943 1808
f 1864 2280 1919
f 6194 6046 6195
f 2276 5956 1829
f 1986 2276 1737
f 1878 2276 1827
f 1943 6002 5786
f 2274 2280 6013
f 1974 2282 1864
f 1905 2017 6079
f 1720 6234 5847
f 5846 6089 6234
f 2015 2284 1964
f 2017 5930 6086
f 2113 5930 2018
f 2024 2286 6108
f 5679 6217 1704
f 6102 2061 6132
f 2065 2163 7792
f 2290 2289 1973
f 1972 2290 1973
f 2079 5997 2270
f 2291 2292 2039
f 2039 2292 2116
f 1911 6027 6031
f 2009 6014 2008
f 2131 2132 2106
f 2145 2144 2296
f 2119 6161 1916
f 12545 2132 2133
f 2169 5334 2167
f 4724 5735 1589
f 2247 5803 5443
f 2197 4940 9897
f 5912 6218 6215
f 1270 1266 7916
f 1271 6222 6220
f 13144 2266 2251
f 5706 2303 10110
f 5715 5717 5722
f 10751 7576 5716
f 2267 1721 10107
f 1652 2309 943
f 2123 6162 2011
f 2235 5378 982
f 39 2453 40
f 271 3219 3208
f 2324 2457 223
f 270 2344 3219
f 35 2609 2782
f 2596 2944 2597
f 231 230 2467
f 2356 2467 230
f 209 2316 210
f 102 101 2321
f 2464 174 173
f 2460 218 217
f 2364 2801 188
f 188 187 2473
f 212 211 2472
f 185 2468 2625
f 284 2569 13146
f 2366 2478 2317
f 111 2446 112
f 166 12888 167
f 169 2370 170
f 2352 225 224
f 2369 7919 171
f 2368 238 11936
f 2641 2375 2486
f 2367 2485 2961
f 2407 2406 2529
f 237 11936 238
f 2324 222 2313
f 272 2741 273
f 2314 2354 11930
f 2493 158 2326
f 176 175 2461
f 2474 186 2625
f 2362 2359 216
f 2326 158 157
f 225 2353 226
f 2377 2326 157
f 225 2352 2353
f 10113 169 2376
f 2376 169 168
f 166 165 2331
f 53 2434 2588
f 279 11933 280
f 15 2424 2725
f 5 2318 6
f 2468 185 184
f 163 162 2384
f 112 2446 7935
f 204 2518 205
f 202 2389 203
f 2672 195 194
f 194 193 2521
f 152 151 2328
f 2680 2332 198
f 2680 197 196
f 2404 2402 2405
f 2533 74 2406
f 2526 145 144
f 145 2526 2396
f 144 2403 2526
f 2401 146 2397
f 147 146 2401
f 7937 2706 118
f 2413 4 3
f 2709 2413 2
f 2379 152 2328
f 1 300 2336
f 253 2502 2815
f 2329 153 2379
f 72 71 2687
f 176 11930 177
f 213 2357 214
f 215 2362 216
f 2686 2335 132
f 72 2531 2529
f 2811 65 64
f 61 60 2537
f 2696 62 61
f 73 2406 74
f 141 2405 2402
f 202 2387 2388
f 78 2550 79
f 2329 154 153
f 178 2347 179
f 2545 76 75
f 2824 2686 130
f 127 126 2826
f 2719 7918 2718
f 128 127 2535
f 126 2827 2826
f 2337 7938 7918
f 2711 6 2318
f 2700 124 123
f 87 2447 88
f 2700 2699 124
f 123 2704 2700
f 292 2420 293
f 11 2714 12
f 2410 121 2558
f 2324 223 222
f 2656 2657 245
f 128 2535 2534
f 114 2444 115
f 299 2336 300
f 83 2993 2445
f 204 2389 2518
f 70 2525 2678
f 246 2499 247
f 2710 298 297
f 2559 296 295
f 294 2421 2414
f 2711 7 6
f 249 248 2658
f 2420 292 10118
f 7 2711 2560
f 2514 192 2670
f 2 1 2709
f 249 2658 250
f 251 2501 252
f 244 2330 2656
f 2377 156 2647
f 12552 12815 10116
f 2472 211 2363
f 12888 2376 167
f 257 256 2666
f 2384 162 2503
f 7921 291 290
f 290 289 2422
f 2911 262 261
f 2692 259 2693
f 2585 264 263
f 277 2431 2578
f 85 2596 86
f 3197 2585 263
f 288 287 2423
f 185 2625 186
f 19 18 2340
f 2588 54 53
f 20 2339 21
f 16 2566 17
f 110 109 2439
f 2313 2323 2790
f 2447 2598 88
f 282 2726 283
f 288 2720 289
f 279 278 2571
f 2525 70 69
f 19 2319 20
f 25 24 2570
f 31 30 2432
f 2581 32 2733
f 34 33 2582
f 2733 32 31
f 33 32 2581
f 2430 2727 28
f 206 2519 207
f 35 34 2609
f 2408 59 2536
f 2437 2536 58
f 2325 230 229
f 56 2435 2436
f 2587 2744 55
f 2587 55 54
f 2433 2585 2342
f 266 265 2586
f 3234 268 267
f 247 7926 248
f 163 13337 12550
f 93 2753 2614
f 12550 165 164
f 50 2442 2441
f 5 4 2415
f 2445 85 84
f 226 2623 227
f 83 2445 84
f 117 116 2708
f 119 118 2706
f 117 2708 7937
f 14 13 2338
f 2720 2422 289
f 2627 12551 2316
f 2597 87 86
f 2935 2751 2599
f 113 7935 3233
f 2444 114 3233
f 17 2566 2722
f 87 2597 2447
f 221 2313 222
f 191 190 2513
f 229 2315 2325
f 272 271 3208
f 2344 270 269
f 2855 2764 46
f 2738 274 273
f 2763 47 2764
f 28 27 2430
f 26 2429 27
f 2409 76 2547
f 2572 280 11933
f 151 150 2390
f 96 95 2456
f 149 12814 12816
f 192 191 2670
f 2614 2610 94
f 94 93 2614
f 107 106 3237
f 94 2610 95
f 99 98 2346
f 143 142 2402
f 2321 100 99
f 2321 99 2346
f 101 100 2321
f 24 2428 2570
f 2455 2346 2859
f 2858 2786 104
f 2345 103 102
f 2859 98 97
f 97 2456 2859
f 2843 21 2339
f 115 2444 2595
f 2321 2346 2345
f 2313 221 2323
f 220 2322 2323
f 2457 224 223
f 2619 181 2618
f 178 177 2351
f 2623 226 2353
f 2461 11930 176
f 2354 2351 177
f 11930 2461 2314
f 2621 2623 2620
f 229 228 2355
f 2356 230 2325
f 2474 187 186
f 2357 213 2358
f 214 2362 215
f 2348 217 216
f 2458 2359 2360
f 2359 2362 2361
f 2363 210 2316
f 211 210 2363
f 2801 189 188
f 209 208 2671
f 233 2478 2366
f 235 3211 2485
f 236 2485 2367
f 2370 2369 170
f 171 170 2369
f 2372 2369 2370
f 2371 2372 2370
f 2639 2371 10113
f 2477 7919 2634
f 2372 2633 2634
f 2634 2369 2372
f 2804 2372 2371
f 2371 2639 2373
f 2806 2804 2373
f 2640 7924 2643
f 10113 2370 169
f 2377 157 156
f 62 2648 63
f 161 160 13145
f 2811 64 2649
f 2380 155 154
f 156 155 2647
f 2656 245 244
f 7926 2658 248
f 12550 13337 2383
f 2383 2331 12550
f 2490 2489 2645
f 2502 253 252
f 2644 2382 2509
f 2514 193 192
f 206 205 2519
f 207 2516 208
f 2389 202 2388
f 2522 2388 2520
f 203 2389 204
f 2393 148 147
f 148 2393 12817
f 12817 2393 2394
f 2393 2395 2400
f 2397 2399 2401
f 2395 2399 2398
f 2395 2398 2400
f 2395 2393 147
f 2401 2395 147
f 200 2332 201
f 2332 200 199
f 197 2680 198
f 199 198 2332
f 201 2387 202
f 2332 2387 201
f 143 2402 2403
f 2402 2404 2890
f 2402 142 141
f 2405 140 2334
f 2529 73 72
f 2546 2545 2533
f 2534 129 128
f 261 260 2692
f 2540 2696 2537
f 2547 76 2545
f 2703 2547 2545
f 2699 125 124
f 78 77 2555
f 2410 122 121
f 80 12818 2411
f 81 80 2411
f 2556 7933 82
f 2557 120 119
f 2558 121 120
f 2710 297 296
f 2318 5 2415
f 2318 2415 2417
f 2560 8 7
f 2418 2713 2561
f 293 2420 2421
f 10118 2561 2420
f 2421 294 293
f 2337 7918 9
f 2562 2422 2720
f 290 2422 7921
f 2720 288 2423
f 2424 15 14
f 15 2725 16
f 286 285 2426
f 284 283 2427
f 2565 2569 2567
f 3083 2339 2319
f 22 2843 2428
f 2843 2339 3060
f 2340 2319 19
f 2339 20 2319
f 2428 24 23
f 11933 279 2571
f 282 2924 2726
f 2429 2430 27
f 2431 3216 2578
f 2583 274 2738
f 2436 57 56
f 55 2744 2435
f 59 58 2536
f 53 52 2438
f 2439 109 2320
f 2439 2320 7922
f 2751 91 90
f 107 3237 2440
f 51 2343 52
f 51 2441 2343
f 2595 116 115
f 116 2595 2708
f 2596 85 2445
f 2933 2592 2439
f 89 2599 90
f 2594 268 3234
f 2344 2448 2449
f 269 2594 2603
f 12819 2448 2450
f 2951 12820 12819
f 2949 12820 2951
f 2741 272 3208
f 2456 95 2610
f 102 2321 2345
f 2346 2455 2345
f 2346 98 2859
f 178 2351 2347
f 179 2789 180
f 2324 2313 2616
f 221 220 2323
f 2791 2323 2322
f 2616 2861 2864
f 2313 2790 2616
f 2324 2616 2864
f 2864 2861 2865
f 2352 224 2457
f 220 219 2322
f 182 181 2619
f 2350 2460 2349
f 2458 2349 2460
f 217 2348 2460
f 227 2623 228
f 2352 2620 2353
f 2314 2462 3041
f 2462 2314 2461
f 2315 2465 2325
f 2465 2315 2794
f 2461 2463 2462
f 2463 175 174
f 2476 172 7919
f 2325 2465 2356
f 2862 2466 2465
f 2794 2862 2465
f 2315 2792 2794
f 2792 2315 2355
f 229 2355 2315
f 2467 2479 232
f 2358 213 2469
f 2357 2470 7923
f 216 2359 2348
f 2458 2460 2348
f 2348 2359 2458
f 2469 212 2472
f 2469 2472 2799
f 2628 190 189
f 2474 2473 187
f 209 2671 2316
f 231 2467 232
f 2479 2478 232
f 233 232 2478
f 2479 2317 2478
f 2479 2480 2317
f 2480 13338 2317
f 2808 13338 2629
f 3209 2317 13338
f 2466 2629 2803
f 2803 2629 2480
f 3209 13338 2483
f 2483 2482 3209
f 2483 2636 2482
f 2807 2482 2636
f 234 233 2366
f 236 235 2485
f 11936 237 2367
f 238 2368 239
f 2369 2634 7919
f 2374 2373 2639
f 2654 2375 2641
f 168 167 2376
f 2487 2488 7925
f 2488 2645 2489
f 2492 2488 2489
f 2492 2489 3042
f 2488 2492 2638
f 2491 2638 2492
f 2326 2377 2378
f 2493 159 158
f 2326 3023 2493
f 159 2493 2327
f 2650 65 2811
f 2649 64 63
f 2494 2676 13251
f 2328 151 7927
f 153 152 2379
f 2647 2380 2646
f 2380 2495 2646
f 2968 2496 2495
f 2330 244 243
f 2656 2330 2498
f 2330 3139 2498
f 3042 3114 2492
f 246 2657 2499
f 7926 247 2499
f 2499 2500 7926
f 2657 3269 2499
f 2657 2656 2381
f 3221 7926 2500
f 165 12550 2331
f 3222 13341 2501
f 2502 13341 2660
f 252 2501 2502
f 2815 254 253
f 2504 2384 2503
f 2504 13002 2506
f 2504 2507 13002
f 2383 2508 2509
f 2508 2383 2505
f 2509 2382 2331
f 2644 2645 2382
f 2505 2506 13002
f 2384 13337 163
f 2670 191 2513
f 2521 193 2514
f 2475 2516 2515
f 208 2516 2671
f 2516 207 2519
f 2518 2519 205
f 2519 2518 3213
f 2517 3213 2518
f 2672 194 2521
f 2520 2527 2672
f 2520 2517 2522
f 2672 2521 2520
f 2520 2521 2517
f 2517 2521 3212
f 2389 2388 2522
f 2522 2518 2389
f 151 2390 7927
f 2379 2328 2651
f 2523 2394 2400
f 2523 2524 2394
f 2394 2393 2400
f 2403 144 143
f 2397 145 2396
f 146 145 2397
f 2396 3215 2399
f 2396 2819 3215
f 2819 2526 2403
f 2387 2527 2388
f 2332 2680 2387
f 139 2681 2334
f 141 140 2405
f 2686 131 130
f 2679 2687 71
f 2530 2529 2531
f 2529 2532 2407
f 2533 75 74
f 2824 130 129
f 2826 2535 127
f 2696 61 2537
f 2408 2695 2537
f 2589 2408 2536
f 2537 60 2408
f 2695 2408 2541
f 2695 2540 2537
f 2538 2540 2695
f 2538 2542 2831
f 2831 2540 2538
f 2538 2543 2542
f 2493 3023 2327
f 2648 62 2697
f 2546 2703 2545
f 2690 2534 2535
f 75 2533 2545
f 2409 77 76
f 2547 2552 2409
f 2547 2703 2552
f 2827 126 125
f 2551 2550 2555
f 2550 78 2555
f 2550 2551 2548
f 2549 2548 2551
f 2701 2548 10114
f 2552 2553 2549
f 2552 2834 2553
f 12818 10114 2412
f 2551 2555 2409
f 2409 2555 77
f 2411 2991 2556
f 2558 120 2557
f 2558 2557 2707
f 7937 118 117
f 2336 299 298
f 2710 296 2559
f 4 2413 2415
f 2415 2413 2416
f 2835 2415 2416
f 2318 2418 2711
f 2414 295 294
f 11 10 2719
f 2338 2424 14
f 12 2425 13
f 16 2725 2566
f 12 2714 2425
f 287 286 2563
f 2338 2721 2424
f 2998 2564 10111
f 2564 2423 2563
f 10111 2564 2563
f 2423 287 2563
f 2563 286 2426
f 10111 2838 2998
f 285 284 13146
f 2565 13146 2569
f 2565 2567 2568
f 2841 13146 2565
f 2569 2427 2567
f 2842 2567 2427
f 3000 2567 2842
f 22 21 2843
f 2572 281 280
f 2429 26 2573
f 25 2570 2573
f 2727 29 28
f 2341 2574 2431
f 2574 2575 2576
f 2575 2574 2584
f 2431 277 276
f 278 277 2578
f 278 2578 2571
f 2729 2580 2579
f 2571 2579 11933
f 2846 2731 2845
f 2432 2932 2733
f 2582 33 2581
f 2734 2581 2733
f 2583 275 274
f 2583 2584 2341
f 2739 2584 2583
f 276 275 2341
f 2341 2431 276
f 2584 2574 2341
f 2584 2929 2575
f 275 2583 2341
f 2433 264 2585
f 3197 262 2911
f 2587 54 2588
f 56 55 2435
f 2436 2437 57
f 2437 2851 2589
f 2436 2851 2437
f 2589 2848 2539
f 2589 2536 2437
f 2851 2848 2589
f 2851 2436 2745
f 2745 2436 2435
f 3231 2591 2590
f 53 2438 2434
f 2749 2591 2434
f 3231 2434 2591
f 2343 2438 52
f 2434 2438 2749
f 2758 2749 2438
f 2439 2592 110
f 111 110 2592
f 2752 92 91
f 108 107 2440
f 2758 2438 2343
f 48 13340 49
f 2764 47 46
f 113 3233 114
f 2598 2934 2935
f 88 2598 89
f 2935 2599 2598
f 2603 2780 2776
f 2603 2776 2448
f 2344 269 2603
f 2448 2344 2603
f 2453 2783 2604
f 2783 3235 3236
f 2606 2604 3236
f 2783 3236 2604
f 2454 2604 3217
f 3236 3113 3091
f 2605 3217 2606
f 2606 3217 2604
f 2608 3217 2605
f 3236 3091 2606
f 2606 3091 2607
f 40 2453 2784
f 2856 42 3218
f 2453 2454 2784
f 271 270 3219
f 2610 2611 2456
f 2610 2787 2611
f 2611 2612 2455
f 2611 2787 2612
f 2455 2612 2858
f 2612 2787 2613
f 2613 2787 2757
f 2788 2786 2613
f 2788 2613 2936
f 2610 2614 2787
f 2757 2936 2613
f 97 96 2456
f 2954 3016 2955
f 2860 2861 2616
f 2324 2864 2457
f 2617 2352 2457
f 2617 2457 2864
f 2620 2352 2617
f 2620 2617 2622
f 2618 181 180
f 2459 2349 2458
f 2353 2620 2623
f 2795 2792 2621
f 2621 2622 2795
f 228 2623 2355
f 175 2463 2461
f 174 2464 2463
f 2803 2467 2356
f 2465 2466 2356
f 2468 184 11934
f 2625 2365 2474
f 11931 2870 11938
f 182 2619 11932
f 2364 3220 2801
f 2873 2801 3220
f 2364 188 2473
f 2473 2871 2364
f 2474 2365 2473
f 173 172 2476
f 7919 2477 2476
f 2476 2464 173
f 2477 2632 2802
f 2632 2808 2866
f 2356 2466 2803
f 2483 13338 2481
f 2484 2631 2633
f 2636 2484 2635
f 2633 2635 2484
f 2631 2632 2477
f 2631 2634 2633
f 2806 2636 2635
f 2804 2806 2635
f 2635 2633 2804
f 2483 2484 2636
f 2366 3211 234
f 3211 235 234
f 2961 2485 3211
f 236 2367 237
f 240 239 13360
f 11936 2367 2809
f 2639 10113 7925
f 7925 2376 2487
f 2639 2638 2374
f 2491 2374 2638
f 2375 241 240
f 2375 242 241
f 2497 242 2654
f 2642 2654 2641
f 2654 2655 2497
f 2330 2655 3139
f 2876 2640 2641
f 2488 2487 2645
f 2378 2377 10115
f 2380 2647 155
f 2495 2496 2646
f 2649 63 2648
f 66 65 2650
f 66 2650 2494
f 2652 2328 7927
f 2651 2328 2652
f 2653 2652 7927
f 2329 2379 2651
f 2380 2814 2495
f 2879 2651 2652
f 2879 2813 2651
f 3048 2653 7944
f 2391 7944 2653
f 2329 2651 2814
f 243 242 2497
f 246 245 2657
f 3221 2659 2658
f 2658 2659 250
f 251 250 2659
f 2816 2660 2661
f 2511 160 159
f 2665 2664 7930
f 2664 2665 10116
f 2663 2901 2666
f 2829 2669 2666
f 7930 2667 2817
f 2817 2668 3194
f 10116 2902 2663
f 2817 3194 2882
f 7930 2817 2882
f 2883 2665 2882
f 2661 7931 2816
f 258 2693 259
f 2670 3212 2514
f 2521 2514 3212
f 2475 2671 2516
f 2873 3214 11935
f 2527 195 2672
f 195 2527 196
f 196 2527 2680
f 2887 2678 2525
f 2886 2400 2398
f 2888 2525 2673
f 2677 2676 2494
f 2494 67 66
f 71 70 2678
f 2525 2888 2887
f 2887 2679 2678
f 71 2678 2679
f 2388 2527 2520
f 2387 2680 2527
f 139 138 2681
f 2889 2404 2820
f 140 139 2334
f 137 2528 2333
f 134 133 2335
f 7942 2684 2683
f 2333 2528 2821
f 2530 2825 2896
f 2686 132 131
f 2534 2824 129
f 134 2682 135
f 136 135 2985
f 2531 72 2687
f 2679 2689 2687
f 2691 3034 2690
f 2899 2900 2553
f 2683 2823 2822
f 2690 3034 2986
f 3260 2690 2535
f 2699 2827 125
f 2692 260 259
f 2669 2693 258
f 2829 2694 2693
f 2669 2829 2693
f 2694 2692 2693
f 261 2692 2911
f 2408 60 59
f 57 2437 58
f 2538 2695 2541
f 2697 62 2696
f 2648 2697 2698
f 2540 2697 2696
f 2698 2878 2648
f 2699 2700 3226
f 2704 11937 2700
f 2550 2548 2701
f 2899 2834 2987
f 2552 2703 2834
f 2704 122 2410
f 11937 2705 3227
f 2558 3228 2410
f 2558 2707 3228
f 83 82 7933
f 83 7933 2993
f 3228 3243 2702
f 2557 119 2706
f 2416 2413 2709
f 2559 2416 2710
f 2336 2710 2709
f 2710 2416 2709
f 2711 2419 2560
f 2418 2419 2711
f 2713 2420 2561
f 2712 3229 2836
f 2414 2713 2835
f 2419 2712 2836
f 2720 7934 2562
f 2714 2716 2425
f 2715 2716 2837
f 2717 2714 2719
f 2716 2714 2717
f 11 2719 2714
f 2717 2837 2716
f 2718 2717 2719
f 2717 2718 3241
f 2562 2921 2422
f 2564 7934 2423
f 2564 2715 7934
f 2720 2423 7934
f 2424 2721 2839
f 2838 2721 2998
f 2922 2721 2338
f 2425 2716 2922
f 2425 2338 13
f 2566 2725 2839
f 2724 2722 2566
f 2566 2839 2724
f 2427 283 2726
f 2572 2924 281
f 22 2428 23
f 2999 2340 2722
f 26 25 2573
f 2429 2732 2430
f 2727 2432 30
f 2733 2932 2734
f 2576 2577 3230
f 2576 2575 2577
f 2580 2729 2731
f 11933 2925 2572
f 2429 2573 2845
f 3216 2728 2729
f 2728 2576 2730
f 2576 3230 2730
f 2732 2730 3230
f 29 2727 30
f 2581 2735 2582
f 2932 2736 2734
f 2736 2930 2737
f 2739 2583 2738
f 2738 273 2741
f 2739 2738 2742
f 2742 2738 2741
f 2743 2739 2742
f 265 264 2433
f 2433 3038 2586
f 265 2433 2586
f 3231 2744 2587
f 2435 2746 2745
f 2435 2744 2746
f 3108 3005 2745
f 3232 2744 3231
f 2746 3108 2745
f 2746 3232 3108
f 2591 2748 2590
f 3271 2590 2747
f 2747 2590 2748
f 2939 2748 2762
f 2446 111 2592
f 90 2599 2751
f 2753 92 2752
f 93 92 2753
f 2440 2853 2320
f 2755 2752 2754
f 2752 2756 2754
f 2755 2614 2753
f 2755 2753 2752
f 2787 2614 2757
f 2756 2853 2754
f 2440 12559 2853
f 2343 2441 2758
f 2758 2750 2749
f 2759 2750 2758
f 2760 2758 2441
f 2441 2442 2760
f 2759 2758 2760
f 2762 2749 2750
f 2762 2591 2749
f 3234 2780 2594
f 2750 2759 2761
f 2591 2762 2748
f 269 268 2594
f 2603 2594 2780
f 3234 267 2854
f 2586 2854 266
f 3249 2767 2763
f 2763 3063 3249
f 2778 2776 2780
f 2760 2766 3008
f 2767 3249 10117
f 2770 2771 7935
f 7935 2446 2770
f 13149 2444 3233
f 3007 2770 3006
f 2934 2593 2935
f 2454 3218 2784
f 2856 2772 43
f 2772 44 43
f 2775 7939 2772
f 3039 7939 2945
f 2945 7939 2773
f 2773 2775 2952
f 2777 2451 2778
f 2762 2750 2761
f 2780 3234 2779
f 3040 2946 2781
f 38 37 7928
f 2784 41 40
f 34 2582 2609
f 2735 2609 2582
f 103 2345 2858
f 2612 2786 2858
f 105 104 2786
f 2788 106 105
f 2612 2613 2786
f 105 2786 2788
f 3237 106 2788
f 2618 180 2789
f 2955 2790 2791
f 2794 2792 2795
f 2355 2623 2792
f 2795 2863 2793
f 2794 2795 2793
f 2793 2862 2794
f 2796 2862 2793
f 2863 2795 2622
f 2862 2796 2630
f 2796 2793 2624
f 2623 2621 2792
f 2797 2624 2463
f 2624 2797 2796
f 2463 2464 2797
f 2866 2796 2797
f 2802 2866 2797
f 2471 2798 2358
f 2357 2358 2470
f 3018 2960 2470
f 2958 2625 2869
f 2360 2459 2458
f 2471 2358 2469
f 2363 2316 12551
f 2957 2471 2799
f 2800 2871 2957
f 2800 2957 2799
f 2513 190 2628
f 2628 11935 2513
f 189 2801 2628
f 2476 2802 2464
f 2797 2464 2802
f 2802 2632 2866
f 2479 2467 2803
f 2636 2806 2807
f 2805 2807 2806
f 2372 2804 2633
f 2629 2630 2808
f 2367 2962 2809
f 2374 2491 2643
f 2643 2491 2810
f 2492 3114 2491
f 240 2486 2375
f 7924 2640 13004
f 2644 2490 2645
f 2509 2877 2644
f 2644 2964 2490
f 3019 2964 3020
f 2509 2508 2877
f 2378 10115 3045
f 2650 2818 2494
f 10120 2811 2649
f 2386 2816 2667
f 3026 2511 2327
f 2669 257 2666
f 258 257 2669
f 2386 254 2815
f 2816 2386 2815
f 254 2386 255
f 2667 7931 2817
f 2817 7931 3186
f 2886 2523 2400
f 2886 2975 2523
f 2980 2887 2984
f 2402 2890 2403
f 2334 3273 2820
f 3273 2334 2681
f 137 2333 138
f 2821 2528 2893
f 2822 3033 2683
f 2823 2683 13147
f 2986 2823 2824
f 2530 2531 2688
f 2530 2896 2532
f 2689 2688 2687
f 2534 2690 2986
f 2826 2827 2898
f 2900 2898 2827
f 2826 2898 3260
f 2900 2827 2699
f 2535 2826 3260
f 2900 2699 3035
f 2829 2910 2694
f 263 262 3197
f 2911 3266 3197
f 3266 2911 2828
f 2342 3196 3166
f 2540 2831 2966
f 2834 2703 2987
f 2546 2987 2703
f 2704 123 122
f 2548 2990 2833
f 2996 7937 12821
f 2708 12821 7937
f 2595 13003 12821
f 2415 2835 2417
f 2713 2417 2835
f 2559 2414 2835
f 2416 2559 2835
f 2418 2561 2712
f 2419 2418 2712
f 2717 3241 2837
f 3241 2562 2837
f 2998 2715 2564
f 2721 2838 2840
f 2840 2838 2841
f 2839 2840 2724
f 2568 2724 2840
f 2568 2840 2841
f 282 281 2924
f 2923 2726 2924
f 2924 13005 2923
f 2726 2923 2842
f 2726 2842 2427
f 3000 2999 2723
f 2844 3002 2927
f 2573 2846 2845
f 2570 3002 2846
f 3002 2570 2428
f 2430 2732 2928
f 2732 3230 2928
f 2430 2928 2727
f 2584 2930 2929
f 2580 2731 2846
f 2429 2845 2732
f 2573 2570 2846
f 2731 2730 2845
f 2845 2730 2732
f 2727 2928 2432
f 2785 2782 2609
f 2785 2609 2735
f 2737 3138 2735
f 2847 2785 3137
f 2785 2735 3138
f 3138 3137 2785
f 2589 2539 2408
f 2850 2539 2848
f 2917 2541 2539
f 2850 2917 2539
f 2543 2541 2917
f 2848 2849 2850
f 3130 2850 2849
f 2848 2851 3005
f 2745 3005 2851
f 2852 2601 7922
f 2752 2751 2756
f 2751 2935 2756
f 2593 2756 2935
f 3237 2788 2936
f 2442 2766 2760
f 267 266 2854
f 13340 2763 2767
f 2764 2855 3039
f 2772 2855 44
f 45 44 2855
f 2944 2447 2597
f 7935 113 112
f 42 41 3218
f 42 2856 43
f 2781 2946 2951
f 2949 2950 12820
f 2608 2605 2949
f 3010 2952 2949
f 37 36 7920
f 2782 36 35
f 2785 2847 2782
f 36 2782 7920
f 2847 7920 2782
f 2757 2614 2755
f 2611 2859 2456
f 2790 2860 2616
f 2347 2351 3239
f 2790 3016 2860
f 2860 3016 3239
f 2860 3239 2861
f 3238 2861 3239
f 2790 2955 3016
f 2790 2323 2791
f 2466 2862 2630
f 2462 2863 3041
f 2863 2624 2793
f 2865 2956 2864
f 2620 2622 2621
f 2630 2796 2866
f 2473 2365 2871
f 2625 2958 2365
f 2959 2867 2626
f 2868 2869 2867
f 2468 2867 2869
f 2869 2868 3018
f 11931 2626 11932
f 2959 2626 2360
f 2349 2459 11938
f 2789 7936 2618
f 2472 2363 2799
f 2800 2872 2871
f 3220 2364 2871
f 2872 3220 2871
f 2670 2513 11935
f 2628 2801 2873
f 2872 2800 12551
f 2805 2637 2807
f 2809 2637 2874
f 2962 2482 2807
f 2637 2962 2807
f 2961 2482 2962
f 2490 3019 3042
f 2644 2877 2964
f 3025 3045 10115
f 10120 2649 2878
f 2878 2649 2648
f 10120 2878 2967
f 2878 2698 3047
f 2811 10120 2812
f 10115 2646 3025
f 2698 2966 3047
f 2813 2814 2651
f 2968 2495 2814
f 2879 2880 2813
f 2879 3048 2969
f 2881 12823 2976
f 2524 2974 2392
f 2380 2329 2814
f 2661 2660 13341
f 7930 2882 2665
f 2882 3199 2883
f 2816 7931 2667
f 7931 2884 3186
f 2508 3044 2877
f 2902 2901 2663
f 2883 2903 2902
f 2677 2494 2818
f 2973 2677 2972
f 2887 2888 2984
f 3032 2984 2888
f 2980 2679 2887
f 2334 2820 2405
f 2405 2820 2404
f 2893 2894 2821
f 3273 2821 2894
f 3273 2681 2821
f 2528 2895 2893
f 2892 2893 2895
f 2895 2528 2985
f 2532 2896 2897
f 2529 2530 2532
f 3033 7942 2683
f 3105 2897 12554
f 2534 2986 2824
f 2902 2903 2901
f 2910 2903 3204
f 2907 2910 3204
f 2910 2901 2903
f 2904 3204 2903
f 2883 3199 2905
f 2910 7932 2694
f 2907 3267 2909
f 3240 2905 3199
f 2906 7932 2907
f 2694 7932 2830
f 2830 7932 3275
f 2906 2909 2908
f 3158 2906 2908
f 2829 2901 2910
f 2692 2694 2830
f 2692 2828 2911
f 2830 2828 2692
f 2543 2912 2542
f 2912 3255 2542
f 2912 2543 2916
f 2913 2916 2914
f 2913 2912 2916
f 2914 2916 2989
f 2914 3130 7946
f 3057 2915 2913
f 3255 2544 2542
f 2917 2989 2916
f 2698 2697 2966
f 2702 2554 2833
f 2554 3243 2918
f 2554 2702 3243
f 2553 2834 2899
f 2898 2900 2899
f 2702 2833 3227
f 2990 3226 11937
f 2833 2990 3227
f 2768 2993 2919
f 7933 2556 13148
f 2994 2993 2768
f 2707 2920 3243
f 2918 3243 2920
f 2418 2417 2713
f 7918 7938 2718
f 7921 2422 2921
f 2837 7934 2715
f 2716 2715 2922
f 2838 10111 2841
f 2724 2723 2722
f 2568 2723 2724
f 2723 2567 3000
f 2565 2568 2841
f 2924 2572 13005
f 2572 2925 13005
f 2723 2568 2567
f 3230 2577 2928
f 2432 2928 3003
f 2736 3003 2929
f 2930 2584 2739
f 2577 2929 3003
f 2736 2929 2930
f 2743 2737 2930
f 2739 2743 2930
f 2743 12553 2737
f 2931 2579 2580
f 2931 3059 3004
f 3001 2926 2923
f 3235 7920 2847
f 3113 3235 2847
f 2734 2736 2737
f 3003 2736 2932
f 2932 2432 3003
f 2408 2539 2541
f 2538 2541 2543
f 2916 2543 2917
f 2746 2744 3232
f 2601 2934 2602
f 2933 2602 3006
f 2933 2601 2602
f 2602 3007 3006
f 2600 3007 2602
f 2593 2852 2756
f 2853 2756 2852
f 2934 2601 2593
f 2754 2937 2755
f 2761 2939 2762
f 2939 2941 2938
f 2748 2939 2938
f 2939 2761 7941
f 2942 2747 2938
f 2760 3008 2759
f 7941 3012 2941
f 2585 3196 2342
f 2941 2939 7941
f 2855 7939 3039
f 7935 2771 3233
f 13003 13149 11940
f 3062 2447 2944
f 2600 2447 3062
f 2596 3009 2944
f 3010 2951 2946
f 2774 2945 2946
f 2948 2947 2857
f 12822 2948 7941
f 2452 3092 2449
f 2950 2607 3015
f 2951 3010 2949
f 2608 2949 2952
f 3010 2945 2773
f 2451 3244 2781
f 3040 2781 3244
f 2618 2870 2619
f 2618 7936 2870
f 3207 11942 3017
f 2629 2466 2630
f 2463 2624 2462
f 2622 2956 3041
f 2864 2956 2617
f 2956 2622 2617
f 2808 2630 2866
f 2365 2957 2871
f 2958 2471 2957
f 2365 2958 2957
f 2869 3018 2958
f 2625 2468 2869
f 2867 2959 2868
f 2960 2868 2959
f 2960 2959 2361
f 3018 2868 2960
f 2360 2626 2459
f 3214 2873 11939
f 3210 2366 3209
f 2961 2962 2367
f 2637 2809 2962
f 13360 2368 2874
f 2378 3024 3023
f 3024 2378 3045
f 2832 3047 2966
f 3265 2967 2878
f 3047 3265 2878
f 2814 2813 2968
f 3247 2496 2968
f 3077 2972 2677
f 3043 13339 2505
f 3223 2971 2970
f 2971 2661 2970
f 2970 13341 3222
f 2884 2661 2971
f 2327 2662 3026
f 2668 2817 3186
f 2905 2903 2883
f 2902 2665 2883
f 2677 2973 2676
f 2818 3077 2677
f 2811 2812 2650
f 2398 2885 2886
f 2885 2975 2886
f 2524 2523 2974
f 2975 2974 2523
f 2974 2975 2976
f 2975 2977 2976
f 3031 2977 2979
f 2977 3104 2979
f 3031 2976 2977
f 2679 2980 2689
f 2890 2404 13252
f 2982 3252 2983
f 3252 2984 3032
f 2984 3252 2980
f 2981 13252 2982
f 2403 2890 2819
f 2895 12555 2892
f 13244 2895 2985
f 2685 3033 2897
f 2823 2686 2824
f 2822 2823 2986
f 2832 2831 3082
f 2662 3023 3024
f 2991 2992 13148
f 2920 2992 2991
f 2991 2918 2920
f 2994 2445 2993
f 2997 11940 2768
f 2768 11940 2994
f 3243 3228 2707
f 2557 2706 2707
f 2920 2707 2995
f 2920 2995 2992
f 2997 2996 12821
f 2922 2715 2998
f 2721 2922 2998
f 2722 2723 2999
f 3000 7943 2999
f 2340 2999 7943
f 3083 2319 7943
f 3000 2842 2926
f 2842 2923 2926
f 3001 3083 2926
f 3001 3004 3059
f 2928 2577 3003
f 2577 2575 2929
f 2844 2927 3059
f 2925 2931 3004
f 2848 3005 2849
f 2849 3084 3088
f 2446 3006 2770
f 2602 2934 2600
f 3062 3007 2600
f 2757 2755 2937
f 3061 2586 3038
f 2761 2759 12822
f 3036 2994 11940
f 3009 2943 2771
f 2596 3036 3009
f 2946 2945 3010
f 3011 3012 7941
f 3011 2948 11941
f 11941 2779 3013
f 3013 11945 3014
f 3061 3014 11945
f 2605 2607 2950
f 2606 2607 2605
f 2950 2949 2605
f 2773 2952 3010
f 2857 2953 2777
f 7936 2954 3017
f 2954 2955 3017
f 2954 2615 3016
f 3207 3017 2955
f 2791 3207 2955
f 3065 2956 2865
f 2873 3220 11939
f 2490 3042 2489
f 3155 3020 2964
f 3019 2490 2964
f 3225 3221 3022
f 2326 2378 3023
f 3023 2662 2327
f 2652 3048 2879
f 2968 3096 3247
f 2969 3122 2880
f 3222 3223 2970
f 2512 2511 3026
f 2385 13145 2512
f 3026 3028 3027
f 3028 3069 3027
f 3028 3026 2662
f 3029 2662 3024
f 2885 2398 3049
f 2399 3049 2398
f 2885 2977 2975
f 2976 12823 2974
f 2978 3076 3031
f 3076 3030 3031
f 2978 3031 2979
f 2972 3076 2973
f 2983 3032 3125
f 3252 3032 2983
f 2983 3125 3050
f 2685 7942 3033
f 12554 2897 3033
f 2685 2896 2825
f 3105 2532 2897
f 2822 3034 12554
f 2986 3034 2822
f 2989 3130 2914
f 3130 2989 2850
f 2913 2914 3057
f 3255 2988 2544
f 2917 2850 2989
f 11937 3226 2700
f 3226 2990 3035
f 2445 2994 2596
f 2943 3009 3036
f 2992 3037 2919
f 3004 3001 2923
f 3061 2854 2586
f 3008 2947 12822
f 3008 3246 2947
f 3040 3248 2774
f 3063 2764 3039
f 2774 3063 3039
f 3248 3040 2765
f 2349 11938 11942
f 2349 11942 2350
f 2863 2462 2624
f 2865 3238 3065
f 2956 3065 3041
f 2641 2486 2876
f 3093 2963 3094
f 3019 3021 2963
f 3020 3021 3019
f 3114 3042 3093
f 3155 2964 2877
f 3025 3095 2965
f 3025 2965 3045
f 3025 2646 2496
f 3074 3045 2965
f 3082 3117 2832
f 2832 3117 3047
f 3117 3265 3047
f 2652 2653 3048
f 2880 2879 2969
f 3048 3101 2969
f 3075 3074 3046
f 2978 2973 3076
f 2885 3259 3104
f 2981 2983 3050
f 3050 3215 2981
f 2982 2983 2981
f 3272 2979 3104
f 3052 2892 3051
f 3051 2892 12555
f 2532 3105 2407
f 12554 3033 2822
f 3080 12554 3034
f 3126 2915 3147
f 3055 3147 3053
f 3057 3053 2915
f 2915 3053 3147
f 3055 3157 3148
f 3253 3056 3157
f 3057 7946 3053
f 3253 3055 3058
f 3056 3253 3131
f 3058 7946 3106
f 3058 3055 3053
f 3058 3109 3131
f 3145 3117 3082
f 3082 2544 3107
f 3107 3145 3082
f 2900 3035 2553
f 2990 2549 3035
f 2995 2996 2992
f 3037 2992 2996
f 2768 2919 3037
f 2997 2768 3037
f 2997 3037 2996
f 7943 2926 3083
f 2927 3001 3059
f 3060 3001 2927
f 2927 2843 3060
f 2849 3005 3084
f 3086 3084 3108
f 3108 3232 3271
f 3008 12822 2759
f 2769 3062 2944
f 3007 3062 2769
f 2769 2944 3009
f 2770 2769 2771
f 3009 2771 2769
f 2945 2774 3039
f 2774 3248 3063
f 2763 2764 3063
f 3248 3249 3063
f 2774 2946 3040
f 11941 3013 3011
f 3110 3170 3015
f 3170 3092 3015
f 3238 2865 2861
f 2354 2314 3065
f 3238 2354 3065
f 3093 3042 2963
f 3265 3117 3261
f 3048 7944 3101
f 3254 3027 7947
f 3073 3069 3028
f 2512 3027 3254
f 2512 3026 3027
f 3072 2385 2512
f 3071 3068 3069
f 2385 3072 2503
f 3068 3070 3067
f 3081 7940 3126
f 3028 2662 3029
f 3045 3074 3024
f 3074 3029 3024
f 3075 3029 3074
f 7945 3076 2972
f 7945 2972 3077
f 3077 2818 3102
f 3123 3077 3102
f 3103 2973 2978
f 3103 2675 2973
f 3079 2406 2407
f 2533 2406 3079
f 2407 3105 3079
f 2533 3079 2546
f 2987 2546 3080
f 2691 3080 3034
f 2691 3260 2899
f 3057 2914 7946
f 2913 3255 2912
f 2339 3083 3060
f 2927 3002 2843
f 3085 3088 3084
f 3084 3086 3085
f 3086 3090 3192
f 3087 3088 3085
f 3109 3088 3087
f 3005 3108 3084
f 2854 3061 11945
f 3014 3061 3136
f 3064 2941 3012
f 3091 3110 2607
f 3015 2607 3110
f 2741 3208 3170
f 2740 2741 3170
f 2452 3015 3092
f 3115 3093 3094
f 2381 2498 3115
f 2505 3143 3043
f 3258 12557 3046
f 2965 3095 3258
f 3247 3257 3095
f 3096 2813 2880
f 11153 3096 2880
f 11153 3121 3096
f 11153 3173 3121
f 3029 3073 3028
f 3075 3098 3029
f 3075 3046 3100
f 3099 3075 3100
f 3100 3144 3160
f 3144 3100 12557
f 3101 2881 3030
f 3103 2673 2675
f 3103 2978 3272
f 2977 2885 3104
f 3272 3104 13006
f 3080 2546 3079
f 3080 3079 3105
f 2899 2987 2691
f 3109 3058 3106
f 3088 3109 3106
f 3145 3119 3120
f 3188 3131 3132
f 3106 3130 3088
f 3087 3085 3192
f 3091 3111 3110
f 3091 3113 3111
f 3112 3110 3111
f 3113 3137 3111
f 2847 3137 3113
f 3092 3208 3219
f 2950 3015 2452
f 12820 2950 2452
f 2449 3092 3219
f 3114 2810 2491
f 3019 2963 3042
f 3114 3093 3154
f 3115 3154 3093
f 3140 3043 3066
f 3025 2496 3095
f 3265 3261 3264
f 3117 3120 3261
f 3117 3145 3120
f 3261 3120 3118
f 2968 2813 3096
f 3121 3247 3096
f 3121 3173 3257
f 3172 3175 3173
f 3173 11153 3174
f 2969 3078 3122
f 3122 3078 3124
f 3123 3176 7948
f 3072 3097 2507
f 3156 2507 3097
f 3254 7947 3067
f 3073 3029 3098
f 2969 3101 3078
f 3124 7945 3077
f 3123 7948 3124
f 3122 3124 7948
f 7945 3124 3078
f 3077 3123 3124
f 3128 3127 3071
f 3128 13150 3129
f 3129 13150 3159
f 3107 3119 3145
f 3106 7946 3130
f 3131 3109 3132
f 3152 3135 3133
f 3087 3132 3109
f 3012 3014 3064
f 3014 3136 3064
f 3038 3136 3061
f 3038 3166 3165
f 3166 3038 2342
f 2433 2342 3038
f 3137 3112 3111
f 3138 3112 3137
f 12553 3112 3138
f 3112 2740 3110
f 3114 3154 2810
f 3153 3154 3139
f 3139 2655 3153
f 2498 3139 3115
f 3044 3155 2877
f 3155 3044 3142
f 12556 3141 3142
f 3141 2971 3224
f 13002 3156 3143
f 2507 3156 13002
f 3066 3143 2510
f 2510 3167 3066
f 2908 3150 3157
f 3147 3054 3126
f 3055 3148 3147
f 3054 3146 3081
f 3054 3147 3148
f 3150 3148 3157
f 3128 3073 13150
f 3098 3099 13150
f 3151 3119 3107
f 3192 3089 3087
f 3152 3132 3087
f 3152 3087 3089
f 3133 3132 3152
f 3152 3089 3135
f 2740 3112 12553
f 2737 12553 3138
f 2643 2810 3153
f 3153 2642 2643
f 2810 3154 3153
f 3154 3115 3139
f 3142 3270 3155
f 3143 3156 2510
f 3144 3168 3263
f 3168 3118 3263
f 3176 3123 3102
f 3255 2913 7940
f 3255 7940 2988
f 3107 3177 3151
f 2908 3157 3158
f 3157 3056 3158
f 3099 3159 13150
f 3099 3160 3159
f 3159 3162 3161
f 3129 3159 3161
f 3161 3178 3129
f 3159 3160 3162
f 3163 3178 3161
f 3161 3146 3163
f 3162 3262 3151
f 3146 3149 3163
f 3163 3149 3164
f 3178 3163 3164
f 3263 3120 3119
f 3262 3144 3263
f 3160 3144 3262
f 3262 3263 3119
f 2818 2812 3102
f 3151 3169 3162
f 3161 3162 3169
f 3161 3169 3146
f 3169 3081 3146
f 3177 3081 3169
f 3177 7940 3081
f 3169 3151 3177
f 3054 3149 3146
f 3164 3149 7952
f 3149 3054 3202
f 3193 3127 3178
f 3193 3071 3127
f 7949 2940 3064
f 2940 2938 2941
f 3170 3110 2740
f 12558 11943 3171
f 3067 3171 11943
f 12558 2510 11943
f 3171 3067 3070
f 3168 3175 3172
f 3118 3168 3172
f 3175 3257 3173
f 3172 3174 3116
f 3174 3172 3173
f 3176 3187 3174
f 10121 2812 10120
f 2988 7940 3177
f 3107 2988 3177
f 7950 3158 3056
f 3188 7950 3056
f 3127 3129 3178
f 3128 3129 3127
f 3164 3181 3193
f 3191 3182 2940
f 3090 3182 3192
f 3135 3191 3165
f 2510 12558 3167
f 3068 3067 7947
f 3097 3067 11943
f 3156 3097 11943
f 3180 2668 3179
f 3066 3167 3179
f 3174 3187 3116
f 3257 3175 3258
f 3158 7950 3275
f 2830 3275 2828
f 2940 2942 2938
f 3182 3090 2942
f 3171 3183 12558
f 3183 3171 3184
f 3183 3184 3195
f 3198 3185 3184
f 3205 3198 3190
f 3167 3180 3179
f 2884 12786 3186
f 2668 7951 3194
f 3261 3118 3116
f 3264 3116 3187
f 3176 10121 3187
f 2967 3264 10121
f 3187 10121 3264
f 2967 3265 3264
f 3188 3132 3133
f 3056 3131 3188
f 3266 2828 7950
f 3134 3166 3196
f 3189 3133 3134
f 3135 3166 3134
f 3068 3071 3190
f 3070 3198 3184
f 3190 3071 3193
f 3182 3191 3089
f 3191 3135 3089
f 3182 3089 3192
f 2940 3182 2942
f 2942 3090 2747
f 3090 3086 3271
f 3108 3271 3086
f 3186 3179 2668
f 3178 3164 3193
f 3271 2747 3090
f 3194 7951 3199
f 3199 3195 3240
f 3183 3195 7951
f 7951 3180 3183
f 7951 2668 3180
f 3266 3196 3197
f 3196 3189 3134
f 3205 3190 3181
f 2882 3194 3199
f 3205 3206 3185
f 3205 3181 3200
f 3149 3202 7952
f 3200 3181 7952
f 7952 3201 3200
f 7952 3202 3201
f 3202 3148 3150
f 3203 3200 3201
f 3203 3201 3267
f 3150 3201 3202
f 3150 2908 2909
f 3054 3148 3202
f 3081 3126 3054
f 2909 3267 3201
f 3150 2909 3201
f 2909 2906 2907
f 2907 3204 3267
f 3206 3205 3200
f 2904 3203 3204
f 2904 3206 3203
f 2322 2350 3207
f 2791 2322 3207
f 2395 2401 2399
f 2420 2713 2421
f 2713 2414 2421
f 3092 3170 3208
f 2859 2611 2455
f 2479 2803 2480
f 2317 3209 2366
f 2366 3210 3211
f 2482 3210 3209
f 2961 3211 3210
f 2961 3210 2482
f 12888 2487 2376
f 2497 2655 2330
f 2659 3222 2501
f 2517 3212 3213
f 11944 3213 3212
f 2475 2515 3214
f 11944 11935 3214
f 2515 11944 3214
f 2397 2396 2399
f 3215 3050 3049
f 3049 2399 3215
f 2981 3215 2819
f 2831 2542 2544
f 2417 2418 2318
f 2431 2574 3216
f 2933 3006 2592
f 3006 2446 2592
f 2454 3268 3218
f 3217 3268 2454
f 2775 2856 3268
f 3218 3268 2856
f 2453 2604 2454
f 2344 2449 3219
f 2937 2936 2757
f 2655 2642 3153
f 2642 2640 2643
f 2642 2655 2654
f 2381 2656 2498
f 3115 3094 2381
f 3269 2500 2499
f 3094 3269 2381
f 3223 3222 3221
f 2659 3221 3222
f 3223 3221 3225
f 3022 3021 3225
f 3224 2971 3223
f 3142 3224 3270
f 3224 3225 3270
f 3223 3225 3224
f 2901 2829 2666
f 3103 2674 2673
f 2819 2396 2526
f 2699 3226 3035
f 2705 2410 3228
f 2702 2705 3228
f 3227 2705 2702
f 3229 2561 10118
f 3229 2712 2561
f 2921 10122 3229
f 7921 3229 10118
f 2922 2338 2425
f 3196 2585 3197
f 2587 2588 3231
f 3231 2590 3232
f 3245 3249 2765
f 10117 3249 3245
f 2943 13149 3233
f 2943 3233 2771
f 2773 7939 2775
f 2772 2856 2775
f 2952 2775 3268
f 2777 3244 2451
f 3113 3236 3235
f 7928 37 7920
f 2959 2360 2361
f 2359 2361 2360
f 2997 12821 13003
f 2721 2840 2839
f 2725 2424 2839
f 2735 2734 2737
f 2581 2734 2735
f 12559 2440 3237
f 12559 2754 2853
f 2351 2354 3238
f 2615 2347 3239
f 3016 2615 3239
f 2392 7944 2391
f 2673 2674 2888
f 2904 3240 3206
f 3240 2904 2905
f 3240 3185 3206
f 3240 3195 3185
f 3184 3185 3195
f 2549 2990 2548
f 2836 10122 7938
f 2844 3059 2931
f 2748 2938 2747
f 2598 2447 2600
f 3244 2765 3040
f 3274 2688 2689
f 2980 3274 2689
f 2897 2896 2685
f 2953 2857 2947
f 3246 10117 3245
f 3245 2947 3246
f 2766 10117 3246
f 3095 2496 3247
f 3032 2888 2674
f 3272 13006 2674
f 3000 2926 7943
f 2765 3249 3248
f 3245 2765 2953
f 3244 2777 2953
f 2953 2947 3245
f 2953 2765 3244
f 2314 3041 3065
f 2544 3082 2831
f 3052 2894 2892
f 2894 3052 3250
f 3250 3052 3242
f 3250 3274 3251
f 2980 3251 3274
f 3251 10119 3250
f 2889 2891 10119
f 3251 2982 10119
f 2980 3252 3251
f 3058 3131 3253
f 3157 3055 3253
f 2553 3035 2549
f 3001 3060 3083
f 2770 3007 2769
f 2507 2504 2503
f 3072 2512 3254
f 3097 3072 3254
f 3074 2965 3046
f 3259 2885 3049
f 3050 3125 3259
f 3192 3085 3086
f 3269 3094 3256
f 3022 2500 3256
f 3221 2500 3022
f 3021 3022 3256
f 2383 13337 2505
f 3046 2965 3258
f 3100 3046 12557
f 3247 3121 3257
f 3258 3095 3257
f 3175 12557 3258
f 2979 3272 2978
f 2691 2690 3260
f 2898 2899 3260
f 3174 11153 7948
f 3176 3174 7948
f 3067 3097 3254
f 3069 3073 3128
f 12786 2884 3141
f 3098 3075 3099
f 3100 3160 3099
f 3162 3160 3262
f 3262 3119 3151
f 3102 2812 10121
f 3176 3102 10121
f 3261 3116 3264
f 7950 3189 3266
f 3184 3171 3070
f 3068 3190 3070
f 3205 3185 3198
f 3193 3181 3190
f 3204 3203 3267
f 2903 2905 2904
f 3200 3203 3206
f 3268 2608 2952
f 3217 2608 3268
f 3269 2657 2381
f 3256 2500 3269
f 3141 3224 3142
f 3232 2590 3271
f 2660 2816 2815
f 3242 2825 2688
f 3242 3052 3051
f 3242 3051 2825
f 3251 3252 2982
f 2674 3103 3272
f 2894 2893 2892
f 2820 3273 2891
f 3273 2894 2891
f 2889 2820 2891
f 2688 3274 3242
f 3250 3242 3274
f 2852 2593 2601
f 2875 2876 2874
f 2849 3088 3130
f 3116 3118 3172
f 2906 3158 3275
f 7932 2906 3275
f 2937 2754 12559
f 3237 2936 12559
f 11963 366 6202
f 7954 7644 7955
f 8873 3281 12229
f 3288 6498 6250
f 3326 977 3286
f 3287 6836 8510
f 3288 6250 593
f 9982 6252 6804
f 7967 88 89
f 315 393 11966
f 3299 593 6250
f 3300 3620 584
f 8368 9926 3931
f 3303 7972 4981
f 8408 8890 7976
f 590 589 984
f 3312 6559 7982
f 3408 3973 3314
f 101 3316 8478
f 4451 6860 3323
f 371 8224 372
f 373 586 3329
f 1499 3329 586
f 9303 3333 7989
f 12201 3338 4441
f 383 3339 7992
f 8557 8887 6277
f 9310 408 9313
f 3345 6864 4002
f 6558 6569 3346
f 4480 657 3351
f 3356 6871 8562
f 671 12203 13008
f 9328 8006 11121
f 8876 4427 6865
f 7170 12018 8011
f 8545 8012 7985
f 12755 11564 8014
f 6492 13323 3434
f 7022 4680 11144
f 4017 8030 8031
f 12662 4550 7784
f 3893 333 6341
f 10140 4101 445
f 5711 9081 1731
f 3617 7958 6498
f 8038 12753 10379
f 3399 1 2
f 9974 10275 10945
f 8040 8041 8044
f 7237 6855 12824
f 6855 4436 8528
f 10915 3467 3644
f 11201 432 11452
f 605 8543 599
f 9965 10150 11273
f 12527 11645 8232
f 8033 3392 5705
f 3441 3424 4098
f 922 7162 6429
f 11634 12250 12951
f 6957 9914 6955
f 9020 4587 6957
f 8086 8087 3331
f 11019 11682 10164
f 4181 8939 7064
f 12160 6494 3835
f 3439 8224 3620
f 8224 3439 372
f 3442 495 343
f 344 343 495
f 10167 8650 8096
f 341 3447 831
f 3447 341 3446
f 3461 3399 3449
f 3527 3448 344
f 3527 3446 341
f 3399 3525 3449
f 4102 3454 4103
f 4463 12530 6984
f 8934 10031 1063
f 10318 695 3407
f 12530 11950 747
f 6619 8071 11228
f 9056 332 455
f 4003 3320 3317
f 1137 9430 7022
f 6702 6360 8714
f 10174 4662 11009
f 7577 8137 7379
f 4131 4662 10174
f 9970 8133 6528
f 6663 8134 8113
f 8741 2195 10015
f 4 8734 3
f 3448 3525 8143
f 6341 10348 8129
f 6375 11690 6706
f 1 3399 3461
f 3449 3448 3527
f 3461 3449 342
f 8149 9079 8032
f 3533 6674 10180
f 6310 3452 6640
f 3398 3290 8058
f 11276 134 11494
f 3312 6293 6566
f 8048 8049 8536
f 8161 3540 8914
f 4622 10427 10158
f 519 5288 3545
f 581 3553 12537
f 3459 445 4101
f 446 10140 445
f 3557 8201 10367
f 6709 8114 6305
f 3560 340 8723
f 6727 3562 11375
f 4162 473 474
f 1194 3569 4212
f 3576 830 7082
f 3606 3577 6718
f 3577 3580 6720
f 498 11953 3584
f 7086 3584 8739
f 6424 12915 11028
f 2214 3592 7587
f 6219 7587 1407
f 8201 8200 8179
f 8205 9232 4301
f 8828 8207 8208
f 7964 3285 7977
f 8210 10202 8085
f 8214 3593 6703
f 3643 3642 10205
f 11507 6707 4190
f 346 3612 8744
f 7435 4195 3613
f 9439 3583 6694
f 3443 493 13329
f 3623 11086 4153
f 8430 8227 11116
f 343 344 494
f 11433 6578 13364
f 9064 8232 8067
f 496 3446 495
f 298 3624 297
f 3636 7625 8505
f 8739 3642 7087
f 8213 3605 8216
f 836 8246 6717
f 2217 3646 3442
f 3646 2217 9162
f 8925 13273 8249
f 11470 11312 11972
f 4580 9867 13068
f 1079 7320 6941
f 417 3655 4026
f 3655 8573 4026
f 417 4026 419
f 6491 3321 407
f 1709 5833 1389
f 9407 10066 6415
f 8800 6772 8292
f 8293 7118 10231
f 3681 10232 6633
f 8938 10233 6898
f 8735 506 6380
f 3669 8302 8301
f 7440 4221 6721
f 4221 7440 9165
f 3690 310 552
f 928 553 4312
f 9235 551 4311
f 3693 3780 10236
f 3328 318 6563
f 8310 3701 4216
f 3691 7172 9235
f 855 8312 518
f 3826 13234 358
f 8425 8314 6373
f 8401 3801 12562
f 9183 521 11694
f 3716 3911 7108
f 5278 851 849
f 3911 3716 8364
f 3897 8326 8327
f 8399 8326 8325
f 12186 8329 8328
f 8081 3729 8333
f 3734 4829 3733
f 342 341 493
f 3758 4816 4817
f 6752 889 6442
f 3921 3547 8337
f 6736 523 3767
f 8342 7155 8343
f 4833 8776 3732
f 9979 4274 8345
f 4261 12600 3747
f 10869 10248 10247
f 536 3756 11898
f 4817 8353 9510
f 8354 3770 7124
f 8357 6539 355
f 3919 6733 9184
f 3716 8362 8364
f 35 11159 8366
f 3771 3780 8306
f 3779 9465 10049
f 7427 13200 3768
f 229 13254 10252
f 3778 11559 6553
f 6465 6460 12193
f 6431 909 12827
f 7161 11152 6473
f 7156 11038 11959
f 3458 7369 3471
f 109 8399 8325
f 10885 6296 10262
f 6397 10323 8046
f 9603 8400 6479
f 3327 9281 3326
f 3560 6305 827
f 10805 8228 938
f 8408 6247 3280
f 3818 8411 8412
f 492 828 3814
f 8414 1184 8415
f 3702 7094 3706
f 6731 8417 4237
f 5561 4897 12540
f 9247 4905 12019
f 6255 4336 11733
f 7547 7546 3965
f 8322 11962 8427
f 9231 3805 3827
f 3826 358 8429
f 4292 3829 6778
f 6778 310 3690
f 1312 1664 3831
f 7635 3831 1664
f 4902 3836 7519
f 7101 3838 4791
f 3839 3840 3710
f 3842 8034 7262
f 3843 3706 7100
f 3298 3335 6258
f 3289 8434 8435
f 13142 12226 8437
f 8439 8369 11420
f 3862 6506 10272
f 7198 6789 3878
f 3797 3875 8458
f 3878 8459 7881
f 489 339 825
f 10376 356 8352
f 4727 1984 3889
f 3891 758 5161
f 758 3891 304
f 6650 3479 3456
f 8102 191 12566
f 3826 359 3691
f 3899 12111 3900
f 4801 7108 3911
f 8809 3903 6523
f 9934 6524 10546
f 6519 8472 9985
f 1127 3905 12565
f 12834 6531 3866
f 3507 3506 3505
f 476 7741 9087
f 8691 3523 8141
f 3628 7387 4160
f 3908 11490 8481
f 100 8478 99
f 1421 817 1422
f 9956 6786 8469
f 587 4385 3329
f 3910 3329 4385
f 7537 11988 8486
f 3350 9585 8489
f 822 7072 9150
f 8491 3318 3316
f 6536 10899 6744
f 7117 9955 8495
f 7119 12122 8493
f 7221 3917 8498
f 6745 8503 3302
f 8505 12721 6779
f 434 6934 4069
f 6614 4560 8506
f 8336 8335 8508
f 590 369 373
f 371 585 8224
f 7542 4396 3928
f 12567 593 6253
f 6253 3719 8510
f 3289 8435 13271
f 6545 12567 6253
f 3719 3299 375
f 6542 4407 3722
f 3937 377 8324
f 8865 11964 1340
f 6498 7958 12864
f 3722 6434 594
f 312 3283 11965
f 11946 3287 381
f 375 3932 381
f 385 3952 3949
f 13255 301 3339
f 12049 7227 12862
f 4412 4411 7970
f 6264 3809 401
f 3947 8516 5630
f 6547 3947 3948
f 3947 5630 3948
f 4399 3950 379
f 601 10285 604
f 3947 6547 600
f 6265 6836 606
f 8058 3290 11348
f 4986 9287 8519
f 4419 12229 3957
f 4398 3935 597
f 3778 11560 11559
f 622 6457 624
f 403 3966 406
f 9959 6557 7748
f 630 3998 3974
f 3324 397 3973
f 6860 629 3323
f 8898 399 8532
f 3313 8540 10289
f 3978 3314 8534
f 3978 3976 6856
f 3338 6560 3979
f 3314 317 398
f 318 8047 401
f 6567 400 6561
f 217 10290 8536
f 3983 405 4414
f 8538 3330 3331
f 8533 8540 11968
f 6559 7983 7982
f 3977 631 6858
f 6293 3312 8048
f 402 8539 8047
f 8540 3537 6567
f 402 8047 318
f 3987 405 8541
f 13159 8543 403
f 3983 10285 3988
f 4413 6838 600
f 605 3989 3987
f 605 3987 4416
f 405 3983 6568
f 6568 4443 4442
f 8544 12831 13178
f 634 1691 1692
f 10291 3368 6410
f 3993 8274 7998
f 3820 6491 3972
f 6408 3317 3994
f 8422 3995 640
f 7985 8274 8545
f 10129 7995 7994
f 9591 3462 4096
f 6864 3345 645
f 1363 4001 1364
f 4001 1363 1356
f 11224 8012 8096
f 4002 13010 3996
f 3820 4002 6491
f 407 3321 6408
f 8549 645 3345
f 10564 173 10128
f 654 8887 8556
f 3534 3679 10567
f 3678 670 1040
f 7256 5037 4013
f 7256 7867 5038
f 6571 8916 10806
f 3357 4491 8562
f 10812 673 3377
f 11427 7257 8036
f 6575 4018 1044
f 8568 3372 10297
f 4027 8572 415
f 4028 4029 8572
f 4487 10298 9989
f 4020 8575 9989
f 4031 419 8579
f 420 5048 8573
f 1370 1371 3655
f 4032 421 1048
f 1028 5035 6582
f 3655 1371 8573
f 4034 10419 4035
f 10419 4034 682
f 4506 4036 6584
f 6587 8587 6576
f 3401 9911 10309
f 11069 10315 7336
f 11123 6599 324
f 8174 11951 8175
f 8661 305 6385
f 3419 4052 12681
f 6603 6296 6381
f 6641 8654 3804
f 4053 9915 11201
f 11481 4061 11066
f 11315 10594 12351
f 7872 1079 8623
f 3926 11595 10325
f 8631 10775 8242
f 733 7788 4601
f 12195 10814 11215
f 687 4616 8633
f 4075 7553 4076
f 11607 8256 10339
f 3652 3653 9930
f 727 6130 9834
f 10224 12382 8269
f 1471 6635 8646
f 649 644 4461
f 644 649 1113
f 4093 8648 4640
f 6521 6522 8649
f 760 8651 3453
f 644 1113 4100
f 8652 747 758
f 11973 752 449
f 1126 4102 9047
f 3450 445 3459
f 3452 446 445
f 3454 6333 331
f 6333 774 4670
f 449 304 11973
f 447 3891 448
f 6333 3454 4102
f 12395 6353 8653
f 4652 3631 4107
f 4109 10006 6644
f 9355 4111 4112
f 458 8099 3457
f 4116 6998 4653
f 8144 4120 8664
f 13127 6659 8671
f 3403 456 463
f 9862 6341 333
f 10776 6649 8673
f 771 6662 4138
f 6526 8676 6667
f 459 8677 10181
f 6527 9062 8676
f 4109 8660 6996
f 468 4651 4148
f 4664 4148 8682
f 3533 4126 10933
f 8132 8146 6675
f 469 4149 3485
f 4149 469 1128
f 13411 200 201
f 4150 13411 4101
f 4151 8480 8115
f 4151 197 198
f 3485 8480 334
f 201 6287 13411
f 10140 334 4101
f 3500 446 3451
f 446 3500 773
f 335 3628 8230
f 8226 1124 3530
f 6677 1124 11008
f 8149 7687 8150
f 8479 4154 3488
f 6529 775 10897
f 10487 10486 7577
f 3390 6680 12152
f 10845 6359 7026
f 12005 4174 13291
f 8697 10491 9096
f 3579 8196 3573
f 7158 8790 4282
f 1160 1161 8708
f 11389 10504 10358
f 11501 8122 11014
f 6325 13260 8117
f 6707 5247 4190
f 12685 7438 9158
f 488 6705 8723
f 3598 7080 6709
f 486 488 3358
f 3603 11949 6708
f 3885 3886 826
f 3358 488 6512
f 5762 1424 9723
f 9476 2216 9480
f 4194 8729 8219
f 9481 8730 4756
f 3399 2 8732
f 344 3448 494
f 495 4198 496
f 4198 495 3442
f 4200 3512 3513
f 497 8733 498
f 9161 4201 4205
f 6387 8233 12633
f 7086 8233 6388
f 4204 8179 10851
f 4207 500 4205
f 3557 4759 4206
f 4206 4197 3521
f 3520 8733 3513
f 4207 835 4208
f 500 4207 3640
f 4208 3640 4207
f 833 3640 4203
f 4201 9161 1187
f 2173 834 307
f 4761 307 834
f 4218 4202 499
f 4209 307 4211
f 10368 4208 12990
f 501 4212 502
f 1189 839 1428
f 501 4209 9485
f 6717 8200 3641
f 7083 835 11904
f 4205 4201 11904
f 10851 6367 4204
f 3590 12105 4215
f 8736 10368 12990
f 4211 8736 8737
f 4221 12010 7085
f 4217 8739 507
f 3610 3580 8216
f 3645 3577 3606
f 4218 499 9486
f 3578 8738 6724
f 506 8735 505
f 4218 9486 4219
f 3577 6720 6718
f 1196 1197 4226
f 503 4226 1197
f 506 1198 1196
f 3585 6720 3580
f 842 4223 4767
f 3604 8743 8213
f 8742 8282 8060
f 4225 6727 7708
f 3578 8215 3606
f 3616 4219 8735
f 1196 4226 4227
f 3700 3612 8300
f 6727 3563 514
f 1209 5271 4235
f 8744 3612 8220
f 4232 8748 1623
f 1200 1209 4235
f 4235 4231 4234
f 4229 4230 4228
f 6726 8212 6728
f 290 8282 8284
f 3694 8747 9172
f 8328 8329 10237
f 4225 4224 3562
f 3563 349 346
f 6489 3700 8300
f 1439 849 852
f 1201 4240 8746
f 3697 3696 4775
f 11962 3720 4792
f 4787 862 4788
f 8508 8335 8507
f 13043 8501 6453
f 6738 3924 6733
f 3716 13043 8362
f 4800 8363 523
f 7105 8507 8753
f 11512 8754 8753
f 8757 9184 8755
f 867 8756 527
f 1448 8455 6746
f 7106 4799 8364
f 1988 3898 1453
f 8294 8760 3714
f 4243 8294 10267
f 8760 3739 6738
f 8363 3717 3767
f 10669 6739 8475
f 3717 3911 8364
f 1752 5887 1894
f 868 4251 8768
f 4251 3746 3745
f 7118 8333 3729
f 3302 8503 6449
f 529 3436 6743
f 3733 6742 3436
f 889 3921 8504
f 6539 12214 6745
f 6449 8503 8764
f 4836 4255 4256
f 891 4256 7121
f 8770 7122 8772
f 10876 11327 3676
f 536 887 7117
f 12098 8774 8355
f 4841 7609 4814
f 4269 5308 4267
f 11198 11701 10379
f 3766 3888 8780
f 11910 879 883
f 8788 9517 9213
f 8377 8378 3776
f 4871 4864 6763
f 10050 10049 10023
f 8318 6765 4281
f 6766 7150 4282
f 7152 6766 4859
f 5349 5347 4284
f 922 6429 12158
f 922 7163 923
f 4290 4870 3795
f 109 110 8399
f 3688 3903 10388
f 8803 110 8432
f 8807 6775 4292
f 8804 6773 547
f 7878 3841 4297
f 310 4299 6228
f 1284 5378 4299
f 6775 8807 8827
f 8424 90 4301
f 4306 4304 12602
f 12574 5376 4884
f 4309 981 979
f 10132 4310 980
f 8325 3897 8474
f 3903 12905 6776
f 4311 6523 360
f 553 928 359
f 358 3841 8429
f 12871 3830 3690
f 6228 552 310
f 6779 363 8297
f 1269 10072 5606
f 8299 4313 10264
f 7176 3686 9236
f 7182 3866 6531
f 12893 10893 3922
f 6781 6428 12100
f 7522 4323 7516
f 7188 4323 4895
f 10887 7189 8822
f 12835 7634 12800
f 4330 7605 7193
f 8411 3375 8412
f 8412 3375 6796
f 3375 8411 6279
f 6800 938 9245
f 4899 4332 12575
f 563 6798 11985
f 4902 4297 924
f 939 7519 9562
f 566 3435 7969
f 7968 6492 6801
f 3376 8208 3821
f 564 6802 4899
f 9245 4337 6800
f 4339 3295 6257
f 4368 3276 7953
f 8833 4919 9251
f 7213 4955 6204
f 6246 11155 11744
f 11543 4349 8842
f 365 5454 7525
f 9256 4353 8846
f 8848 6813 12476
f 11545 8849 6810
f 4348 4360 6808
f 9256 952 6499
f 3847 6499 10396
f 574 13142 2001
f 12269 574 4348
f 4354 4348 574
f 4352 4357 4355
f 4352 4355 576
f 4360 4354 575
f 4357 6808 4360
f 1778 4359 7638
f 4355 1330 10058
f 1667 1778 4361
f 1779 4361 1778
f 13142 4362 2001
f 4360 575 577
f 6067 8851 8852
f 4365 5626 4366
f 5464 3868 8453
f 8453 954 9580
f 1333 6243 11551
f 11395 7644 8460
f 1666 5437 1498
f 4372 4371 5445
f 6515 4374 8778
f 5312 7134 4966
f 7960 7640 12270
f 6248 6448 6819
f 4932 4933 578
f 311 7898 6811
f 580 579 4382
f 587 1499 6824
f 976 977 978
f 3917 7221 8859
f 4385 12785 7220
f 373 3910 590
f 372 3439 8498
f 11418 8186 6827
f 6826 9926 13014
f 7972 3303 4977
f 7962 8513 7961
f 378 11965 3283
f 8865 4399 8864
f 4401 4400 12802
f 5628 4404 598
f 595 11964 8865
f 596 4398 597
f 1503 12802 5628
f 4396 9288 8864
f 4400 12607 4404
f 12802 4400 4404
f 4403 4402 596
f 6008 2237 2236
f 4398 596 4401
f 4404 1508 598
f 11964 597 3935
f 3938 8872 10404
f 3933 3405 6828
f 3308 7977 8514
f 6834 383 11989
f 382 13177 4407
f 592 10403 4410
f 383 13255 3339
f 386 8867 7964
f 301 384 599
f 3989 605 8516
f 8867 386 636
f 8870 6837 6265
f 3947 600 3989
f 4414 604 10285
f 4415 301 3990
f 601 604 602
f 4413 3949 604
f 12873 4415 13159
f 599 8516 605
f 3989 600 6838
f 404 10285 601
f 4415 4447 3339
f 3282 8872 3280
f 6833 8013 3411
f 4418 6549 6840
f 8872 608 8409
f 7231 6261 8524
f 8874 995 8875
f 8519 13015 11991
f 3281 12906 609
f 4421 4997 997
f 10405 8877 11560
f 4426 8271 3962
f 6844 614 10061
f 4424 8885 621
f 8880 7251 8878
f 8876 8882 8881
f 3963 3965 3961
f 316 6407 6847
f 614 6844 8885
f 654 6275 8887
f 4431 4432 8883
f 8883 4432 616
f 4430 618 12576
f 3958 6848 8885
f 1341 1684 1346
f 1519 5034 9297
f 394 8889 3961
f 8525 996 11991
f 315 11966 9295
f 12688 6407 302
f 4467 5002 7546
f 8086 8307 8087
f 3970 10562 6855
f 8307 8086 12670
f 3970 6268 5005
f 627 396 643
f 3408 6856 3974
f 4439 7990 8895
f 3973 3408 3324
f 6560 12201 8268
f 633 4445 8535
f 406 3980 3658
f 6568 4442 2172
f 632 3991 2172
f 4444 4442 4443
f 4001 1354 1364
f 4440 3338 3979
f 7990 4441 8895
f 6856 4439 3974
f 8894 640 3995
f 11422 4417 3982
f 3809 6264 635
f 7240 8869 9306
f 3343 3997 6860
f 3994 4451 3325
f 3995 7243 4440
f 8899 8898 5487
f 1015 1528 4452
f 4464 4453 2200
f 8101 642 9310
f 12661 7245 1018
f 8901 8003 8002
f 8903 4458 8547
f 3996 8421 4459
f 4453 1015 4452
f 10735 4452 1528
f 1696 1017 1016
f 8550 4003 7573
f 647 3345 4002
f 8905 3445 3369
f 649 4461 648
f 319 647 8904
f 2190 2187 1531
f 8880 11992 9316
f 4466 320 4484
f 8907 1023 10907
f 4473 2179 660
f 13257 7865 4472
f 6274 4467 3366
f 8909 4480 3351
f 7997 7996 6307
f 5031 653 6187
f 4470 7860 4469
f 4471 657 656
f 4470 4471 10777
f 1369 9300 8886
f 657 4471 4472
f 4471 4470 2176
f 4473 4472 7865
f 13016 659 13160
f 6187 4474 6850
f 8908 6868 7862
f 4473 3351 657
f 4475 3351 660
f 4476 4475 6869
f 4475 4476 662
f 3528 9330 12626
f 1029 617 4480
f 2176 4472 4471
f 4472 2176 13257
f 2179 6869 660
f 6869 2179 6190
f 656 4480 664
f 658 13016 661
f 615 4482 4479
f 9327 7860 8911
f 2178 4473 7865
f 4485 667 13016
f 5034 1519 1027
f 4486 6870 9731
f 4487 1036 7548
f 667 1535 4488
f 5490 4488 1535
f 4488 5490 4489
f 4485 1535 667
f 417 1038 1370
f 1038 417 4031
f 8561 4010 12148
f 4014 413 6872
f 13161 8004 3359
f 8581 7259 8564
f 3377 12204 6574
f 8031 674 1043
f 5048 420 4495
f 8573 4032 420
f 1048 420 4032
f 4495 4036 8580
f 11572 10809 8921
f 424 7550 7784
f 13306 13162 3379
f 11228 8584 8585
f 6579 10974 680
f 6882 6883 4607
f 11993 8589 10418
f 4508 4506 6882
f 6876 683 6584
f 4510 6584 683
f 6071 7817 11994
f 7818 11994 6076
f 676 8589 8926
f 4510 4034 6883
f 4510 6883 6882
f 681 4036 4506
f 4075 4512 685
f 4494 4510 683
f 6883 4035 10697
f 4075 685 4077
f 4075 4076 4512
f 682 4512 10419
f 4512 686 685
f 4513 1956 12541
f 682 4034 4494
f 4494 683 4516
f 4494 4516 1049
f 11439 7270 6890
f 7758 4517 8936
f 4623 10742 4523
f 6898 4042 8938
f 10313 10979 6897
f 12907 10032 10429
f 11266 10188 8940
f 12093 11583 10589
f 6317 9915 10437
f 8222 8183 11273
f 5071 4053 6312
f 8945 6605 8259
f 6399 8245 8615
f 9366 12061 10441
f 4537 13258 7723
f 702 9605 6918
f 8400 7276 11370
f 1861 4542 8613
f 4061 7302 763
f 7297 6647 6915
f 698 6916 12579
f 4543 6918 9774
f 4546 5057 7884
f 325 705 6923
f 7314 5090 12581
f 9340 12649 9371
f 1061 9832 6141
f 9832 2312 5055
f 1856 684 1956
f 6923 8928 4554
f 11593 8955 12238
f 8955 6610 12238
f 8619 7870 8620
f 6933 3923 11601
f 11597 6614 6934
f 8624 8968 8625
f 2183 710 10450
f 6192 4562 6935
f 6927 6941 8261
f 8971 10448 8964
f 7317 10450 709
f 6935 9882 12086
f 6948 6949 12692
f 4573 1792 5909
f 10598 1080 7320
f 11473 11998 8638
f 4606 4584 11928
f 8990 4571 6318
f 6949 4571 8990
f 10920 6621 6405
f 6974 6405 6621
f 8393 10260 6976
f 8253 12465 8635
f 8253 8252 11612
f 6965 3649 12001
f 12246 9809 721
f 2062 723 4090
f 723 6136 3380
f 6972 2062 4090
f 725 724 7828
f 6011 6032 724
f 4601 11621 4073
f 1092 5127 9010
f 10795 8999 8930
f 6947 7329 8107
f 4608 12141 4576
f 4612 6226 7332
f 2119 6028 6161
f 7555 8622 8638
f 7554 5501 1539
f 4614 13164 4072
f 1857 4617 13265
f 4515 5500 6970
f 12050 4608 732
f 10224 8269 4078
f 9028 9609 6980
f 10611 11002 1087
f 4631 10232 11074
f 12380 6414 10474
f 4048 7051 10476
f 9042 8102 3463
f 9592 4638 13179
f 4640 1111 444
f 4093 4640 4092
f 12928 7366 4095
f 4646 444 6989
f 2185 2188 6636
f 330 443 740
f 7368 6309 443
f 4463 737 3460
f 4100 1113 6636
f 647 1112 3345
f 739 3460 737
f 9044 4643 6309
f 737 738 739
f 740 8651 12003
f 738 4642 739
f 5636 4641 746
f 4641 736 6638
f 742 745 9045
f 447 4644 11973
f 4644 447 754
f 744 448 5161
f 329 739 744
f 743 4645 745
f 11893 3444 10927
f 739 4642 9045
f 749 6986 750
f 749 3905 6986
f 1127 1128 4670
f 751 448 744
f 4644 6989 752
f 4645 743 753
f 6987 6988 1397
f 746 4641 756
f 757 4092 4639
f 9047 4103 8652
f 747 8652 9044
f 8605 12365 6907
f 6482 10439 8655
f 6385 4107 10929
f 6992 4648 9055
f 6353 12395 13318
f 9055 6998 6992
f 4147 9066 4123
f 4655 9059 6999
f 10350 9616 6654
f 3457 4118 458
f 4110 6995 7001
f 9067 8667 9065
f 3477 4119 6651
f 4656 3476 13289
f 8659 8109 7003
f 3526 10169 3473
f 3892 765 12748
f 7004 3475 451
f 4658 8683 10930
f 9072 10629 13195
f 8123 769 12366
f 8672 4142 10347
f 9074 6662 4665
f 5839 5520 4664
f 4148 9783 468
f 9076 12313 6193
f 9077 12313 9076
f 7013 4665 771
f 4665 4666 9074
f 10350 8667 9067
f 10140 773 469
f 1128 469 773
f 6333 4670 3500
f 1128 3500 4670
f 8686 3908 10483
f 140 10484 10485
f 4678 9438 7580
f 7693 5193 9085
f 475 9087 780
f 7390 1138 4677
f 10491 478 477
f 4687 7391 1140
f 4689 7031 10493
f 786 5729 5995
f 4689 5729 4688
f 4690 786 4691
f 6239 5208 5211
f 5956 6049 12542
f 10194 74 10495
f 4283 9105 7151
f 7054 9466 7051
f 10659 4180 11499
f 11388 9111 10505
f 1470 9112 8646
f 9727 790 4636
f 7600 5756 5777
f 4703 4713 4049
f 4717 4709 10583
f 1866 799 798
f 4708 7876 7600
f 7056 12583 7057
f 9113 9638 7056
f 5596 9650 1474
f 5556 5596 797
f 4708 10511 7876
f 5064 4709 4717
f 12584 4719 12585
f 10312 6893 6892
f 5735 4724 1588
f 8124 12666 484
f 10516 4725 7034
f 4679 7581 11493
f 803 1984 4727
f 75 8185 10495
f 4187 4729 7069
f 9149 1167 9132
f 9135 1423 9469
f 6360 13057 7070
f 12572 8721 8722
f 4745 810 9141
f 12842 13073 4736
f 4736 13063 13233
f 12843 821 9138
f 9141 4737 12842
f 811 4737 810
f 4736 9141 12842
f 9138 8135 7074
f 4736 3509 9141
f 4730 7877 12842
f 4739 4738 7077
f 1421 4742 813
f 7077 4743 4741
f 813 4742 4744
f 1421 813 817
f 4743 4746 4744
f 813 815 818
f 3885 6513 3510
f 4733 9133 4735
f 4739 7077 8197
f 4742 10516 4741
f 4747 3509 6513
f 4745 9148 810
f 3885 9137 3886
f 7079 4188 8467
f 2216 9476 5241
f 9132 7429 9149
f 808 8715 6378
f 7069 12843 4187
f 9150 13057 822
f 9151 5236 10520
f 9151 487 9152
f 7079 3886 8135
f 7080 11026 7071
f 9156 339 3599
f 8724 340 491
f 4191 3811 6486
f 3560 827 6711
f 5251 1615 1746
f 4755 1185 4756
f 5250 4755 1182
f 8416 3518 12506
f 3525 4197 8143
f 2 3 8732
f 341 831 493
f 3512 4198 3442
f 306 8741 3520
f 8741 306 2195
f 497 4200 8733
f 4200 497 345
f 832 10015 2195
f 4203 4761 833
f 498 8733 508
f 4204 7082 4760
f 4760 830 10367
f 9162 1187 9161
f 6367 11309 504
f 504 7083 11904
f 10368 8736 4211
f 4209 4211 4214
f 837 3683 9163
f 5257 5258 5256
f 3637 3632 12633
f 8741 10015 4210
f 3585 498 508
f 4216 3701 3591
f 5263 1192 1195
f 9165 7440 4766
f 3616 514 512
f 8744 6374 11293
f 1200 4235 1622
f 510 9166 12012
f 4773 4772 8304
f 10525 9169 9168
f 4237 1447 6731
f 8417 9167 3689
f 857 9174 848
f 8312 853 7095
f 856 854 4778
f 5278 849 7446
f 3832 13031 13401
f 854 7094 348
f 348 4783 854
f 4776 5271 4779
f 856 7100 7094
f 3817 3702 3706
f 3696 3697 3699
f 4242 856 4778
f 7094 854 856
f 856 4242 8749
f 9175 518 863
f 858 4796 850
f 4242 11909 4239
f 3843 7100 4791
f 4784 9176 4793
f 7099 518 3817
f 8308 13197 9177
f 7454 1223 4786
f 7445 4768 9179
f 4790 3349 4798
f 520 9181 11694
f 9181 520 7099
f 1451 10071 11921
f 7101 8749 3840
f 1451 11921 1627
f 4244 4787 4789
f 3839 4784 862
f 3902 1442 4794
f 9181 3843 4791
f 8749 7101 7100
f 9182 861 865
f 3840 8762 7101
f 3720 11962 3711
f 7103 11175 8751
f 4244 862 4787
f 1629 1450 1451
f 4797 519 7104
f 521 9183 8752
f 7453 4245 12013
f 10898 6735 7453
f 9184 6453 3919
f 8761 12014 6525
f 3717 3901 3911
f 6525 12014 7448
f 4801 3911 3901
f 1442 7448 12014
f 9186 3746 13371
f 869 4254 3547
f 353 5569 10528
f 893 7120 9187
f 4254 869 13343
f 7111 3874 12793
f 8768 3745 532
f 7113 4811 871
f 4258 7113 9501
f 7607 4811 5303
f 4819 10018 7463
f 10020 8775 13292
f 4818 4816 3758
f 4812 3757 905
f 3916 3732 888
f 11910 875 876
f 879 1235 882
f 4824 7464 876
f 883 884 881
f 4828 1241 886
f 1456 5301 2222
f 7609 1457 533
f 889 8357 6442
f 308 4823 7119
f 9195 9194 6438
f 893 4256 891
f 892 3751 890
f 3751 892 895
f 4832 3732 531
f 7121 890 9190
f 891 7121 11918
f 4256 4255 7121
f 1240 898 4840
f 6536 8765 7110
f 8765 6536 4248
f 1632 893 4835
f 4255 4836 1460
f 4839 5294 4838
f 4838 7608 11978
f 4840 1239 1240
f 8772 8771 8770
f 5306 3760 12043
f 3760 7123 9199
f 3728 3596 3597
f 7130 7131 8203
f 4847 12797 3757
f 4818 3758 905
f 9202 7129 535
f 10021 10018 3758
f 7116 906 3757
f 874 10021 4848
f 4263 875 10529
f 11910 10529 875
f 4263 4847 906
f 4263 538 4847
f 1472 13210 11137
f 7474 7138 10727
f 4853 911 8789
f 9208 5332 10387
f 6469 6429 9209
f 8338 7480 3752
f 10538 3776 12473
f 11335 3713 8794
f 9215 9216 5351
f 1473 1480 9217
f 8341 9212 7155
f 12587 3788 10540
f 8786 8785 9980
f 8788 9518 916
f 9221 7486 918
f 9222 10543 7486
f 11523 4859 8796
f 1264 7712 8703
f 4278 7156 11959
f 12158 7163 922
f 11042 10543 9222
f 12877 9224 13050
f 4864 4871 4872
f 7488 4875 7166
f 7157 7168 11959
f 7175 7174 11041
f 9227 9228 12016
f 9227 4887 6473
f 6495 4291 7170
f 4296 547 6773
f 8807 3830 4300
f 4300 3707 7878
f 9230 3688 10388
f 9231 3823 926
f 927 4306 4880
f 8314 3600 9232
f 927 6433 4306
f 10243 4306 6433
f 550 4308 9234
f 550 9234 9233
f 4307 4879 4302
f 4310 979 980
f 979 4310 4309
f 4311 3826 3691
f 928 7172 359
f 1283 7172 1282
f 1282 928 4884
f 7173 6477 10547
f 10689 4342 7509
f 8418 933 561
f 560 1309 9560
f 6493 3833 8509
f 4324 8822 11900
f 4322 3361 4320
f 5429 7521 10265
f 10265 8418 934
f 3818 8412 4191
f 4192 4896 12648
f 3354 7193 6272
f 4899 12575 564
f 566 3296 564
f 7170 8011 6495
f 4902 4296 3837
f 8805 3367 8094
f 4903 941 942
f 941 4903 4911
f 3295 10552 364
f 3295 7194 6257
f 7966 4337 3294
f 7194 8825 6800
f 3294 10553 7966
f 5435 942 944
f 9561 1310 6799
f 7520 9560 4334
f 1310 7520 4321
f 1275 6774 10555
f 1652 944 942
f 5434 1311 5430
f 9564 10554 9247
f 4338 3602 8209
f 4906 4907 9248
f 9249 7967 8424
f 5436 940 6255
f 4912 10106 4913
f 570 947 9251
f 952 9254 9255
f 1660 10560 4922
f 5788 4921 12603
f 12988 4923 8847
f 952 9256 9254
f 5393 7498 9259
f 4352 953 4357
f 6808 4357 953
f 1325 8840 6808
f 1328 1325 953
f 9261 4926 9262
f 7208 7902 10794
f 7954 7955 8466
f 4932 9268 366
f 4933 3882 7208
f 7882 3881 4934
f 960 7212 7210
f 957 4943 4939
f 2197 967 12022
f 6201 9269 9273
f 4941 12021 4364
f 4942 4945 9270
f 4939 2228 961
f 4944 4949 9271
f 4942 4943 957
f 2196 4942 957
f 4945 9271 965
f 9271 967 4944
f 968 4936 970
f 4951 1951 968
f 969 2298 957
f 4945 4942 2196
f 7879 4914 7211
f 963 4944 4935
f 6098 965 4949
f 9270 6064 2000
f 4950 966 4951
f 966 4950 972
f 957 4939 969
f 7879 7211 961
f 4935 964 4952
f 964 4935 4944
f 967 964 4944
f 8465 7882 2198
f 2196 957 2298
f 6229 4950 4954
f 4954 970 4952
f 4951 968 970
f 9274 13001 9273
f 9892 4955 4926
f 968 1951 973
f 3277 4958 12405
f 6244 3880 6245
f 4959 7643 9581
f 11140 3770 7965
f 3762 10877 13199
f 3762 13199 1335
f 9278 13207 5312
f 4967 7217 9277
f 4966 5580 4968
f 9267 5466 4969
f 977 9281 978
f 978 7538 980
f 588 9281 370
f 977 976 4975
f 7538 978 588
f 4973 2175 6824
f 2175 4973 4972
f 588 4972 7538
f 5472 9585 4973
f 4972 3350 7538
f 980 976 978
f 6824 5472 4973
f 5472 6824 1500
f 976 979 4975
f 975 3327 13167
f 981 1337 979
f 8860 4382 975
f 983 7646 3286
f 4976 3286 7646
f 4384 13167 4383
f 4383 3327 12024
f 7222 6548 4977
f 2237 9785 9895
f 4977 7973 7222
f 3297 3955 4980
f 4390 3955 3297
f 12025 4391 4980
f 3297 3943 4390
f 7222 12025 4979
f 989 4410 5627
f 6835 9283 4391
f 3943 8515 9284
f 12529 5474 1503
f 5473 1503 5474
f 4982 4405 988
f 1501 4982 1502
f 1507 1782 1504
f 1502 989 5627
f 989 1502 988
f 5807 4984 9730
f 4984 5807 4982
f 1784 4985 13342
f 2238 988 4405
f 6835 7973 4412
f 4981 3304 7226
f 4406 4419 3940
f 6832 595 13250
f 4986 9289 13250
f 7225 11167 7229
f 7229 5010 3336
f 13372 9283 9292
f 9293 4991 8868
f 1340 992 10284
f 994 3951 603
f 3281 609 1000
f 4996 625 4992
f 6852 5475 6844
f 4986 11991 4995
f 9289 4995 9294
f 4992 625 7230
f 4994 998 4997
f 4997 998 997
f 4993 4421 4422
f 4998 4432 9590
f 4993 4997 4421
f 4999 2249 1352
f 12995 9290 9294
f 4421 1686 4988
f 1686 4421 997
f 3301 998 4999
f 2249 1787 1352
f 315 9295 6841
f 623 8874 8889
f 3964 8523 8526
f 616 9302 8883
f 9301 616 4430
f 3331 8087 8538
f 9304 4436 8902
f 9304 396 6268
f 11967 627 8529
f 3981 4444 5483
f 9959 12590 3968
f 3331 11168 7988
f 3986 8892 637
f 9306 7545 7240
f 5486 5006 1011
f 4450 8869 7240
f 10563 1010 9307
f 5009 5014 9308
f 10563 5011 9308
f 4448 1005 10563
f 1011 5006 5012
f 1693 5011 1005
f 3944 5009 5006
f 5011 5006 5009
f 5010 7229 7241
f 5806 1681 5014
f 5806 5014 3944
f 8421 3995 8422
f 6271 6863 9311
f 12661 4456 7245
f 408 9314 9311
f 1015 1016 5020
f 4464 2200 1532
f 1015 4453 1016
f 1532 9312 5488
f 1529 5020 1530
f 5015 1532 2200
f 12890 7244 7246
f 4000 1019 7247
f 1520 1528 7649
f 4000 409 7238
f 4095 4638 9592
f 6862 9314 9592
f 644 4459 4461
f 12998 8906 1014
f 9316 1024 8554
f 320 13310 9319
f 1023 8912 9318
f 9316 9315 8880
f 9876 5033 5032
f 9876 1027 1376
f 5025 9322 9323
f 5027 9324 1368
f 5027 1368 5480
f 9322 4483 9593
f 8909 662 7544
f 1030 7544 662
f 5024 5481 9317
f 5027 9325 10566
f 4475 662 8909
f 1026 9297 9322
f 1037 8575 9323
f 5025 651 9321
f 5035 1028 5030
f 1034 5030 1028
f 11568 10695 1369
f 12999 9299 6867
f 4433 4479 664
f 9302 5003 9327
f 5003 8910 9327
f 1034 7253 5030
f 1032 5030 1031
f 5035 5030 1032
f 5032 5033 7548
f 1033 1039 5035
f 1028 8913 1034
f 5034 1037 5028
f 5033 666 7253
f 1036 5032 7548
f 10907 6580 12206
f 4031 1035 1038
f 12535 1039 4031
f 3363 6275 8560
f 8561 8559 10569
f 413 6571 6284
f 13161 10412 8005
f 5038 8025 7256
f 5495 5045 5494
f 1854 9734 9331
f 5041 5494 7783
f 7651 9671 5643
f 5042 8917 10779
f 6870 5042 10779
f 4018 6284 8564
f 10571 11571 12591
f 677 9335 425
f 322 8919 8161
f 8919 322 4493
f 6575 1044 8565
f 4019 5046 9329
f 8588 9595 7261
f 5047 4026 8926
f 6876 4495 420
f 4024 9962 12832
f 1050 682 4494
f 682 1050 1377
f 1537 9765 5058
f 6315 9334 9788
f 10136 240 11748
f 4496 1054 9335
f 679 11435 8923
f 2205 4033 9337
f 7885 7268 10576
f 7264 9338 11054
f 9787 11750 10576
f 5053 9341 7263
f 12680 12926 10446
f 5055 5496 1538
f 5057 7265 5056
f 4033 7266 9337
f 4546 10574 5057
f 1057 6206 6583
f 1059 5059 1537
f 5058 9342 1537
f 1053 5059 1059
f 10574 4546 9343
f 2202 13090 11996
f 2072 5060 9344
f 10697 9345 11837
f 11837 7553 9596
f 11993 10418 7555
f 8051 8050 7279
f 10579 1064 6294
f 4708 10583 10511
f 9351 4526 9353
f 9353 9601 9351
f 10434 12882 7678
f 9600 10985 4531
f 11757 9354 7294
f 9358 7296 5072
f 9361 5075 7299
f 9362 10592 9051
f 4106 4114 6915
f 10592 10796 453
f 6913 8954 8953
f 8954 10442 13208
f 9359 9051 9360
f 9356 13041 7302
f 9357 8610 8609
f 6648 5079 7304
f 8609 10592 9357
f 1547 5080 13168
f 1073 12859 1553
f 1074 12030 11141
f 5667 5083 7306
f 5825 13346 5081
f 11757 11124 9358
f 5087 7309 3386
f 7316 8962 325
f 3619 7315 11232
f 6929 9368 11296
f 9369 6931 10799
f 11885 10595 9817
f 12274 1078 6192
f 9372 6940 9373
f 11971 12032 8254
f 9376 6945 4570
f 9376 8988 9998
f 9997 11366 11313
f 1080 10598 10599
f 5827 9888 9885
f 8978 5095 712
f 6233 5097 5829
f 9380 5099 7358
f 8986 1555 5105
f 4611 5147 5114
f 6967 9009 5109
f 4610 11760 4609
f 1082 9006 9009
f 5107 5151 9008
f 11915 7568 7345
f 5157 5113 1707
f 1086 5510 9384
f 1539 5502 7554
f 5502 1539 1792
f 1383 5118 1540
f 11069 7336 3427
f 7337 11000 9016
f 12690 7799 5121
f 6982 4632 11764
f 11764 4632 7340
f 1104 5107 1085
f 11766 9018 11073
f 1157 7701 7416
f 5547 6969 12131
f 7696 6968 5547
f 5134 12778 10613
f 7357 9005 9383
f 5146 5151 1091
f 7357 5111 11915
f 5140 1559 9744
f 9744 5688 5140
f 5141 5145 13349
f 9400 10617 13051
f 4599 5139 1096
f 10617 5511 9399
f 5145 9402 1106
f 10038 11999 7360
f 1106 9384 13203
f 5115 1106 9402
f 5126 1099 11777
f 5154 1107 13027
f 1110 13027 1109
f 7589 9392 13264
f 5518 9744 10618
f 9404 5835 9403
f 1107 5155 1109
f 1110 1109 6170
f 5158 2090 9834
f 5160 1087 11778
f 10622 12381 10623
f 4634 11090 9455
f 6638 5019 6637
f 4093 9408 8648
f 1111 13330 9046
f 444 4639 4640
f 4639 444 4646
f 1112 319 738
f 737 4463 8549
f 4462 649 648
f 12989 774 1126
f 3455 8100 8115
f 3455 3485 7369
f 1127 1115 4149
f 5161 329 744
f 329 5161 11950
f 7370 10626 7680
f 5166 4156 10629
f 5840 5170 5695
f 5169 5840 5696
f 5846 5838 7734
f 5172 1562 5171
f 12142 5174 9411
f 5177 5181 5178
f 9413 5177 11653
f 4671 7686 7016
f 5179 11796 5697
f 9414 11797 9418
f 9091 7376 12287
f 7009 4128 8684
f 462 6655 10351
f 8671 10351 13127
f 7015 3621 9080
f 9697 4668 8672
f 6198 1728 5185
f 5185 5183 770
f 3905 4670 774
f 4671 7016 8694
f 10834 8137 7577
f 1406 5207 9423
f 10640 6337 7382
f 6349 9425 12038
f 7384 3516 8137
f 10645 5201 4687
f 3492 6686 6328
f 10486 10487 7387
f 7389 5191 12697
f 9428 9086 10354
f 9436 5535 9429
f 8189 12594 11277
f 7389 780 5191
f 9084 336 9430
f 4681 9431 3387
f 7392 1135 5869
f 5864 5867 5197
f 5196 7392 7773
f 5197 10091 1733
f 5202 1143 5198
f 7391 4687 1139
f 5201 1577 4687
f 5955 9432 10644
f 9432 5955 9094
f 5532 1578 5728
f 5867 10643 9432
f 5718 1732 10645
f 9433 1400 5200
f 6349 12038 7378
f 7378 4673 9426
f 1141 1142 5202
f 1143 1823 5198
f 3568 6350 8190
f 4678 7580 6688
f 9434 8193 7019
f 7388 1135 5218
f 9439 6694 7035
f 475 9088 8141
f 6692 11010 11196
f 1405 5210 4684
f 4691 4684 5205
f 5207 4688 9441
f 5208 6239 5209
f 5206 4692 12582
f 5211 4692 1405
f 9147 1149 7693
f 12056 8689 9443
f 1139 1577 1875
f 7910 5534 1877
f 5534 7910 12631
f 5203 5213 9127
f 4184 12930 13028
f 1409 5237 9445
f 4698 9448 7585
f 5221 7402 3582
f 13028 7586 4184
f 9145 8689 9146
f 7402 5221 9447
f 6369 7401 8195
f 7429 9446 7430
f 9132 7400 7429
f 6703 9451 485
f 9393 1159 7704
f 5223 8702 12499
f 12289 9717 10711
f 5832 5225 1810
f 5746 7416 7701
f 2154 5742 2157
f 9394 7697 9457
f 13353 9459 9712
f 12514 11035 4176
f 1411 7407 11133
f 7045 7421 9463
f 11334 7151 7418
f 7419 7058 9110
f 5230 10242 9463
f 4858 9464 10660
f 11666 1160 7426
f 9113 9651 11674
f 11103 11014 9114
f 11059 8939 4181
f 9466 1418 9467
f 7067 1153 9450
f 9149 4175 4186
f 4185 4698 13263
f 6219 1407 5543
f 819 7431 820
f 7432 5232 7437
f 4733 9134 7067
f 5233 1168 7437
f 1168 5233 3592
f 5232 7432 13263
f 9470 4735 9471
f 5244 8718 9135
f 9143 4738 12596
f 823 5243 9152
f 5236 5235 11917
f 8197 4741 10516
f 9471 7436 12799
f 4749 10519 5239
f 5245 2216 5241
f 9471 5235 9470
f 9472 807 806
f 7602 5234 1167
f 11917 4753 5236
f 5240 10519 4749
f 2215 4749 1172
f 7432 7437 9474
f 4190 9477 1180
f 7438 4189 9158
f 8729 7078 9158
f 1178 4189 6707
f 1175 7603 1742
f 8410 3818 9478
f 8419 8420 9478
f 12648 491 4192
f 8731 4328 10366
f 1176 9156 8731
f 4754 4753 8414
f 4196 1178 6707
f 1182 4756 9480
f 5250 1181 1179
f 1179 5251 5250
f 4194 1184 12586
f 12549 1179 5240
f 13321 3519 3815
f 5253 7707 3814
f 8219 5248 4194
f 5250 5251 1746
f 7517 1184 1616
f 7189 10887 8138
f 8139 1183 8138
f 829 7707 9482
f 9483 9893 9243
f 494 830 3576
f 2195 1188 833
f 9162 2217 1187
f 3576 343 494
f 345 6387 496
f 6387 3447 496
f 3442 3646 3512
f 3646 1186 3513
f 306 3513 1186
f 1186 9162 500
f 9484 837 9163
f 1191 9485 5255
f 5256 5258 1191
f 1429 5257 5256
f 1193 5258 13261
f 5257 1429 5259
f 4213 1191 5258
f 1191 4213 1194
f 4765 5256 5255
f 4220 4221 9165
f 5270 5262 1429
f 1192 2244 1195
f 6716 12010 10052
f 509 4763 4764
f 12011 7085 1190
f 1197 1196 1198
f 5261 1198 505
f 839 5261 9486
f 1197 4762 503
f 3683 840 13155
f 4220 510 5260
f 5262 12812 5259
f 843 1209 1208
f 13377 12012 7441
f 5265 5280 7442
f 5279 5265 1202
f 1202 7442 1203
f 5279 1202 9169
f 849 5267 1212
f 5563 5264 1204
f 4766 9489 8304
f 7442 1204 5268
f 1432 9488 1204
f 1436 1207 5268
f 2221 1203 1207
f 1436 5268 9488
f 347 510 12012
f 2221 5262 5269
f 9487 347 9490
f 1208 1209 1200
f 4234 1622 4235
f 5272 1209 843
f 1621 841 1208
f 4231 4235 5271
f 5272 13029 5267
f 5271 5272 4779
f 844 13030 9491
f 7449 13031 7445
f 1215 5279 9173
f 5274 1443 5275
f 1213 5563 5275
f 5276 5274 1215
f 9173 5273 5276
f 1217 1218 1441
f 850 5278 858
f 5767 858 5278
f 1214 1213 1443
f 5280 5265 1215
f 5280 1204 7442
f 1204 5280 5563
f 1220 4773 11104
f 4783 4231 4776
f 5282 1224 5766
f 5283 7454 5282
f 5292 7454 4786
f 9493 6732 3902
f 860 6732 9179
f 1223 7454 5283
f 1223 5283 1443
f 1214 1443 5283
f 5884 5883 1224
f 16 9951 8313
f 9494 860 4771
f 1223 5285 4786
f 4781 7452 351
f 8311 1226 9494
f 9494 12848 8311
f 4237 10821 1447
f 5284 4238 3437
f 7445 12849 7449
f 1447 7450 9171
f 6437 13348 1227
f 9495 9496 8455
f 9496 9495 8752
f 519 4797 5286
f 7606 1449 5568
f 10898 6534 6735
f 8487 8488 8754
f 4838 1453 4839
f 3741 867 7107
f 4838 11978 522
f 4781 10670 4786
f 11105 10667 10669
f 868 9185 7107
f 4802 4806 4803
f 4805 528 4839
f 5293 5570 7456
f 4805 4839 9196
f 5295 12854 5960
f 8344 3744 9500
f 9185 7457 12600
f 528 4805 9501
f 4806 6748 7459
f 872 10671 3747
f 4265 4815 10375
f 5300 1241 5301
f 886 5770 1633
f 876 1238 1235
f 1236 1455 9187
f 5303 5304 5302
f 7464 3751 894
f 5571 1463 897
f 4825 5577 5576
f 5301 1241 5305
f 4266 5574 3871
f 5306 4269 9502
f 1232 7114 7461
f 9199 4375 12043
f 5307 4269 12043
f 12715 7133 5312
f 5471 6227 5310
f 5310 1244 7612
f 6227 1246 1244
f 5327 4970 5326
f 4843 3871 6753
f 5319 7471 5315
f 5319 5315 7469
f 4844 12042 5314
f 1248 7471 5320
f 4844 5314 7467
f 7467 7468 5316
f 5591 5315 7471
f 5587 5320 5323
f 5587 1247 3870
f 1640 1638 1247
f 1469 1248 5772
f 1900 1951 1776
f 1640 5774 1643
f 5584 5587 5323
f 5321 5319 5322
f 5325 10561 8856
f 5326 4969 5322
f 2103 5328 1255
f 6123 6095 1950
f 7214 9272 9511
f 5329 9863 7898
f 1253 1641 5328
f 1255 5328 1641
f 4849 5773 1252
f 1259 7477 5333
f 12933 13119 7712
f 4871 6763 919
f 10679 11981 7478
f 1260 12340 7479
f 9517 7156 8789
f 920 9223 5335
f 8791 8703 7712
f 5346 5339 1263
f 6762 1259 7482
f 4284 8798 1480
f 10746 5340 7617
f 9215 8790 4865
f 7484 7483 11823
f 919 13119 3791
f 5604 5365 7793
f 5365 5364 1267
f 5347 5349 6221
f 1941 5553 5598
f 4315 921 1269
f 9223 1268 4867
f 5358 5355 4315
f 9536 7160 1270
f 5357 5367 1271
f 9536 1270 1289
f 5366 6223 10682
f 5359 1273 5782
f 2246 5782 1273
f 1267 5359 5360
f 5360 5356 9524
f 1654 5360 1272
f 10687 11830 5461
f 5359 1272 5360
f 1842 5363 5364
f 1654 10080 5356
f 5357 5356 10080
f 1288 5369 5370
f 5369 5389 1653
f 4295 4878 8805
f 4878 6495 3367
f 6773 8804 3835
f 548 4293 8806
f 549 8428 4881
f 4882 13249 9526
f 4909 1277 1276
f 11526 12024 6433
f 4384 11526 8404
f 1277 10073 1276
f 7646 10243 4976
f 4304 1280 12991
f 5373 5377 1285
f 1280 5375 12991
f 1277 12850 10681
f 4910 4305 12850
f 4909 1276 1279
f 5374 1650 7195
f 5374 5607 1279
f 1280 10243 7646
f 1281 582 10545
f 7646 5375 1280
f 4308 582 8860
f 983 5375 7646
f 5375 983 7491
f 551 9235 9527
f 981 4309 7903
f 548 4299 3829
f 4299 548 1284
f 1285 5377 3803
f 6228 4299 5378
f 1284 5377 5373
f 8244 4874 13256
f 12920 4874 11525
f 555 8801 6783
f 5379 6784 4872
f 7618 9530 7169
f 5368 10680 9229
f 7494 7779 5381
f 2260 9551 5966
f 12533 7166 5380
f 7794 5785 7493
f 9533 7495 5383
f 5383 5386 5382
f 7490 7618 12307
f 7512 7496 3639
f 4875 5382 5964
f 6004 5893 1274
f 5785 1299 13083
f 921 9535 9533
f 7489 7159 5382
f 5390 5370 10560
f 5387 10057 10682
f 5366 10057 5389
f 1653 5370 5369
f 5370 1653 10560
f 5371 5390 1761
f 5390 5371 5370
f 9536 1289 13170
f 5459 5387 5367
f 7531 1325 1328
f 7180 7476 1291
f 5397 7183 5398
f 12047 5399 9555
f 12047 10688 13137
f 7796 5402 7797
f 5397 7504 8831
f 5404 5400 7529
f 7504 5399 6005
f 5407 7515 7901
f 7796 1897 1295
f 3906 6506 8477
f 557 7509 9956
f 3856 8485 7507
f 5408 10689 8484
f 11549 6814 12639
f 9547 8499 7510
f 9547 8500 3918
f 10689 5408 9239
f 11414 5409 7505
f 8442 8485 3861
f 946 10690 9548
f 7619 9558 8239
f 1484 9654 9546
f 5411 7513 9554
f 9554 7515 5401
f 7901 7515 5412
f 13169 9552 7186
f 1287 7186 9552
f 4921 1653 12603
f 5416 7506 7514
f 5416 12046 7506
f 5412 7515 9554
f 1301 7494 9556
f 1325 7531 9258
f 5420 8817 9557
f 4325 4323 5429
f 7522 7516 4892
f 934 9242 10265
f 7190 9242 7191
f 9559 9893 9483
f 1492 7635 12835
f 2232 4327 1305
f 4327 6224 1305
f 9560 7520 9241
f 9562 7522 9561
f 1312 5430 1311
f 1309 5426 4340
f 1311 5617 2225
f 5617 1311 5425
f 9244 1309 4340
f 5427 7636 565
f 7522 5429 4323
f 5431 2225 5617
f 7717 4893 5422
f 5432 1313 5430
f 5433 6199 10692
f 1313 1758 5434
f 5433 5434 1758
f 1313 5434 5430
f 11983 4303 5372
f 9526 5436 549
f 12020 4307 4302
f 12019 8808 5779
f 4906 3827 4907
f 941 9564 7195
f 6202 9268 12605
f 3880 7637 11049
f 5437 8854 7643
f 11856 4915 4918
f 570 9565 1317
f 967 2197 5442
f 967 5442 964
f 9252 6263 6504
f 12310 1321 7527
f 5905 7904 9570
f 11834 5616 7525
f 1321 9728 9569
f 1320 1662 10793
f 7715 4890 7714
f 4372 5445 7528
f 5450 5905 9572
f 7528 5445 5451
f 9572 5405 5406
f 5622 1668 12801
f 1667 12801 1668
f 1662 7630 4370
f 5451 1322 7528
f 9572 9570 5405
f 5446 1323 7528
f 4372 1323 4957
f 5442 4957 4956
f 9872 1324 13001
f 9250 8845 569
f 5455 576 12548
f 5455 4352 576
f 4352 5455 1328
f 5457 1328 5455
f 7530 5456 1326
f 5418 1326 5456
f 7533 9576 7531
f 7530 9655 5456
f 5458 9575 9574
f 5901 9574 5902
f 1680 1780 7530
f 5460 7530 1780
f 5458 9574 7816
f 7531 9576 9258
f 1768 10058 10074
f 4968 9577 367
f 5463 8288 12561
f 5624 4366 5626
f 4377 6251 10399
f 8466 3873 9579
f 8452 9579 3873
f 5464 8453 4929
f 7207 1334 9265
f 9578 9266 8853
f 3884 4929 4960
f 8366 7965 9582
f 8354 11343 9582
f 7216 4373 4378
f 5469 4375 4964
f 9583 6515 7215
f 1467 5584 5590
f 2071 5470 6096
f 1465 5327 5311
f 5327 1245 5311
f 5313 5471 5310
f 3912 6532 7981
f 6532 3912 9586
f 1338 8489 9585
f 1339 4974 581
f 3350 8489 9528
f 1339 6535 4974
f 590 984 369
f 590 3910 3311
f 3673 7980 7224
f 7980 11555 3845
f 6362 3930 7541
f 7226 9588 4981
f 4405 4982 5807
f 597 4403 596
f 6832 4403 11964
f 1513 5474 12529
f 12995 7230 5475
f 4422 6852 4993
f 4994 9590 998
f 4996 4992 996
f 618 4998 4994
f 4998 618 4430
f 4431 10408 5477
f 619 1343 6851
f 5478 5477 1343
f 5477 5478 5476
f 619 1684 1341
f 5478 1342 2229
f 1342 5478 1344
f 1344 1343 1341
f 617 1684 4433
f 1684 617 1514
f 5479 1851 1347
f 1851 5479 10694
f 1342 999 2229
f 5481 1351 1001
f 10694 4428 5631
f 3964 7543 3959
f 4995 11991 996
f 5481 5489 1351
f 1001 5479 5480
f 5029 1349 5482
f 5480 5029 5026
f 1353 1026 1350
f 1368 1001 5480
f 1354 4001 5483
f 3981 4001 1356
f 4445 633 8532
f 3979 6857 399
f 4446 12069 5486
f 5486 1011 1359
f 11924 1011 5012
f 3999 8895 8896
f 9309 8899 5487
f 1356 5487 8532
f 5487 1356 1363
f 1363 1364 1362
f 1364 1367 1362
f 9591 642 8101
f 2190 1532 5488
f 13179 6862 9592
f 11561 5489 1003
f 9594 3822 6556
f 1369 1004 11568
f 4489 5490 1534
f 1370 1373 1371
f 5810 7651 1041
f 1534 5637 1375
f 6582 8578 1028
f 1034 8913 7548
f 7782 7719 5645
f 5043 8582 9332
f 1055 6583 5647
f 6875 8921 1046
f 5495 9733 5045
f 1377 1378 1379
f 5060 1062 5496
f 1062 5060 2072
f 1955 6101 9824
f 686 1379 688
f 5491 5646 1374
f 2072 1380 1062
f 732 1382 12050
f 4514 5499 4615
f 5499 9596 1381
f 12050 7554 5502
f 7554 12050 1382
f 687 1382 4615
f 1382 687 7554
f 1383 5502 1792
f 10739 12699 9348
f 7559 7558 1065
f 4530 1069 7284
f 5079 5074 13034
f 1800 5983 1549
f 5983 1800 1870
f 5672 9736 1387
f 9605 5506 8952
f 5104 9008 1702
f 5826 5104 7669
f 10701 7571 10702
f 9609 9610 6893
f 6969 9041 1097
f 9611 7339 10037
f 11840 10926 10703
f 9402 1084 5115
f 5688 9744 6143
f 9693 5519 5688
f 1395 4460 9916
f 6673 13282 6999
f 5689 5523 1713
f 5524 5212 5526
f 5525 5524 7575
f 11796 11795 5697
f 9079 8149 9078
f 1125 7377 7014
f 9621 5529 3423
f 777 6329 6685
f 5527 7684 7687
f 5190 7578 8482
f 12134 7381 8483
f 9704 5528 11919
f 5718 1822 1732
f 5199 9623 7692
f 5199 7692 7689
f 5530 5531 5199
f 1572 5727 9706
f 5728 1405 5532
f 4695 9094 1402
f 5216 4695 1402
f 5538 9624 7579
f 1875 5215 1139
f 5875 5876 1877
f 1134 1403 9084
f 7579 9624 4677
f 4679 9435 7020
f 1404 9437 9085
f 4679 9442 9438
f 4688 4690 9441
f 5206 5210 4692
f 5539 5211 1405
f 9443 8689 7021
f 7582 7036 7583
f 9147 9145 9448
f 4750 9448 4698
f 7584 9625 7587
f 9626 1165 13085
f 1408 1583 4751
f 9627 5998 5542
f 9446 1152 9449
f 9449 9147 9448
f 5541 5540 7586
f 7694 7586 7824
f 1583 1408 5237
f 11663 9456 5134
f 1157 9460 9393
f 10714 13096 10650
f 13140 5601 1477
f 1738 9636 5556
f 1416 9637 9520
f 1596 9712 11861
f 795 4636 13350
f 1417 9638 8950
f 5655 12538 12075
f 5650 5980 1865
f 1418 1386 9467
f 7053 5558 1418
f 1174 5760 5239
f 5246 9475 1172
f 5239 5246 1172
f 817 818 1170
f 1170 802 817
f 1422 13134 1421
f 9472 823 807
f 6704 7432 1423
f 936 12703 9155
f 7193 7605 6795
f 10962 10366 8228
f 5560 5763 4897
f 1425 1613 1614
f 1179 12549 5251
f 7190 5254 1426
f 7191 9482 7190
f 833 832 2195
f 5562 13175 513
f 1443 1213 5275
f 5563 1213 1441
f 7447 4801 9642
f 1442 12014 4794
f 4781 351 10667
f 1223 5274 5285
f 5274 1223 1443
f 7452 4781 5277
f 5277 5285 5276
f 1444 1214 10070
f 10821 3437 7451
f 1448 5287 9495
f 4253 10724 4808
f 5288 9180 7109
f 5565 4787 4788
f 1628 5567 4835
f 1455 5566 7606
f 1452 12713 1450
f 862 4793 4788
f 4247 8758 13133
f 5295 4837 9499
f 4837 5295 3725
f 12714 1236 5572
f 5572 8759 5296
f 5567 1632 4835
f 5300 7709 13383
f 7709 5300 1456
f 9504 9643 9644
f 5577 1635 9644
f 1635 4825 9646
f 1459 9192 5573
f 7472 9505 1636
f 5305 1237 1461
f 9894 5575 4821
f 871 4811 7607
f 5570 5302 9499
f 9192 5304 5298
f 5576 5577 1239
f 4822 5303 4811
f 4825 4821 1459
f 2222 5577 9644
f 5574 4827 1457
f 3760 7465 7123
f 9646 5573 5318
f 1458 8777 9645
f 5591 5317 5315
f 5316 5315 5317
f 4846 5579 7612
f 4937 7209 9726
f 5466 9267 6099
f 4953 4943 12657
f 4969 5321 5322
f 5327 5326 1245
f 5584 1467 5587
f 9648 5581 5585
f 5585 7209 7611
f 5584 5323 1336
f 5326 9267 4969
f 4969 5466 5321
f 5587 1467 1247
f 5584 7831 5590
f 2199 1949 10095
f 1472 11137 1475
f 9650 12616 1261
f 1475 5599 1472
f 13210 1472 10725
f 5890 5594 7615
f 914 9652 1473
f 4861 9104 5336
f 13301 12067 7615
f 5604 5346 7616
f 9649 1261 9206
f 4705 9649 9651
f 5598 7615 5597
f 7615 5598 10720
f 6635 7617 12855
f 10746 6635 1471
f 12074 9636 5594
f 5344 5345 5593
f 7616 5599 1475
f 5348 1475 5592
f 1476 5602 1831
f 5600 1831 5602
f 2311 5602 1476
f 1832 1476 1830
f 1842 5365 11824
f 1605 798 12807
f 5605 914 6634
f 914 5605 9652
f 9215 4865 9216
f 2309 10555 1758
f 4908 4879 4305
f 12602 4304 4879
f 4908 4910 5779
f 5607 5608 1279
f 4909 1279 5608
f 1283 1282 9528
f 5376 12574 4310
f 1482 3803 1275
f 1483 1279 1276
f 5378 5373 982
f 9552 5411 1286
f 5610 7530 5460
f 5610 5460 9656
f 1773 9659 5900
f 5900 5898 1770
f 12505 9542 9207
f 5419 5417 9557
f 10729 7622 1487
f 7623 9238 7624
f 1294 11549 1293
f 11113 10859 11414
f 10965 5613 4890
f 9660 5448 1322
f 12310 9573 5444
f 4890 7526 9240
f 7510 1298 3859
f 9662 7632 3859
f 6224 4327 1664
f 7635 1664 7634
f 1493 10754 568
f 7521 5429 5428
f 560 8820 1309
f 7717 5617 5426
f 9276 12892 4962
f 10734 5439 5440
f 5618 1667 4361
f 1667 5618 5792
f 1843 5619 1761
f 1329 5622 1766
f 5804 5623 1669
f 10074 1669 5623
f 3671 12058 7640
f 4377 4378 4376
f 7534 9278 367
f 5580 10075 9577
f 7611 1465 5313
f 9648 5579 5589
f 5588 7534 5467
f 4962 3884 4960
f 5468 5438 4958
f 1499 3553 1500
f 3553 1499 3300
f 1500 4974 5472
f 4974 1500 3553
f 1499 1500 6824
f 9589 8868 7648
f 7648 986 9589
f 992 1340 5473
f 5629 2238 9895
f 1507 1505 1782
f 1510 1782 1505
f 1510 1505 1512
f 1512 6008 1510
f 385 6547 3950
f 377 5630 382
f 5632 1685 5631
f 1851 5631 1785
f 9290 9289 9294
f 1508 4404 12607
f 4400 1516 12607
f 5026 5482 9593
f 9297 1353 1519
f 7238 1019 4000
f 10735 9305 5021
f 8897 1520 9667
f 1688 1521 10076
f 5634 8897 9667
f 1693 628 5485
f 7647 1359 1522
f 4446 1360 1524
f 1020 640 8899
f 1362 5017 9309
f 1527 5633 7649
f 1015 5020 7649
f 5020 1527 7649
f 1527 5020 1529
f 736 5636 5488
f 5636 2190 5488
f 736 4641 5636
f 1016 4453 13248
f 8901 7365 5018
f 1533 4490 5492
f 8919 4498 8918
f 5639 1534 5638
f 2310 5638 9670
f 5490 9670 5638
f 2310 5813 5638
f 1053 1790 5059
f 5495 5640 5036
f 1041 7864 10737
f 1041 10737 5810
f 5490 1535 9670
f 7868 1041 7651
f 2181 5643 9671
f 1041 7868 7864
f 5040 1855 7783
f 1538 1790 1053
f 2204 1538 5496
f 1538 5646 1790
f 5049 5646 2204
f 7266 4033 12536
f 11442 4722 7654
f 6083 9681 5654
f 5654 5668 9680
f 6157 5656 5658
f 5982 9677 10762
f 7563 1564 8941
f 5823 9677 5658
f 7661 9841 1699
f 9674 5503 1860
f 12611 7662 12377
f 5558 7601 1418
f 9360 8954 9359
f 5073 5665 9679
f 5654 9680 1801
f 5667 5085 7665
f 7665 5506 5667
f 5666 7666 1548
f 5084 5085 1799
f 7666 5666 9605
f 9680 5668 13358
f 4543 700 9682
f 1549 5670 5671
f 12859 13346 2240
f 7306 5083 5923
f 5083 1548 5671
f 5521 1120 5175
f 5673 2240 5672
f 7768 9684 7679
f 1549 5983 1980
f 10478 7766 11141
f 5674 12632 7667
f 1930 9686 6043
f 1980 5670 1549
f 9802 5844 10090
f 1550 5675 1551
f 1387 1552 1813
f 1813 5673 1387
f 1813 13129 5673
f 12052 5677 5678
f 5678 6994 5176
f 5949 5176 5950
f 1705 7727 5682
f 4623 4523 9029
f 5914 10081 7732
f 5738 1590 12063
f 9402 9692 1084
f 5157 1100 7334
f 1108 9403 13026
f 1108 10743 1560
f 5680 5679 1707
f 1084 9692 5687
f 5687 5157 1707
f 1708 10743 6103
f 6103 13026 9693
f 1561 9693 5688
f 5156 10749 12062
f 4129 5690 7736
f 7674 11758 9602
f 5172 7372 1562
f 5837 7733 12608
f 5692 5693 5173
f 8941 1564 7676
f 1931 5169 1715
f 2275 5694 5695
f 5689 6044 8669
f 7765 5949 1713
f 5849 9749 12053
f 5697 5849 5179
f 5703 1566 1568
f 5704 5703 7770
f 5703 1567 7770
f 5701 5699 12054
f 1566 5701 11925
f 5704 5701 5703
f 1566 5703 5701
f 767 9417 9695
f 9417 767 7370
f 1125 472 9079
f 7681 9696 9697
f 5706 1820 1725
f 9619 8695 8694
f 4668 9697 5705
f 5708 11929 9702
f 5709 2231 2250
f 9896 6232 7682
f 7740 10756 9702
f 2307 1571 11929
f 6242 9422 9703
f 3423 7688 9621
f 3392 8033 9705
f 13230 13172 12610
f 9621 13230 9622
f 6327 7381 6326
f 9705 5711 1574
f 4673 5200 9426
f 4170 1398 5714
f 5713 4170 5714
f 5718 5715 5722
f 5715 5863 5724
f 5710 1130 7684
f 9622 7692 5529
f 5713 5719 4170
f 5719 5720 5864
f 5531 5530 5725
f 7691 5723 5720
f 5727 7690 1733
f 5863 10645 4687
f 5201 10645 5198
f 7773 1575 5725
f 1405 5728 5539
f 1576 5539 5728
f 11802 5539 2253
f 4684 4691 4694
f 5729 786 4690
f 11802 2302 6239
f 9082 4686 4685
f 4684 4694 5532
f 1823 5201 5198
f 5214 1144 9624
f 5216 9754 5217
f 7583 5540 9625
f 5542 1407 5541
f 12068 5237 1409
f 1935 6050 7910
f 13173 1420 1828
f 7431 2271 1583
f 1408 4751 11908
f 7696 7347 6968
f 5546 10745 11094
f 9711 7698 9459
f 5731 1591 5741
f 1410 13264 5546
f 5156 12062 7699
f 1585 13353 1591
f 7700 5732 5731
f 1710 9711 9694
f 1107 5154 9694
f 5154 10618 1559
f 5155 1107 1394
f 5742 4724 1589
f 2156 5734 2153
f 12806 5736 1587
f 1589 1586 6238
f 5736 5735 1588
f 1594 5738 4724
f 1394 1592 5155
f 12806 1587 7700
f 7700 5731 5741
f 1596 5749 1591
f 2167 5334 2166
f 1593 5735 5736
f 2241 5742 1589
f 2156 1590 5738
f 1590 2156 1592
f 1600 5750 1598
f 5745 1598 1593
f 4724 5742 1594
f 5744 12806 1595
f 2124 7841 5740
f 1600 5745 5744
f 5745 1600 1598
f 1600 5744 1599
f 2166 5750 1602
f 2080 5750 1600
f 1605 5751 5752
f 5755 5751 12064
f 2080 1600 1599
f 7698 9714 5739
f 5739 9714 7599
f 1415 9718 5753
f 12290 7352 9716
f 5981 13334 5980
f 5754 1604 798
f 1936 1479 5755
f 799 5920 12807
f 13327 12064 12807
f 5754 5752 5758
f 1479 1478 5751
f 5754 5758 9721
f 5756 7600 12118
f 12118 7705 5603
f 490 9722 9148
f 6514 1740 9723
f 5730 820 7431
f 5881 5958 5761
f 5763 11819 13333
f 9724 937 11819
f 4898 5560 7603
f 5764 4897 13333
f 1743 13333 937
f 13333 1743 5764
f 1613 5765 1615
f 4755 1746 1839
f 1746 4755 5250
f 4212 3569 4762
f 1198 1427 4762
f 5263 1195 12812
f 2220 1622 2219
f 2218 513 4227
f 513 1623 11896
f 5264 5563 1441
f 11909 851 850
f 5282 10070 5283
f 1222 10070 5766
f 5282 5766 10070
f 5767 11921 9176
f 11921 5767 1627
f 5767 1438 1627
f 1455 7606 1628
f 5567 1628 5568
f 1230 5567 10079
f 12714 1455 1236
f 5769 1752 10757
f 1463 4840 897
f 4836 1632 1230
f 5772 1233 1754
f 4267 1464 9502
f 875 4263 906
f 4849 1636 881
f 883 881 1636
f 1636 4849 7472
f 5773 1233 1637
f 1249 1637 13325
f 1233 5772 1638
f 1638 3870 1247
f 1643 5774 2071
f 5774 5470 2071
f 5470 5774 1467
f 1467 5774 1247
f 1460 892 4255
f 890 4255 892
f 9193 903 9645
f 5625 7902 5589
f 7471 1469 5591
f 5317 5591 1633
f 1469 5888 5591
f 1248 1469 7471
f 3870 1638 5772
f 7467 5316 5771
f 5316 5317 5771
f 4844 7467 7711
f 13087 1471 7046
f 5776 13210 9727
f 4636 795 5776
f 4636 5776 9727
f 4716 5556 7057
f 5777 4715 4708
f 797 7057 5556
f 9721 7705 4718
f 5890 7615 10720
f 5347 5606 5350
f 1647 1758 945
f 945 1758 1313
f 1275 3803 6774
f 5377 4298 3803
f 5374 1278 1651
f 7195 9564 5607
f 5608 9247 5779
f 1654 1656 10080
f 5388 10080 1656
f 1656 7620 7836
f 5367 5357 10080
f 1654 1272 7620
f 5362 12856 9837
f 10057 5781 12603
f 1656 5787 5388
f 9837 6152 5362
f 5610 9656 12612
f 1658 12856 6180
f 1943 5786 2150
f 5364 1273 5359
f 1273 5364 5363
f 5787 10094 5388
f 5459 5388 5620
f 5788 1661 4921
f 1661 4922 4921
f 5788 5781 5789
f 1659 5789 5781
f 1843 1761 5390
f 7717 5431 5617
f 568 4911 1493
f 5791 4901 1493
f 1315 7523 7198
f 5618 5450 7778
f 5622 5794 1766
f 1669 10074 5793
f 1778 1668 4359
f 5450 5618 4361
f 1668 1778 1667
f 1669 5794 5804
f 12619 5795 12801
f 5795 5804 5794
f 2304 5415 6231
f 1299 5785 5384
f 5800 5893 12939
f 5384 7794 5800
f 5798 1671 1670
f 5801 1671 7777
f 1672 5801 4922
f 4359 1495 1777
f 2001 4362 1676
f 1677 1776 1775
f 1776 1677 1678
f 4362 1775 1676
f 5793 577 1329
f 5450 1779 5905
f 2247 4952 5803
f 5803 964 5442
f 4957 5442 2197
f 1301 5413 5967
f 1326 1679 1680
f 9668 1502 5627
f 4398 1503 3935
f 5473 3935 1503
f 5807 1783 4983
f 1029 1514 617
f 611 5632 4428
f 5808 6007 4423
f 997 3301 1516
f 1516 4401 1686
f 1686 997 1516
f 5633 1521 9667
f 1521 5633 10076
f 5634 5485 628
f 1688 1689 13359
f 632 4444 3981
f 5011 1693 5012
f 1521 5635 5485
f 5635 1521 13359
f 5059 1790 12858
f 5644 4485 2181
f 4485 5644 1535
f 12624 4486 3850
f 9766 9671 9669
f 7782 5040 7260
f 5040 5039 7260
f 5493 7719 9333
f 7652 9734 5640
f 5810 10737 7917
f 5641 5642 1536
f 5811 9669 5809
f 5811 7749 5814
f 5814 5812 2310
f 4038 5041 9767
f 1957 6072 4509
f 6072 1957 12541
f 5815 5911 9769
f 1792 5816 1383
f 2280 1864 2282
f 5820 5821 5931
f 7721 5759 4704
f 13370 5231 5822
f 7299 5822 4713
f 5076 9678 5822
f 1542 5823 5658
f 1798 5877 1868
f 5981 1868 5877
f 5661 5664 12075
f 5668 1870 1800
f 1870 5668 9681
f 7834 2076 1982
f 9820 6084 1803
f 5828 9741 7725
f 7728 7725 5831
f 9818 13164 13265
f 7728 7726 1086
f 5680 2288 6217
f 9687 5681 7669
f 715 8980 4585
f 9885 5095 9379
f 5679 9741 1707
f 1554 5510 1706
f 7726 1706 5510
f 5092 12614 9385
f 5829 9740 9739
f 1084 5687 5828
f 5687 1707 9741
f 5115 5828 7728
f 1708 5830 13354
f 2288 5680 5112
f 5830 5112 5116
f 5832 5985 5225
f 9742 9780 1557
f 7833 6143 5518
f 1590 1592 5517
f 11143 1710 1559
f 5835 9392 10749
f 1726 5702 1568
f 11642 9615 1120
f 11642 10740 9615
f 10763 5845 7733
f 12060 5838 12312
f 9745 11580 7562
f 5694 6044 5689
f 5840 5694 7737
f 1713 5949 7737
f 7765 1713 5523
f 1715 5169 1714
f 1716 5841 13129
f 1714 9746 1715
f 13129 1813 1716
f 1815 5675 1550
f 5841 1718 10083
f 1718 5841 1716
f 5843 1718 1716
f 1717 9793 1720
f 5845 10763 2305
f 5846 5845 6089
f 2258 5848 5842
f 12630 5212 5524
f 9698 1722 5851
f 5212 12630 5994
f 1724 2303 5706
f 8669 6047 5168
f 9750 5186 5184
f 5858 9748 5860
f 5854 5857 5856
f 5855 5856 1871
f 9750 5184 5183
f 1871 5856 2193
f 776 5186 9701
f 5186 9750 9701
f 1565 9698 5698
f 9698 1565 12808
f 4666 5700 9699
f 12313 9077 9620
f 1728 5183 5185
f 6198 5707 7771
f 1728 7771 1570
f 5707 6198 6197
f 7764 9810 7739
f 1932 5861 1820
f 9620 9619 8694
f 6241 5721 7685
f 2306 5712 1731
f 5862 2264 6230
f 5723 5724 5863
f 5863 5718 10645
f 1732 1822 10084
f 5202 5198 1732
f 5864 5197 5719
f 5867 5864 10643
f 9752 9751 5872
f 9753 9709 5868
f 476 7385 7741
f 3387 7772 7742
f 5728 1578 1734
f 1734 1578 1401
f 1826 10085 5874
f 1402 5876 5216
f 5214 5203 7399
f 5213 5538 5220
f 9754 1736 5218
f 5533 1579 1736
f 5534 1736 9754
f 1986 5536 1827
f 5877 1798 5878
f 5752 5879 5758
f 5879 5752 1478
f 5879 1831 7774
f 1831 5879 1478
f 4716 1738 5556
f 7431 1583 12068
f 12725 2214 6219
f 2214 12725 9473
f 9475 5880 10078
f 1740 5762 9723
f 1424 9722 9723
f 489 8007 8467
f 5958 5881 12539
f 1615 5765 5882
f 1743 13074 12017
f 1743 5959 5764
f 5959 1743 12017
f 1839 1746 1617
f 1615 1617 1746
f 1304 1617 1747
f 1222 5766 9756
f 5766 5883 9756
f 7454 5292 9755
f 5768 9756 10757
f 11105 10669 8475
f 5292 526 9755
f 5883 5769 9756
f 10079 1749 1753
f 6001 1750 1751
f 5884 9755 5885
f 5769 5883 5887
f 1938 5887 5884
f 1754 5773 4849
f 5888 885 1234
f 885 5888 1469
f 1460 4836 1891
f 1477 12618 1939
f 5891 1989 6059
f 1757 12616 5961
f 5891 5890 1989
f 4340 5425 5778
f 9244 4340 8826
f 5425 1311 10692
f 5432 1759 1313
f 5435 1665 5790
f 4911 4903 5790
f 1760 5435 1649
f 1948 1899 5892
f 5801 7777 1660
f 9758 1845 9759
f 5619 5386 7495
f 10560 1660 5390
f 1843 5390 1660
f 1744 5894 1763
f 5894 10087 1308
f 5894 1308 1765
f 10087 5791 1308
f 4333 8824 3360
f 938 6800 10805
f 1669 1766 5794
f 1329 1766 5793
f 5896 9760 5403
f 2255 2248 2262
f 1770 1661 5788
f 5619 1843 1844
f 5897 2263 1769
f 5898 1672 1661
f 5620 1849 1659
f 5796 9659 5799
f 9659 5796 5898
f 5899 1770 5789
f 1773 7798 1772
f 5902 7744 5901
f 7744 5902 9655
f 9656 5799 1772
f 1849 1948 1898
f 966 5621 971
f 972 7638 966
f 1673 1668 5622
f 1668 1673 4359
f 7904 2247 9570
f 4371 4372 9897
f 4956 4957 1323
f 5905 1779 6229
f 5628 1683 12529
f 4983 1781 987
f 5906 1510 2236
f 1510 5906 1782
f 1784 13342 3952
f 3952 385 7747
f 7747 5474 1784
f 611 4425 12857
f 1352 1787 1511
f 1521 5485 9667
f 1357 5484 1692
f 5017 1695 1788
f 1533 1789 12858
f 1372 1533 12858
f 1372 5491 1374
f 5646 5491 1790
f 7255 5642 5641
f 5812 5814 5497
f 9900 1791 7785
f 687 8633 1856
f 7787 5908 9768
f 5908 7787 5972
f 5816 4573 7750
f 5909 1793 4573
f 2278 2207 9769
f 1794 1697 7750
f 9768 5909 7787
f 4573 5910 7750
f 5815 9816 5911
f 6215 1793 9768
f 7906 7729 5908
f 9769 9890 5815
f 4617 2074 2060
f 1709 9743 5833
f 5941 1811 5929
f 5919 6038 5987
f 1797 7756 7789
f 1385 7838 7660
f 5657 10762 9677
f 5069 5659 7285
f 6164 7664 9843
f 5656 9676 9675
f 9791 1701 9825
f 1799 5825 5084
f 7306 5923 1075
f 6081 5924 5669
f 700 1801 9682
f 12621 6083 9737
f 1804 7909 1803
f 1906 7789 5927
f 1961 5926 1863
f 5927 1961 6080
f 1961 5927 5926
f 9826 1701 9791
f 6081 9825 9737
f 1805 5925 1802
f 5925 1805 9820
f 5929 1863 5926
f 7757 1806 10082
f 9379 11623 9885
f 7760 12690 8935
f 9609 9028 9610
f 9777 5932 1913
f 7761 9777 9779
f 1807 5939 7763
f 1808 5934 9803
f 10798 5936 10759
f 5937 5737 5935
f 7761 5512 9777
f 1808 5936 6020
f 1912 5935 9780
f 1807 5934 5933
f 9808 12623 6019
f 5933 5685 5939
f 5940 1918 13174
f 5919 1698 5929
f 5941 7756 5942
f 12860 5685 1920
f 5694 5689 7737
f 5169 5170 5840
f 1715 10083 1931
f 1716 1813 1719
f 1552 1719 1813
f 5948 12941 5696
f 5176 5949 7765
f 5678 7765 5676
f 5677 12052 11648
f 5948 7737 7767
f 5948 7767 7766
f 5677 2239 5678
f 5507 12941 10478
f 10090 9747 1552
f 2257 10090 5844
f 5675 1817 5844
f 5670 1550 1551
f 5844 1817 2257
f 1550 1980 1922
f 7757 1925 2030
f 1922 1980 1816
f 5951 1711 9793
f 1819 1726 5861
f 1820 5861 1726
f 1819 2035 5842
f 1567 5702 12809
f 5848 2258 9898
f 6195 6047 13336
f 7740 9700 7771
f 1729 7740 5707
f 1873 5865 5953
f 5865 1873 1141
f 5723 7691 5724
f 5718 5863 5715
f 5865 1573 10797
f 1824 2302 1735
f 5194 5868 5954
f 7773 7392 5869
f 1138 5870 9429
f 9753 5194 5870
f 12805 5870 1138
f 3387 4682 4681
f 5870 11860 9753
f 1734 1823 1143
f 4694 785 1825
f 1402 5874 5876
f 5875 5216 5876
f 10644 1826 5955
f 5215 1876 1826
f 5876 5874 5536
f 10085 1827 5874
f 5533 1736 12631
f 1876 10085 1826
f 7774 1831 5600
f 7774 5600 5603
f 5756 12118 5601
f 1606 1936 5755
f 9636 1738 13301
f 12725 5760 1174
f 5246 5239 5760
f 9473 1168 2214
f 5760 12725 6219
f 4738 9144 7077
f 9144 4746 4743
f 7077 9144 4743
f 1739 5880 10077
f 5880 9475 5957
f 5957 4751 5880
f 5882 1747 1617
f 5764 5959 1838
f 1838 12540 5764
f 5894 1838 10087
f 5959 10087 1838
f 4901 10087 5959
f 1839 13035 1185
f 1839 1185 4755
f 5602 2311 12618
f 10720 1756 5890
f 1757 5961 1842
f 6059 5889 5891
f 1844 1843 7777
f 1845 5797 1769
f 5897 1769 5797
f 5386 1845 5964
f 4875 5964 6004
f 7795 1847 9798
f 1847 7795 5406
f 1767 2260 12619
f 5792 1767 12619
f 7494 5967 9729
f 5967 7494 1301
f 6139 1899 10094
f 13342 4985 3951
f 603 3951 4985
f 602 13355 13342
f 3949 13355 604
f 1351 4428 10694
f 6379 6553 8373
f 5970 1512 1902
f 1512 5970 1903
f 1785 5631 1685
f 5632 611 5969
f 1852 1903 5970
f 5497 5814 7749
f 5645 9672 7782
f 424 5971 5493
f 1854 9331 11055
f 5645 9787 9672
f 9787 9788 9334
f 10575 7786 9767
f 7787 5909 1539
f 6129 5974 1858
f 5118 1697 4614
f 1857 4614 1697
f 6129 1858 4617
f 1858 5974 1959
f 2006 6012 1958
f 9674 7274 5503
f 7055 9691 5976
f 1796 9789 7820
f 1862 5978 2274
f 1905 9776 5978
f 9776 1905 6079
f 9117 1796 9775
f 1905 5978 1862
f 5929 5926 5941
f 1417 5505 8951
f 1866 5878 1798
f 8951 5979 4539
f 1798 6051 1866
f 5505 10099 5979
f 5663 5505 1417
f 5981 5980 13302
f 1907 1868 9792
f 1907 9792 6014
f 1073 5082 7303
f 1075 9736 1799
f 1800 5984 13358
f 1805 2285 1966
f 6157 5982 7811
f 5668 1800 13358
f 2031 7769 5820
f 5983 1870 2030
f 2019 5820 5931
f 1908 5670 1551
f 1799 7306 1075
f 1800 1549 5984
f 5083 5671 1908
f 5985 7807 5225
f 6169 2121 12072
f 5225 6024 10759
f 5978 5987 12073
f 1921 1816 1981
f 6040 13335 1923
f 1927 5988 5989
f 5990 5989 6164
f 12949 5991 5691
f 9784 5992 1818
f 5170 6045 5695
f 6045 5170 1931
f 1932 1820 5993
f 5706 1727 1820
f 13336 10110 1871
f 5858 2193 5856
f 5695 2035 2275
f 10797 5953 5865
f 2251 5994 2250
f 2253 1142 1141
f 10644 5215 1826
f 1402 5955 5874
f 1401 1875 1577
f 5875 1877 5534
f 5940 13174 13141
f 6051 1937 799
f 5920 799 1937
f 6051 2010 1937
f 7775 1887 2094
f 7603 5561 1840
f 526 8475 5999
f 5885 1938 5884
f 1752 6001 10757
f 5960 6000 1894
f 1893 1631 1892
f 1750 6001 1892
f 9757 524 11978
f 5890 1756 1989
f 1756 1943 1989
f 12081 5339 6220
f 9763 7746 12880
f 9797 9823 9796
f 1845 9758 5964
f 5790 1665 5791
f 1308 5791 1665
f 1764 5432 3831
f 5430 3831 5432
f 9798 9760 7795
f 1897 7796 9660
f 8831 7504 5614
f 5896 5407 7901
f 11115 5403 9798
f 5804 9729 5623
f 1768 1848 2261
f 1771 5899 1898
f 9845 1657 2149
f 9822 9799 9800
f 6160 6159 2102
f 5802 5968 1678
f 5968 1952 10096
f 1505 1509 1902
f 2237 6008 9786
f 6008 1903 6007
f 2003 6070 688
f 4513 1856 1956
f 1856 4513 5972
f 2057 1904 2052
f 2006 729 6012
f 6011 6012 729
f 1863 6079 1962
f 1907 6014 2009
f 2010 9811 1937
f 5931 6015 2019
f 7807 6017 6024
f 6031 7807 5985
f 7807 6031 1917
f 6016 9803 5934
f 6033 6019 12623
f 5938 2027 2287
f 5225 7807 6024
f 1909 7800 6017
f 1915 1909 13174
f 7800 1915 5986
f 5936 1969 6020
f 5943 9782 5685
f 5937 6021 7801
f 6034 7822 5986
f 1808 1810 5936
f 7822 7800 5986
f 1809 9808 9806
f 9001 7803 9804
f 7804 9032 7805
f 5938 2287 6016
f 6017 6025 1909
f 1914 13141 2296
f 1915 6035 5986
f 1918 6035 13174
f 1914 6026 5940
f 6026 2029 5940
f 1911 2028 6027
f 6028 2119 1917
f 1917 6025 6017
f 6025 1917 2119
f 1911 6031 5985
f 6032 8022 12623
f 1970 12544 6035
f 6282 6036 6037
f 1920 5942 1797
f 2274 12073 1919
f 5651 5915 1797
f 5944 5941 5942
f 1919 12073 12544
f 1811 9821 5919
f 12073 5987 6034
f 5919 5929 1811
f 7743 13183 1795
f 1969 1811 5944
f 7822 6038 6088
f 1970 6035 1918
f 5946 1711 5951
f 9784 10092 5946
f 9784 1818 12949
f 5991 1818 1815
f 1818 5991 12949
f 1981 1816 2030
f 6039 1922 1816
f 6039 1923 5991
f 5691 5991 1923
f 6040 1923 6039
f 6041 5947 1921
f 10092 1924 9735
f 1929 9793 12312
f 1928 5951 9793
f 5951 1928 5992
f 5989 13335 1927
f 6105 1982 6041
f 5988 5947 1982
f 9842 9844 9735
f 5990 6042 7810
f 1930 9898 10763
f 1720 9793 1929
f 1930 10763 5837
f 1930 6043 9898
f 2283 6045 1931
f 7764 9783 9810
f 5168 6195 5690
f 6046 6196 5520
f 5690 6046 5839
f 2275 1932 6044
f 6044 5993 6047
f 8699 7065 6505
f 12542 7029 12543
f 5956 12543 6048
f 1582 6050 1935
f 7910 6050 7695
f 1868 6052 1798
f 2010 6052 1964
f 1868 1907 6052
f 6052 2007 1964
f 1607 1606 7835
f 1938 5885 524
f 1938 5886 5887
f 5886 1938 9757
f 1988 8454 3898
f 8454 1988 522
f 3725 5960 1894
f 1477 1939 13140
f 1941 13140 1939
f 1939 1942 1940
f 12618 1942 1939
f 5553 6053 6002
f 6053 6056 7813
f 6054 2068 1945
f 2148 2069 6057
f 1842 5961 5363
f 6058 5889 6059
f 6058 6181 10765
f 6060 1943 2151
f 7500 9513 12654
f 5391 9812 2227
f 6062 1771 1995
f 12612 5903 7744
f 9797 9796 2047
f 963 10095 1950
f 6094 6096 6064
f 5968 5802 1952
f 1901 1954 8858
f 7825 1953 8851
f 5802 10396 1952
f 6815 6067 10395
f 2004 6076 1955
f 11994 6101 6076
f 4509 6071 1957
f 7889 6208 2005
f 7818 7819 7751
f 2279 1957 6071
f 2279 6071 9816
f 6010 2006 1958
f 5975 6011 6077
f 1960 6013 2280
f 1863 1962 1961
f 5927 7909 1906
f 6080 1961 1962
f 1963 2017 1905
f 2281 1802 1962
f 9825 9775 9791
f 1804 9826 9791
f 5917 10099 2138
f 6015 5931 6084
f 5821 12621 1965
f 6084 9820 6015
f 6086 2286 6085
f 2285 6085 2286
f 2020 6015 1966
f 2007 2011 1964
f 1802 6085 1805
f 2017 6086 2281
f 6085 2281 6086
f 2034 6105 6041
f 2027 6087 4606
f 6087 2027 5938
f 6169 12072 9803
f 10798 6088 9821
f 1811 1969 9821
f 12544 1970 1919
f 1864 1970 1971
f 1987 9811 2012
f 1816 5983 2030
f 2031 2019 2033
f 12683 5704 4661
f 5845 2305 6089
f 6045 5842 2035
f 5695 6045 2035
f 10009 11685 7823
f 11685 3889 1984
f 11685 1984 7823
f 6090 803 802
f 803 6090 7823
f 1828 1986 1737
f 1582 1610 6050
f 7824 5219 1581
f 1877 1935 7910
f 523 4247 4800
f 4249 3914 3898
f 1453 4838 1988
f 6002 1756 5553
f 1756 6002 1943
f 1989 6060 6059
f 9823 9831 11872
f 6095 1468 6094
f 6096 6094 1468
f 1468 2070 1642
f 2102 6097 6160
f 963 1950 4949
f 6094 6064 6098
f 6095 6098 1950
f 6225 5583 1466
f 1466 5466 6225
f 6099 5582 12021
f 8437 3847 11926
f 5802 3847 10396
f 574 2001 4354
f 1675 4354 2001
f 2002 4363 6815
f 8842 8841 8852
f 4509 6072 2003
f 1956 6070 6072
f 2004 6068 5973
f 5973 7826 6208
f 6126 9824 6101
f 2003 6126 7817
f 6128 708 2005
f 6069 2004 1955
f 6103 2059 6102
f 5975 5913 6012
f 6104 2073 2057
f 9775 9825 5928
f 1982 6105 7834
f 6145 7834 6105
f 2007 1907 2009
f 6052 2010 6051
f 6107 2024 6108
f 2024 6107 2021
f 5930 1967 6086
f 2123 2011 2009
f 6083 5654 5924
f 5930 1963 2018
f 1968 6015 2020
f 6108 6086 1967
f 1968 6109 2033
f 5820 2019 2031
f 2020 6109 1968
f 2020 2285 2022
f 2023 6106 2033
f 1982 2076 5988
f 6109 2022 6110
f 2021 6110 2022
f 6106 2023 2063
f 6105 2032 6106
f 6112 5988 2076
f 6036 7809 7801
f 7827 4090 4588
f 725 7828 6282
f 6087 6019 6033
f 4606 6087 731
f 727 6113 9827
f 6113 6169 9827
f 2105 6027 6154
f 2029 1972 1918
f 1870 7757 2030
f 6106 2032 2033
f 1925 7769 2034
f 2032 6105 2034
f 1981 6041 1921
f 2045 2148 2044
f 2042 6114 2043
f 6116 6115 6138
f 2069 6116 2140
f 11877 2049 6183
f 7852 6182 6118
f 6119 6173 9852
f 9850 6121 2142
f 6117 2044 6057
f 2045 2044 6119
f 2127 9836 6055
f 1946 6115 6179
f 6062 5899 1771
f 1771 1948 9829
f 5892 2048 9829
f 6150 6140 2098
f 1467 5590 5470
f 5470 11136 6096
f 2071 6096 1468
f 5466 1466 1336
f 2070 6123 1998
f 9824 1378 6125
f 1378 9824 6126
f 2003 1379 6126
f 2072 6069 6125
f 1061 6128 9832
f 2050 7883 4555
f 5913 12942 1958
f 2051 5974 6129
f 2134 2056 7833
f 13039 5974 2051
f 6133 2052 6010
f 2074 4617 1857
f 6129 6135 6131
f 6132 6235 5830
f 6102 6132 1708
f 9833 6133 2055
f 2056 2052 6133
f 2052 2056 2057
f 6104 2057 2134
f 2056 2134 2057
f 2054 6131 6134
f 2061 6134 6131
f 2059 6134 6102
f 6134 2059 2055
f 6103 9693 2059
f 6129 4617 6135
f 6235 6135 2060
f 2288 6235 2211
f 729 2006 4584
f 730 4584 2006
f 11928 4584 730
f 6077 724 9819
f 725 9819 724
f 12076 725 12077
f 9003 9017 8642
f 6153 7837 2048
f 6054 2043 6138
f 6115 2068 6138
f 6116 6138 6114
f 6116 2069 6115
f 1899 6139 6149
f 6149 13267 10097
f 6140 6150 13267
f 1642 1643 2071
f 1380 6125 5498
f 6125 1380 2072
f 2312 5496 5055
f 1379 1378 6126
f 9824 6125 6069
f 6068 6142 7826
f 6127 9832 6128
f 7826 6127 2005
f 12839 2073 2053
f 1794 2074 1697
f 2060 6135 4617
f 1561 6143 9833
f 2059 1561 2055
f 12839 6130 727
f 2128 6144 2104
f 2090 6154 6027
f 2063 6145 6106
f 6156 5917 2063
f 6111 5989 5988
f 6146 1602 2080
f 12659 11927 9822
f 6137 12659 1995
f 6153 2087 9838
f 2127 6055 2118
f 2098 6140 2046
f 6120 2046 6092
f 6152 2046 6140
f 6163 2093 2136
f 2093 6163 2021
f 6156 2136 6082
f 1699 9842 6042
f 2148 6158 2126
f 6097 2101 6124
f 1251 6159 12620
f 6160 7825 6159
f 5328 2103 1251
f 1255 2089 2103
f 2121 2028 1911
f 2104 6161 6028
f 1862 2111 1963
f 6162 2112 2110
f 2111 1862 6013
f 2112 6162 2123
f 1967 2113 2025
f 2063 2023 6156
f 6110 6163 2023
f 6107 2025 6175
f 6175 2137 6107
f 5989 6111 6164
f 6147 2114 1599
f 2080 1599 2114
f 6147 2115 2114
f 1414 9852 7843
f 9846 6167 6117
f 2114 2115 2042
f 6152 9837 2046
f 2118 10098 2099
f 10098 2118 9845
f 2118 6168 2127
f 6168 2118 2099
f 1251 2103 6159
f 2090 2091 6154
f 6155 6154 2091
f 2120 6161 2106
f 2028 2121 6113
f 2053 6104 2058
f 1110 6170 2135
f 6171 2135 6170
f 2093 2137 6236
f 11874 5916 7722
f 1595 6166 7839
f 6172 9848 9847
f 9849 1414 7843
f 6147 7839 6165
f 7702 5338 9848
f 2115 7844 6114
f 5997 2125 2041
f 5997 6146 2125
f 9845 2149 10098
f 6119 9850 6168
f 6148 6120 6151
f 2155 6174 2152
f 2135 12317 10771
f 2021 2137 2093
f 5917 6156 6082
f 6175 2008 6014
f 6116 2139 2140
f 9846 2140 2139
f 2115 6114 2042
f 2140 6057 2069
f 6057 2140 6117
f 9860 9520 9634
f 9854 9521 10772
f 6177 2295 2141
f 6178 6177 7849
f 7911 6177 6178
f 6151 6178 7849
f 2142 2127 9850
f 6153 11873 7847
f 6151 9836 10772
f 2069 6179 6115
f 6158 2148 2045
f 2126 7813 6056
f 1657 6180 2151
f 2151 6181 6060
f 6181 2151 6180
f 2130 2154 2157
f 2150 1657 2151
f 1273 10765 2246
f 6180 2246 6181
f 2153 5734 6171
f 6174 6171 5734
f 2152 1594 2154
f 5155 2153 6170
f 6171 6170 2153
f 2156 2153 1592
f 1594 5742 2154
f 2122 6171 9851
f 6122 11879 11886
f 9860 9634 7852
f 2152 5743 1594
f 5743 2152 5734
f 2153 5155 1592
f 2169 1586 5334
f 5334 1598 5750
f 1593 1586 5735
f 379 3948 5630
f 377 382 4407
f 6568 2172 8541
f 3991 3966 2172
f 8674 7011 10776
f 8677 6527 7858
f 6343 8147 8678
f 4209 2173 307
f 3578 6718 4210
f 6718 2174 4210
f 8738 4210 10015
f 2174 6720 508
f 499 1428 839
f 6066 11541 9815
f 9815 8837 11552
f 1499 586 3300
f 12785 2175 370
f 13066 6849 7861
f 6277 3363 6570
f 3850 9731 4469
f 4470 4469 9731
f 4474 6187 9864
f 6186 3362 8426
f 3824 6872 6570
f 7867 7256 321
f 4491 7867 8426
f 5643 2181 6190
f 2179 4473 2178
f 7866 6869 6190
f 2178 7864 7868
f 6189 9864 12838
f 4012 6189 9866
f 2180 6191 9865
f 6191 12624 7862
f 8914 12838 2201
f 4481 4486 12624
f 9732 6191 2180
f 4485 658 2181
f 6190 2179 7868
f 4477 7864 2178
f 4552 10445 7310
f 649 2185 1113
f 6636 2188 741
f 2186 2190 5636
f 2190 2186 2187
f 2187 2191 1531
f 4140 9076 6193
f 8677 4142 7857
f 7858 6526 6193
f 4139 6662 9074
f 9870 467 6670
f 5168 6047 6195
f 6046 6194 6196
f 5859 9810 6196
f 2193 5859 6196
f 5859 7739 9810
f 4146 770 9870
f 9870 4667 467
f 7739 7875 7764
f 2194 12319 7739
f 6194 6195 13336
f 5860 10752 10780
f 5859 5860 10780
f 5185 770 4146
f 5878 1604 12584
f 1604 5878 1866
f 8024 12120 8719
f 1186 1188 306
f 2195 306 1188
f 307 10368 4211
f 3710 4796 3839
f 4784 858 9176
f 308 888 8775
f 11918 9190 4819
f 6774 6199 5433
f 4321 6775 6799
f 4297 4902 7519
f 7878 6200 8827
f 6229 7904 5905
f 12125 1315 7881
f 6202 569 11963
f 11883 2226 7880
f 5454 11883 569
f 4936 968 2199
f 7882 4934 7880
f 7247 8003 5016
f 5033 9876 1376
f 5034 9876 1037
f 3384 5038 3357
f 12626 9865 4012
f 4546 7884 707
f 2202 11996 6206
f 11906 8958 1057
f 707 6925 4546
f 1062 1380 1052
f 1059 6141 1053
f 1053 5055 1538
f 5496 1062 2204
f 8957 13090 7887
f 6923 4554 8963
f 5090 7915 9367
f 6209 9880 7889
f 6210 9881 8973
f 6941 7320 8261
f 7890 11599 9882
f 8979 6210 4568
f 9886 2207 9740
f 9887 12614 7730
f 5095 9885 7892
f 9888 9377 6211
f 9769 2207 7894
f 2212 6213 1704
f 9884 1706 9738
f 9884 6214 2208
f 2209 6214 7729
f 1793 6215 2299
f 5815 9889 2279
f 6212 1705 7894
f 12066 6218 5831
f 6217 2210 1704
f 2074 1794 2210
f 2212 2210 1794
f 6217 2288 2211
f 6135 2061 6131
f 5910 2299 6213
f 12066 6213 2299
f 6214 9884 5912
f 6218 5912 9738
f 5831 7725 12066
f 6213 12066 6216
f 1114 4462 648
f 2189 4462 1114
f 4099 1116 4103
f 767 9695 1118
f 5952 5674 7770
f 12809 6043 5952
f 9971 6672 4132
f 8672 4668 4133
f 4132 6659 13127
f 10643 7391 10644
f 1139 4687 1577
f 7596 6184 9858
f 10508 1164 11673
f 5760 5543 1166
f 2214 1168 3592
f 5760 6219 5543
f 5957 1166 5998
f 1166 5957 9475
f 5246 5760 1166
f 1612 2215 1172
f 1171 9476 9477
f 7439 4749 2215
f 3442 343 2217
f 1187 2217 3576
f 343 3576 2217
f 503 3569 4213
f 5562 1622 13175
f 513 13175 1623
f 1436 1431 5263
f 2221 1207 12812
f 1456 2222 9644
f 4846 7612 9584
f 1245 7468 5311
f 7468 1245 7469
f 5343 919 9216
f 4860 7486 9221
f 5340 2223 5341
f 5355 9535 4315
f 5606 5347 5358
f 1270 7160 5330
f 6222 6223 12081
f 7489 7488 4868
f 4868 920 5352
f 2260 2224 9551
f 5412 2224 9891
f 1664 2225 6224
f 5431 6224 2225
f 2225 1664 1312
f 1764 7635 1492
f 5454 365 2226
f 9892 9872 9873
f 6099 12021 4941
f 5583 6225 2228
f 4939 4943 4953
f 4939 4953 2228
f 4941 2228 6225
f 5467 578 10794
f 5581 9648 5775
f 5476 2229 9296
f 1691 634 3988
f 5646 2230 1374
f 9243 9893 1303
f 2234 9894 4821
f 4825 2234 4821
f 5587 1248 5320
f 5311 7468 7467
f 5320 5319 5321
f 1245 5322 7469
f 5309 9584 9503
f 1465 5311 5471
f 5378 2235 6228
f 552 6228 7903
f 5780 2235 12298
f 7903 2235 5780
f 1903 6008 1512
f 392 6462 4978
f 989 5629 592
f 5629 989 988
f 5906 4405 987
f 4405 5906 2238
f 5950 5176 7288
f 10478 1553 5507
f 10090 1552 10481
f 9143 5559 9144
f 1835 4746 1739
f 5559 1739 4746
f 5782 5362 7620
f 5362 5782 12856
f 10554 4911 568
f 972 6229 1779
f 4954 2247 7904
f 4950 6229 972
f 4956 5803 5442
f 5805 2248 2261
f 2248 5805 2304
f 998 3301 997
f 1692 5484 634
f 5850 7738 5209
f 5709 5850 1148
f 5709 5852 2231
f 2250 5994 12630
f 2266 6230 2308
f 5854 2252 5853
f 2252 5854 10108
f 10756 10752 7682
f 5723 4687 1140
f 4687 5723 5863
f 2254 1614 7439
f 1614 12549 7439
f 2215 2254 7439
f 5897 7777 5798
f 1671 5798 7777
f 12045 9553 1301
f 5415 9759 6231
f 2263 2256 1769
f 9534 5385 13184
f 5414 5800 12939
f 700 5669 1801
f 9737 5924 6081
f 2258 2283 1872
f 6048 13173 1829
f 9891 1767 5896
f 7779 5966 5381
f 1295 5402 7796
f 2224 2260 9891
f 1848 5967 2261
f 5967 1848 9729
f 1680 1679 12084
f 2248 2304 2262
f 2304 6231 12084
f 1780 2256 2263
f 6234 6089 5847
f 2264 5953 2265
f 2265 12813 2264
f 2308 2268 10107
f 9896 2308 6232
f 1571 9702 11929
f 5708 7682 6232
f 7682 9748 9896
f 5853 2268 9896
f 2268 5853 2252
f 6001 1752 6000
f 1894 6000 1752
f 1314 5432 2272
f 1685 5632 1853
f 5934 5943 5933
f 5685 5933 5943
f 9000 12945 1913
f 9779 7827 2273
f 5978 9776 1698
f 2280 2274 1919
f 6044 6047 8669
f 6046 5690 6195
f 1932 5993 6044
f 5956 6048 1829
f 1946 6056 1940
f 6053 1940 6056
f 6002 6053 7813
f 7813 5786 6002
f 361 5393 5394
f 7905 6073 6233
f 6884 9880 6074
f 6233 9739 7905
f 9816 11994 7818
f 7819 9879 7905
f 5815 2279 9816
f 9889 5815 9890
f 2279 9770 6009
f 6964 10109 8998
f 4595 4576 6078
f 2274 6013 1862
f 6080 1802 5925
f 1802 6080 1962
f 2017 2281 6079
f 1962 6079 2281
f 1929 6234 1720
f 6234 1929 5846
f 7695 1409 12631
f 700 4543 11867
f 2027 9827 2287
f 729 4584 731
f 727 9834 6113
f 7725 9741 6216
f 6132 2061 6235
f 5830 6235 2288
f 5916 11874 7834
f 2076 7834 11874
f 2105 6031 6027
f 6031 2105 1917
f 2136 2093 5921
f 13302 6236 2293
f 1597 5748 7599
f 11147 9847 9854
f 9860 7598 9520
f 6161 2120 1916
f 1598 5334 1593
f 1589 5735 1586
f 2169 6238 1586
f 2247 5443 9570
f 12691 7872 10799
f 9880 6209 6075
f 9878 4562 8966
f 2211 2060 2210
f 2060 2211 6235
f 12066 2299 6218
f 6215 6218 2299
f 6213 2212 5910
f 1271 6220 2300
f 2302 1148 6239
f 1824 2231 5852
f 5862 13144 1824
f 5855 2303 10108
f 2256 6231 1769
f 5414 5805 5413
f 5805 5414 5415
f 2258 1872 2305
f 6240 5722 5717
f 2307 10797 10800
f 6242 9708 6241
f 5721 5714 2306
f 5717 6242 9899
f 6242 5717 9708
f 6232 12813 5708
f 10107 2266 2308
f 6230 2264 12813
f 2309 925 1275
f 9766 5811 5814
f 7749 5811 5809
f 5907 5809 7917
f 5641 9900 7917
f 9765 5637 5051
f 5051 5639 13328
f 5266 9173 5279
f 1215 5275 5280
f 5521 12632 1120
f 11642 9686 10740
f 5674 11642 12632
f 5601 5600 1477
f 1476 1832 2311
f 1944 1945 2311
f 4556 7883 9342
f 9344 5060 6142
f 6142 2312 6127
f 6237 5733 5741
f 5373 10073 10801
f 10073 5373 1285
f 12906 607 388
f 11548 11034 4351
f 3953 9902 3285
f 3287 8510 381
f 3719 6253 593
f 11966 393 6256
f 3942 6546 3297
f 7225 6258 11167
f 586 3620 3300
f 3304 4387 374
f 3306 6260 3667
f 11989 8211 3308
f 9291 7541 12862
f 8545 8275 3315
f 3325 397 3324
f 3325 3323 397
f 401 8047 6264
f 3809 635 606
f 11967 6268 396
f 8892 3986 4990
f 4456 12661 6271
f 3356 8562 413
f 3366 3364 6274
f 3363 6277 8887
f 3416 6270 12740
f 3375 6279 3376
f 725 6282 12077
f 3383 3508 12092
f 8961 4552 1054
f 7022 9751 7772
f 9751 7022 11144
f 7259 1044 4018
f 9931 3389 8583
f 8923 678 11836
f 6287 202 3459
f 3667 8283 314
f 3398 6289 6550
f 3879 10275 9974
f 13308 3410 10144
f 4217 6723 3414
f 432 6292 10838
f 3416 10813 6585
f 10454 10814 3422
f 3423 8032 472
f 10818 6760 8376
f 748 760 6308
f 3451 3452 6310
f 3450 12865 3452
f 4099 4103 3454
f 3455 8115 8480
f 6891 7280 3464
f 6313 7409 1154
f 6315 3469 6316
f 11311 12386 8108
f 3479 11894 3456
f 6323 10439 10178
f 3486 9128 483
f 9128 3486 6325
f 6676 4134 6328
f 3492 6328 4134
f 12366 769 10175
f 777 3495 6329
f 8157 6329 3495
f 11020 6354 6330
f 3502 6687 7380
f 3503 10203 10833
f 8130 10145 9920
f 3511 10640 6339
f 3516 11239 7379
f 6329 3515 13362
f 3614 3517 3518
f 1132 1399 6339
f 4206 3521 13009
f 3523 9087 475
f 8129 10176 3391
f 3482 3633 10835
f 4008 412 10837
f 11210 10913 6604
f 12526 10354 4164
f 6293 400 3537
f 11281 3570 6350
f 8119 338 8696
f 3544 10839 10840
f 10212 6790 6422
f 10843 11102 9913
f 9981 3432 11349
f 12432 10847 9948
f 6383 4182 7070
f 8950 9638 9113
f 6483 3557 4206
f 8180 11061 3559
f 11949 6485 8114
f 6363 6890 11057
f 10500 11501 6365
f 3568 9428 8191
f 7394 473 6688
f 3606 6718 3578
f 3587 8196 3575
f 12008 3590 3591
f 10855 6371 12123
f 822 8461 12675
f 488 8723 340
f 3600 8314 8425
f 3645 3606 6374
f 8215 6374 3606
f 346 8221 3563
f 3611 6376 6377
f 6376 3611 10206
f 8735 6380 4233
f 8045 12864 10856
f 450 11298 452
f 6384 12865 3450
f 8621 10326 6611
f 3631 10929 4107
f 3440 11637 6386
f 6715 6387 3632
f 3636 8505 3647
f 7087 12633 7086
f 1489 13156 10859
f 3642 8739 4217
f 4053 3541 6391
f 3644 6391 11453
f 12105 10214 4215
f 6394 3388 10443
f 6405 328 11901
f 3955 6379 8522
f 9933 6629 6411
f 10868 9407 6415
f 10866 10868 11098
f 3712 10542 10957
f 6417 8295 10531
f 6417 3750 12217
f 8915 1040 8558
f 3686 6420 9236
f 6421 8810 10212
f 8329 8330 3692
f 3698 9177 9182
f 3699 3697 9175
f 6424 6722 3682
f 3708 3715 4238
f 550 4881 10545
f 9231 13040 3805
f 8760 3677 3739
f 10388 6432 4295
f 7102 7104 9905
f 8303 6432 3723
f 6742 3729 3730
f 3730 11030 6742
f 3733 529 3734
f 13283 10876 6751
f 3763 8356 355
f 3924 6738 3739
f 867 7106 8756
f 11718 6443 542
f 3888 3766 3748
f 5332 6444 4279
f 11415 3755 3756
f 3759 9197 10949
f 3763 8360 534
f 537 3759 10949
f 9201 907 6452
f 8346 6452 907
f 10878 11346 11383
f 3770 11140 4965
f 6456 7420 12961
f 3775 13332 10161
f 542 10538 6459
f 8279 10405 3778
f 10405 8279 6461
f 6464 12391 10953
f 10880 1021 12099
f 8569 4023 12867
f 6466 9946 12044
f 6419 10979 6467
f 12729 10430 12947
f 10824 12947 10430
f 4503 4500 3787
f 357 10881 3795
f 7137 6431 8386
f 6359 9948 10515
f 10677 1258 9946
f 7161 6757 11152
f 8100 3458 10004
f 6477 10883 10547
f 6613 9950 10449
f 10338 10993 6620
f 3647 12634 12100
f 12483 6480 10179
f 3771 8367 6484
f 3789 6484 8367
f 6512 8724 3807
f 6485 11689 4191
f 3812 6489 515
f 4783 3927 8748
f 3614 9927 3517
f 8139 3517 9927
f 3817 8312 3702
f 3827 7196 9231
f 1494 12604 9563
f 4775 6489 3694
f 6489 4775 515
f 12214 3740 530
f 6494 565 3837
f 3843 3817 3706
f 9868 11631 8641
f 12864 6250 6498
f 3617 6497 3395
f 4353 6499 3847
f 3849 3597 10950
f 6248 10190 3754
f 10889 13215 6351
f 3865 4915 3877
f 3971 6501 10238
f 11090 5228 9099
f 7505 9549 11385
f 7812 6505 12696
f 3797 11271 3875
f 3878 7881 1315
f 13135 6383 7070
f 4917 5437 11735
f 1666 11735 5437
f 3599 6512 3807
f 7955 6508 3873
f 6513 3885 8725
f 8468 6745 8766
f 356 8780 4271
f 356 4271 8352
f 3889 9871 4727
f 3893 11194 8668
f 3895 3900 12111
f 6440 7006 10895
f 9953 8168 12325
f 5999 8454 522
f 3900 10402 3703
f 10402 3900 3895
f 12219 12905 9934
f 1221 1226 7447
f 368 10402 3895
f 10669 352 6739
f 6526 7858 6527
f 3505 463 3507
f 4169 3523 8691
f 3913 9586 3912
f 1229 9196 3914
f 10281 8497 6537
f 9956 12347 557
f 3920 6539 8357
f 10215 3923 710
f 3924 4246 6733
f 4387 3929 6541
f 9926 6362 3298
f 3934 7855 8511
f 377 6542 8324
f 594 6543 6831
f 6544 6837 6545
f 383 8211 11989
f 3949 6547 385
f 4418 995 6549
f 6289 3404 6550
f 3958 8888 8886
f 10900 7975 8521
f 8891 10901 10967
f 3775 11351 10902
f 13189 13326 10903
f 6556 6847 3962
f 6847 6556 3822
f 403 4416 3966
f 3536 8530 3322
f 397 317 3973
f 630 4439 8895
f 3975 3322 3346
f 3976 6858 631
f 6561 400 6562
f 3982 6562 400
f 3809 11990 401
f 7242 1008 6565
f 6564 1008 9904
f 3313 6566 3537
f 3976 3978 3693
f 3789 8367 6859
f 4416 8541 3966
f 6408 8546 407
f 8275 3992 6569
f 8012 3315 8096
f 1395 6984 4460
f 6570 3363 3824
f 673 671 6573
f 4014 6571 413
f 6571 4014 8916
f 4016 11429 10905
f 6575 3356 4018
f 3372 12090 4025
f 12787 4021 13092
f 6582 12535 9962
f 10907 13268 6580
f 8567 3340 11169
f 4026 5048 8926
f 6288 4039 3385
f 11574 12679 4040
f 8110 8592 13098
f 11247 8056 10910
f 8937 6470 10426
f 6592 4043 10975
f 9963 10514 6595
f 13214 11952 8174
f 10605 6894 10604
f 9601 9353 8942
f 9366 12593 13041
f 8067 9050 3419
f 12420 3417 431
f 6604 10913 3618
f 6909 8612 3406
f 4061 763 11066
f 4062 12794 4063
f 697 6912 9966
f 6930 6608 6886
f 8028 6920 6609
f 8961 10302 8583
f 11367 4065 6611
f 10448 6927 10452
f 3926 6932 6612
f 8506 713 6614
f 4069 6614 713
f 4070 6615 4078
f 9932 6615 4070
f 8070 326 8591
f 6622 716 4079
f 7324 10220 8627
f 4080 11999 3802
f 10457 717 10922
f 9933 10924 10171
f 10925 10926 8250
f 4100 6636 8647
f 6637 4092 6638
f 4092 6637 4093
f 6639 4094 4095
f 206 10340 11475
f 740 6309 4643
f 3444 6640 12865
f 11005 6641 6322
f 10438 6518 6642
f 6642 8653 10830
f 10634 12456 11403
f 4052 10929 3631
f 6645 10005 10591
f 4111 10591 10005
f 4106 11974 4114
f 333 8098 11226
f 11485 10169 6652
f 4118 3457 6651
f 6651 3457 6650
f 12869 3473 3474
f 3532 8151 10479
f 8666 6654 4655
f 4128 6665 4127
f 6672 7377 4132
f 9970 6528 6661
f 7856 6663 6664
f 6666 6675 12212
f 4144 4139 6667
f 8676 6526 6527
f 4138 466 11975
f 6527 8677 459
f 12103 4123 9066
f 468 6673 4651
f 6995 4110 9052
f 10006 9052 4110
f 4141 12212 6675
f 6333 3500 331
f 3556 6529 470
f 10008 10936 4152
f 3907 6681 6529
f 3907 6679 12870
f 10352 12466 7006
f 4159 9083 8126
f 3908 6684 11490
f 3492 3490 6686
f 4161 6686 3490
f 6686 4161 6685
f 781 6439 1146
f 4168 6690 11239
f 6359 6691 7026
f 6693 4173 10938
f 9097 1149 1152
f 4175 4185 8718
f 10068 10709 12494
f 6503 12468 7041
f 11334 7418 8319
f 11682 11019 1068
f 10945 3564 6699
f 9128 6325 11022
f 10945 6290 6701
f 13135 7070 9150
f 8714 6700 6702
f 1150 4696 7036
f 8718 6704 9135
f 6705 8490 8723
f 9139 4188 7079
f 4188 9139 808
f 9479 8007 825
f 9155 6486 936
f 6711 6710 4192
f 4193 11691 3883
f 8414 12586 1184
f 6713 10946 9975
f 5252 4196 6714
f 6795 9479 1176
f 831 6715 4199
f 4198 3512 4200
f 8216 3577 3645
f 11028 6722 6424
f 8212 511 6723
f 3414 6723 511
f 4228 6726 6725
f 3812 13065 3700
f 6725 6730 4228
f 4230 6726 4228
f 6727 4225 3562
f 3561 4224 4225
f 8331 4229 4228
f 3695 8330 6730
f 3695 6730 516
f 4224 8748 3927
f 9164 5260 9487
f 844 9936 846
f 8417 6731 9936
f 4239 4796 3710
f 4246 4245 7453
f 8454 6734 3898
f 8755 6735 6534
f 6430 3739 6737
f 6734 6739 6740
f 4250 9183 3838
f 7112 13371 6534
f 8502 529 6743
f 8337 3740 3920
f 6744 6746 4248
f 6746 6744 870
f 3740 12214 3920
f 4260 11344 7111
f 8351 3765 6750
f 3737 10876 3676
f 10876 3737 6751
f 6752 535 12916
f 4262 11415 308
f 13022 6442 8356
f 6753 6754 902
f 6755 11381 3888
f 11889 540 6757
f 6761 8376 10953
f 6758 8376 6760
f 3432 9981 541
f 6444 6443 11718
f 8318 911 11039
f 7482 8340 6762
f 11335 8338 3713
f 6767 7152 4859
f 10542 7174 10957
f 3712 3429 3786
f 4289 8316 8801
f 6495 13044 4291
f 4295 6432 13044
f 4296 6773 3837
f 3723 6776 12905
f 3690 6777 12871
f 7176 363 3686
f 12562 6428 10548
f 3687 6780 6782
f 6794 6783 12872
f 8801 555 4289
f 6784 4317 4873
f 6788 5409 6787
f 558 6792 12721
f 6792 558 6791
f 6793 555 6794
f 8724 491 4331
f 6797 3352 12575
f 8829 4333 8825
f 6200 939 6799
f 4336 6255 3296
f 8808 12019 11986
f 6255 6802 3296
f 6802 6255 567
f 10965 4356 12639
f 12528 4356 4343
f 12320 3279 6805
f 6805 11154 11987
f 8839 949 3638
f 572 4346 12223
f 4348 6808 8840
f 11156 6811 7219
f 5802 11926 3847
f 10965 6814 5613
f 13284 4318 12528
f 12639 12528 8816
f 6067 6815 4363
f 960 13345 962
f 13171 1331 1334
f 1498 3880 11049
f 6819 11342 7218
f 6821 6820 12410
f 1250 4380 6823
f 7959 6823 4380
f 4928 9264 4381
f 3310 11988 7537
f 6825 372 8498
f 6826 591 6361
f 3565 6361 591
f 11555 7980 3673
f 4393 6828 8511
f 6830 6435 6829
f 6832 11964 595
f 3308 8514 4393
f 4408 638 4409
f 6563 11990 11946
f 3848 6837 8870
f 3941 3848 12453
f 405 6838 4414
f 3339 301 4415
f 3373 6839 3307
f 6840 6831 6543
f 6831 6840 3956
f 3307 3810 608
f 607 12906 12588
f 6841 609 388
f 302 316 8888
f 8526 623 394
f 12923 11745 6843
f 1021 10880 10292
f 6556 3962 12127
f 620 12127 3962
f 8881 8520 8876
f 3958 9300 6848
f 6848 12128 614
f 10061 6852 6844
f 4993 10061 618
f 621 6844 5475
f 5005 11967 3969
f 631 4439 6856
f 5007 409 9305
f 4440 8894 3995
f 6293 11422 3982
f 4448 9307 4449
f 3806 6484 3789
f 3976 10236 6858
f 6558 6269 639
f 3320 4451 3994
f 7243 8896 4440
f 7248 1018 4458
f 6862 4456 6271
f 4456 6862 13179
f 6863 7248 12589
f 4003 9916 4460
f 644 4100 8904
f 4467 7547 12999
f 10969 13189 10902
f 4468 10778 6868
f 12999 3366 4467
f 5002 4467 6274
f 4470 10777 4482
f 4478 9330 3528
f 9316 8554 12202
f 3384 6871 4019
f 6575 4019 6871
f 667 10410 13180
f 4014 6872 3824
f 10294 3415 12953
f 10570 6873 10294
f 6573 3415 6873
f 1044 4037 4499
f 10970 10130 8026
f 4495 6876 4036
f 4496 6877 10572
f 11836 678 7551
f 10221 10222 3664
f 8925 4040 11052
f 6584 6882 4506
f 4507 4506 4508
f 6608 10593 5088
f 10323 8617 8947
f 6888 6890 6363
f 11205 6889 6364
f 6413 4722 10742
f 10742 10423 4523
f 11070 7337 10234
f 8712 11504 800
f 6468 6899 6900
f 3648 10824 8105
f 10434 7678 12482
f 7284 4529 4530
f 11270 429 11060
f 10986 696 11451
f 6346 11210 6604
f 6312 6391 3470
f 6908 7293 8612
f 6912 697 13287
f 9994 7271 10578
f 12583 9638 8951
f 701 8613 4542
f 8610 6914 699
f 9995 11754 10441
f 702 6918 4543
f 7655 7656 6919
f 7870 10446 10447
f 4549 12581 10577
f 6316 3469 5088
f 8957 8965 707
f 6925 707 8965
f 7314 5089 6928
f 4547 6608 6924
f 6924 9369 12031
f 4561 11759 434
f 9882 6935 7890
f 8970 4575 712
f 6401 4564 9998
f 6939 9998 4564
f 712 9378 711
f 4577 10598 1079
f 4068 434 4069
f 3480 4080 714
f 12240 4581 439
f 10990 7873 11608
f 4080 3480 3531
f 10460 439 4081
f 11614 8640 6952
f 10991 4587 9020
f 8084 12159 6953
f 4087 6615 9932
f 4589 720 6959
f 12644 12000 6960
f 12002 4589 11472
f 4590 6964 6960
f 9809 4594 721
f 11972 6965 719
f 6972 4090 11620
f 8022 6032 6011
f 6968 5123 9041
f 5123 6968 7347
f 4602 4073 7908
f 9013 5102 8986
f 4072 7788 4614
f 6405 6974 328
f 9933 10171 10820
f 8637 6953 10817
f 11069 6626 10997
f 8596 6979 10606
f 4630 10037 7339
f 4633 5103 7358
f 13297 12693 6521
f 4100 8647 319
f 4463 645 8549
f 742 741 745
f 3460 739 329
f 6988 6986 12989
f 3458 3471 10166
f 7366 7367 6987
f 450 452 11004
f 9051 10592 8609
f 6646 6992 6993
f 9059 4648 4649
f 3627 9969 11006
f 11974 4648 6646
f 4648 11974 9053
f 1712 6673 4649
f 6999 4649 6673
f 4122 6997 4147
f 9060 4147 6997
f 9067 6998 9616
f 6998 9067 4653
f 6671 7001 12103
f 3474 10828 765
f 8098 3475 11226
f 11226 3475 7004
f 3456 7004 3477
f 9414 9092 11797
f 12004 7010 10174
f 1124 6677 4152
f 7009 4152 6677
f 769 8123 11234
f 4137 9073 8674
f 7764 7012 468
f 7013 5184 5700
f 5184 7013 4667
f 4668 5705 11844
f 11844 9618 4669
f 10483 8685 11654
f 7681 7016 9081
f 7578 7017 8482
f 4169 7018 8157
f 8193 6688 4162
f 7019 4165 10488
f 1144 5192 4677
f 4678 9435 4679
f 7772 1137 7022
f 4163 4164 1146
f 5532 1825 1578
f 7772 9431 1137
f 3853 3524 4166
f 5729 7029 5995
f 4685 9093 4672
f 804 7033 8698
f 11280 7035 11297
f 3575 6369 3588
f 9456 1156 12288
f 11705 11100 13228
f 7037 8375 6771
f 10504 8319 4702
f 9118 9651 795
f 4718 12118 7600
f 4049 10476 4703
f 11673 1164 11103
f 794 7053 7054
f 7054 1418 9466
f 7051 9466 4703
f 4717 4715 4716
f 4717 7057 5064
f 12741 10359 9963
f 11020 8712 6354
f 4726 7021 8689
f 4727 9871 13134
f 338 11022 9096
f 805 10515 8714
f 3879 11025 10275
f 8124 12120 8024
f 11288 8195 10649
f 11024 3609 10203
f 8721 4188 7073
f 3615 10207 13064
f 9142 811 4740
f 12056 7036 7582
f 4750 4698 4185
f 3615 13135 10207
f 11917 7078 4757
f 6705 486 7072
f 7080 824 11026
f 824 7080 3598
f 8823 1177 4329
f 827 7081 9155
f 4757 7078 12586
f 3520 8741 2174
f 12008 3591 12915
f 4236 3611 3816
f 347 13377 7090
f 10821 12121 3437
f 11104 9491 4769
f 4238 5284 3708
f 4771 7444 12597
f 7097 8413 515
f 4779 4777 11909
f 3702 7095 7089
f 3694 9172 4775
f 4776 4779 4778
f 11977 7096 3692
f 287 10237 11693
f 7098 350 3696
f 4792 7102 7098
f 8760 8294 4243
f 4770 4771 860
f 10724 9188 4808
f 8309 7102 9937
f 10667 351 9498
f 10016 7103 11029
f 3711 4797 3720
f 4797 7104 3720
f 4798 3349 13348
f 8762 5289 4250
f 4245 7105 12013
f 868 7107 527
f 1229 7458 5297
f 11412 8495 7110
f 8495 4830 7117
f 3740 7109 13047
f 6437 6436 3726
f 4809 7458 9189
f 7458 4809 5297
f 7115 1231 9977
f 7116 875 906
f 11918 4819 7463
f 4823 13021 4830
f 876 1235 11910
f 6449 8774 12098
f 7120 893 4832
f 8493 11412 11513
f 10528 11513 11412
f 3764 6539 3302
f 3753 6450 901
f 6450 3753 11821
f 7123 900 3759
f 7124 11032 11033
f 7126 1243 4843
f 3849 12123 3754
f 9509 7128 11034
f 9202 10855 7129
f 3736 10020 4826
f 3728 10875 6751
f 12601 7133 12715
f 7134 5312 7133
f 1636 9505 10529
f 10055 908 10530
f 8783 7135 3750
f 7137 10056 11712
f 11036 539 10047
f 916 11959 11038
f 10253 6465 12193
f 4280 13048 9211
f 3774 9981 4285
f 4860 7148 7900
f 7153 4858 10660
f 4858 7153 915
f 10939 7154 793
f 10660 9102 7153
f 12671 543 4854
f 546 10958 10239
f 309 9518 11889
f 4863 6763 4864
f 8790 4862 4282
f 4866 7483 915
f 7159 7489 13049
f 6756 9229 9220
f 6476 7162 6477
f 7165 13050 9529
f 4875 1274 7166
f 5380 7166 1274
f 8803 4291 3798
f 6199 4298 4294
f 4880 5372 927
f 4908 8808 4302
f 7172 928 1282
f 6476 7173 7175
f 7175 6421 7174
f 8297 4885 7177
f 3685 7177 4314
f 7168 4287 7178
f 4287 7168 7157
f 10548 10261 12562
f 4889 13037 9529
f 8471 11984 12267
f 7183 7628 8832
f 7628 7183 8831
f 7184 8813 10029
f 3625 8509 3833
f 4324 8509 3625
f 1303 4894 4320
f 4893 4894 562
f 7190 4895 9242
f 4895 7190 1426
f 3360 4330 3354
f 7192 12647 6797
f 6492 3434 3821
f 8824 364 3292
f 8829 7194 3295
f 7194 8829 8825
f 7968 6798 6492
f 6263 10804 10556
f 3309 7197 10734
f 4912 4913 2298
f 12716 4918 4919
f 11854 10732 11046
f 7498 4358 9259
f 9260 10686 7204
f 9254 9544 9255
f 4924 12269 9257
f 12379 4924 9257
f 13060 3873 6508
f 4927 4381 5775
f 4931 3872 3867
f 3867 9263 12994
f 5465 6816 4368
f 3881 10782 4934
f 4928 7208 10782
f 5581 7209 5585
f 4364 4938 4941
f 7211 969 961
f 969 7211 2298
f 965 6064 9270
f 4955 7213 9568
f 11735 1666 7199
f 7637 7199 11049
f 3291 9200 4270
f 5469 3887 4378
f 1496 7217 4967
f 8835 12126 6821
f 4971 11884 11548
f 8844 12321 4351
f 9285 9588 3336
f 3942 9283 7228
f 7747 992 5473
f 3673 7224 3565
f 3939 4418 6840
f 3336 5010 4990
f 4991 1681 8868
f 7233 7232 12147
f 12414 8008 1025
f 7249 1022 4006
f 10968 10562 3984
f 6855 7237 4436
f 10735 8897 9305
f 5008 4450 7240
f 7240 4449 5008
f 5010 7241 8892
f 5009 3944 5014
f 7243 3995 8421
f 3341 11120 7244
f 3342 7244 4454
f 11120 4454 7244
f 4455 7245 4456
f 12890 7246 3808
f 4457 3808 7246
f 7246 3344 4457
f 8906 1020 1014
f 6403 12640 4465
f 7251 8880 1022
f 4483 9322 5025
f 10907 6581 8907
f 11051 12953 3355
f 13161 8005 8563
f 9330 12028 1045
f 7652 5494 5041
f 7551 4499 4037
f 7260 5039 672
f 8564 7259 4018
f 4500 5043 3787
f 4550 3469 7784
f 9338 7264 10572
f 6583 1055 1057
f 7267 1057 1055
f 4556 9342 5058
f 10035 7268 7885
f 9347 6890 7270
f 7271 9994 8400
f 4062 4063 3799
f 5062 8943 4538
f 428 10698 5504
f 10033 12907 13084
f 13084 10429 429
f 7284 7286 12651
f 7285 1545 7655
f 1545 7285 5659
f 12133 10042 3648
f 11061 4525 10984
f 7561 12112 12482
f 5068 7288 12652
f 430 4531 11792
f 3467 7290 4533
f 6647 7297 7292
f 11004 11449 6908
f 7294 7289 7295
f 9603 7298 4535
f 7299 5075 5076
f 1073 7303 9679
f 9679 7303 1547
f 3385 7309 5087
f 6922 8619 4558
f 6937 8967 4558
f 7312 6931 6924
f 6936 5089 7316
f 5089 7314 2206
f 10987 3925 12875
f 8964 7316 8971
f 4577 1079 8624
f 8974 7321 6946
f 6946 7323 8974
f 4569 6946 11598
f 9385 9377 5093
f 7325 9883 7326
f 12130 7327 12129
f 6631 5149 11068
f 8986 5102 4612
f 5098 11760 4610
f 5107 9008 1085
f 5110 1091 1097
f 7334 5113 5157
f 1082 4582 5114
f 6300 11000 7337
f 9611 3681 12096
f 7340 4632 441
f 6982 7346 9401
f 7346 6982 5136
f 5123 7347 4603
f 5123 4603 1089
f 7351 5125 10064
f 6968 6969 5547
f 5111 7357 9383
f 13051 5139 9400
f 5144 9380 11129
f 5151 5107 5143
f 9402 5141 12034
f 10616 12034 5141
f 5153 5126 5129
f 13027 7362 5518
f 3665 13017 6320
f 7573 4460 7368
f 6984 7368 4460
f 3455 7369 3458
f 5162 11786 11785
f 12511 6657 5162
f 11639 12798 11647
f 10628 1118 5167
f 11641 5171 6990
f 11641 5172 5171
f 10831 11083 10041
f 12467 12645 12976
f 7375 9423 9413
f 9081 7016 1731
f 7686 1731 7016
f 5178 11652 5177
f 8681 11008 4153
f 4669 7014 6672
f 5187 4158 3511
f 7017 12038 9425
f 4158 3502 7380
f 7382 1132 10640
f 4674 3516 7384
f 10486 7387 335
f 1136 9434 7019
f 5191 9430 336
f 5869 7388 5954
f 5193 7020 1404
f 12805 7390 4682
f 1576 1143 1142
f 7392 5195 4695
f 6688 7580 7394
f 5214 9624 5203
f 474 4163 13356
f 4166 11089 3853
f 7397 1147 3483
f 7031 12136 11660
f 479 7403 3583
f 10833 7406 10852
f 10868 6415 11091
f 7413 10046 7408
f 7415 9717 12847
f 7040 7411 7412
f 7411 9453 7414
f 7590 7412 9452
f 5132 11770 5226
f 7416 5746 11770
f 11094 7416 11770
f 3430 7591 11098
f 10872 11334 12443
f 12124 8705 7146
f 12518 13319 11681
f 7058 12292 3772
f 7424 544 9465
f 6365 12913 10051
f 7425 9108 11668
f 13370 9678 10510
f 9651 9113 4705
f 11059 3548 482
f 7659 7052 7428
f 7601 5558 4714
f 4750 4175 7430
f 7432 6704 13263
f 4735 9133 5234
f 4186 7602 1167
f 8717 3508 7076
f 7078 12799 12685
f 5247 7434 9469
f 7602 7436 5234
f 5241 9474 7437
f 4189 7438 7434
f 4753 11917 4757
f 4898 7603 1175
f 5421 1616 4194
f 1184 4194 1616
f 4191 6486 6485
f 6795 10366 10962
f 9479 825 1176
f 5249 9725 11135
f 12782 5240 1179
f 7439 12549 5240
f 9481 5424 6714
f 6714 7518 5252
f 3883 1183 8139
f 13321 3815 492
f 9483 9160 1616
f 9559 12048 9893
f 1190 4222 12011
f 509 12011 4222
f 9489 7440 4764
f 9487 5270 9164
f 4772 8746 8304
f 7442 1202 5265
f 4767 7443 842
f 7446 1438 5767
f 1442 1221 9642
f 7447 9642 1221
f 10267 7450 1225
f 10668 1225 7451
f 7452 12849 351
f 5288 519 9180
f 5286 9180 519
f 8758 7458 1229
f 7458 7455 9189
f 7460 6747 4259
f 4822 533 4820
f 4814 533 5299
f 1242 7710 7462
f 7463 4833 3731
f 7464 1238 876
f 7464 894 1238
f 13344 3751 7464
f 5306 7465 3760
f 11697 6750 11821
f 9277 4843 7466
f 4843 9277 7126
f 311 12215 10378
f 10678 8783 3750
f 12294 2277 12654
f 5330 6221 7485
f 7475 8783 11108
f 9543 8321 11711
f 7477 6759 7149
f 4860 7149 6759
f 4853 7478 11039
f 7480 1260 7479
f 3752 7479 4852
f 5335 5352 920
f 1265 4866 4861
f 9848 5338 7911
f 1259 6762 7477
f 5336 1265 4861
f 1265 5342 4866
f 7484 5353 5337
f 9516 8790 9215
f 5345 5592 5593
f 1263 5599 7616
f 5349 7485 6221
f 11721 12919 10758
f 7490 5368 9530
f 13249 7171 5372
f 1281 13040 9938
f 5375 7491 4883
f 7645 12850 4883
f 4317 11042 4873
f 7493 7492 4876
f 10680 1484 7496
f 9533 1761 7495
f 5785 13083 7492
f 7489 5382 4875
f 7497 9536 1288
f 12359 10558 6807
f 4888 13181 11529
f 10686 9513 9259
f 9513 5394 5393
f 7501 13311 5395
f 1296 8500 930
f 5399 12047 13137
f 9558 12047 9555
f 5419 8239 9558
f 7512 1302 7619
f 11113 11414 11385
f 10550 7508 3906
f 5408 9547 3859
f 12046 932 7506
f 7514 5401 7515
f 5412 1300 2224
f 9551 2224 1300
f 12046 11115 10060
f 7188 7516 4323
f 4892 7520 1310
f 7519 3836 5428
f 7522 9562 5429
f 5431 5422 6224
f 9526 940 5436
f 940 13249 10553
f 9564 9247 5608
f 4963 7523 1315
f 7523 4963 9275
f 1319 365 7525
f 4890 7715 7526
f 9568 7526 7715
f 9548 9549 6812
f 4925 9571 1320
f 7527 9262 4891
f 5613 4891 7714
f 5449 7529 1897
f 7630 5447 4371
f 5443 1323 5446
f 11117 5452 12629
f 5452 7912 4914
f 11737 950 11831
f 7535 12613 6251
f 13171 7207 10398
f 9265 1334 4930
f 5464 7205 3868
f 9578 10398 5465
f 3880 6244 12087
f 5469 4378 4373
f 6817 4373 7216
f 3310 7537 3912
f 11119 9586 3913
f 12433 11119 7540
f 1003 4425 11561
f 9303 637 7236
f 13179 9408 4455
f 1003 5489 5024
f 9298 9299 7547
f 7547 4467 7546
f 9594 8556 8557
f 10298 4487 415
f 7550 4497 8922
f 4497 7550 424
f 5043 7551 5044
f 1381 7553 4075
f 4615 4616 687
f 7561 7560 10033
f 9679 5665 12925
f 9122 9121 7563
f 5092 7332 4611
f 6631 12129 7327
f 7566 9401 5106
f 9608 7567 2301
f 4623 5684 10742
f 11765 7568 7569
f 12301 5160 11778
f 11076 12380 10474
f 7564 7571 13276
f 11129 5103 10003
f 4460 7573 4003
f 4156 7574 1565
f 1571 2307 7576
f 11919 7578 12152
f 5529 5710 5527
f 7683 7687 7684
f 3516 4674 4168
f 9709 5199 5531
f 1579 9436 5218
f 9436 1579 5535
f 5542 7694 9627
f 9146 7585 9448
f 7584 7587 3592
f 7697 1584 7589
f 9392 7589 10749
f 10655 9458 1159
f 5550 10718 7848
f 7595 1947 13052
f 1416 9520 5554
f 1419 4734 9447
f 9472 9470 5243
f 5245 9473 1173
f 7603 5560 5561
f 5424 10753 9641
f 7517 1426 5254
f 9160 9483 9243
f 10071 7606 5566
f 7608 5294 7456
f 5299 4811 7113
f 1635 7470 9504
f 7611 5327 1465
f 4937 4970 7611
f 5586 5590 7831
f 13210 5776 11137
f 11137 7613 5592
f 5593 7613 9206
f 914 1473 7614
f 9217 12138 1473
f 5593 1261 5344
f 5604 7616 5348
f 13088 5352 5354
f 5354 13231 13088
f 1485 9531 5609
f 7496 7512 9525
f 7533 12880 11118
f 3636 7623 7624
f 7623 1489 9238
f 7625 7624 1296
f 9240 5612 7629
f 5615 7780 13211
f 4891 5613 11905
f 9568 1319 7631
f 5410 4342 9239
f 8833 947 8834
f 1491 8834 947
f 11138 7633 11139
f 7634 12835 7635
f 933 7521 7636
f 9241 4892 4322
f 10748 7637 12405
f 9276 974 4369
f 7638 1777 5621
f 4376 6251 4377
f 11140 7641 11550
f 367 9577 955
f 9578 955 9577
f 4376 3887 7640
f 4960 9581 974
f 6832 4987 4403
f 7544 1518 1517
f 1518 1519 1353
f 1355 7647 1689
f 5018 9312 5016
f 5036 9733 5495
f 7652 5640 5495
f 9673 1795 1541
f 1795 9673 9691
f 7656 7655 1545
f 7601 4714 7657
f 7657 4714 5653
f 5659 7660 1545
f 9676 9841 7661
f 12299 9773 4723
f 9773 12299 7755
f 5655 12075 5664
f 9364 5074 4537
f 5084 9365 5086
f 9682 7666 702
f 5660 7664 5075
f 7666 9680 13358
f 7666 9605 702
f 4113 9054 9053
f 9054 4113 12609
f 9685 4661 7667
f 9778 7799 12690
f 7671 5126 1558
f 13264 5153 5546
f 5175 5173 5693
f 12804 5173 9615
f 5691 7810 1924
f 7675 1385 12783
f 5173 12804 5692
f 4529 7677 7735
f 5711 1731 5712
f 9614 5698 5699
f 5849 12053 5179
f 7370 7680 9417
f 12156 7688 9618
f 12304 9701 1821
f 7682 5708 10756
f 9702 10756 5708
f 9702 9700 7740
f 4673 7683 7684
f 6241 7685 9422
f 5530 7689 3484
f 7690 1398 4170
f 5714 5721 5713
f 5724 7691 9708
f 7689 7692 9622
f 7692 5710 5529
f 12929 3400 12841
f 5537 1144 5214
f 1149 5193 7693
f 5541 7694 5542
f 5873 1170 816
f 5546 11094 1410
f 5739 7599 5740
f 5226 11770 5746
f 5746 7701 1416
f 7702 9848 6172
f 13054 9394 1158
f 9633 11677 5544
f 5822 5231 4713
f 5762 9724 11819
f 4225 7708 4233
f 7465 5306 7710
f 1634 7710 5306
f 9645 7610 1458
f 5771 7711 7467
f 1264 12933 7712
f 8806 4298 5377
f 1492 7718 1762
f 1777 7638 4359
f 5804 5795 7779
f 3671 8288 954
f 11551 954 8288
f 7648 9668 5627
f 5036 8917 5042
f 5041 7783 9767
f 5817 5833 7559
f 5686 12592 5819
f 7721 12059 5759
f 5661 9720 5664
f 1163 9720 5661
f 2138 5505 5663
f 13265 9801 9818
f 5681 5682 5826
f 7730 5097 6884
f 11149 11624 4610
f 11624 11149 715
f 5512 5914 7762
f 5834 7732 7275
f 5521 7372 5172
f 7734 5838 1396
f 8682 7736 5839
f 9059 4649 6999
f 5840 7737 5948
f 9747 1717 1719
f 1569 1730 5186
f 1983 1872 2283
f 5857 9748 5858
f 7685 7686 5188
f 11144 7741 5871
f 3387 7742 6348
f 1143 5728 1734
f 1893 5960 4834
f 5800 7794 5893
f 5901 7816 9574
f 9799 1773 5900
f 5904 7816 12940
f 11118 7746 7745
f 1323 5443 4956
f 7747 1784 3952
f 5054 5812 5497
f 5812 5054 13277
f 5118 5816 7750
f 10755 9992 7752
f 6893 7752 9992
f 5834 9743 1709
f 9674 5918 7755
f 5918 9674 1860
f 5067 9677 5823
f 7756 5926 5927
f 5093 1555 8986
f 1555 9377 9888
f 7333 9379 5096
f 9379 7333 11623
f 7760 7805 9031
f 5120 5932 9772
f 5933 5939 1807
f 5737 5757 5935
f 5938 6016 9806
f 7743 5737 13183
f 7763 13120 1809
f 7875 5945 7012
f 8669 5523 5689
f 5696 5840 5948
f 7757 7769 1925
f 6044 5694 2275
f 7740 7771 5707
f 1478 1476 1831
f 12616 9650 7776
f 5245 5241 7437
f 13035 2232 12070
f 1947 5963 6093
f 5797 1844 5897
f 5965 7780 1490
f 9785 9786 10406
f 5493 5971 9788
f 1055 7785 12536
f 7787 5501 5972
f 7788 5118 4614
f 12592 5652 13209
f 9673 1541 9117
f 1796 9117 1541
f 5918 7790 10766
f 7280 6891 4538
f 5062 4538 11752
f 5928 7791 5976
f 1881 7792 1882
f 1833 1885 1884
f 5346 7793 2300
f 5391 5962 11145
f 5904 11864 9657
f 7780 5615 5447
f 1773 6006 7798
f 9830 7798 6006
f 9802 10481 1075
f 7801 9807 9781
f 5937 5935 6021
f 9805 5120 7803
f 9804 7802 6018
f 7806 2273 6022
f 2273 7806 7761
f 7807 1917 6017
f 11632 12885 13385
f 9031 9032 6029
f 7809 7828 6032
f 7828 7809 6036
f 1396 12060 5982
f 4174 7812 11392
f 7813 2147 5786
f 9761 6091 5903
f 10758 7814 9794
f 7814 6003 6061
f 9813 7816 5901
f 6067 8852 8841
f 7817 6101 11994
f 7818 5911 9816
f 6076 7819 7818
f 7909 1804 1906
f 1985 7823 6090
f 6048 6090 13173
f 6093 13052 1947
f 7859 9280 8855
f 7826 2005 6208
f 1885 2040 1936
f 7844 2115 6147
f 6118 7847 7852
f 9860 7852 7847
f 6062 9799 5900
f 6006 1773 9799
f 6063 10770 10767
f 9839 9828 12659
f 10769 5784 11876
f 7829 1996 10747
f 723 2062 4598
f 2014 1887 1987
f 6143 7833 9833
f 7835 1888 1607
f 9839 12659 6137
f 6151 7849 6148
f 6140 12622 6152
f 6150 2098 9835
f 5658 9677 5982
f 1926 9844 6157
f 7775 2094 7835
f 1888 7835 2094
f 6165 7839 6166
f 7840 1546 12943
f 5733 6166 1595
f 2124 11147 7841
f 6172 9713 7702
f 5554 5338 7702
f 2139 6116 7844
f 7842 2144 10100
f 9851 2107 2122
f 7598 2295 5338
f 7911 2295 6177
f 7846 2141 2295
f 6118 6182 6176
f 9840 2143 11873
f 7847 11873 2143
f 2141 9840 7849
f 7813 2126 2147
f 11877 6183 10773
f 6182 6185 11882
f 2167 1603 6023
f 13143 10101 2171
f 10101 6023 2297
f 2171 10101 2297
f 406 8385 403
f 6811 9279 9875
f 8908 7862 3850
f 6186 8426 321
f 7864 4477 10738
f 2178 7868 2179
f 7262 10417 8574
f 12981 7870 12580
f 8959 2206 4549
f 8623 6926 10799
f 5091 7914 12086
f 10990 1080 10599
f 9971 8679 6672
f 2192 5945 7875
f 9721 4718 4719
f 803 4727 1422
f 6764 913 8340
f 4282 8797 7158
f 7878 4297 6200
f 4321 11538 6775
f 7879 7913 4914
f 569 6202 9250
f 9873 9274 2198
f 9274 9873 9872
f 7882 8465 3881
f 3286 977 4975
f 4466 8912 8907
f 12627 12628 2203
f 4555 7883 4556
f 9367 12971 5090
f 9878 10785 8976
f 6209 7889 708
f 8980 715 10786
f 8978 712 7891
f 8978 9379 5095
f 6212 2207 9886
f 5682 5681 9890
f 11847 7411 7040
f 7895 11880 1412
f 7896 10032 10661
f 1199 2219 838
f 7214 7473 4946
f 11096 11107 9203
f 6763 4863 5351
f 7486 4860 7900
f 5339 5346 6220
f 9524 2300 7793
f 6220 5346 2300
f 4341 6204 4955
f 12548 7639 5418
f 12021 13345 4364
f 12048 9641 562
f 7449 5273 4782
f 5302 5304 5575
f 392 4978 5629
f 7574 4156 5166
f 1300 13184 9551
f 2256 12084 6231
f 5857 5854 5853
f 1852 5970 5969
f 11633 719 12963
f 6030 12963 719
f 1727 6047 5993
f 10465 722 7907
f 722 10465 4595
f 1983 2283 1931
f 7910 7695 12631
f 9773 9790 701
f 6145 5917 5916
f 6172 5748 1597
f 9637 6185 9634
f 4912 2298 7912
f 6201 7913 4948
f 9370 8970 7318
f 5147 5148 5114
f 7576 2307 5716
f 9900 5641 1536
f 5907 7917 9900
f 7749 5809 5907
f 9686 11642 5674
f 2294 13212 5749
f 2406 73 2529
f 2497 2330 243
f 2 2413 3
f 10 7918 2719
f 1 2336 2709
f 2316 2671 2627
f 2373 2804 2371
f 2390 12814 2391
f 9 7918 10
f 2441 51 50
f 2596 2597 86
f 3207 2350 11942
f 7919 172 171
f 7923 2361 2362
f 2374 7924 2373
f 7925 2488 2638
f 2376 7925 10113
f 2509 2331 2383
f 2516 2519 2515
f 2670 11944 3212
f 2518 2522 2517
f 2653 7927 2391
f 7927 2390 2391
f 2391 12814 2392
f 2831 2832 2966
f 2705 11937 2704
f 2701 79 2550
f 2336 298 2710
f 2560 2337 8
f 9 8 2337
f 38 7928 2783
f 2954 2789 2615
f 2639 7925 2638
f 2373 7929 2806
f 7929 2373 7924
f 2502 2660 2815
f 7931 2661 2884
f 2821 2681 2333
f 2681 138 2333
f 2335 2686 13147
f 7932 2910 2907
f 2705 2704 2410
f 7933 2919 2993
f 2836 2337 2419
f 2419 2337 2560
f 7934 2837 2562
f 2439 7922 2933
f 2778 2780 2779
f 2766 3246 3008
f 2784 3218 41
f 11941 2857 2778
f 103 2858 104
f 2954 7936 2789
f 2960 2361 7923
f 7923 2470 2960
f 3018 2470 2798
f 2471 2469 2799
f 7929 2875 2805
f 2996 2995 7937
f 2706 7937 2995
f 7938 2337 2836
f 7922 2601 2933
f 2779 11941 2778
f 7939 2855 2772
f 2875 2874 2637
f 2875 2637 2805
f 2913 2915 7940
f 7938 3241 2718
f 7921 2921 3229
f 12822 7941 2761
f 2626 11931 2459
f 2812 2818 2650
f 3051 12555 2685
f 2340 7943 2319
f 3013 3014 3012
f 2857 2777 2778
f 2643 7924 2374
f 2875 7929 13004
f 13360 2876 2486
f 3125 3032 13006
f 3076 7945 3030
f 7946 3058 3053
f 3107 2544 2988
f 3068 7947 3069
f 7947 3027 3069
f 3078 3030 7945
f 2854 11945 3234
f 2779 11945 3013
f 3122 7948 11153
f 12557 3168 3144
f 3030 3078 3101
f 3259 3049 3050
f 3044 13339 12556
f 12556 3142 3044
f 7940 2915 3126
f 3191 7949 3165
f 3118 3120 3263
f 7949 3136 3165
f 7949 3191 2940
f 2742 2741 2740
f 3275 7950 2828
f 3189 7950 3188
f 3189 3188 3133
f 7951 3195 3199
f 3164 7952 3181
f 7926 3221 2658
f 10122 2836 3229
f 2783 7928 3235
f 7920 3235 7928
f 2806 7929 2805
f 10122 3241 7938
f 2562 10122 2921
f 3250 2891 2894
f 10119 2891 3250
f 6508 7955 5468
f 6435 6830 6434
f 12906 388 609
f 10190 11162 3396
f 6820 12429 12228
f 219 8513 13361
f 8844 4351 7128
f 8844 7128 11156
f 4975 983 3286
f 8510 6836 6544
f 3288 12567 6497
f 10282 13158 13271
f 7962 3289 3718
f 6563 11946 3953
f 12889 7231 10125
f 10802 4337 7966
f 394 3961 620
f 364 8829 3295
f 3963 3961 3293
f 12689 610 7781
f 7969 7968 3819
f 566 7969 3296
f 231 10288 13254
f 6835 4391 12025
f 3297 4391 3942
f 9285 7970 4411
f 3620 585 584
f 178 8186 11418
f 374 4387 8368
f 4981 7972 3304
f 6552 6541 12101
f 6548 313 3397
f 314 12101 3929
f 6834 11989 7855
f 10161 13332 13396
f 11734 43 11164
f 7981 583 3310
f 215 7982 7983
f 7985 209 210
f 8545 3315 8012
f 6408 3321 3317
f 3321 9916 3317
f 102 3316 101
f 3319 3316 3318
f 12568 7984 629
f 4451 3323 3325
f 9904 1008 13007
f 184 7988 183
f 631 7990 4439
f 3986 13056 4990
f 8211 7992 386
f 7992 8211 383
f 4023 8569 6577
f 12944 8557 3362
f 6277 3362 8557
f 3342 9310 3344
f 12890 7993 6267
f 7995 12924 7994
f 6267 3341 12890
f 396 627 11967
f 641 9313 408
f 9313 3344 9310
f 6569 3992 3346
f 11172 3370 10414
f 10309 11174 3401
f 7242 3985 1012
f 4990 5010 8892
f 6863 6271 12661
f 1018 7245 8002
f 8547 8003 7247
f 10016 11175 7103
f 7538 10132 980
f 657 4480 656
f 3354 6272 4333
f 3781 13185 11121
f 6871 3357 8562
f 3357 6871 3384
f 413 6284 3356
f 339 489 8721
f 4188 8721 489
f 7193 6795 10962
f 4330 7193 3354
f 12953 11051 11176
f 1740 8725 9154
f 826 9154 8725
f 7516 7188 3361
f 12182 6273 11180
f 3365 1002 12147
f 7170 8432 12018
f 8010 111 112
f 7985 8012 11224
f 8887 6275 3363
f 12271 11182 10128
f 8568 11969 12348
f 225 8013 224
f 8013 225 8053
f 12230 12099 10301
f 3434 3375 3376
f 11571 12569 10812
f 6378 7073 808
f 8015 10413 10136
f 8015 10226 12151
f 8171 10816 13062
f 3384 8025 5038
f 9336 8029 13253
f 11323 10139 9336
f 13253 4504 11193
f 674 8030 8563
f 8030 674 8031
f 8564 4017 8581
f 8031 8581 4017
f 10302 3388 8583
f 7687 8032 5527
f 3423 5527 8032
f 3391 11194 8129
f 8034 12867 7262
f 3666 7257 8037
f 7257 3666 12360
f 4016 10570 11197
f 4745 4747 490
f 3617 6498 6497
f 314 8283 12101
f 314 3306 3667
f 8040 11200 10142
f 3398 6846 8041
f 8044 8041 6846
f 6348 12841 3387
f 8042 389 6412
f 10344 8145 10145
f 8145 3403 12153
f 10275 6290 10945
f 8044 11200 8040
f 12830 375 8045
f 3651 8046 10321
f 1006 8407 6854
f 1006 6854 8307
f 6391 3644 3470
f 6264 8047 11968
f 8048 3312 8049
f 400 6567 3537
f 8050 8051 13123
f 3978 6856 3408
f 3411 8053 6488
f 8053 226 11419
f 8054 6488 10286
f 6295 12794 13308
f 10864 12775 3413
f 10314 12339 8595
f 3414 6392 10205
f 3643 10205 12664
f 8061 12664 8060
f 4492 11177 12360
f 6346 8063 11210
f 8065 11213 10296
f 332 11479 12570
f 3419 11480 4052
f 7688 3423 472
f 5705 3392 12156
f 8069 10927 3440
f 748 8069 6386
f 8071 6619 326
f 3427 11000 10817
f 6626 3427 12746
f 3844 6979 12728
f 10193 9214 10154
f 566 6487 3435
f 13323 6492 6798
f 11613 11218 6306
f 10993 10338 8080
f 9914 10886 6955
f 8082 10002 12353
f 11220 10370 8313
f 11220 5284 3704
f 12159 8084 10993
f 3603 8210 12665
f 8085 81 11222
f 8086 8088 8001
f 185 8001 8088
f 8088 8086 3331
f 8092 12114 10470
f 8093 4007 12958
f 8094 12160 3835
f 565 6494 5427
f 9043 330 6386
f 443 330 410
f 3459 8097 3450
f 759 760 3453
f 4102 4103 9047
f 4130 8693 11085
f 8480 3485 3455
f 3456 11226 7004
f 195 8100 194
f 12530 11638 6984
f 4607 6883 10697
f 10129 8900 6861
f 3846 3341 8436
f 8101 4454 3462
f 8497 1063 12161
f 8180 7283 4525
f 8248 8105 11951
f 6900 10844 10980
f 9915 6317 432
f 3407 3466 10318
f 3467 4533 3470
f 10890 11090 12163
f 1154 7409 10621
f 3470 3644 3467
f 4053 5071 9915
f 8107 3472 4079
f 8242 11229 10596
f 8277 12727 8574
f 3477 6651 6650
f 10480 451 11005
f 451 10480 7004
f 3479 6650 8113
f 6664 8099 11248
f 11231 11245 12770
f 11232 703 3619
f 4064 3619 703
f 3420 455 332
f 6322 4119 10480
f 3468 13176 4119
f 4119 6322 3468
f 8657 13398 9412
f 8114 7081 6305
f 5710 9433 1130
f 9430 4680 7022
f 4680 9430 5191
f 197 8115 196
f 8714 6360 8116
f 10515 6700 8714
f 3486 6383 13260
f 8117 8178 12213
f 11022 8117 12213
f 483 8116 4182
f 6691 9129 3489
f 3629 8120 335
f 8120 3629 8121
f 6676 8121 3629
f 6691 6359 805
f 7386 3495 12134
f 8167 10499 3496
f 4662 3501 3494
f 11234 8123 9919
f 12004 12955 7010
f 10242 12646 7045
f 8178 484 12666
f 10781 804 8124
f 8127 10484 11657
f 4675 11656 11491
f 4158 4675 3502
f 10854 3503 4732
f 3589 4732 3503
f 8128 8129 10348
f 3505 3506 12153
f 8130 6335 8131
f 6528 463 6661
f 463 6528 3507
f 9970 10176 8133
f 8128 10348 8680
f 769 11234 8133
f 8680 769 8128
f 3479 8113 8134
f 6664 6663 8099
f 8135 9137 7074
f 4736 13233 3509
f 6339 5187 3511
f 8137 3516 7379
f 1131 10353 1129
f 7379 8125 12255
f 3517 11731 3518
f 3519 8138 1183
f 11240 8140 10173
f 3521 8734 13009
f 3523 475 8141
f 11845 3524 3853
f 8118 11241 8142
f 494 8143 830
f 8143 494 3448
f 6649 11894 8673
f 10176 8129 8128
f 6649 10776 333
f 10349 10933 8151
f 10181 8476 8152
f 10984 4525 8148
f 10984 8148 4528
f 13042 12152 6680
f 3529 8150 6678
f 8150 3529 8687
f 3530 6345 6326
f 6327 6326 6345
f 323 12168 4521
f 11246 8055 8938
f 11174 10309 8440
f 10143 10148 10472
f 10933 4126 8151
f 6343 3532 8147
f 8660 8147 3532
f 4007 8093 13278
f 461 11249 10627
f 6603 431 10262
f 10826 12667 6292
f 331 3451 759
f 3398 8041 3290
f 3971 6502 6501
f 4169 8157 12637
f 12594 8159 11256
f 3537 6566 6293
f 8049 216 8536
f 216 8049 215
f 11275 3539 10184
f 322 8161 303
f 8914 2201 8161
f 12398 10914 11210
f 10885 10319 6296
f 12417 11190 3489
f 8164 8697 9096
f 11007 12668 4108
f 10341 12668 11007
f 5286 4797 3711
f 8322 8166 3711
f 7038 6696 8188
f 10188 8381 8940
f 3547 8502 869
f 8168 11899 6520
f 3550 10138 10359
f 6459 10538 12473
f 12362 12479 4045
f 11976 8035 11267
f 10846 11268 13315
f 4182 6360 7070
f 6360 4182 8116
f 6383 3486 4182
f 3487 11657 11269
f 8201 8179 10367
f 8179 4204 4760
f 3559 11061 10587
f 3560 8723 3598
f 3561 8748 4224
f 3563 11375 349
f 11375 3563 6727
f 8182 7373 11272
f 10515 9948 10847
f 8186 179 8861
f 6455 3673 3565
f 3779 12117 11274
f 10198 6416 13223
f 3567 8184 6511
f 8189 11275 11276
f 779 1136 1133
f 1136 779 9434
f 6368 10496 12772
f 11280 3572 11281
f 10214 12105 10853
f 3576 7082 1187
f 128 11283 10648
f 13013 7404 5221
f 7404 13013 11493
f 7402 479 3582
f 11287 7406 10517
f 8722 6378 3615
f 6378 8722 7073
f 3590 4215 3591
f 8199 4216 7084
f 8 9 8199
f 3641 8201 11892
f 8179 8200 10851
f 3593 3607 10854
f 7068 3504 3609
f 10361 7068 10204
f 274 9940 12196
f 10377 10875 11290
f 6512 488 340
f 4301 91 8205
f 11506 8728 11292
f 8828 8206 8207
f 8206 88 7967
f 8208 8207 8209
f 9249 8209 8207
f 8209 3602 8208
f 7967 8207 8206
f 3603 6708 10518
f 6708 10363 7071
f 81 8085 80
f 3605 8212 3610
f 6703 485 8214
f 8215 6724 11293
f 7068 3609 9640
f 3607 13299 11024
f 3610 8216 3605
f 10205 4217 3414
f 507 6723 4217
f 4236 6729 10206
f 11507 4190 1180
f 3563 8221 514
f 8218 11506 10663
f 10946 6713 11242
f 4754 8414 8415
f 10665 119 11505
f 8279 4978 6462
f 4219 3616 512
f 10283 3278 11380
f 12894 222 10208
f 11243 10830 10857
f 10835 6604 3482
f 11295 12434 11587
f 3619 4064 12875
f 768 7015 6382
f 12366 13046 3622
f 3625 3833 8227
f 8431 115 10394
f 3353 4328 6797
f 484 8178 4183
f 8229 4183 8178
f 3627 11298 450
f 11433 13364 13061
f 8621 10211 11301
f 497 8233 345
f 10213 295 8235
f 3632 11955 6715
f 296 8235 295
f 8235 296 4199
f 3635 6420 12177
f 10389 8236 10264
f 8505 7625 12721
f 10730 11304 8237
f 3632 3637 11955
f 11533 6787 7626
f 11533 10397 8850
f 3584 7086 6388
f 8843 11545 11305
f 7619 9525 7512
f 3641 11892 12105
f 11508 10214 11282
f 10156 8079 11460
f 507 3610 6723
f 3610 507 11953
f 8242 10775 10455
f 3642 3643 6719
f 3642 6719 7087
f 3650 10863 10884
f 293 8243 12573
f 6783 6794 555
f 8245 6606 10440
f 4059 10440 6606
f 8213 8216 3645
f 3590 6717 3641
f 8246 836 11309
f 8401 8237 3801
f 8402 3801 8237
f 3558 11578 5070
f 8108 10827 8251
f 8998 6963 9002
f 12095 12908 10218
f 8996 8252 720
f 8403 8627 10220
f 12794 3413 4063
f 13287 6911 8946
f 4056 8946 6911
f 6398 6397 4536
f 8611 6398 11316
f 10453 10456 10597
f 10453 7322 6623
f 9930 714 3652
f 10452 6927 8261
f 11605 9932 6617
f 6560 8268 3658
f 8268 3806 12831
f 3806 8268 3977
f 6406 3659 10920
f 620 8271 8526
f 6491 407 3972
f 8267 11319 6981
f 211 8274 210
f 3368 8275 6569
f 3663 9967 8278
f 8211 7964 3308
f 7977 3308 7964
f 291 8282 290
f 8282 291 8060
f 10287 3668 7232
f 3668 10287 12101
f 389 12182 3667
f 290 8284 289
f 8302 8220 10225
f 3669 10947 6725
f 11748 241 11323
f 5833 4721 1389
f 6413 9690 9123
f 6435 11416 6829
f 7640 7960 3671
f 10546 11728 9934
f 8368 3931 374
f 10651 11325 8066
f 11020 6416 6696
f 10957 3429 3712
f 10230 8348 12338
f 4831 10231 7118
f 6796 3434 13323
f 11358 4273 12106
f 8267 6409 7339
f 3683 3682 840
f 9909 690 10308
f 6898 10308 10889
f 6380 506 1196
f 6420 3635 3684
f 363 7176 8297
f 8298 12634 3685
f 6730 6725 10947
f 6523 3688 360
f 3688 6523 3903
f 6432 6776 3723
f 4773 8304 4223
f 4766 8304 8746
f 8429 553 359
f 11692 8417 9936
f 288 10237 287
f 3692 10237 8329
f 7098 3696 3699
f 4790 10016 13020
f 8202 4241 10016
f 8309 13197 8308
f 8309 7097 350
f 8039 391 6842
f 8199 12009 4216
f 8310 11509 3701
f 9938 3703 10402
f 3437 12121 3704
f 11333 14 10370
f 13379 10666 12598
f 3705 4785 8311
f 7447 8311 4785
f 6257 10802 4904
f 8312 3817 518
f 553 3707 6426
f 3830 8807 6778
f 4300 3830 6426
f 3829 4292 11982
f 3709 6373 8314
f 19 10526 18
f 10526 19 8334
f 8315 6737 9178
f 11981 8391 8316
f 3685 8297 7177
f 8401 12562 11307
f 3428 10542 3712
f 11694 521 864
f 7150 7152 10872
f 21 8317 20
f 8318 12185 12671
f 6332 12646 10242
f 11018 7043 10872
f 8319 12443 11334
f 6365 789 12913
f 8303 3798 4291
f 1280 4304 10243
f 10282 6545 3941
f 11962 8322 3711
f 9905 7104 3545
f 4798 10874 11336
f 6435 3934 8511
f 3934 6435 6434
f 9248 11733 3819
f 3897 8325 8326
f 8327 8326 8303
f 3798 8303 8326
f 8303 3723 8327
f 9939 12563 10527
f 3319 3318 371
f 8328 289 8284
f 8331 8329 12186
f 8329 8331 8330
f 8331 6730 8330
f 3729 8081 3730
f 8736 7085 12010
f 279 8333 278
f 8333 279 8081
f 7023 8690 3735
f 11515 8293 10019
f 3738 3728 3737
f 355 8356 6442
f 355 3764 3763
f 8315 8334 8335
f 8334 20 8317
f 6430 8335 8336
f 8336 3739 6430
f 8317 8335 8334
f 3941 6837 3848
f 3741 6736 4799
f 3767 4799 6736
f 6533 8756 8757
f 8370 4279 6444
f 11339 25 9500
f 54 12187 13238
f 8795 11523 8792
f 12687 6764 4280
f 8343 7155 11521
f 912 11521 4854
f 8775 888 8776
f 3732 8776 888
f 3731 4833 3732
f 8321 8387 11357
f 532 3745 6446
f 3748 9201 3749
f 8345 3750 10531
f 3713 3752 7143
f 10374 28 9942
f 8351 12672 8358
f 9508 4817 4816
f 7122 12190 8772
f 537 7123 3759
f 8774 899 354
f 3762 4268 10877
f 7125 8354 7124
f 6752 13022 9202
f 13022 6752 6442
f 3763 12098 8360
f 534 8356 3763
f 3764 355 6539
f 3765 8351 12828
f 32 8358 31
f 3766 8780 8360
f 8362 8361 8756
f 4800 8761 8363
f 13043 6453 8361
f 3368 3369 8275
f 3315 8275 3369
f 11159 7965 8366
f 3770 9582 7965
f 35 8366 34
f 60 12400 12191
f 591 6826 12829
f 6455 12677 11348
f 11521 912 8343
f 7143 4857 3713
f 3776 10538 8377
f 56 11352 12192
f 8522 8374 391
f 10198 3772 11353
f 11354 11355 910
f 10134 9328 10568
f 8377 10538 8350
f 3777 10154 10253
f 8552 12445 10564
f 11433 3630 6578
f 5331 13097 11711
f 8380 8599 12642
f 8306 636 3771
f 8367 3771 636
f 8385 8544 12873
f 8386 6431 12827
f 11358 4851 10056
f 12460 10422 11360
f 10195 8176 9095
f 6471 11267 3493
f 12761 8388 13382
f 4275 6473 11152
f 9518 309 8390
f 6427 8390 309
f 4278 8391 7156
f 749 8392 12565
f 10259 12565 8392
f 7369 1115 3471
f 11215 11371 4085
f 546 11364 12340
f 3795 7167 357
f 7072 822 9925
f 8490 7075 824
f 11026 824 7075
f 10959 4313 8395
f 9997 11596 11366
f 6611 10326 11367
f 7177 10544 4314
f 8399 3798 8326
f 9914 11368 438
f 10323 10321 8046
f 3406 3651 10321
f 11370 3800 11124
f 3406 10916 6291
f 4578 6475 12485
f 13304 3794 11371
f 8298 12100 12634
f 8299 10264 11303
f 6484 10236 3771
f 8268 8544 3658
f 8385 3658 8544
f 6485 6486 7081
f 85 8406 84
f 938 3353 4332
f 8405 12575 3352
f 4417 8870 6562
f 8870 635 6562
f 3810 11163 8409
f 8408 7976 6247
f 8409 8408 3280
f 388 7976 9986
f 7976 388 6247
f 3818 8410 8411
f 8410 84 8406
f 8406 8411 8410
f 515 8413 3812
f 8727 3813 3814
f 3813 8415 5253
f 8415 3813 4754
f 7707 492 3814
f 12506 11374 8416
f 8747 349 11375
f 11375 3562 10524
f 3562 4224 7089
f 11376 3518 8416
f 119 10665 118
f 4237 8417 3689
f 11374 7187 10394
f 4228 6730 8331
f 10553 3294 567
f 11733 4336 3819
f 13010 8421 3996
f 87 10551 86
f 10551 87 8206
f 9987 4435 12127
f 7546 9987 3965
f 8423 3828 9249
f 3828 8423 8425
f 4491 8426 4011
f 3825 8916 3364
f 864 8427 520
f 8427 864 8322
f 3828 3823 4338
f 9231 7196 3823
f 6426 3830 12871
f 8431 8430 10266
f 3837 565 3836
f 114 8431 10266
f 3833 6493 3834
f 10267 10668 4243
f 520 8427 863
f 9175 863 8427
f 11631 10001 6496
f 6496 10001 9026
f 6258 3335 11167
f 3289 7961 12894
f 8435 8434 11380
f 191 8102 190
f 8436 13297 3846
f 8437 4353 3847
f 12453 3848 3945
f 8517 8438 8518
f 6755 11516 11381
f 10901 3775 10967
f 3396 11162 10400
f 8847 8464 12988
f 7984 6423 11421
f 12568 8530 10289
f 7984 12568 6423
f 8118 10489 10173
f 4166 3524 3735
f 6340 7024 1399
f 6259 6804 12323
f 10273 11046 11114
f 8443 8444 8075
f 480 4699 11101
f 3859 7632 9239
f 9239 4342 10689
f 8446 7033 7028
f 7027 3860 6693
f 8449 8447 11386
f 46 11730 10731
f 11046 8448 7511
f 4711 7042 11388
f 11672 11387 12259
f 3863 3309 5440
f 6812 3864 4916
f 9251 4919 4918
f 3855 11114 3866
f 8452 11857 9579
f 1334 1331 4930
f 6525 8363 8761
f 6509 6749 6446
f 7466 6753 902
f 6244 6245 1333
f 9263 3277 12087
f 3277 9263 3872
f 4804 12531 11394
f 7071 8458 3875
f 7881 8459 3876
f 3878 1315 7198
f 5439 4961 11396
f 3726 6743 3436
f 825 339 9156
f 6712 3815 1183
f 6245 6243 1333
f 8466 38 39
f 8466 7955 3873
f 8467 11178 3886
f 8468 870 4252
f 4271 8780 3888
f 3749 6452 12216
f 8347 9507 11397
f 4124 3391 3892
f 333 3893 8098
f 368 3895 589
f 11400 11401 10627
f 6353 10839 8653
f 10278 8471 11303
f 4249 6734 6507
f 6734 4249 3898
f 6425 93 11407
f 3900 12452 3899
f 107 8474 10026
f 9934 10896 12219
f 1221 6732 1226
f 6732 1221 3902
f 3902 4794 4795
f 1226 8311 7447
f 3901 3717 6525
f 94 95 11407
f 9985 11407 95
f 8472 6519 3899
f 526 11105 8475
f 12014 6740 352
f 8476 8678 8147
f 3906 8477 11532
f 99 8478 8494
f 6825 8494 8478
f 8130 9920 9921
f 476 9087 3523
f 8141 3522 8691
f 7387 11492 4160
f 11410 8127 3487
f 470 10897 8481
f 6825 3319 372
f 7507 8485 12199
f 10550 11411 7508
f 7507 6786 13281
f 6741 11696 6533
f 3912 7537 3913
f 8486 3913 7537
f 8487 23 24
f 1338 9585 5472
f 8490 6705 9925
f 4247 4803 7455
f 1229 3914 8758
f 3318 8491 3310
f 103 8491 102
f 3316 102 8491
f 8494 3915 6538
f 98 8494 6538
f 7119 4823 12122
f 8495 12122 4830
f 8495 9955 7110
f 3916 8492 531
f 8492 3916 7119
f 8497 9991 1063
f 3915 8498 3917
f 984 7221 369
f 8498 3439 7221
f 8499 10859 11113
f 3919 8501 3714
f 3924 3739 8336
f 8502 3547 3921
f 9195 8502 3921
f 3920 12214 6539
f 6745 8468 8503
f 6539 6745 3302
f 8357 8504 3920
f 6791 363 6792
f 6779 6792 363
f 6934 6614 4069
f 3924 8336 4245
f 8508 4245 8336
f 536 11898 887
f 1077 3926 6612
f 3625 11537 4324
f 8509 11900 12604
f 4324 11900 8509
f 5271 4776 4231
f 8224 585 3620
f 8865 8864 595
f 387 3306 3929
f 3306 387 4388
f 13014 6541 6552
f 6541 3929 12101
f 12025 7973 6835
f 376 12567 10282
f 593 12567 3288
f 8510 3719 381
f 3933 9902 3932
f 381 3932 9902
f 3395 6497 376
f 376 13271 8435
f 7961 221 12894
f 3299 6250 8045
f 3288 6497 6498
f 312 11416 6828
f 3934 3722 4392
f 3299 3719 593
f 3722 4407 4392
f 594 6542 3722
f 3278 10404 3617
f 11965 378 380
f 6830 6829 3940
f 11417 6249 10208
f 6833 11417 8013
f 8512 4406 11965
f 6540 594 6831
f 6543 6830 3939
f 6253 6544 6545
f 220 8513 219
f 6836 6837 6544
f 381 9902 11946
f 7962 3718 13361
f 3719 375 381
f 12862 6347 9291
f 6835 4412 9292
f 7970 9292 4412
f 3943 6546 8515
f 6546 3942 7228
f 8516 384 382
f 384 13177 382
f 383 6834 13255
f 384 13255 13177
f 8516 382 5630
f 4413 6547 3949
f 3950 10284 385
f 4399 10284 3950
f 12677 591 3954
f 3306 314 3929
f 4979 8039 313
f 3397 313 8039
f 391 8039 4979
f 3954 8058 12677
f 3955 8280 4980
f 4979 4980 8280
f 3956 6549 3337
f 8875 995 3957
f 11180 8283 12182
f 6846 6845 8044
f 8876 8520 10407
f 610 12689 390
f 6552 12101 10287
f 8058 10900 6289
f 7975 11891 8521
f 11418 11158 10142
f 6842 12895 8039
f 4979 8280 391
f 8522 391 8280
f 8373 8374 8522
f 313 7222 4979
f 7222 313 6548
f 6548 4388 4977
f 6462 6461 8279
f 6260 6548 3397
f 3959 8523 3964
f 3337 13363 3959
f 7543 8525 13015
f 996 8525 4996
f 7543 12688 8525
f 9944 6458 10127
f 6256 393 395
f 620 3961 3965
f 3965 3963 7547
f 8527 11565 8893
f 9959 7748 12590
f 8528 3970 6855
f 3970 8528 6268
f 8529 3333 7236
f 8305 3967 4437
f 3322 6558 3346
f 6558 3322 8530
f 629 6269 12568
f 8530 3536 10289
f 3971 3536 3322
f 3323 629 7984
f 3973 317 3314
f 3998 3324 3974
f 397 3323 317
f 3346 3992 3975
f 6558 8530 6269
f 398 11421 8539
f 398 8534 3314
f 8534 398 402
f 6856 3976 631
f 8894 3979 399
f 3981 1356 633
f 635 6561 6562
f 6293 3982 400
f 217 8536 216
f 13132 318 3328
f 401 6563 318
f 11422 8537 7991
f 8537 8048 8536
f 8048 8537 11422
f 401 11990 6563
f 12873 8544 13178
f 6564 9904 3984
f 8538 3984 11050
f 402 398 8539
f 8533 6423 10289
f 8539 8533 11968
f 3313 10238 6566
f 7983 6501 8156
f 6566 6559 3312
f 3537 8540 3313
f 6561 11968 6567
f 8049 3312 7982
f 8049 7982 215
f 8539 11968 8047
f 8534 402 13132
f 318 13132 402
f 405 6568 8541
f 3987 8541 4416
f 1009 1358 9306
f 8542 1009 13056
f 3989 6838 3987
f 4414 6838 4413
f 3990 8543 13159
f 8543 3990 599
f 3658 8385 406
f 6569 6410 3368
f 3993 8275 8545
f 8274 7985 210
f 8550 3343 3320
f 3343 8550 3769
f 3997 10291 6410
f 211 7998 8274
f 8531 3993 7998
f 3317 3320 3994
f 8274 3993 8545
f 3992 8275 3993
f 3997 6410 639
f 3769 3997 3343
f 8546 3325 3324
f 8546 3998 407
f 3972 407 3998
f 7243 8421 13010
f 3972 3999 3820
f 8422 640 13025
f 1112 647 319
f 189 7994 188
f 7994 189 10129
f 1018 8002 8547
f 8547 7247 1019
f 6639 9591 4094
f 4096 4094 9591
f 8649 4096 3462
f 9916 3321 8548
f 8548 6864 645
f 8549 1112 737
f 4002 6864 6491
f 3321 6491 6864
f 3769 8550 646
f 8550 3320 4003
f 10292 10880 7252
f 10255 8553 11424
f 12837 10837 7997
f 9300 10695 5031
f 10695 9300 1369
f 412 8559 6867
f 12999 6867 12148
f 11426 10567 10904
f 4008 10837 670
f 8558 670 12837
f 8559 412 4008
f 12148 8559 8561
f 3363 8560 3824
f 8916 3824 8560
f 4011 6570 4491
f 7867 3357 5038
f 3357 7867 4491
f 10806 8916 3825
f 6872 413 8562
f 8566 12204 10905
f 10295 3378 11197
f 3356 6284 4018
f 8030 4017 8004
f 4019 8565 1046
f 8565 4019 6575
f 10298 13364 9989
f 12791 11172 12230
f 4005 11173 9960
f 6576 10906 4004
f 11431 4005 11434
f 11186 8023 11188
f 4023 4022 11169
f 6577 13092 12206
f 4021 12206 13092
f 10297 3372 4025
f 8569 13092 6577
f 11969 8570 4021
f 8570 11969 8568
f 8577 10256 3340
f 10256 10268 3340
f 4020 6578 8577
f 8578 6582 4024
f 9962 4024 6582
f 10298 8572 13061
f 8578 4024 4027
f 12180 10974 6579
f 10909 4030 320
f 8567 5025 11432
f 4022 4023 6577
f 4028 8572 4027
f 10297 4025 10909
f 11184 12396 12416
f 9595 8579 419
f 8579 9595 414
f 9595 419 5047
f 1036 8575 1037
f 5048 4026 8573
f 7265 6583 5056
f 4033 7267 12536
f 1055 12536 7267
f 4036 681 8580
f 8031 1043 8582
f 4552 7310 10971
f 11912 4038 7786
f 9767 7786 4038
f 8587 8586 10906
f 12679 12832 4040
f 8588 7261 11052
f 4028 11574 8590
f 6589 10864 9911
f 689 8016 9906
f 3402 9923 10910
f 6889 11205 12168
f 10310 8594 10233
f 8016 12349 6593
f 11445 8597 4042
f 7336 6590 9016
f 6895 4046 10311
f 9993 4043 6592
f 10882 10978 13153
f 6593 6467 10313
f 8595 11439 10314
f 6594 11958 10911
f 10159 4622 10158
f 6351 10995 10888
f 10425 10311 4046
f 9993 6897 4089
f 10510 4636 790
f 13384 792 4049
f 4048 8706 794
f 11447 7048 12611
f 794 7054 4048
f 11123 9601 6599
f 8603 1384 324
f 8604 1072 4112
f 11004 11486 6601
f 8606 10590 6907
f 3407 695 10185
f 6603 10857 431
f 7296 7668 12208
f 9050 11480 3419
f 3465 13269 11479
f 10913 12420 431
f 10915 6606 4055
f 6399 8611 696
f 6909 6908 8612
f 11243 6603 6381
f 10178 6381 10318
f 694 10826 6317
f 8612 4054 3651
f 6605 6909 6291
f 6917 12896 12579
f 698 12579 12896
f 11452 9910 13221
f 8259 6912 13287
f 4056 6911 9604
f 4535 9604 9603
f 6606 10320 4059
f 10320 6606 10915
f 6914 4060 699
f 7271 9603 9604
f 4058 8615 6887
f 12981 8620 7870
f 6922 7870 8619
f 8928 10593 4547
f 6886 12680 6930
f 10972 6285 8257
f 11455 10139 11195
f 12351 11456 10444
f 12708 4557 8620
f 4557 8619 8620
f 3925 6611 4065
f 2183 9950 710
f 9950 2183 10036
f 4507 6628 11473
f 7872 8968 8624
f 10452 4564 10448
f 4067 10448 4564
f 9997 11301 8397
f 11971 10989 10327
f 4068 8982 8625
f 8982 8624 8625
f 10339 8256 12275
f 3652 714 10921
f 8627 2184 7324
f 12389 6616 10815
f 3664 10332 10221
f 4071 10917 12209
f 11605 6617 11604
f 8278 11464 3663
f 11228 10336 10170
f 10304 4071 10973
f 9914 438 10886
f 10775 8079 12897
f 8985 9949 4074
f 12245 8632 8393
f 11216 12244 11465
f 4616 4077 8633
f 4077 4616 1381
f 7553 9345 4076
f 6318 4569 4583
f 11467 8626 11458
f 12382 10923 8269
f 8083 10991 8637
f 8639 8628 8629
f 8629 12898 8639
f 8629 10329 11318
f 8628 8639 11461
f 11907 6952 6321
f 6304 8993 13226
f 13385 12523 8636
f 4088 12523 13385
f 9968 8596 4522
f 8642 6972 11620
f 8643 7330 10700
f 11838 9607 10600
f 10614 8273 8272
f 8645 9036 8272
f 1470 6634 914
f 6635 6634 8646
f 6963 12085 9002
f 12085 6963 6966
f 8647 738 319
f 13330 1111 8648
f 4640 8648 1111
f 8649 6522 13186
f 4097 12693 12354
f 6985 205 206
f 3453 8651 4099
f 3424 3441 8650
f 11477 208 11224
f 11477 8650 10340
f 8651 740 4643
f 759 3453 331
f 11950 3460 329
f 1115 1127 12565
f 6384 204 6985
f 204 6384 203
f 6482 12210 8470
f 3468 6322 3804
f 453 7768 11066
f 9052 10006 11646
f 6385 305 7002
f 12332 7003 13070
f 9063 4652 10479
f 452 11448 6991
f 8661 12365 305
f 4052 4647 10929
f 9064 8067 12681
f 4105 454 6645
f 8662 6645 454
f 4112 9969 8604
f 6645 8662 4116
f 11006 4123 3627
f 2239 9684 10796
f 12609 11066 7768
f 1072 8604 8945
f 11486 6605 6602
f 8945 6602 6605
f 9356 7302 4061
f 7289 9354 4105
f 1074 11141 4115
f 458 9056 8665
f 8663 4117 12162
f 4117 8663 6653
f 8664 10344 10168
f 11194 3893 6341
f 458 8665 8099
f 8665 4121 11248
f 4121 457 8146
f 3477 6650 3456
f 4653 764 4116
f 5945 8666 13282
f 6654 8666 465
f 8667 10350 6670
f 6652 10344 8109
f 8145 6652 3526
f 3391 4124 11194
f 8668 11194 4124
f 4121 10931 4117
f 10931 4121 8665
f 4655 6999 13282
f 12356 10345 9420
f 8669 5168 4129
f 6682 12094 4130
f 6657 1122 9414
f 3506 3507 4662
f 6659 9078 8671
f 8672 4133 13368
f 4132 12682 9971
f 3530 6660 8226
f 10176 9970 3391
f 11227 8043 10279
f 8130 8131 8043
f 333 10776 9862
f 6675 6665 8132
f 8673 11894 11655
f 11894 3479 4135
f 4137 8674 8673
f 8134 464 4135
f 4138 11975 771
f 6667 4139 4140
f 6662 4139 6669
f 4136 6664 8132
f 6663 7856 8134
f 4128 4136 6665
f 8675 9971 12682
f 6671 6667 8676
f 6669 4144 4654
f 6526 6667 4140
f 8675 8679 9971
f 4141 6668 12212
f 4143 8680 10348
f 7011 9073 10482
f 9073 7011 8674
f 466 8667 11975
f 6670 467 11975
f 6654 465 4145
f 6669 466 4138
f 7856 4136 10345
f 4144 6669 4139
f 459 9062 6527
f 4138 6662 6669
f 6671 8676 7001
f 9062 7001 8676
f 4144 6667 6671
f 6197 13000 2192
f 772 8672 10347
f 8672 772 9697
f 12103 7001 6995
f 6996 7002 4109
f 13282 6673 7012
f 6644 10006 4110
f 11639 11647 8683
f 457 6674 8146
f 8146 8132 11248
f 8146 6674 6675
f 6343 8675 10349
f 3479 8134 4135
f 4150 4101 334
f 4151 8115 197
f 8480 4151 4150
f 202 6287 201
f 446 773 10140
f 10897 470 6529
f 3556 3907 6529
f 142 11409 11269
f 335 7387 3628
f 8686 3628 4160
f 8230 3629 335
f 1124 6345 3530
f 9080 6676 3629
f 471 6660 4134
f 6345 4152 10936
f 8225 6660 471
f 8225 4153 8226
f 11008 8226 4153
f 8149 8032 7687
f 3529 6678 13042
f 13042 9704 12152
f 3491 6326 3490
f 3488 12955 6679
f 10897 775 8685
f 472 8032 9079
f 4158 7380 3511
f 10640 3511 8688
f 1129 6337 1131
f 3515 7384 13362
f 6684 3908 8686
f 3556 470 3502
f 10834 7577 10486
f 10936 3390 6327
f 3530 3491 6660
f 3492 4134 6660
f 7381 3490 6326
f 3490 7381 4161
f 1149 9147 1152
f 9442 4679 11493
f 4167 4163 1146
f 6689 6439 781
f 9088 10355 1136
f 4163 474 4164
f 4167 1146 782
f 6439 782 1146
f 337 4163 4167
f 476 3523 4169
f 7018 4169 8691
f 13012 8692 4674
f 4671 8694 8695
f 4171 8695 9699
f 8695 4171 4671
f 12432 10845 10810
f 10845 7026 6692
f 7033 804 3860
f 10938 9952 6693
f 11283 129 10496
f 9442 13013 787
f 8699 11686 4725
f 7034 4725 11686
f 8718 4186 4175
f 9149 4186 1167
f 3431 12517 6302
f 10153 10867 11100
f 11678 12498 9454
f 11678 5223 12499
f 11236 11237 12124
f 11017 4178 9103
f 11497 9972 6695
f 11665 9103 4178
f 4180 3496 11499
f 12913 9108 7425
f 11015 7039 1164
f 6699 10195 3567
f 6701 6700 10847
f 804 8698 8124
f 8461 6702 6441
f 6700 6441 6702
f 11338 6511 8185
f 3486 483 4182
f 12666 12213 8178
f 7066 8229 8715
f 4729 4187 12120
f 8717 801 3508
f 8024 6336 11684
f 8178 8117 8229
f 7824 7586 13028
f 8719 4187 13063
f 8719 13063 13073
f 7438 5238 7434
f 8716 8715 13260
f 7066 8715 808
f 486 12572 13064
f 7074 10362 12843
f 7066 821 7069
f 12843 7069 821
f 7435 3613 13299
f 9640 4752 8218
f 8723 8490 3598
f 7080 10363 6709
f 3358 12572 486
f 6305 3598 6709
f 9725 8007 9479
f 1176 825 9156
f 6514 6513 8725
f 826 3886 11178
f 826 8725 3885
f 339 3358 3599
f 6512 3599 3358
f 9155 12703 6710
f 826 11178 5249
f 9927 3614 10364
f 11505 120 11292
f 3814 828 8727
f 4194 12586 8729
f 11027 3601 10365
f 9480 2216 1181
f 5252 8219 4196
f 8219 8729 1178
f 6714 4196 11507
f 9479 7605 9725
f 1176 8731 10366
f 8732 3525 3399
f 3525 8732 4197
f 4199 3624 831
f 3624 4199 297
f 4199 296 297
f 4759 3557 10367
f 4760 10367 8179
f 9161 4205 500
f 8233 497 6388
f 498 6388 497
f 10853 13009 13154
f 8734 13154 13009
f 1191 5255 5256
f 6724 8215 3578
f 8200 8246 10851
f 8201 3641 8200
f 11508 8 8199
f 7083 12990 835
f 12990 8332 8736
f 9 12009 8199
f 8061 8243 3643
f 8216 3580 3577
f 8738 4218 6724
f 8735 4219 505
f 9486 505 4219
f 507 8739 3584
f 294 8740 8243
f 6719 8740 8238
f 2174 6718 6720
f 6721 12011 4764
f 6721 4764 7440
f 8213 8743 3605
f 511 4230 6392
f 8742 4229 8282
f 6392 8742 12664
f 511 8212 6726
f 514 7708 6727
f 6723 3610 8212
f 6392 3414 511
f 8060 291 12573
f 8221 8744 11293
f 3645 6374 3604
f 11293 6374 8215
f 838 2218 4226
f 4227 4226 2218
f 6728 3669 6725
f 3612 346 8300
f 349 8300 346
f 4229 12186 8282
f 8748 3561 1623
f 3604 6374 8220
f 4234 4231 4232
f 8302 3669 8743
f 6728 8743 3669
f 3605 6728 8212
f 6728 3605 8743
f 511 6726 4230
f 6392 4230 8742
f 4229 8742 4230
f 10369 8745 11294
f 9166 7088 4240
f 8746 4240 7088
f 8746 7088 4766
f 8747 853 9172
f 10524 8747 11375
f 516 10947 12833
f 289 8328 288
f 10237 288 8328
f 6489 8300 3694
f 8747 3694 349
f 7089 4224 3927
f 3700 6489 3812
f 349 3694 8300
f 12812 5262 2221
f 5270 5269 5262
f 9492 1219 3832
f 5284 7091 3708
f 7091 5284 11220
f 11029 285 10200
f 7097 515 350
f 8413 7097 848
f 518 7099 863
f 10371 8750 9951
f 10244 283 10372
f 8751 11175 11336
f 10186 8322 521
f 520 11694 864
f 521 8752 10186
f 4245 4246 3924
f 8507 8335 8317
f 8507 8317 11512
f 8501 3919 6453
f 3919 6738 6733
f 8761 4800 6507
f 523 8363 3767
f 21 22 11512
f 8488 8753 8754
f 8507 7105 8508
f 8454 6739 6734
f 6734 6740 6507
f 6733 6735 9184
f 8755 9184 6735
f 8362 8756 7106
f 524 5999 522
f 8756 6533 527
f 1448 6746 870
f 7106 8364 8362
f 13133 3914 4249
f 8759 11513 5569
f 11330 8294 3714
f 8315 9178 10526
f 3919 3714 6738
f 20 8334 19
f 8315 10526 8334
f 11330 3714 8501
f 6738 3714 8760
f 7108 525 13043
f 3717 8363 6525
f 3767 3717 8364
f 6507 6740 8761
f 6739 8454 8475
f 5999 8475 8454
f 5291 8762 3840
f 3838 8762 4250
f 8487 8763 8488
f 3914 9196 1453
f 868 8768 9185
f 8357 889 8504
f 3733 4829 6742
f 7118 11700 8333
f 6742 4831 3729
f 6438 529 8502
f 529 6438 3734
f 8764 899 8774
f 899 8764 10899
f 8502 6743 869
f 3733 3436 529
f 280 10527 8081
f 3921 8337 8504
f 3920 8504 8337
f 4252 8503 8468
f 8503 4252 8764
f 10899 8764 4252
f 9188 8468 8766
f 531 8492 8767
f 12214 8766 6745
f 7121 4255 890
f 6437 1227 6436
f 10528 8765 353
f 4258 9977 11106
f 6747 4809 4259
f 4809 6747 9977
f 9185 8768 7457
f 3745 8768 4251
f 12531 8457 13193
f 10374 8769 8457
f 11031 4260 11394
f 10375 7460 4259
f 8771 10017 8770
f 10053 7461 9197
f 8772 9197 7461
f 4812 905 8773
f 3758 8773 905
f 3758 10018 8773
f 13022 8356 12901
f 6751 7131 13283
f 3737 10948 3738
f 907 9201 11898
f 9194 12916 10948
f 4829 3676 11327
f 277 11700 11515
f 6442 8357 355
f 4262 308 8775
f 8355 8360 12098
f 354 12902 8355
f 7609 533 4814
f 4842 6753 3871
f 4827 4266 12532
f 12532 8777 4827
f 11343 8354 8359
f 5308 7466 902
f 5307 5308 4269
f 8778 1335 13199
f 8204 10875 10377
f 8204 10377 11701
f 3888 11381 4271
f 4816 12215 9508
f 10378 12797 904
f 11516 10249 11381
f 356 534 8780
f 8779 6755 3748
f 8781 7845 9856
f 8783 7475 10530
f 7169 9530 8784
f 10543 7169 8784
f 8784 9530 6756
f 9220 10541 11725
f 9210 8372 8787
f 10953 8376 6758
f 8378 9945 11265
f 7142 3782 10382
f 7142 10382 541
f 4853 8789 10679
f 9213 9517 11716
f 9212 11520 4856
f 9522 4862 9516
f 4865 8791 5343
f 7712 5343 8791
f 3776 8378 11265
f 10382 3432 541
f 4279 8370 12686
f 911 4853 11039
f 12391 6761 10953
f 13305 9945 10383
f 11354 10383 11355
f 13293 8350 6443
f 7482 6445 8340
f 6762 8340 8795
f 6759 8792 8796
f 7486 7900 9222
f 3791 4871 919
f 8341 8342 12015
f 6445 6764 8340
f 6762 8795 8792
f 8792 11523 8796
f 6759 8796 9522
f 3713 4857 11040
f 11335 6765 8338
f 7152 7150 6766
f 4282 10241 8797
f 4862 6766 4282
f 12789 8703 12984
f 4283 6767 11523
f 6768 9519 8798
f 8794 7423 11719
f 6770 10956 6764
f 8395 8394 8800
f 6429 6469 12158
f 13044 6432 8303
f 13044 8303 4291
f 360 3688 547
f 6776 6432 10388
f 360 547 13234
f 4291 8803 7170
f 8432 7170 8803
f 6426 3707 4300
f 9230 8804 547
f 3367 8805 4878
f 8804 8805 3835
f 3841 924 4297
f 924 4296 4902
f 8807 4300 8827
f 7878 8827 4300
f 6775 11538 4292
f 8425 8423 3600
f 91 4301 90
f 4904 11983 12020
f 9246 4303 11983
f 927 7171 11526
f 8809 6524 12905
f 5376 1282 4884
f 3723 12219 8327
f 109 8325 108
f 8474 108 8325
f 551 12635 8809
f 8429 3707 553
f 548 8806 1284
f 10858 3687 10393
f 10264 11527 10389
f 51 11332 11373
f 6420 3686 3922
f 3635 10212 3684
f 6422 6421 10212
f 8297 3685 6779
f 8395 4313 8394
f 8299 8394 4313
f 6390 8802 8811
f 4314 8298 3685
f 1269 5606 4315
f 6794 7185 6793
f 6793 10029 6390
f 12109 11527 10959
f 6422 6782 6421
f 10547 6420 3684
f 555 8811 4289
f 11307 12562 4288
f 1287 6784 5379
f 11042 4317 8812
f 10397 11961 8813
f 7184 6793 12309
f 10729 12220 4319
f 11531 10550 3906
f 8484 930 8500
f 8499 9238 10859
f 5409 11414 13156
f 7524 6789 11856
f 4916 1316 9548
f 10028 10027 6790
f 12325 6520 9954
f 8471 10278 11044
f 8168 9953 8236
f 11534 6790 10027
f 8816 12528 4318
f 8236 10389 8168
f 50 11373 11406
f 3922 10893 12177
f 6791 12893 3922
f 12721 6792 6779
f 8811 6793 6390
f 6390 11961 11307
f 12562 3801 6428
f 8402 6428 3801
f 7622 13357 5420
f 362 3636 3647
f 362 3647 8402
f 9241 4322 4320
f 4321 6799 1310
f 9561 6799 939
f 7516 3361 4322
f 3625 8227 11536
f 8227 8821 11536
f 4323 4325 4895
f 11537 4326 10887
f 11985 4896 12703
f 936 3811 12110
f 8412 6796 3811
f 3435 11985 6798
f 3434 6796 3375
f 6796 13323 12110
f 6279 8411 8406
f 86 11328 85
f 4896 6487 3352
f 6797 12575 4332
f 8228 4328 3353
f 9245 938 4332
f 3360 3354 4333
f 3353 6797 4332
f 1303 9159 4894
f 4321 4334 11538
f 9244 12904 4334
f 6200 7519 939
f 939 9562 9561
f 7969 3435 7968
f 8828 11732 10551
f 6801 6492 3821
f 8824 8829 364
f 9248 6801 11540
f 6801 9248 3819
f 3602 3821 8208
f 88 8206 87
f 8828 10551 8206
f 7969 4336 3296
f 6802 3294 4899
f 4337 4899 3294
f 4906 7196 3827
f 7196 4906 11540
f 3292 8830 568
f 6801 3819 7968
f 4336 7969 3819
f 6802 567 3294
f 9265 9275 10966
f 6816 7207 10966
f 4919 8833 5410
f 365 7213 2226
f 6204 2226 7213
f 8834 1297 7509
f 4356 7629 4343
f 10397 11533 7626
f 4343 12309 13284
f 12222 270 12411
f 11155 4350 3279
f 4345 8836 572
f 949 9537 10860
f 572 3638 4346
f 3638 572 11542
f 12223 4346 9253
f 12295 11112 10250
f 8838 12266 4347
f 6815 6810 8849
f 8847 11543 8815
f 8842 4349 8841
f 8849 8843 12861
f 11545 6809 7203
f 11544 4358 6809
f 4380 11034 11548
f 7219 8844 11156
f 13272 7525 8845
f 13272 8845 3864
f 11544 8841 4349
f 8847 951 11543
f 8841 11544 10395
f 11547 573 6065
f 8844 7219 12321
f 12226 8846 8437
f 4353 8437 8846
f 952 8464 6499
f 8464 952 12988
f 4353 9256 6499
f 6499 8464 11547
f 573 11547 8815
f 10965 9240 4356
f 7204 4358 11544
f 951 7204 4349
f 1778 7638 972
f 1489 11304 1292
f 4343 8850 1488
f 13345 12021 962
f 4363 8851 6067
f 8851 1953 8852
f 1954 8852 1953
f 4948 4364 9269
f 13345 9269 4364
f 8465 9264 3881
f 4928 3881 9264
f 956 954 11551
f 13171 1334 7207
f 9275 4367 12023
f 4368 6816 3276
f 4966 7134 1243
f 12561 7960 1497
f 12270 1497 7960
f 10399 1496 4967
f 9984 6818 10249
f 272 7963 12170
f 6821 12410 7959
f 4379 9511 6100
f 9815 11552 8856
f 10401 6821 7959
f 1250 11553 4380
f 11702 7959 12410
f 4381 4927 4928
f 6160 8858 1953
f 8849 11541 2002
f 3917 8859 12111
f 8859 984 589
f 975 7220 13157
f 10402 368 1281
f 582 1281 580
f 4384 4308 13167
f 4384 4383 11526
f 8491 103 11988
f 584 585 7981
f 583 7981 585
f 371 583 585
f 583 371 3318
f 6532 584 7981
f 7221 984 8859
f 7220 4386 4385
f 3915 8494 6825
f 6362 9926 6826
f 6826 6361 6362
f 3565 12677 6455
f 12677 3565 591
f 179 8186 178
f 12088 6827 8186
f 4388 7972 4977
f 7972 4388 387
f 13014 12829 6826
f 387 3929 4387
f 8368 4387 6541
f 985 3943 9284
f 7223 9282 4389
f 6546 3943 3297
f 4389 4410 10403
f 4977 3303 7973
f 4387 3304 387
f 3937 379 5630
f 6830 6543 6434
f 8863 8864 4399
f 221 7961 220
f 13271 3718 3289
f 7961 3289 7962
f 3405 312 6828
f 8514 3933 6828
f 4393 8511 7855
f 312 11965 3936
f 11965 4406 3936
f 4396 8864 8863
f 6434 6543 594
f 8324 6540 7542
f 4396 8863 3928
f 11991 4986 8519
f 4394 8519 9287
f 4395 4397 4394
f 3957 995 4418
f 8864 9288 595
f 8872 3938 3373
f 12676 11556 8871
f 4419 12534 3940
f 607 12588 12676
f 3405 3933 3932
f 6834 7855 4392
f 6828 4393 8514
f 6253 8510 6544
f 9902 3933 7977
f 8514 7977 3933
f 3308 4393 11989
f 7855 11989 4393
f 13255 6834 13177
f 4392 13177 6834
f 7241 7229 1012
f 990 9285 991
f 11168 7987 10182
f 592 4410 989
f 8867 3285 7964
f 3285 8867 3946
f 8517 218 219
f 6265 6837 6836
f 3947 3989 8516
f 599 3990 301
f 3339 4447 7992
f 6859 7992 4447
f 8543 4416 403
f 4416 8543 605
f 3987 6838 405
f 604 4414 4413
f 638 8869 4409
f 386 7992 6859
f 4417 3848 8870
f 6265 635 8870
f 607 12676 8871
f 8871 3282 3280
f 3373 10283 6839
f 6833 6249 11417
f 6839 6833 3411
f 608 8872 3373
f 6549 3956 6840
f 4395 6831 3956
f 3810 8409 608
f 226 8053 225
f 3411 8013 8053
f 8409 3280 8872
f 8873 12588 12906
f 6261 11419 11558
f 228 11160 11558
f 3307 10286 12889
f 8875 5000 8874
f 12895 8042 6412
f 8877 10405 610
f 302 6407 316
f 8271 620 3962
f 4424 8888 3958
f 4426 7543 3964
f 7543 4426 12688
f 12576 10061 614
f 10061 12576 618
f 8876 10407 4427
f 11561 611 4428
f 6551 8877 7251
f 12689 8881 390
f 11745 12774 6842
f 8877 6551 11560
f 8881 8882 11992
f 1003 11563 4425
f 1021 9320 8884
f 3963 3293 6256
f 7547 3963 9298
f 6256 9298 3963
f 3958 8885 4424
f 3822 316 6847
f 4426 6847 6407
f 6847 4426 3962
f 8888 316 8886
f 621 8885 6844
f 8886 316 1004
f 9300 3958 8886
f 12128 12576 614
f 8556 8887 8557
f 6275 654 6274
f 6848 614 8885
f 8911 10408 8883
f 10408 615 6851
f 10408 4431 8883
f 4432 4431 12606
f 3964 8526 8271
f 8271 4426 3964
f 619 6851 4433
f 4424 625 8888
f 302 8888 625
f 8889 3293 3961
f 3293 8889 4434
f 621 625 4424
f 623 8889 394
f 8889 5000 4434
f 229 10252 11160
f 3959 13015 3337
f 13373 6549 995
f 624 9944 315
f 315 9986 624
f 10901 8891 4420
f 624 8890 622
f 7230 625 621
f 8556 4435 654
f 9988 6853 9959
f 8527 4448 11565
f 3970 5005 3332
f 8087 8307 12824
f 1006 8307 12670
f 12670 8086 8001
f 5005 6268 11967
f 7989 3333 3967
f 5634 8527 9666
f 631 3977 7990
f 6560 3980 6857
f 12201 6560 3338
f 213 7986 212
f 3408 3974 3324
f 3338 8896 4441
f 8894 4440 3979
f 3998 8546 3324
f 3998 630 3972
f 3978 3408 3314
f 3693 3978 8534
f 7990 3977 12201
f 3977 8268 12201
f 6857 3980 4445
f 8535 4445 3980
f 3981 633 632
f 640 8894 8898
f 6264 6561 635
f 3328 3946 8306
f 636 8306 3946
f 3789 6859 4447
f 9988 4449 7545
f 9306 638 1009
f 4409 8869 4450
f 10236 3976 3693
f 10236 6484 6858
f 4447 4415 13178
f 629 6860 639
f 6569 6558 6410
f 3975 3992 8531
f 3993 8531 3992
f 3343 6860 4451
f 3325 8546 3994
f 8898 8899 640
f 408 9310 642
f 4454 8101 3342
f 9310 3342 8101
f 9314 408 642
f 8003 8547 8002
f 7248 12661 1018
f 641 6863 643
f 6863 641 9311
f 190 8900 189
f 8901 5018 8003
f 7245 8901 8002
f 4457 8902 4436
f 3808 6854 8407
f 4458 8903 4437
f 7238 8305 8903
f 7238 8903 1019
f 8547 1019 8903
f 3996 8904 647
f 3996 4459 8904
f 644 8904 4459
f 9916 8548 1395
f 8905 3369 3368
f 646 8550 410
f 7573 410 8550
f 647 4002 3996
f 8905 646 9043
f 3315 3369 3445
f 646 8905 10291
f 8906 648 4461
f 319 8904 4100
f 7365 4637 6637
f 3784 3783 9908
f 3784 9908 3382
f 10255 10409 10970
f 418 11434 11566
f 9316 11992 1024
f 7249 13188 1022
f 11183 8264 4465
f 10907 1023 9317
f 10908 11425 11434
f 4435 5002 654
f 11170 652 9958
f 6186 2177 6266
f 654 5002 6274
f 12148 3366 12999
f 6866 6849 4468
f 412 11170 10837
f 6307 8555 7997
f 11567 233 10411
f 655 6866 6868
f 6866 4468 6868
f 8908 4469 8910
f 4482 7860 4470
f 7860 8910 4469
f 655 8908 8910
f 656 10777 4471
f 1004 316 3822
f 6866 655 5003
f 8910 5003 655
f 6869 7866 4476
f 661 7866 658
f 7866 661 4476
f 5031 6187 6850
f 6850 4474 12641
f 6849 12641 4468
f 7862 6868 10778
f 655 6868 8908
f 660 3351 4473
f 6869 4475 660
f 2178 7865 4477
f 13257 4477 7865
f 2180 6344 9732
f 4478 9866 8914
f 6851 615 4479
f 9732 1042 6191
f 4482 615 8911
f 8911 7860 4482
f 8910 7860 9327
f 4484 320 9319
f 10410 663 665
f 13257 10779 4477
f 9329 8025 3384
f 8025 9329 303
f 4487 7548 8913
f 4478 8914 3540
f 11569 7549 10411
f 11569 234 10133
f 4010 3364 3366
f 10569 8559 4008
f 670 3678 4008
f 1040 8915 10293
f 4491 6872 8562
f 3824 8916 4014
f 10412 13243 8005
f 6875 8565 1044
f 11570 8036 8062
f 11570 237 10141
f 8563 8005 12569
f 673 10812 13075
f 8566 675 6574
f 1046 8565 6875
f 12151 11185 10295
f 8582 8581 8031
f 11187 3382 12636
f 3347 6270 8014
f 10908 9960 3374
f 8580 676 4495
f 10415 8920 9338
f 8922 7258 8921
f 7550 4501 12662
f 4501 7550 8922
f 4500 7551 5043
f 11572 678 10811
f 10808 10415 6878
f 4502 12591 6877
f 11836 679 8923
f 4503 8021 4551
f 11192 3385 4039
f 11229 10305 10306
f 8591 6619 11437
f 8924 6880 13365
f 10305 8591 11438
f 8584 6879 11148
f 8580 10418 676
f 8249 11573 11574
f 6880 8924 4505
f 8622 10418 8580
f 4507 681 4506
f 6881 11993 4066
f 7261 6881 11052
f 8590 11464 4029
f 6881 7261 11993
f 4508 6882 4607
f 6584 4036 6876
f 5048 676 8926
f 7261 5047 8589
f 8926 8589 5047
f 4510 6882 6584
f 6233 6884 5097
f 4035 9345 10697
f 4076 10419 4512
f 4035 10419 9345
f 8964 4067 6936
f 6886 5088 3469
f 5088 6886 6608
f 8020 12113 10137
f 8931 8020 7269
f 8615 9347 9990
f 8617 6887 689
f 8017 8018 11359
f 11439 8595 12349
f 6888 11439 6890
f 6593 12397 9906
f 10420 6280 10975
f 8258 3566 8055
f 7272 10310 11204
f 8016 7270 12349
f 12477 10882 12233
f 3464 11360 10422
f 11441 8934 9991
f 4541 4518 13258
f 8599 8380 4522
f 4522 8596 8599
f 8937 10426 9964
f 6896 6594 10911
f 10088 426 10425
f 1389 4721 1556
f 9992 10755 4517
f 8937 4047 10089
f 13286 6594 6896
f 8938 4042 8597
f 11246 8597 4521
f 10979 9015 6897
f 4522 4043 9993
f 9016 6590 12339
f 11246 8938 8597
f 11671 12377 10721
f 11059 482 8939
f 7064 8939 7038
f 8711 3438 6698
f 11223 6698 7063
f 8169 691 12907
f 11578 10436 11577
f 7282 12759 8180
f 8148 8104 10433
f 9599 9600 12234
f 6904 10431 11446
f 10431 11060 10316
f 12112 7561 10586
f 6904 10983 11244
f 429 6600 10586
f 10983 3559 692
f 698 8948 4518
f 4518 7723 13258
f 6905 7281 8944
f 1070 11003 10636
f 4536 10590 11316
f 4104 10986 11451
f 6312 4533 11067
f 6323 3466 11586
f 8654 10342 11586
f 10178 10438 11243
f 8655 10439 6323
f 8606 6907 4647
f 6601 450 11004
f 11449 6991 8605
f 11587 153 12966
f 8222 8223 8183
f 4055 7291 10915
f 3467 10915 7291
f 696 10986 4055
f 4535 7298 7294
f 7293 4054 8612
f 10590 4536 10912
f 4056 11064 8946
f 1076 7290 7291
f 11451 696 8608
f 6399 8615 4058
f 10320 13225 11454
f 11453 10030 11058
f 1067 3800 11370
f 10916 3406 8616
f 9604 6911 6910
f 10323 11589 1066
f 8932 697 12113
f 4518 8948 7723
f 7663 698 12896
f 5073 12896 4519
f 8614 11588 12161
f 4060 4538 8943
f 6913 8953 8943
f 1163 12723 8950
f 9638 1417 8951
f 5509 10766 8952
f 7790 8952 10766
f 699 8953 7308
f 8953 8954 9360
f 11370 7276 1067
f 3800 1067 11588
f 10441 11754 4060
f 10441 12061 9995
f 701 4542 9773
f 1861 8613 4519
f 4541 6916 4518
f 698 4518 6916
f 1861 6917 1065
f 12707 1065 6917
f 7281 9348 12699
f 4105 9354 4540
f 7297 4540 7292
f 4540 7297 11590
f 6915 4114 7297
f 7790 6918 8952
f 10766 4057 9790
f 6918 7790 9774
f 11195 244 11315
f 10445 8583 3389
f 11591 11592 8955
f 4554 8928 4547
f 704 11053 7263
f 11053 704 10577
f 325 8962 705
f 7311 6923 705
f 6923 7311 8928
f 3469 4550 12926
f 8960 12926 4550
f 8961 8583 4552
f 2206 7314 4549
f 7312 6924 6930
f 6925 8965 7319
f 8964 10448 4067
f 6928 6936 8927
f 6885 9367 13067
f 4555 9371 9877
f 9371 4555 9340
f 705 8962 8959
f 2206 8959 8962
f 10577 12581 12236
f 4548 7871 706
f 1078 8965 8957
f 8957 7887 8966
f 9878 7887 12079
f 6921 12237 4545
f 11594 12237 3389
f 6923 8963 325
f 12981 11593 12238
f 8955 4545 6610
f 12708 8620 12238
f 11595 7315 3619
f 7315 1077 6394
f 11759 4557 4566
f 7312 7313 12691
f 6924 6931 9369
f 12352 10884 10325
f 11367 12352 10325
f 8397 10324 11596
f 710 9950 10215
f 4560 6933 11601
f 11601 8506 4560
f 6941 6926 8623
f 8968 4561 8625
f 434 8625 4561
f 8969 11597 6938
f 8967 4561 8968
f 6192 6935 12086
f 325 8971 7316
f 1079 7872 8624
f 6927 6926 6941
f 6401 4067 4564
f 6207 6885 4511
f 1077 10036 12730
f 709 10450 8969
f 5091 4575 8970
f 4575 5091 9882
f 711 8970 712
f 7325 7326 8977
f 6940 8972 8974
f 7321 8974 4574
f 8261 6939 10452
f 5091 12086 9882
f 9817 711 8977
f 8989 716 11598
f 4583 4569 6622
f 716 6622 11598
f 4562 8973 9881
f 8974 8972 4574
f 9378 712 5095
f 7325 8977 5094
f 726 12249 4595
f 4577 8624 8982
f 4068 8625 434
f 10863 3652 10921
f 6401 8988 8989
f 12209 11603 8985
f 8276 8242 10596
f 6944 11459 12239
f 3480 9930 12795
f 9930 3480 714
f 252 11231 11607
f 439 4581 13187
f 6945 7873 10102
f 4581 11609 13187
f 10599 4581 12240
f 7332 11913 4612
f 6942 8987 11608
f 7321 11598 6946
f 7323 4569 4571
f 4569 7323 6946
f 716 8989 8988
f 6948 7323 4571
f 6949 6948 4571
f 9827 11928 727
f 4571 4569 6318
f 6949 10602 12692
f 11598 7321 8989
f 10597 7324 11600
f 11600 7324 8991
f 11999 4080 7360
f 3531 7360 4080
f 717 718 8992
f 8107 7329 7330
f 10602 6949 10601
f 6318 327 8990
f 439 13187 4081
f 10457 4580 13068
f 13187 10922 4081
f 10460 12240 439
f 10459 11999 10038
f 11610 11130 5514
f 3472 8643 7328
f 7328 5100 7331
f 327 8644 11838
f 10991 8083 11230
f 6304 8082 4618
f 6953 8637 8084
f 328 3660 4083
f 440 10992 8997
f 12464 440 11221
f 6405 6406 10920
f 4087 3661 6615
f 12002 720 4589
f 720 12002 8996
f 11462 10335 10920
f 8639 11221 11461
f 8997 10156 440
f 11613 6306 6954
f 6627 437 11902
f 7907 6963 8998
f 3649 11312 8975
f 6959 11469 3660
f 6959 720 10464
f 11312 11470 8253
f 6970 4590 6960
f 10465 8999 726
f 4597 7908 4073
f 12644 3649 728
f 8995 11612 4572
f 8975 8995 9007
f 11472 4589 6956
f 11472 6971 12002
f 6966 722 4594
f 11612 8995 8253
f 12095 10218 11619
f 6966 6963 722
f 6960 6964 12908
f 4590 10109 6964
f 10109 4590 8999
f 10465 10109 8999
f 9003 12246 4613
f 721 4613 12246
f 9004 9000 6977
f 9804 11630 9001
f 9003 8642 9004
f 4597 9017 7908
f 13410 2062 11616
f 7828 724 6032
f 1085 9008 5104
f 6967 9382 7727
f 9009 6967 1703
f 6970 8930 4590
f 726 8999 10795
f 4601 4072 11621
f 4072 13164 13410
f 4608 4602 4605
f 731 8022 729
f 8996 12002 4604
f 8999 4590 8930
f 12247 4604 6971
f 4579 11471 7869
f 728 8975 12992
f 10466 8996 4604
f 11998 11473 9007
f 4591 12248 9011
f 5098 12248 4591
f 3472 8107 7330
f 4583 3472 7328
f 12141 4608 4605
f 6628 4507 4508
f 4073 4602 733
f 1083 5827 11623
f 5147 7332 6226
f 5147 4611 7332
f 8638 8622 11473
f 6628 4508 8929
f 5500 7556 10697
f 5501 7554 687
f 6136 723 4598
f 8642 4597 6972
f 11627 11002 10610
f 12000 728 12992
f 8079 8997 6306
f 8080 6973 12159
f 3659 8270 4087
f 4078 6615 10224
f 6957 8993 10000
f 6627 12241 6975
f 10924 6627 12363
f 8083 8637 6300
f 11379 12276 13367
f 13385 8636 11632
f 10002 8082 10995
f 11445 3543 8073
f 6978 10997 8074
f 6496 10605 8641
f 8936 13286 13038
f 11445 11070 8597
f 4520 10427 4622
f 11445 4042 3543
f 6980 9609 7759
f 6980 7759 11869
f 13190 9027 12884
f 7338 5120 7731
f 1556 9387 1389
f 7804 4623 9029
f 10760 9028 6980
f 12885 11632 9030
f 7808 9033 9778
f 9034 1392 10067
f 4629 9035 12302
f 9035 4629 7342
f 7363 8296 9929
f 9019 5103 9037
f 441 10003 10608
f 8273 9038 1103
f 9038 8273 10615
f 1089 7349 7350
f 7350 5127 10616
f 9041 1390 5110
f 1390 9041 5123
f 9042 8900 8102
f 10477 6521 12693
f 4096 13186 4094
f 10259 8392 10477
f 13186 12928 4094
f 4095 4094 12928
f 12928 7367 7366
f 740 443 6309
f 6984 11638 7368
f 6309 7368 11638
f 443 410 7573
f 2185 6636 1113
f 8647 742 4642
f 9043 11637 8905
f 8549 3345 1112
f 747 9044 11638
f 4642 738 8647
f 9045 745 4645
f 9045 4645 739
f 8651 4643 4099
f 8651 760 748
f 11893 8069 6308
f 4098 10927 3444
f 8069 748 6308
f 9045 4642 742
f 12989 1397 6988
f 6987 752 9046
f 1111 9046 13018
f 12565 3905 749
f 1127 4670 3905
f 9046 752 13018
f 4646 6989 754
f 6987 1397 752
f 4639 4092 4640
f 304 8652 758
f 8652 304 9047
f 1116 8652 4103
f 4099 3454 3453
f 331 3453 3454
f 6308 759 6310
f 759 6308 760
f 1116 9044 8652
f 9044 1116 4643
f 8605 6991 12365
f 11480 8606 4647
f 6601 6602 8604
f 9355 7295 4111
f 12365 8661 6907
f 4647 6907 8661
f 8067 8232 11645
f 12527 1076 11645
f 1072 8945 8946
f 8609 9360 9051
f 12593 763 7302
f 11646 7002 305
f 10929 8661 6385
f 9056 3465 332
f 4648 9053 4649
f 9054 1712 9053
f 4116 8662 6998
f 4117 10931 455
f 13176 3465 4118
f 7003 8165 8659
f 3626 10005 6997
f 11448 9052 11646
f 6992 8662 6993
f 6992 6646 4648
f 7768 9057 12609
f 11647 12798 4650
f 9059 9055 4648
f 9055 9059 4655
f 4653 9060 764
f 8682 9061 11648
f 6644 4110 459
f 7002 11646 10006
f 7002 10006 4109
f 4107 6385 6996
f 7000 4652 4107
f 9064 12681 9063
f 8663 9064 6653
f 9053 1712 4649
f 4147 9060 12840
f 9067 9065 4653
f 9060 4653 9065
f 4654 9066 4147
f 4655 9616 9055
f 8660 7000 6996
f 6653 457 4117
f 8682 4148 9061
f 4651 9061 4148
f 6654 9616 4655
f 3477 10480 4119
f 10180 6653 4125
f 458 4118 9056
f 7001 9062 4110
f 8667 466 9065
f 4654 12840 466
f 12103 9066 6671
f 8152 4109 6644
f 4109 8152 8660
f 8152 6644 10181
f 4656 8470 13288
f 13289 8470 4656
f 4652 9063 3631
f 455 3420 12162
f 9064 8663 8232
f 10169 11485 11007
f 9922 3474 765
f 11484 13070 13192
f 3893 8668 3476
f 3475 3476 4656
f 10480 3477 7004
f 11897 7007 9928
f 4157 6683 11404
f 5162 11651 11786
f 11249 461 8670
f 4658 11639 8683
f 9071 4659 13071
f 11639 4658 11653
f 9614 12683 13195
f 7015 768 3621
f 9073 4137 3623
f 9919 8123 11654
f 12366 3622 8123
f 3622 10483 8123
f 1124 8226 11008
f 12173 9073 471
f 12909 8684 4155
f 8680 4143 12253
f 3501 6528 11234
f 4143 7011 12254
f 6655 4155 4127
f 8681 11086 11655
f 4663 13368 4133
f 4142 7858 10347
f 4665 6662 771
f 9783 7764 468
f 1123 9413 4658
f 9077 9619 9620
f 9619 9077 4666
f 4666 9077 9074
f 9076 9074 9077
f 8666 5945 465
f 770 5184 4667
f 771 4667 7013
f 4133 4668 11844
f 6672 7014 7377
f 7377 1125 6659
f 4132 7377 6659
f 8671 9078 462
f 9066 4654 4144
f 4144 6671 9066
f 6669 4654 466
f 10350 9067 9616
f 3497 11654 775
f 11009 6681 12004
f 6529 3497 775
f 4154 8479 12900
f 3628 8686 13046
f 3908 8685 10483
f 8685 775 11654
f 8686 10483 3622
f 12173 6676 3621
f 4671 5188 7686
f 5188 4671 4171
f 784 9082 10646
f 4158 10045 11656
f 12038 5528 7378
f 4673 7378 5528
f 7017 7578 11919
f 7386 12637 3495
f 12135 8483 12037
f 1133 1136 10355
f 7019 10488 1136
f 4679 9438 4678
f 9438 1145 7580
f 10184 3539 6368
f 9085 4726 7693
f 12526 4164 474
f 9087 4680 780
f 11089 4166 12256
f 8141 9088 10488
f 9088 475 10355
f 3522 4165 12910
f 6349 12929 12841
f 4682 7390 4681
f 4681 7390 5192
f 4677 5192 7390
f 4682 12841 3400
f 12841 4682 3387
f 11241 3853 11089
f 782 9424 4167
f 10937 9089 11496
f 4672 7031 11660
f 10646 11801 11661
f 11662 7030 3542
f 4683 11011 3634
f 7028 783 8446
f 7027 8162 7028
f 7027 6693 11662
f 10494 11257 11659
f 7391 10643 1140
f 4685 4686 9093
f 4689 7029 5729
f 4686 10009 4693
f 4686 4693 9093
f 336 12697 5191
f 12542 5995 7029
f 785 4694 786
f 8119 3489 9129
f 8164 7033 8446
f 7403 479 788
f 3575 10852 3587
f 11287 127 10648
f 10068 12494 11679
f 9456 10497 1156
f 10046 7413 11092
f 12973 7592 13369
f 9104 9103 11665
f 9104 9102 9103
f 6767 4283 7151
f 8170 6283 12333
f 7038 10229 7064
f 8167 6354 10662
f 12768 11015 10944
f 8709 11389 12912
f 12468 12257 11500
f 6597 7053 794
f 7051 4048 7054
f 11238 12646 11387
f 10504 6503 12443
f 6332 3498 7041
f 11667 12913 789
f 11502 8122 6366
f 3499 10274 10505
f 7418 9105 8320
f 9109 6366 8708
f 11017 9107 4178
f 9463 10242 7045
f 7053 6597 11671
f 8602 11671 6597
f 6332 7041 11500
f 11018 6503 7041
f 4702 10512 10941
f 9106 11390 10941
f 797 4705 7056
f 9113 7056 4705
f 11671 8602 12377
f 4704 7042 4711
f 7042 4704 791
f 11498 4048 10476
f 9111 3499 10505
f 11237 10274 3499
f 7046 1471 8646
f 8646 9112 7046
f 12138 9972 7614
f 7146 4177 13201
f 10507 10274 7050
f 12260 12259 7706
f 11016 7706 12259
f 10944 1164 10508
f 9114 13081 691
f 4715 4717 10583
f 4714 9639 5653
f 4719 4718 7876
f 7600 7876 4718
f 12583 7056 9638
f 8950 9113 11674
f 7056 7057 797
f 1474 9650 9649
f 797 5596 1474
f 11678 12499 12291
f 7286 1069 12497
f 4721 5817 5818
f 7558 4723 1065
f 5738 1588 4724
f 6330 7058 13223
f 7058 6330 9110
f 9465 11274 3674
f 11274 9465 3779
f 11503 9349 4181
f 10192 4044 12560
f 11863 10791 12260
f 12091 10163 10823
f 3425 10823 8171
f 11019 10164 9913
f 10501 12749 8072
f 7062 10661 10360
f 11504 6696 482
f 7064 10228 13196
f 8712 11020 11504
f 8024 10781 8124
f 1149 7581 5193
f 13134 1422 4727
f 1422 802 803
f 9445 5219 4728
f 7065 3889 10764
f 8699 6505 7812
f 11021 801 13291
f 805 8116 9129
f 8119 483 9128
f 9129 483 8119
f 8164 12666 8698
f 11022 338 9128
f 805 9129 6691
f 8714 8116 805
f 3493 3564 6471
f 3879 11687 9136
f 11291 9130 11338
f 4183 8229 7066
f 6325 3486 13260
f 8719 12120 4187
f 8197 9131 3581
f 9133 1419 9132
f 1419 9133 4734
f 1167 9133 9132
f 4734 9133 4733
f 806 9134 9472
f 807 5242 11688
f 3608 3593 8214
f 5244 9469 7434
f 9469 5244 9135
f 5238 7436 7602
f 7877 6336 13073
f 8024 8719 6336
f 13057 9150 7070
f 3879 9136 3797
f 11895 6290 11025
f 11271 6510 10518
f 8722 8721 7073
f 9139 7079 8135
f 9138 821 9139
f 7073 4188 808
f 4745 9141 3509
f 9139 821 808
f 821 7066 808
f 7075 9925 12700
f 10196 6510 11291
f 11271 8720 6510
f 9140 7076 12844
f 9141 810 4737
f 9138 9139 8135
f 4738 9143 9144
f 12844 4730 4737
f 12842 4737 4730
f 9142 4739 9140
f 9142 4738 4739
f 8197 3581 4739
f 4742 1421 13134
f 7077 4741 8197
f 13165 5958 12993
f 4745 490 9148
f 5761 4748 9148
f 810 9148 4748
f 490 4747 6514
f 8467 4188 489
f 9132 1419 7400
f 7430 9149 7429
f 4175 4750 4185
f 8715 8716 6378
f 13057 8461 822
f 11025 3879 3797
f 8458 11026 11895
f 3607 7435 13299
f 487 9151 10664
f 4753 10520 5236
f 9152 5236 9151
f 3510 9137 3885
f 6705 488 486
f 7072 9925 6705
f 79 10202 10196
f 8490 824 3598
f 10518 6708 3875
f 3599 3807 9156
f 8007 489 825
f 5249 9154 826
f 11689 9153 8419
f 9155 6710 827
f 7604 3807 8724
f 3601 11027 10364
f 8727 828 10664
f 4757 8414 4753
f 13321 7707 829
f 4195 11690 11691
f 9158 1178 8729
f 118 8416 117
f 4758 4895 1426
f 9243 4758 9160
f 4759 8143 4197
f 8143 4759 830
f 8732 3521 4197
f 493 831 3624
f 6715 831 3447
f 3447 6387 6715
f 8233 6387 345
f 8235 4199 6715
f 306 3520 3513
f 8733 3520 508
f 2174 508 3520
f 9161 500 9162
f 504 11904 6367
f 4211 8737 4214
f 836 837 11309
f 8332 4222 1190
f 837 836 3682
f 836 6717 12008
f 3682 836 6424
f 3591 4215 4216
f 6719 8238 3637
f 295 10213 294
f 7086 8739 7087
f 10015 832 4202
f 1428 4202 832
f 3586 12915 3701
f 3591 3701 12915
f 12915 6424 12008
f 11284 11 11294
f 6377 10523 11510
f 4220 9165 9166
f 11896 4233 6380
f 3616 8735 4233
f 514 8221 512
f 11293 512 8221
f 4233 7708 3616
f 514 3616 7708
f 8744 8220 6374
f 3816 12184 4236
f 9976 6729 11692
f 8746 4772 1201
f 510 4220 9166
f 9166 9165 7088
f 8217 9976 7443
f 7089 7095 10524
f 853 8747 10524
f 10524 7095 853
f 347 12012 13377
f 7441 4240 1201
f 5269 9490 10525
f 9169 1202 9168
f 1203 9168 1202
f 1447 9171 6731
f 4770 1219 4771
f 4769 7444 11104
f 847 845 9170
f 9491 9170 845
f 1225 7450 1447
f 8308 848 7097
f 848 8308 857
f 7095 3702 8312
f 853 8312 855
f 11693 7096 10200
f 4774 10199 11977
f 853 855 9172
f 3697 9172 855
f 9172 3697 4775
f 3832 1219 4770
f 5266 4780 4782
f 1215 9173 5276
f 7089 3927 3702
f 7094 3702 348
f 3696 515 4775
f 851 4777 5267
f 848 12833 8413
f 848 9174 12833
f 854 4783 4776
f 7100 3706 7094
f 518 9175 855
f 3697 855 9175
f 4796 4239 850
f 9176 11921 4793
f 3699 9175 4792
f 7098 8309 350
f 3817 3843 7099
f 9181 7099 3843
f 9177 857 8308
f 3595 9177 3698
f 9178 10371 10526
f 4801 7447 4785
f 9179 4768 4770
f 4789 5291 4244
f 4253 9180 5286
f 861 9937 9905
f 3838 9181 4791
f 9181 3838 11694
f 11695 285 11029
f 4790 11175 10016
f 9175 11962 4792
f 7099 520 863
f 3840 8749 3710
f 1451 2233 1629
f 9493 3902 4795
f 7101 4791 7100
f 3720 7102 4792
f 7102 8309 7098
f 3698 9182 3349
f 865 3349 9182
f 861 9182 13197
f 8762 3838 7101
f 521 8322 864
f 3840 4244 5291
f 861 9905 866
f 11695 7103 10372
f 7104 519 3545
f 866 9905 3545
f 9183 4250 8752
f 13348 865 1227
f 8757 8755 6533
f 4799 867 3741
f 867 4799 7106
f 4802 4803 6736
f 8361 6453 8757
f 3901 6525 7448
f 3901 9642 4801
f 868 11696 4251
f 4806 7455 4803
f 4805 1229 5297
f 7455 7459 9189
f 8492 7119 8493
f 8495 11412 12122
f 6536 8496 10899
f 7117 8496 9955
f 10899 8496 899
f 8337 3547 7109
f 4808 8766 530
f 3547 4254 7109
f 6744 4252 870
f 7120 1236 9187
f 1236 7120 8767
f 10245 4807 3727
f 870 9188 1448
f 9188 870 8468
f 8766 4808 9188
f 4260 7111 12793
f 7111 6509 9186
f 7457 872 3747
f 9189 7459 4259
f 4809 4258 5297
f 3742 11514 4810
f 4251 11696 13371
f 11106 7113 4258
f 4258 9501 5297
f 4261 10375 13198
f 877 9190 13344
f 1232 873 9978
f 7462 4261 10671
f 7460 10375 4815
f 11697 4813 11031
f 29 11698 9942
f 4814 1231 4841
f 4815 9198 4264
f 13292 874 4848
f 4262 3755 11415
f 3756 907 11898
f 8773 4819 877
f 4819 8773 10018
f 13292 8775 8776
f 3736 3755 4262
f 10378 4816 4818
f 11106 4814 5299
f 533 4822 5299
f 5303 4822 5298
f 7610 5298 4820
f 4812 877 13344
f 4821 5575 9192
f 9510 4848 10021
f 4826 10672 11699
f 10672 4826 9510
f 9507 8347 11699
f 5574 4266 4827
f 8777 12532 9193
f 1457 4820 533
f 4820 1457 1458
f 9195 12916 9194
f 889 12916 9195
f 899 8496 887
f 4829 11327 4831
f 887 354 899
f 7117 887 8496
f 888 308 3916
f 7119 3916 308
f 3734 9194 3676
f 9194 3734 6438
f 889 9195 3921
f 3731 4832 891
f 4832 3731 3732
f 877 4819 9190
f 891 11918 3731
f 8767 7120 531
f 8759 8493 11513
f 10528 7110 8765
f 7110 10528 11412
f 4248 6536 6744
f 893 9187 4835
f 893 1632 4256
f 7608 3724 11978
f 8772 7461 8771
f 11821 6750 3765
f 8770 901 7122
f 901 8770 3753
f 5574 1457 7609
f 4842 7609 4841
f 7609 4842 5574
f 12263 4841 1231
f 12701 4268 901
f 7122 901 4268
f 11032 12701 11033
f 33 8359 32
f 8358 32 8359
f 900 9197 3759
f 537 10949 4374
f 12601 9503 12702
f 7134 4266 1243
f 4843 1243 3871
f 7123 537 9199
f 4270 9200 10877
f 10877 3761 4270
f 8450 11701 11198
f 8779 12409 6755
f 8456 6823 11702
f 6823 8456 9507
f 11703 4845 12143
f 8856 9511 9272
f 4826 11699 3736
f 9191 3755 8347
f 10019 7130 9940
f 9201 3748 12902
f 3749 9201 6452
f 12902 3748 3766
f 535 6752 9202
f 3766 8360 8355
f 9503 9584 12702
f 4847 3757 906
f 10529 9505 9506
f 9510 4826 4848
f 1256 12917 11704
f 8386 10506 4850
f 11888 9859 4272
f 5227 7899 12407
f 10952 11099 10657
f 8321 9941 5331
f 8782 12316 11708
f 11709 10533 11518
f 10533 11709 10676
f 1261 5593 9206
f 9206 7613 5595
f 9204 10532 12264
f 6447 4852 11110
f 5332 4279 6447
f 11714 12097 7142
f 11727 11715 12265
f 8390 916 9518
f 6765 8318 11039
f 6447 8371 7143
f 8338 3752 3713
f 4854 9213 11716
f 9213 11521 4856
f 7479 3752 7480
f 11350 12357 10155
f 4281 11335 11719
f 4282 7150 10241
f 8797 10241 7422
f 12789 12124 7146
f 8340 913 8795
f 4283 8795 913
f 4860 9522 7148
f 7148 9516 9215
f 4855 7482 9980
f 7152 6767 11334
f 7151 11334 6767
f 7426 12918 11666
f 4861 7153 9102
f 9104 4861 9102
f 7154 9217 9519
f 9205 5361 12919
f 11871 9218 9219
f 4859 12107 8796
f 4856 7155 9212
f 7155 4856 11521
f 3773 9211 12015
f 4855 6445 7482
f 6445 4855 13048
f 543 11522 4854
f 8341 7155 8342
f 8318 12671 911
f 9947 3788 11724
f 12587 7481 12340
f 7157 916 8390
f 8785 4869 10105
f 9211 7144 10954
f 7144 4855 10105
f 4277 9212 8341
f 546 10239 11524
f 10541 9221 918
f 4864 9222 4863
f 4862 9522 12107
f 8796 12107 9522
f 1265 5336 6768
f 7168 7178 11723
f 1259 5333 8786
f 5353 13082 3792
f 4177 5337 1262
f 1268 9223 920
f 920 7488 1268
f 7488 920 4868
f 10682 6223 6222
f 4876 9224 4867
f 12533 4867 1268
f 4875 7488 7489
f 6757 10549 309
f 9947 10387 3788
f 8784 6756 11725
f 9228 9227 4869
f 11726 9225 11364
f 4288 11726 8802
f 10548 11724 10261
f 10240 12863 6301
f 11041 3428 11727
f 3428 11715 11727
f 9222 4873 11042
f 4873 9222 4864
f 4872 4873 4864
f 3791 7165 4871
f 8784 918 10543
f 1268 7166 12533
f 7166 1268 7488
f 13050 9224 4889
f 4870 4290 6781
f 4314 7167 4870
f 7167 4314 10544
f 7168 4278 11959
f 4885 8398 923
f 4877 4885 923
f 923 10883 922
f 9237 7161 4887
f 4887 9227 13023
f 6473 4869 9227
f 9220 9229 9228
f 7161 9237 10549
f 6495 4878 13044
f 111 8432 110
f 4294 8826 5778
f 8826 4294 4293
f 12904 8826 4293
f 3707 3841 7878
f 4295 9230 10388
f 9230 547 3688
f 6199 6774 4298
f 9233 549 4881
f 3709 9938 926
f 11372 8314 9232
f 9232 3600 4301
f 92 8205 91
f 550 9233 4881
f 9234 4308 4384
f 9234 4882 9233
f 4882 9234 8404
f 8404 9234 4384
f 4880 12602 11983
f 4307 12602 4879
f 8808 4908 5779
f 7172 1283 9235
f 1283 1338 9527
f 6535 9527 1338
f 108 8474 107
f 8327 3904 3897
f 4884 928 4312
f 7174 6421 6782
f 8396 6780 13116
f 9236 6420 10547
f 7176 9236 8398
f 8810 6421 7175
f 9236 10547 10883
f 4287 7157 11525
f 8390 12920 7157
f 8244 11525 4874
f 9226 9237 554
f 8810 7173 3684
f 9236 10883 8398
f 10548 4290 11724
f 4288 10261 9225
f 13023 9227 13166
f 6427 10549 4886
f 9237 4887 554
f 4886 12920 6427
f 9529 5379 7165
f 4889 9224 4876
f 1291 9543 10684
f 13156 1489 1292
f 11113 8445 7510
f 557 10689 7509
f 7509 4342 8834
f 12310 11922 7628
f 6794 13409 7185
f 8402 8237 362
f 1488 8813 7184
f 561 9563 12604
f 3833 3834 11116
f 11116 8227 3833
f 8821 8430 8431
f 115 8431 114
f 8509 12604 6493
f 7521 8418 10265
f 8418 7521 933
f 11045 935 10960
f 7717 8820 4893
f 7188 9243 3361
f 4893 5423 5422
f 5423 1305 5422
f 1493 4901 10754
f 4326 10961 11731
f 4758 9243 7188
f 3811 4191 8412
f 6486 3811 936
f 84 8410 83
f 12648 4896 12647
f 8228 10805 10962
f 6272 10962 10805
f 3353 938 8228
f 4328 7192 6797
f 11732 3376 6279
f 8405 6487 566
f 12575 8405 564
f 12017 4900 10754
f 3367 6495 8011
f 8432 111 8010
f 8094 3835 8805
f 3837 3836 4902
f 1494 10691 6493
f 3834 6493 10691
f 8826 12904 9244
f 364 10552 8830
f 7194 6800 10802
f 4337 10802 6800
f 8828 3376 11732
f 3435 6798 7968
f 9245 4899 4337
f 4899 9245 4332
f 4302 4339 12020
f 4339 11986 3295
f 9246 4904 7966
f 5436 6255 11733
f 4905 8830 10552
f 8830 4905 10554
f 5779 9247 12019
f 4339 4302 8808
f 4334 9560 9244
f 4321 7520 4334
f 3828 8209 9249
f 90 8424 89
f 5436 11733 4907
f 9248 4907 11733
f 4338 8209 3828
f 8424 8423 9249
f 89 8424 7967
f 10556 7197 1318
f 10734 5440 3309
f 7913 12629 5452
f 4916 3864 6203
f 8459 3878 1316
f 11735 10804 4917
f 5437 4917 8854
f 7524 946 6789
f 1316 6789 946
f 947 8833 9251
f 4918 3865 9251
f 947 1317 10733
f 6263 9252 10804
f 7633 6504 3861
f 4920 10272 11736
f 3857 12268 11346
f 269 12197 12475
f 6259 11161 7201
f 12450 11347 10251
f 3857 11346 12359
f 4358 7204 9259
f 6806 11305 11739
f 7498 12921 7203
f 4358 7498 7203
f 4349 11543 951
f 952 9255 12988
f 9256 8846 11737
f 4924 11737 8846
f 1325 9258 8840
f 9258 9257 8840
f 7203 12921 11305
f 8843 6806 8839
f 9253 11729 6246
f 3279 12224 11155
f 8840 12269 4348
f 4925 11117 9571
f 9569 9728 11117
f 7912 5452 4925
f 4926 9261 9892
f 9261 11741 1324
f 3872 9263 3867
f 1333 7206 6244
f 5775 5589 4927
f 7902 5588 10794
f 5467 10794 5588
f 1496 13300 7217
f 8466 39 7954
f 4929 9581 4960
f 9581 4929 9580
f 3884 5464 4929
f 4367 4930 7205
f 9578 5465 9266
f 10891 1333 11551
f 6816 5465 7207
f 4367 9275 9265
f 4930 4367 9265
f 4932 9266 11048
f 4932 366 4933
f 3882 4933 366
f 7208 3882 10782
f 8465 959 7210
f 958 7210 959
f 578 4933 10794
f 7208 10794 4933
f 4928 10782 3881
f 4381 9264 7212
f 7210 7212 9264
f 9267 5582 6099
f 7953 12605 11048
f 366 9268 6202
f 4939 961 969
f 9270 4945 965
f 9269 958 9273
f 959 9273 958
f 4948 4938 4364
f 8465 7210 9264
f 958 9269 13345
f 4942 9270 4943
f 962 9726 960
f 7212 960 9726
f 4928 4927 7208
f 7902 7208 4927
f 2199 968 973
f 4948 9269 6201
f 4914 7912 7211
f 2298 7211 7912
f 4948 7913 7879
f 2199 963 4936
f 4935 4936 963
f 4944 963 4949
f 4948 7879 4938
f 961 4938 7879
f 5582 9726 962
f 959 8465 2198
f 9271 4945 12022
f 11741 9261 9262
f 9261 1324 9872
f 4955 9892 4341
f 1254 8857 10561
f 3880 1498 6245
f 4959 6243 12934
f 6243 4959 956
f 11734 8462 11855
f 10966 9275 4963
f 12023 7523 9275
f 9200 3291 6254
f 6454 3291 4270
f 4964 7215 12270
f 3887 5469 4964
f 3761 11032 4965
f 10877 9200 13199
f 9583 9199 537
f 5580 4966 11743
f 4968 5312 4966
f 5312 4968 9278
f 4377 10399 4967
f 4968 367 9278
f 904 311 10378
f 12411 271 12170
f 7859 4345 13045
f 12321 4971 4351
f 579 4386 4382
f 590 3311 589
f 3327 13157 9281
f 6824 2175 587
f 5472 6535 1338
f 579 580 368
f 12024 3326 4976
f 97 6538 96
f 6538 3915 13232
f 4389 9282 985
f 4390 6379 3955
f 4391 3297 4980
f 3943 985 4390
f 12025 4980 4979
f 9926 3298 3931
f 4981 4411 3303
f 7228 9283 13372
f 9292 9283 6835
f 4410 986 5627
f 9283 3942 4391
f 9284 8515 986
f 7226 3931 6258
f 3298 6258 3931
f 4408 7970 990
f 9285 990 7970
f 3336 991 9285
f 8515 9589 986
f 6546 9286 8515
f 3673 12088 11555
f 8861 11555 12088
f 7973 3303 4412
f 4411 4412 3303
f 374 3931 7226
f 380 12676 12588
f 8512 8873 4406
f 13250 9288 4986
f 4986 9288 9287
f 7542 4394 4396
f 9288 4396 9287
f 9289 4987 13250
f 11252 3845 4989
f 7225 7229 3336
f 7229 11167 1012
f 8154 11165 10182
f 8866 13372 4409
f 4409 4450 8866
f 991 3336 4990
f 638 4408 990
f 379 3937 8863
f 4399 8865 10284
f 3281 1000 12229
f 995 8874 13373
f 996 4992 4995
f 9294 4995 4992
f 4422 12995 5475
f 618 4994 4993
f 2229 2249 9296
f 4999 998 9296
f 11163 4420 8891
f 6841 9295 609
f 8874 5000 8889
f 13373 623 8523
f 8526 8523 623
f 612 6403 7234
f 6403 612 3656
f 1025 8008 5001
f 6273 12414 9320
f 3334 11181 5023
f 7234 6403 8264
f 12202 9315 9316
f 395 626 9298
f 5002 4435 9987
f 9299 9298 626
f 652 9299 626
f 9987 7546 5002
f 616 9301 9302
f 8883 9302 9327
f 4430 12576 5004
f 10968 8538 8087
f 8538 10968 3984
f 185 8088 184
f 7988 184 8088
f 9959 6853 6557
f 7239 6557 6853
f 4448 8527 1005
f 5005 6565 3332
f 4457 7237 3808
f 7237 4457 4436
f 7993 8407 12508
f 12924 12508 12200
f 396 9304 12027
f 4436 9304 8528
f 6268 8528 9304
f 4437 3967 4438
f 12704 8529 627
f 5007 12590 409
f 7748 8305 7238
f 9666 9305 8897
f 3968 5007 8893
f 3330 7987 3331
f 11168 3331 7987
f 8892 7241 637
f 637 9303 3986
f 7240 7545 4449
f 5008 4449 9307
f 8869 638 9306
f 991 4990 13056
f 7242 6565 3985
f 11050 5013 3330
f 9308 5011 5009
f 10563 9307 4448
f 5006 5011 5012
f 1012 3985 7241
f 8866 4450 13262
f 11557 3330 5013
f 1681 4991 5014
f 4991 1010 9308
f 1010 4991 9293
f 3944 12845 5806
f 3462 4454 11120
f 8436 3341 6861
f 8900 10129 189
f 9311 6862 6271
f 7247 5016 7650
f 9312 5019 5488
f 5019 9312 5018
f 8901 4637 7365
f 5019 5018 7365
f 3342 7246 7244
f 7246 3342 3344
f 6267 7993 7995
f 12924 7995 12508
f 643 12027 641
f 3344 8902 4457
f 8902 3344 9313
f 7650 4000 7247
f 4000 7650 5021
f 9311 641 408
f 1018 8547 4458
f 5016 8003 5018
f 4455 4456 13179
f 3656 7250 12640
f 4006 1022 9315
f 5024 9317 1023
f 13268 9317 9324
f 9317 13268 10907
f 7249 8263 12026
f 5024 1023 9318
f 4466 4484 8912
f 9318 8912 4484
f 4484 9319 6865
f 1024 11992 8882
f 4484 6865 11563
f 9315 1022 8880
f 8009 3784 12446
f 8264 12705 5001
f 7252 1002 10292
f 8884 9320 1025
f 8553 11166 11424
f 10566 9325 9321
f 5025 9321 4483
f 9322 5028 9323
f 1037 9323 5028
f 9317 5481 9324
f 1368 9324 5481
f 5027 5480 5026
f 5027 5026 9325
f 9593 9325 5026
f 5028 9297 5034
f 9324 5022 13268
f 5022 9324 5027
f 9325 4483 9321
f 4483 9325 9593
f 5022 5027 10566
f 8575 11432 9323
f 5025 9323 11432
f 9321 651 12737
f 416 5022 12737
f 9299 652 6867
f 412 6867 652
f 4479 4433 6851
f 617 4433 664
f 664 4480 617
f 7861 5003 9301
f 615 10408 8911
f 9302 9301 5003
f 8911 8883 9327
f 7253 1034 5033
f 7548 5033 1034
f 5032 1036 1037
f 651 8567 4022
f 8575 4020 11432
f 651 5025 8567
f 6274 3364 8560
f 3678 10569 4008
f 670 8558 1040
f 3355 8915 10904
f 10133 234 10568
f 8004 11746 10806
f 8005 12203 13075
f 8563 8030 13161
f 3415 6573 6572
f 9329 322 303
f 6344 9330 672
f 3540 12028 4478
f 303 5037 8025
f 7256 8025 5037
f 5494 5045 5039
f 9333 3540 8918
f 1045 7260 9330
f 9734 7652 9331
f 5041 9331 7652
f 5494 5039 7783
f 5040 7783 5039
f 12204 3377 6573
f 8921 10809 4501
f 3787 5043 9332
f 9332 425 3787
f 5046 7258 4493
f 4493 4497 8919
f 4498 8919 4497
f 4499 11572 6875
f 8921 6875 11572
f 8919 8918 8161
f 3540 8161 8918
f 5045 11747 5039
f 4493 322 5046
f 7258 5046 1046
f 5046 4019 1046
f 9329 5046 322
f 5047 7261 9595
f 8924 10417 4505
f 680 10974 1047
f 3630 11433 11378
f 4028 8590 4029
f 8588 12832 414
f 12832 12679 4024
f 1791 1854 7266
f 11055 7266 1854
f 7784 6315 5971
f 4502 9335 677
f 425 9332 677
f 6877 4496 4502
f 9335 1054 10971
f 11749 6281 10811
f 6281 11749 10447
f 13253 8285 9336
f 7263 7786 5053
f 10576 11750 7885
f 2205 7267 4033
f 9996 9337 11053
f 8920 3379 11751
f 13253 11193 8286
f 8028 7264 11054
f 10573 1054 4496
f 7265 5054 5497
f 7268 9339 10576
f 9339 5053 10575
f 11750 9334 1056
f 6315 6316 9334
f 7885 11750 1056
f 7266 11055 9337
f 7884 5056 6206
f 6583 6206 5056
f 6925 7319 10783
f 704 7263 9341
f 9341 7268 10035
f 1059 9342 6141
f 7871 4548 12236
f 9342 1059 1537
f 9343 1058 10574
f 2072 9344 6069
f 9345 7553 11837
f 8925 9374 13273
f 9374 8925 6881
f 4507 8622 681
f 4066 11993 7555
f 689 9990 8016
f 9348 7281 12029
f 11752 12717 7557
f 3464 10031 8934
f 8616 1066 12706
f 9994 7276 8400
f 11589 10323 8947
f 689 6887 9990
f 9347 11057 6890
f 156 12459 13294
f 11056 12655 11122
f 9598 7559 12707
f 7270 9990 9347
f 11204 3566 10030
f 12874 13094 10420
f 8018 9966 12272
f 6607 3412 7277
f 13258 7281 12699
f 13258 8944 7281
f 6595 10428 9963
f 3552 12741 9963
f 8174 8175 13072
f 11682 1068 6358
f 7896 4524 9350
f 9126 9121 11683
f 9125 12974 10582
f 12495 691 8169
f 9353 4526 13011
f 7560 10584 10033
f 11756 9352 7286
f 13229 9352 10509
f 8148 4525 4050
f 4050 8104 8148
f 11446 10431 10316
f 10034 7285 5066
f 7656 1545 4544
f 7660 4544 1545
f 4544 5067 5653
f 7563 9121 1069
f 11579 12481 11584
f 1070 10586 6600
f 7678 7560 7561
f 7560 7678 7287
f 5068 6648 7288
f 7563 1069 4530
f 12651 4529 7284
f 7563 4530 1564
f 9602 324 7674
f 11244 10589 12481
f 12368 12373 10588
f 1071 6468 11062
f 5072 7292 9354
f 6909 6605 11486
f 8656 6317 10437
f 7292 4540 9354
f 6915 12208 9356
f 4105 10591 7289
f 6908 11449 7293
f 8606 11480 8608
f 11450 6907 10590
f 5072 6647 7292
f 7294 9354 7289
f 1072 11064 9355
f 11064 4056 4535
f 10592 453 9357
f 453 11066 763
f 9357 453 763
f 6647 12208 6915
f 9355 4112 1072
f 7295 7289 10591
f 7298 11124 11757
f 9358 5508 7296
f 11757 9358 5072
f 4056 9604 4535
f 11757 7294 7298
f 8948 7663 13168
f 7663 5073 1547
f 7308 9360 8609
f 1386 9675 5077
f 9361 5077 9676
f 5075 7664 5076
f 5077 9361 1544
f 7299 1544 9361
f 5080 7303 12030
f 5079 5068 7301
f 9362 12652 10796
f 7301 9362 9051
f 699 8943 8953
f 6913 10442 8954
f 8948 698 7663
f 9051 9359 7301
f 9356 12208 13041
f 12208 6647 7296
f 6647 5072 7296
f 9357 12593 8610
f 9363 5080 1074
f 9679 1869 1073
f 12593 9357 763
f 9362 5068 12652
f 5068 9362 7301
f 5068 5079 6648
f 5074 7301 9359
f 7308 8609 8610
f 7301 5074 5079
f 9363 7304 13034
f 13168 5080 9363
f 1547 5073 9679
f 1119 11644 7305
f 5667 7306 5085
f 13080 10626 9058
f 11787 9058 10626
f 4533 7290 7307
f 11067 7307 11479
f 11124 3800 9358
f 7668 7296 5508
f 8028 6286 7264
f 7309 11054 3386
f 12680 6886 12926
f 10139 243 11195
f 5087 4504 10972
f 8928 7311 1056
f 7885 1056 7311
f 9996 4548 2205
f 11906 2205 4548
f 9337 9996 2205
f 12708 4566 4557
f 4558 8619 6937
f 4557 6937 8619
f 10784 12971 9367
f 7314 7915 5090
f 8962 7316 5089
f 4563 8971 8963
f 325 8963 8971
f 2206 8962 5089
f 3926 1077 7315
f 11594 4567 12237
f 4559 11296 9368
f 9369 6926 4563
f 10987 11296 11457
f 245 12335 10594
f 7888 9370 7318
f 8970 9370 5091
f 1078 12274 8965
f 6192 1078 8966
f 8983 4068 4069
f 4577 8982 6950
f 11609 6950 8982
f 8980 6210 8979
f 9373 6940 8974
f 6401 8989 6400
f 7321 13235 8989
f 4565 9372 11997
f 13108 12709 8277
f 7555 12247 4066
f 11606 4579 13273
f 7869 6943 3663
f 4066 6971 9374
f 8981 10453 10597
f 8981 10597 11600
f 11306 10863 8260
f 716 8988 11466
f 9376 6942 6945
f 11466 9376 4570
f 11608 6945 6942
f 9376 11466 8988
f 6942 9376 9998
f 11609 4581 6950
f 8977 9378 5094
f 7892 5094 9378
f 7325 5094 6211
f 8978 7891 11599
f 6074 7730 6884
f 7730 6074 9883
f 4081 10922 8992
f 9606 10460 4081
f 9011 9380 4591
f 6318 7331 327
f 9011 6961 5099
f 9013 11761 7567
f 1081 11761 1083
f 5114 9688 4611
f 9008 4600 1702
f 4582 9009 1703
f 7727 1703 6967
f 9011 12248 9012
f 4610 11624 5098
f 12369 1081 7333
f 5105 5827 1083
f 7333 1081 11623
f 1555 5827 5105
f 9009 9006 5109
f 9008 5151 5108
f 1085 9382 1104
f 5110 1097 9041
f 7568 13076 7345
f 1097 7345 13076
f 5109 9382 6967
f 5114 4582 9688
f 5510 4600 9384
f 4600 9008 5108
f 5115 1086 1106
f 9384 1106 1086
f 6212 9886 10741
f 1392 8273 1103
f 3433 11576 10603
f 4089 9015 6978
f 11069 10997 8598
f 4620 9025 9968
f 9016 10234 7337
f 11379 9027 12276
f 7799 5683 5121
f 5121 5683 1556
f 7338 1389 9387
f 3681 6633 12096
f 4630 6409 4629
f 7363 12302 9035
f 10475 4629 12302
f 11002 12927 10473
f 6969 6968 9041
f 12771 11072 5136
f 7341 1088 7344
f 1088 11071 7344
f 11764 12771 6982
f 5136 6982 12771
f 5138 5124 10609
f 1101 1088 11763
f 9389 13276 6633
f 11001 13217 7343
f 5111 12278 7569
f 11914 5107 1104
f 5107 11914 5143
f 9382 5109 1104
f 12927 11627 9037
f 7340 11636 11764
f 7344 11626 7341
f 12278 9383 7348
f 10616 13347 9397
f 1093 7671 1558
f 5138 1098 13051
f 9399 5138 10617
f 4632 6982 9401
f 7346 5136 11071
f 11848 7569 4592
f 442 4593 10467
f 1089 1390 5123
f 1089 4603 7349
f 9391 5127 7349
f 10616 5127 13347
f 1092 13347 5127
f 442 11626 11767
f 11769 4635 13077
f 11765 7569 11848
f 7348 9390 12278
f 10065 5125 11625
f 4592 12278 9390
f 7671 1094 5129
f 7352 12290 10656
f 5132 7697 1410
f 7697 5132 9457
f 9612 11636 11769
f 11769 12281 11618
f 5103 4633 9037
f 4627 8251 8266
f 4633 7359 12927
f 12738 1096 13078
f 1096 12279 4599
f 1096 1090 12279
f 13349 7350 5141
f 7350 13349 1089
f 1091 5143 1097
f 7345 1097 5143
f 5151 5143 1091
f 13051 1098 13078
f 9006 9005 7357
f 5688 5519 5140
f 1091 5110 5146
f 7672 11777 9398
f 1099 9398 11777
f 7566 4632 9401
f 4599 5148 5139
f 7357 1102 9006
f 5143 11914 7345
f 9399 5511 1101
f 5146 7356 13203
f 5145 5141 9402
f 1082 4599 9005
f 1103 9038 5100
f 8643 1103 5100
f 1388 7329 5149
f 12034 9692 9402
f 1106 13203 5145
f 9403 1108 9404
f 9404 9398 1099
f 1100 9692 12034
f 5145 7356 13349
f 1558 13079 1105
f 9398 1560 7672
f 1560 9398 1108
f 5126 11777 1558
f 5152 9403 5835
f 1093 13347 13376
f 5836 13264 9392
f 5546 5153 5129
f 5157 9692 1100
f 7334 13079 12846
f 1105 7334 1100
f 1099 5836 9404
f 5519 9403 5152
f 5158 9834 6130
f 10620 9929 11076
f 4629 10475 4630
f 7364 11077 11779
f 10227 11780 10040
f 12281 9395 11618
f 5019 7365 6637
f 13330 8648 4638
f 11310 7367 12928
f 750 6988 7367
f 1112 738 737
f 3458 8100 3455
f 8100 196 8115
f 196 8100 195
f 3485 4149 7369
f 5162 10928 12511
f 4650 12710 11647
f 10930 8683 12372
f 11640 11080 11782
f 13080 7680 10626
f 5164 1119 7370
f 10626 7370 1119
f 9409 11644 5164
f 11788 5165 9058
f 12972 1117 11079
f 7370 767 5164
f 1118 9409 767
f 6990 10629 9072
f 7574 5166 9617
f 9072 11641 6990
f 5166 4660 13295
f 9410 11643 9409
f 11644 9409 11643
f 9048 11082 11643
f 11789 9048 10630
f 12252 5078 7371
f 5845 5846 7734
f 9411 5174 7735
f 7372 1564 12235
f 11784 11482 11793
f 11582 11791 11583
f 9049 10636 11785
f 11790 7371 5078
f 12142 11789 10630
f 3555 5070 13315
f 10588 12373 10631
f 7373 12133 11272
f 8181 12373 12368
f 12710 11790 11792
f 11584 11793 11482
f 11268 1071 10044
f 10635 8177 11084
f 11897 9928 11488
f 11653 4658 9413
f 9414 1122 9092
f 9415 5178 10637
f 5188 1569 9703
f 776 9703 1569
f 1117 9075 9071
f 10638 11795 4659
f 12695 9418 11797
f 5178 9415 9075
f 9069 11649 7376
f 12283 8670 11798
f 9420 4128 7009
f 4155 6655 12104
f 8684 4127 4155
f 471 9073 3623
f 4153 11086 8681
f 11008 12356 6677
f 9420 6677 12356
f 6677 9420 7009
f 4128 4127 8684
f 4132 13127 12682
f 9078 8687 462
f 9078 6659 9079
f 1125 9079 6659
f 8686 3622 13046
f 471 3623 8225
f 6660 8225 8226
f 4133 11844 4669
f 9620 7681 772
f 1115 7369 4149
f 1569 5188 4171
f 7016 7681 8694
f 8688 6337 10640
f 9425 7383 7017
f 8482 7017 7383
f 8483 12135 12134
f 10485 9083 10935
f 12134 3495 777
f 9422 5188 9703
f 10637 5181 9440
f 1131 8688 6687
f 777 6685 4161
f 5190 7381 6327
f 1129 3514 6337
f 6339 10640 1132
f 5187 6339 11845
f 9421 10641 10177
f 138 10935 11240
f 1132 7382 9427
f 5200 12929 9426
f 6349 6348 9425
f 9426 6349 7378
f 778 7384 3515
f 1571 7576 1570
f 1399 1132 6340
f 9427 9424 782
f 1400 3400 12929
f 335 8120 10486
f 6684 10353 11490
f 3502 8481 6687
f 6530 3556 4675
f 12526 474 473
f 10355 7389 1133
f 12697 9437 7389
f 473 7394 12526
f 8190 10642 3568
f 10354 7393 9428
f 9429 5194 9436
f 7579 9429 5535
f 9429 7579 1138
f 5954 7388 9436
f 7581 4679 7020
f 5193 1404 9085
f 7021 4726 12719
f 1134 9084 1137
f 9430 1137 9084
f 9431 7772 3387
f 1137 9431 1134
f 5195 9094 4695
f 9094 5195 9432
f 8158 11255 5872
f 5867 9432 5195
f 6239 5211 11802
f 12526 3571 10354
f 3568 8191 6350
f 10849 3538 10848
f 11920 3571 7394
f 3571 11920 11278
f 1144 5537 4676
f 4676 1403 1134
f 6688 8193 4678
f 9435 4678 9434
f 779 9435 9434
f 9434 4678 8193
f 5217 9754 1135
f 9436 7388 5218
f 11279 8194 11278
f 8192 11278 8194
f 3570 11281 3572
f 5193 7581 7020
f 11279 1145 12513
f 3583 9439 12513
f 10488 3522 8141
f 3522 10488 4165
f 781 9086 6689
f 8690 12256 4166
f 6692 3483 11010
f 11196 7025 11254
f 8155 3535 12376
f 9082 4685 9090
f 12136 7031 4689
f 5207 12136 4688
f 5205 9440 9441
f 5189 9440 5205
f 5209 1148 5850
f 8689 9145 4726
f 9145 7693 4726
f 7693 9145 9147
f 7036 9443 1150
f 9443 7036 12056
f 9444 12930 4696
f 9445 1151 1409
f 4728 5219 9127
f 7824 9127 5219
f 13028 13205 7824
f 5219 12931 1581
f 7400 4697 7429
f 3579 7401 6369
f 7401 3579 11297
f 9146 8689 12056
f 3582 13013 5221
f 9450 7402 9447
f 7400 5221 7404
f 7400 7404 4697
f 7430 9446 9449
f 7403 11289 3574
f 8195 3574 8198
f 8195 11288 6369
f 9448 4750 9449
f 7430 9449 4750
f 5221 7400 9447
f 7402 9450 788
f 11289 788 11807
f 1153 11023 11807
f 11808 11809 10650
f 11808 10227 10040
f 7408 4700 7594
f 4720 10653 12500
f 7407 11663 12781
f 9100 7410 9098
f 11810 1156 11013
f 7593 11133 7594
f 8066 11325 10623
f 11326 8066 11214
f 10868 10866 9407
f 11812 11811 10825
f 11675 5544 11677
f 1157 9393 5747
f 7704 5747 9393
f 9119 13274 8701
f 5223 11131 8702
f 9454 9629 5223
f 7412 7411 11675
f 8701 12498 9119
f 7412 11677 9452
f 9452 11677 12403
f 11678 9454 5223
f 11675 7411 7414
f 11675 11677 7412
f 9454 12498 8701
f 7703 5132 5226
f 1158 9394 1597
f 9457 1597 9394
f 9712 1596 13353
f 5739 9712 9459
f 11622 1092 11771
f 9010 9391 10655
f 9460 11771 4626
f 1157 7416 4624
f 7696 10711 5131
f 9461 13369 11101
f 1154 10048 12756
f 10271 9099 5228
f 7421 12007 9463
f 5230 9463 7422
f 7418 7151 9105
f 5230 7043 3498
f 7043 7150 10872
f 4180 7419 9110
f 7421 7045 11236
f 10242 5230 3498
f 7419 4180 10659
f 7037 11720 10659
f 10385 10513 12119
f 9464 10503 11670
f 7147 8705 10503
f 10503 9464 7147
f 12984 12007 7421
f 12007 7422 9463
f 4858 7147 9464
f 7147 7146 8705
f 7424 11353 7423
f 7060 7050 11816
f 12065 12611 7048
f 4703 9466 5557
f 4703 5557 4713
f 10162 12333 10192
f 9114 8710 13081
f 10661 13081 10360
f 10662 8712 4524
f 1544 5557 9467
f 4733 7067 4734
f 4734 9450 9447
f 9450 4734 7067
f 9468 5232 13263
f 5232 9468 1165
f 9626 5233 1165
f 7437 5232 5233
f 9134 806 7067
f 485 11023 11688
f 9471 4735 5234
f 8718 5244 4186
f 6704 8718 4185
f 4748 811 810
f 5243 5236 9152
f 5236 5243 5235
f 11917 5235 12799
f 4731 12752 12005
f 487 823 9152
f 7438 12685 5238
f 9476 1171 5241
f 9474 5241 1171
f 1173 10519 12782
f 9470 5235 5243
f 807 823 11818
f 7433 5247 9469
f 3607 6706 7435
f 6706 3607 3608
f 3608 5242 6375
f 11242 5242 11818
f 10365 4752 3613
f 7436 9471 5234
f 9470 9134 4733
f 9134 9470 9472
f 5244 7602 4186
f 7602 5244 5238
f 1171 7433 1423
f 9469 1423 7433
f 1168 9473 5245
f 7432 9474 1423
f 7434 5247 4189
f 1180 9477 9476
f 7433 4190 5247
f 7078 12685 9158
f 4189 1178 9158
f 7518 10723 5252
f 83 9478 8420
f 9478 83 8410
f 4191 11689 3818
f 9478 3818 8419
f 491 6711 4192
f 4331 7192 7604
f 9156 3807 8731
f 7604 8731 3807
f 5249 1177 9154
f 8823 9154 1177
f 4754 3813 10520
f 4753 4754 10520
f 3813 8727 10520
f 4196 6707 11507
f 1180 8730 11507
f 9480 4756 8730
f 9476 9480 1180
f 5250 1182 1181
f 1181 2216 10014
f 5248 5421 4194
f 13321 492 7707
f 3519 1183 3815
f 1185 12070 9481
f 3814 3813 5253
f 7517 8415 1184
f 13321 7189 3519
f 8138 3519 7189
f 3517 8139 11377
f 8138 11377 8139
f 7707 5253 9482
f 5254 9482 5253
f 9483 1616 5421
f 1186 500 1188
f 504 9484 7083
f 4222 7083 9484
f 9163 4222 9484
f 6716 4214 8737
f 8332 1190 8736
f 7085 8736 1190
f 4214 6716 9485
f 5255 9485 6716
f 1194 9485 1191
f 4220 4765 10052
f 6721 7085 12011
f 505 9486 5261
f 509 13155 4763
f 9489 4764 4763
f 5260 510 9487
f 842 7093 4223
f 4773 4223 7093
f 847 7093 842
f 7441 12012 4240
f 13377 5281 7090
f 9169 10525 517
f 4223 9489 4767
f 9489 4223 8304
f 1203 2221 9168
f 5269 9168 2221
f 4767 9489 4763
f 9488 5268 1204
f 7443 4767 12262
f 6370 10206 8217
f 7090 9490 347
f 9490 7090 10525
f 5270 9490 5269
f 9490 5270 9487
f 4783 8748 4232
f 845 844 9491
f 9491 13030 4769
f 12597 4769 13030
f 3832 4768 13031
f 7445 13031 4768
f 4780 7449 4782
f 5266 4782 9173
f 5273 9173 4782
f 5265 5279 1215
f 11104 9170 9491
f 9936 844 845
f 4780 5266 5281
f 1220 7444 1219
f 4773 9170 11104
f 3927 348 3702
f 348 3927 4783
f 3705 9497 4785
f 3902 1221 1442
f 351 4795 9498
f 11105 5292 10670
f 6732 9493 9179
f 7445 9179 9493
f 7450 10267 859
f 3715 7451 4238
f 8750 3708 7091
f 4771 12597 9494
f 4786 5285 4781
f 351 12849 4795
f 9493 4795 12849
f 3705 8311 12848
f 860 9494 1226
f 1225 1447 10821
f 6731 9171 846
f 6732 860 1226
f 5285 5277 4781
f 7449 12849 7452
f 7450 13379 9171
f 3721 10373 10874
f 9939 12932 10244
f 4257 3545 5288
f 10724 8166 5287
f 8166 10724 5286
f 10186 8752 9495
f 9496 3869 8455
f 12599 3869 5289
f 4789 5290 5564
f 5290 4789 4787
f 5289 9496 4250
f 8752 4250 9496
f 9495 5287 10186
f 5568 1449 12713
f 22 23 8754
f 8753 8488 7105
f 3909 10898 7453
f 8754 23 8487
f 1453 9196 4839
f 7107 867 527
f 7458 8758 7455
f 4794 9498 4795
f 9498 4794 352
f 3741 7107 4802
f 7107 9185 4802
f 4806 4802 6748
f 528 5294 4839
f 5293 7456 5294
f 4805 9196 1229
f 897 4834 12854
f 5960 12854 4834
f 5290 5565 5296
f 5296 12714 5572
f 12599 5564 353
f 26 9500 25
f 9500 26 8344
f 4810 8339 3744
f 6748 13198 7459
f 871 528 9501
f 9501 4805 5297
f 4265 4261 7462
f 3747 10671 4261
f 1459 4821 9192
f 4820 5298 4822
f 4815 1634 9198
f 1634 4815 4265
f 1246 7470 1645
f 7121 9190 11918
f 9190 890 13344
f 9187 1455 1628
f 5575 9894 1454
f 871 7607 5293
f 1463 2234 5576
f 5577 2222 1239
f 3871 5574 4842
f 6754 1464 902
f 4267 902 1464
f 12263 1464 6754
f 1464 9198 9502
f 10017 3753 8770
f 3760 9199 12043
f 12043 4375 5307
f 12043 4269 5306
f 9583 4375 9199
f 5469 5307 4375
f 5307 5469 4373
f 9503 12715 5309
f 1244 9584 7612
f 1243 7126 11743
f 5309 12715 13207
f 12601 9193 7133
f 4843 6753 7466
f 7469 5315 5316
f 6227 5471 5314
f 5316 7468 7469
f 5323 5320 5321
f 538 4263 9506
f 10529 9506 4263
f 4817 9508 8353
f 10672 11553 1250
f 11553 10672 8353
f 9508 9509 8353
f 10672 1250 11699
f 11742 538 4946
f 538 11742 12769
f 7472 4947 9505
f 9506 4947 4946
f 538 12769 4847
f 5319 7469 5322
f 311 904 7898
f 5329 7898 904
f 4946 538 9506
f 1254 1253 12314
f 1252 5325 7472
f 1249 5324 1252
f 7473 7214 4379
f 9511 4379 7214
f 10561 8857 9815
f 5329 7473 9863
f 7473 4379 8855
f 1249 1252 5773
f 10247 10248 12734
f 9512 8389 11340
f 12503 12504 11707
f 10022 9203 11107
f 9203 10022 7899
f 8782 11708 11709
f 11708 12316 7474
f 7485 1266 5330
f 7916 1266 2223
f 10789 11888 9515
f 909 6431 13112
f 12044 1258 11109
f 13112 6431 11712
f 5333 7477 7149
f 5351 7148 9215
f 9208 11713 6444
f 7149 9221 5333
f 9221 10541 5333
f 8789 11716 9517
f 5333 10541 8786
f 4852 7479 7481
f 7479 12340 7481
f 10387 11110 10540
f 5353 11823 13082
f 8798 9217 1480
f 9217 8798 9519
f 5336 9519 6768
f 1263 5340 10746
f 9520 7598 5554
f 5338 5554 7598
f 1263 5339 5340
f 7485 5341 1266
f 5605 7485 5349
f 9980 7482 1259
f 7477 6762 8792
f 7148 9522 9516
f 9522 4860 6759
f 915 7153 4866
f 4858 915 4710
f 4710 7147 4858
f 5349 9652 5605
f 5341 7617 5340
f 7617 5341 12855
f 4177 4710 5337
f 5354 5342 1265
f 5342 5354 7487
f 6759 7477 8792
f 8790 7158 4865
f 7483 5342 7487
f 5342 7483 4866
f 8798 5350 6768
f 10072 13231 5350
f 7484 11823 5353
f 1481 1264 1262
f 10072 5350 5606
f 7487 5335 11823
f 7487 5354 5352
f 5604 7793 5346
f 7497 9535 5355
f 13082 4867 3792
f 4867 13082 9223
f 9536 7497 7160
f 9535 921 4315
f 921 7159 1269
f 5355 6221 7160
f 5357 2300 9524
f 1895 5783 11868
f 11830 9576 5461
f 1267 5360 9524
f 5594 5890 5891
f 9525 12016 10680
f 4295 8805 8804
f 4298 8806 4294
f 8428 3805 4881
f 3805 8428 3827
f 549 9233 9526
f 4880 11983 5372
f 4882 9526 9233
f 8404 7171 4882
f 7171 8404 11526
f 3703 3709 11372
f 12024 4976 6433
f 11372 9232 6425
f 3709 8314 11372
f 927 11526 6433
f 12991 5375 4883
f 4883 7491 7645
f 10073 10681 10801
f 4910 12850 1277
f 582 4308 550
f 4308 8860 13167
f 4309 12574 6777
f 9527 9235 1283
f 3350 9528 10132
f 5376 10132 9528
f 13256 4874 9226
f 13256 9226 11308
f 11307 4288 8802
f 8811 8802 11524
f 13050 4889 9529
f 4872 7165 5379
f 8812 7169 11042
f 4872 6784 4873
f 1287 5379 7186
f 9529 7186 5379
f 4889 7492 13083
f 4317 9532 8812
f 7618 7490 9530
f 8812 7618 7169
f 9229 10680 12016
f 6756 9530 5368
f 13037 7186 9529
f 1287 1286 6784
f 7490 1484 5368
f 12307 7618 9532
f 6004 1274 4875
f 9551 5381 5966
f 4876 12533 7493
f 5380 7493 12533
f 5893 7794 5380
f 7493 5380 7794
f 7495 5386 5383
f 921 9533 5383
f 9534 9653 5385
f 9553 5384 5800
f 9654 1484 7490
f 9532 1485 932
f 5382 5386 5964
f 1274 5893 5380
f 7492 7493 5785
f 6784 1286 9531
f 5609 9531 1286
f 1288 5371 9535
f 9533 9535 5371
f 921 5383 7159
f 5382 7159 5383
f 5366 5389 13170
f 1654 7620 1656
f 9538 5391 1486
f 12978 13313 8848
f 12476 9539 11530
f 12735 5392 12937
f 9537 949 11825
f 9259 7204 10686
f 1291 10684 13270
f 11711 13097 9540
f 10728 10391 11827
f 4274 5395 13311
f 12921 5393 361
f 4347 11826 7499
f 9540 4347 10559
f 1293 10729 1294
f 9545 5399 7504
f 5399 9545 9555
f 7514 1485 5401
f 1485 7514 7506
f 7622 5420 5398
f 5398 1487 7622
f 1295 8247 10861
f 10060 10861 9550
f 8239 5419 12227
f 8247 9546 10861
f 9546 8247 3639
f 7797 5402 11115
f 5417 9545 5397
f 7504 5397 9545
f 5397 8831 7183
f 1295 1897 5400
f 7529 5400 1897
f 13137 5965 5399
f 6005 5399 5965
f 7778 5406 7795
f 7631 5441 5612
f 7510 8445 1298
f 8445 11113 11385
f 1296 930 558
f 7181 10893 8469
f 3906 7508 6506
f 7508 12199 8442
f 3866 8451 12834
f 1297 9956 7509
f 3856 7507 13281
f 8850 7629 7627
f 6814 10965 12639
f 8484 8500 5408
f 7510 3859 9547
f 9547 5408 8500
f 8499 9547 3918
f 9239 5408 3859
f 11385 11414 7505
f 7505 5409 6788
f 9567 6788 5611
f 8477 6506 3862
f 6812 9549 9661
f 8833 8834 4342
f 8239 12227 12178
f 9552 7513 5411
f 7513 9552 13169
f 5411 9554 5401
f 9551 13184 5381
f 5401 5609 5411
f 5609 5401 1485
f 1300 7513 9534
f 13083 9653 13037
f 7186 13037 13169
f 5413 9553 5414
f 9553 5413 1301
f 5407 7514 7515
f 5412 9554 1300
f 5417 5419 9545
f 5381 13184 9556
f 9556 7494 5381
f 9545 5419 9555
f 9558 9555 5419
f 7619 1302 9558
f 12227 9557 8817
f 9557 12227 5419
f 4892 7516 4322
f 4895 4325 9242
f 10265 9242 4325
f 9242 934 7191
f 935 7191 934
f 12048 9559 10723
f 3361 9243 1303
f 4893 562 5423
f 5421 9559 9483
f 7517 1616 9160
f 6224 5422 1305
f 7718 1307 1762
f 560 9560 9241
f 9241 7520 4892
f 4892 9561 7522
f 9561 4892 1310
f 1311 2225 1312
f 5428 3836 7636
f 9563 5427 1494
f 1494 12160 10691
f 5427 12160 1494
f 7636 3836 565
f 5372 4303 13249
f 8428 549 4907
f 942 941 7195
f 3276 3876 7953
f 7643 12934 5437
f 8854 9565 4369
f 1317 947 570
f 9565 4917 1317
f 11736 1318 7197
f 11832 10732 11833
f 7979 7978 9566
f 9567 12057 6788
f 5616 11834 9567
f 1318 6263 10556
f 7631 1319 5616
f 7527 11741 9262
f 1319 7525 5616
f 4918 12716 11856
f 7714 4926 7715
f 9568 7715 4955
f 9661 11834 13272
f 7525 13272 11834
f 7213 1319 9568
f 1319 7213 365
f 1322 5446 7528
f 5446 1322 5448
f 1320 10793 4925
f 11117 9728 9571
f 10793 1662 4370
f 9572 5905 9570
f 5443 5405 9570
f 7716 1662 1320
f 9571 9728 5444
f 4891 9262 7714
f 4926 7714 9262
f 12310 7527 11922
f 4891 11922 7527
f 5443 5446 5405
f 5447 5445 4371
f 5451 5447 5615
f 5450 9572 7778
f 5406 7778 9572
f 5615 7529 5449
f 5449 1897 9660
f 5614 7716 12722
f 7716 5614 6005
f 7528 1323 4372
f 4372 4957 9897
f 4914 7913 5452
f 8845 5454 569
f 5454 8845 7525
f 9574 1327 5902
f 12548 9575 5455
f 5457 9575 12997
f 4924 12379 950
f 12379 9257 11830
f 9544 9254 11831
f 1327 12548 5418
f 5456 9655 5902
f 9544 1290 9255
f 9544 11831 6061
f 9576 11830 9258
f 7745 9764 5461
f 1290 9544 2227
f 3867 10693 4366
f 10693 3867 12994
f 12613 1331 1332
f 5462 6251 4376
f 13381 1331 13171
f 1331 13381 1332
f 7536 7206 10891
f 1496 10399 1332
f 4376 7640 5462
f 6251 12613 10399
f 9579 37 38
f 8452 7642 13182
f 13060 8452 3873
f 5465 10398 7207
f 956 9580 954
f 8453 9580 4929
f 956 9581 9580
f 9266 4932 8853
f 578 8853 4932
f 5326 4970 9267
f 10398 10075 13171
f 8853 5467 955
f 5467 8853 578
f 10276 7644 7954
f 4962 12198 3884
f 9582 11343 8366
f 4965 7124 3770
f 9582 3770 8354
f 9277 6817 4967
f 11743 7126 7217
f 9277 7217 7126
f 6515 9583 4374
f 4375 9583 4964
f 7215 4964 9583
f 11743 4966 1243
f 104 11988 103
f 584 6532 12537
f 3310 3912 7981
f 4972 9585 3350
f 9585 4972 4973
f 9586 12297 6532
f 105 7540 104
f 3913 8486 7540
f 7540 11119 3913
f 1338 1283 8489
f 9528 8489 1283
f 6535 5472 4974
f 9586 11728 12297
f 4386 3311 4385
f 7541 9291 3335
f 7224 7980 12049
f 7541 3298 6362
f 7226 7225 9588
f 7225 7226 6258
f 4981 9588 4411
f 4411 9588 9285
f 7225 3336 9588
f 1340 10284 8865
f 4394 7542 4395
f 4395 6540 6831
f 6540 4395 7542
f 7230 12995 9294
f 1000 609 12922
f 5478 2229 5476
f 1351 5489 11561
f 611 11561 4425
f 5479 5029 5480
f 1349 1350 5482
f 6865 8882 8876
f 6865 4427 11563
f 4425 11563 4427
f 6560 6857 3979
f 633 1356 8532
f 6857 4445 399
f 6565 6564 3332
f 7545 1358 6853
f 1005 8527 628
f 8896 8895 4441
f 1362 9309 1363
f 5487 1363 9309
f 8532 5487 8898
f 8900 9042 6861
f 8102 8900 190
f 642 9591 6639
f 8101 3462 9591
f 642 6639 9314
f 9592 9314 6639
f 9318 1003 5024
f 1001 1368 5481
f 5024 5489 5481
f 9322 9593 1026
f 4435 8556 7235
f 9594 9326 3822
f 7235 9594 6556
f 1004 3822 9326
f 9594 7235 8556
f 12944 11568 9326
f 8579 12535 4031
f 4487 8913 415
f 8578 8913 1028
f 10412 4009 12935
f 8915 3355 7254
f 8921 4501 8922
f 4493 8922 4497
f 4497 424 4498
f 5493 4498 424
f 5645 7719 5493
f 8582 1043 9332
f 677 9332 1043
f 10574 7552 5054
f 7265 5647 6583
f 5647 7265 5497
f 7258 8922 4493
f 8581 5044 7259
f 4037 7259 5044
f 1046 8921 7258
f 5036 5640 8917
f 5642 8917 5640
f 414 9595 8588
f 4503 11836 4500
f 4496 9335 4502
f 4503 3787 8021
f 425 8021 3787
f 6877 6878 10415
f 8286 11324 5052
f 4077 1381 4075
f 7556 4607 10697
f 5499 1381 4616
f 9007 11473 6628
f 8929 7556 4515
f 9596 5499 10795
f 9598 12707 9124
f 6891 10421 12717
f 427 5649 10739
f 11056 7753 12655
f 7559 5833 7558
f 9743 12299 7558
f 11123 1384 7658
f 6598 9353 13011
f 6902 5065 13033
f 7287 10985 9599
f 5063 1384 8603
f 11142 430 5078
f 5080 1547 7303
f 10034 5066 10062
f 1075 10481 9736
f 9358 3800 5508
f 6479 7298 9603
f 8952 6918 9605
f 5826 7727 9382
f 1702 4600 5510
f 7669 5104 1702
f 1083 9013 5105
f 9688 9689 4611
f 5105 9013 8986
f 4612 5093 8986
f 9999 1393 5150
f 9607 11838 7359
f 5142 5101 5144
f 7358 11129 9380
f 11839 1088 13298
f 4523 6892 9610
f 9609 9992 7759
f 7758 7759 4517
f 6893 9992 9609
f 1389 7338 1709
f 7356 5110 1390
f 11765 13076 7568
f 6969 1097 13076
f 7569 7568 5111
f 9611 7354 3681
f 10612 11767 11768
f 10037 4630 10475
f 10619 10926 11840
f 12653 10468 12778
f 11841 11780 7364
f 5515 3531 11611
f 254 11957 12303
f 10701 10699 7565
f 1388 10067 10700
f 7566 441 4632
f 441 7566 5144
f 3657 11843 10038
f 10039 10038 11843
f 11843 11776 11842
f 1102 11914 1104
f 5516 9459 13353
f 1395 8548 645
f 5704 12683 5699
f 4664 5520 9783
f 7764 7875 7012
f 12608 12783 5522
f 5689 1713 7737
f 9061 9057 7679
f 9749 12630 5525
f 1565 7574 5526
f 7575 5524 9617
f 9617 5526 7574
f 10936 10008 6680
f 4155 12104 12909
f 8150 8687 8149
f 9078 8149 8687
f 4669 9618 7014
f 12054 5698 5851
f 776 9701 10751
f 3423 5529 5527
f 5528 6678 7683
f 4161 12134 777
f 5190 8483 7381
f 8483 5190 8482
f 5527 5710 7684
f 4674 7384 778
f 1400 9433 9623
f 7692 9623 9433
f 5199 7689 5530
f 7690 5727 1572
f 5725 9706 5727
f 9706 5725 5530
f 4677 1138 7579
f 5217 4695 5216
f 9094 5955 1402
f 5538 7579 5535
f 7395 9084 1403
f 9624 1144 4677
f 9435 779 7020
f 1404 7020 779
f 12697 12719 9437
f 9085 9437 12719
f 787 9438 9442
f 1145 9438 787
f 9441 4691 5205
f 7375 11660 1406
f 10637 9440 5189
f 9440 5181 5207
f 1150 9443 1580
f 7021 1580 9443
f 4696 7583 7036
f 7583 4696 4184
f 12056 7582 13085
f 1152 9147 9449
f 9625 5541 1407
f 13085 1165 7585
f 788 9450 1153
f 9626 7582 7584
f 7587 9625 1407
f 9625 7584 7583
f 7582 9626 13085
f 9627 1408 11908
f 7584 7582 7583
f 9625 5540 5541
f 9146 9448 9145
f 5541 7586 7694
f 7694 7824 1581
f 7431 819 2271
f 1407 5542 5543
f 7584 3592 9626
f 5233 9626 3592
f 9100 10046 11092
f 11093 11663 5134
f 12163 11090 4634
f 9628 6962 9454
f 9629 11131 5223
f 10653 8702 11150
f 12078 13212 6167
f 9394 13054 7697
f 4624 1094 9460
f 10656 5131 7352
f 5133 12290 4625
f 4626 1159 9393
f 9460 1157 4624
f 4592 7590 11848
f 10506 9461 7417
f 11850 2213 9631
f 11664 11850 9631
f 9515 10498 10789
f 2213 11850 4701
f 9632 7597 7854
f 1412 5551 9462
f 12938 7854 7597
f 5552 10719 5753
f 9718 1415 1413
f 9636 5596 5556
f 11814 12291 12499
f 12367 12720 10716
f 9712 5740 11861
f 9720 1163 9118
f 4709 5064 4539
f 10721 9639 4714
f 9639 7662 9116
f 1418 7601 1386
f 9467 1386 5077
f 9447 7400 1419
f 5233 5232 1165
f 9475 1612 1172
f 11024 13299 3609
f 10722 9640 10663
f 9471 12799 5235
f 823 9472 5243
f 1423 9135 6704
f 1423 9474 1171
f 5763 1424 11819
f 7604 7192 4328
f 8228 10366 4328
f 9481 4756 1185
f 5253 8415 5254
f 5248 9559 5421
f 13035 1839 13086
f 935 829 7191
f 9482 7191 829
f 5254 7190 9482
f 1429 9164 5270
f 4765 4220 5260
f 9642 7448 1442
f 4238 7451 3437
f 7451 1225 10821
f 1448 9188 5287
f 10724 5287 9188
f 9495 8455 1448
f 9180 4253 13047
f 4248 8455 13351
f 8455 4248 6746
f 5566 1455 12714
f 12714 5565 5566
f 5565 4788 5566
f 1628 4835 9187
f 5564 5569 353
f 5569 5564 5296
f 8765 13351 353
f 10071 5566 4788
f 4834 897 1630
f 8758 3914 13133
f 523 6736 4803
f 1463 5571 2234
f 12854 5571 897
f 1454 12854 5295
f 4837 5570 9499
f 5570 4837 7456
f 1454 5295 9499
f 5960 3725 5295
f 5294 7608 4838
f 4837 3724 7456
f 1632 5567 1230
f 9646 1459 5573
f 873 1232 10053
f 7710 4265 7462
f 4265 7710 1634
f 4841 12263 6754
f 7709 9643 7711
f 9643 1456 9644
f 1456 9643 7709
f 9504 9644 1635
f 9646 4825 1459
f 7610 4820 1458
f 7607 5570 5293
f 5570 7607 5302
f 9894 5571 1454
f 5571 9894 2234
f 5304 5303 5298
f 4822 4811 5299
f 4264 7115 7460
f 1457 4827 1458
f 7465 900 7123
f 900 7465 1242
f 7470 5318 1645
f 5578 1645 5318
f 4827 8777 1458
f 1635 9646 7470
f 5318 7470 9646
f 5573 5578 5318
f 9193 9645 8777
f 9645 903 5578
f 5327 7611 4970
f 4937 9726 5582
f 5466 6099 6225
f 5590 5586 11136
f 6064 965 6098
f 7209 4937 7611
f 5579 4846 5625
f 7534 5588 9647
f 5775 9648 5589
f 7831 5584 1336
f 1949 2199 973
f 7154 10939 6695
f 4091 10746 1471
f 1475 11137 5592
f 1471 13087 4091
f 1472 4091 10725
f 7776 10086 12616
f 12616 5344 1261
f 10725 13087 4706
f 12138 9217 7154
f 5336 9104 793
f 5756 5597 12067
f 7615 12067 5597
f 13301 7615 5594
f 13301 5594 9636
f 7616 5346 1263
f 9651 9206 5595
f 9649 4705 1474
f 9206 9651 9649
f 9650 5596 7776
f 9636 7776 5596
f 10746 7617 6635
f 5599 4091 1472
f 4091 5599 10746
f 12074 10086 7776
f 1475 5348 7616
f 5348 5592 5345
f 1757 5344 12616
f 5604 11824 5365
f 1842 11824 1757
f 1473 9652 1480
f 5343 9216 4865
f 919 5343 13119
f 552 7903 6777
f 9528 1282 5376
f 6784 9531 4317
f 5368 1484 10680
f 9532 9531 1485
f 1286 5411 5609
f 9656 5460 1670
f 7815 5458 9657
f 7816 9657 5458
f 5799 9659 1772
f 1773 1772 9659
f 12735 12937 12936
f 7500 10676 12964
f 7180 11043 12969
f 7621 12504 9541
f 12504 7621 12502
f 11828 11037 11853
f 9557 5417 5420
f 4319 7622 10729
f 1296 7624 3918
f 7625 1296 12721
f 931 11961 10397
f 1489 7623 11304
f 7623 3636 362
f 7626 10730 931
f 8832 11922 11905
f 7716 6005 1490
f 5449 9660 1322
f 10965 4890 9240
f 5615 5449 5451
f 1322 5451 5449
f 1490 7780 7630
f 4891 11905 11922
f 1490 7630 1662
f 5441 7631 5616
f 4890 5613 7714
f 7526 5612 9240
f 5612 7526 7631
f 10690 946 1298
f 7632 7524 12716
f 5410 7632 12716
f 10273 11854 11046
f 1491 10733 11138
f 8448 11391 10731
f 3863 5440 11833
f 12716 4919 5410
f 4327 7634 1664
f 10754 3292 568
f 10266 9663 11539
f 9562 5428 5429
f 7636 5427 933
f 7636 7521 5428
f 11855 8460 10276
f 8463 4961 11395
f 8854 974 7643
f 4369 974 8854
f 3865 4918 4915
f 570 9251 3852
f 10804 11735 10556
f 10734 7197 7199
f 11396 5440 5439
f 1497 12270 7215
f 3887 4964 12270
f 4378 3887 4376
f 13300 1496 13381
f 7215 6515 1497
f 11858 7641 11159
f 5313 5310 12082
f 7612 5579 12082
f 1497 13247 12561
f 5579 5625 5589
f 5588 7902 5625
f 7534 367 5467
f 955 5467 367
f 1332 10399 12613
f 9276 4960 974
f 12934 6245 1498
f 9292 7970 4408
f 9589 9286 13053
f 6547 3948 3950
f 5630 377 3937
f 1516 4400 4401
f 9593 5482 1026
f 4000 5021 409
f 9305 409 5021
f 9667 1520 5633
f 7649 5633 1520
f 1522 1011 11924
f 1681 9668 7648
f 1502 9668 1501
f 5633 1527 10076
f 7650 2200 5021
f 5636 746 2186
f 9312 5015 5016
f 5015 9312 1532
f 8918 4498 5493
f 7260 1045 7782
f 9333 7719 1045
f 2310 9670 9766
f 5813 5639 5638
f 7864 10738 7255
f 9670 1535 5644
f 7868 7651 5643
f 2181 9671 5644
f 1554 2208 9687
f 1702 5510 1554
f 12860 12886 5939
f 796 4709 4539
f 5651 9789 1796
f 9691 9673 5976
f 7755 12299 7274
f 7285 7655 5066
f 5066 12059 10062
f 5066 7655 1543
f 9681 5668 5654
f 1544 9467 5077
f 1542 9675 1386
f 9676 5077 9675
f 5075 9361 7661
f 1544 7299 5557
f 5655 9678 5076
f 7299 5076 5822
f 9677 5067 5657
f 4544 7660 5657
f 9676 5656 9841
f 5660 1699 9843
f 1699 5660 7661
f 5661 12723 1163
f 5558 7053 11671
f 5664 9719 5655
f 1417 8950 12723
f 4537 5074 13208
f 13168 9363 9364
f 4537 7723 9364
f 12925 1700 9365
f 7663 12896 5073
f 1700 12925 5665
f 9680 9682 1801
f 9676 7661 9361
f 5084 5086 5085
f 7665 5085 5086
f 5666 5083 5667
f 5083 5666 1548
f 5667 5506 5666
f 7666 9682 9680
f 11859 1926 7811
f 1806 9681 6083
f 5085 7306 1799
f 1869 5081 13346
f 9605 5666 5506
f 7666 13358 1548
f 5509 8952 5506
f 4543 9682 702
f 8662 454 6993
f 4113 11481 12609
f 7768 453 9684
f 4113 11974 4106
f 6994 2239 12652
f 7288 6648 5950
f 5674 7667 7770
f 5674 5952 9686
f 6043 9686 5952
f 5676 7736 12052
f 11648 7736 8682
f 7736 11648 12052
f 11588 8614 5508
f 7668 5508 8614
f 13208 9359 8954
f 7308 8953 9360
f 9366 13041 7668
f 8610 12593 6914
f 9366 6914 12593
f 7727 5826 5682
f 5681 9687 5648
f 9688 4582 10741
f 5092 4611 9689
f 9778 12690 7760
f 9690 7760 8935
f 5121 8287 12690
f 9691 11865 7743
f 5686 11866 11865
f 7274 10081 5503
f 10081 7274 7732
f 7275 7732 7274
f 13347 1093 9397
f 1558 1105 1093
f 10743 13354 1560
f 9692 5157 5687
f 12132 7699 11143
f 7699 12132 5156
f 4129 5523 8669
f 7736 5690 5839
f 7735 5174 1562
f 7562 9602 11758
f 5078 5165 11142
f 1562 5174 5171
f 7372 7676 1564
f 5837 12608 5522
f 5175 7676 5521
f 12783 1385 10435
f 5069 5692 10435
f 5692 5069 5693
f 7673 6902 10744
f 5693 8941 7676
f 9684 5677 7679
f 5677 9684 2239
f 7768 7679 9057
f 12055 5697 11795
f 1569 5186 776
f 5701 5704 5699
f 5525 7575 12053
f 4659 11796 7680
f 9417 5179 9695
f 4659 9071 10638
f 1118 9695 7575
f 7681 9081 9696
f 8033 9696 9081
f 8033 5705 9696
f 9697 9696 5705
f 7681 9620 8694
f 9699 1730 4171
f 1570 9700 1571
f 9702 1571 9700
f 5529 9621 9622
f 9899 6242 9703
f 8033 5711 9705
f 5711 8033 9081
f 12610 3392 9705
f 13230 9621 13172
f 3484 13230 12610
f 7578 5190 3390
f 9704 6678 5528
f 1130 9433 5200
f 9707 1572 9706
f 3484 9707 9706
f 5713 5721 7691
f 5719 5713 5720
f 7691 5721 6241
f 5712 5714 1398
f 5718 5722 1822
f 6241 9708 7691
f 5197 7690 4170
f 1398 1572 1574
f 4673 7684 1130
f 7683 4673 5528
f 5715 9708 5717
f 9708 5715 5724
f 5720 5723 1140
f 1575 9709 5531
f 7690 5197 1733
f 1400 11860 3400
f 1733 7773 5727
f 5725 5727 7773
f 4694 4691 786
f 9093 7031 4672
f 7031 9093 10493
f 5535 1579 5220
f 9127 13205 5203
f 7696 10656 7347
f 10655 9391 4625
f 7696 5547 10711
f 1410 7697 7589
f 9710 7588 7698
f 1094 10745 5129
f 7588 12062 13054
f 7699 7588 9710
f 1585 1591 5731
f 9711 9710 7698
f 13352 5517 1585
f 9711 5516 9694
f 1394 9694 5516
f 5736 1588 1587
f 1590 5732 12063
f 1587 1588 12063
f 1107 9694 1394
f 5749 1596 2294
f 5731 13352 1585
f 13352 5731 5732
f 5737 5937 12311
f 12063 1588 5738
f 1597 7599 1158
f 5749 5741 1591
f 5740 9712 5739
f 5745 1593 5736
f 1595 12806 5733
f 5741 5733 7700
f 7703 5226 5554
f 5746 1416 5226
f 7703 9713 9457
f 1157 5747 7701
f 5554 5226 1416
f 9457 9713 1597
f 5748 2124 7599
f 5740 7599 2124
f 7698 7588 9714
f 9459 7698 5739
f 9714 1158 7599
f 1158 9714 7588
f 10655 1159 4626
f 9460 4626 9393
f 10658 11879 12853
f 5131 9715 11862
f 5753 9718 12039
f 7704 12305 5747
f 12403 9633 11134
f 1416 7701 9637
f 12305 7704 12980
f 9715 9717 7415
f 5131 11862 7352
f 5131 9717 9715
f 5224 12290 9716
f 9716 5753 5224
f 9719 9720 13350
f 5754 798 1605
f 9780 5935 5757
f 9721 5758 7705
f 7705 5758 7774
f 12524 11863 7706
f 9722 5761 9148
f 1740 9724 5762
f 9724 1740 9154
f 11819 937 13333
f 4898 12083 5560
f 9154 8823 9724
f 1424 5762 11819
f 8823 937 9724
f 9725 5249 11178
f 7517 5254 8415
f 4233 3561 4225
f 3561 4233 11896
f 1623 3561 11896
f 7606 5568 1628
f 9504 4844 9643
f 1633 5770 13383
f 7711 5771 7709
f 9198 1634 9502
f 5306 9502 1634
f 7610 9645 12306
f 7902 4927 5589
f 4381 5581 5775
f 7212 9726 7209
f 4844 7711 9643
f 4706 13087 792
f 795 9651 5595
f 9727 4706 13384
f 1646 4716 4715
f 4716 7057 4717
f 5777 4708 7600
f 4705 797 1474
f 1264 1481 12933
f 5343 7712 13119
f 6774 3803 4298
f 9564 5608 5607
f 7903 5780 981
f 6063 7830 10770
f 1286 1287 9552
f 9653 13083 1299
f 7845 8781 11710
f 6122 11886 9635
f 7716 1320 12722
f 1662 7716 1490
f 7523 3877 4915
f 4962 3877 12023
f 1498 11049 1666
f 10734 7199 7637
f 5415 2304 5805
f 1495 4359 1673
f 1954 1901 573
f 6160 1953 7825
f 7779 9729 5804
f 2261 5967 5413
f 3868 7535 5462
f 8288 5463 11551
f 3868 12058 8453
f 954 8453 3671
f 4931 3867 5624
f 1501 9668 5806
f 8868 13053 9293
f 1682 1501 5806
f 5969 611 12857
f 1005 628 1693
f 3968 8893 11565
f 3850 7862 12624
f 2176 9731 6870
f 4481 9733 5042
f 8917 7255 10738
f 5036 5042 9733
f 5045 9733 1042
f 1042 9732 11747
f 9670 5644 9766
f 9669 9671 7651
f 7782 1045 7719
f 5642 9734 1536
f 9734 5642 5640
f 5810 7917 5809
f 1536 9734 1854
f 5911 2278 9769
f 9598 5817 7559
f 7743 1795 9691
f 7670 13209 5503
f 5649 427 7654
f 5817 9598 5818
f 7670 10081 7720
f 7670 7720 5819
f 5686 1557 11866
f 5819 1557 5686
f 5977 5686 11865
f 5662 5759 1543
f 7662 9639 12377
f 5662 7662 12611
f 5557 9466 9467
f 5663 12723 7840
f 9678 13370 5822
f 9719 10510 9678
f 9720 9719 5664
f 12075 1546 5661
f 5665 5073 4519
f 10766 5509 4057
f 7724 1700 701
f 5665 8613 1700
f 701 1700 8613
f 4519 8613 5665
f 1870 9681 1806
f 5825 9736 5672
f 5828 7725 7728
f 7728 5831 7726
f 1554 7669 1702
f 7727 1705 1703
f 4609 7333 5096
f 1086 7726 5510
f 5680 6217 5679
f 1706 2208 1554
f 7669 1554 9687
f 5826 7669 5681
f 8979 13194 8980
f 4585 8980 13194
f 11599 5096 8978
f 9379 8978 5096
f 1706 7726 9738
f 5831 9738 7726
f 9887 6211 9377
f 9385 9887 9377
f 2207 2278 9740
f 9739 9740 2278
f 6233 5829 9739
f 4610 5096 11149
f 12248 4585 9012
f 9886 7893 9689
f 5092 9689 7893
f 6212 1703 1705
f 5687 9741 5828
f 5115 7728 1086
f 5512 9742 9771
f 10081 5914 7720
f 9743 5834 7275
f 12698 4721 5818
f 5817 4721 5833
f 9744 5518 6143
f 1592 1394 5517
f 12132 11143 1559
f 1710 9694 5154
f 1099 5126 5153
f 5126 7671 5129
f 5836 9392 9404
f 5153 13264 5836
f 4146 465 13000
f 5172 9901 5521
f 7734 9683 7733
f 9683 7734 1396
f 7734 7733 5845
f 7733 5837 10763
f 11859 12312 1711
f 10750 9745 1563
f 11580 10750 12578
f 1712 9057 4651
f 9061 4651 9057
f 5523 5676 7765
f 9746 5841 1715
f 2305 9898 2258
f 5849 5697 7738
f 5212 12808 5526
f 2250 12630 5709
f 5850 9749 5849
f 12808 5212 5994
f 7738 5850 5849
f 9748 10752 5860
f 5858 5856 5857
f 5856 5855 5854
f 1821 5183 1728
f 5183 1821 9750
f 5859 2193 5858
f 7576 12304 1570
f 9750 1821 9701
f 1570 12304 1821
f 4665 5700 4666
f 4666 9699 9619
f 10347 12313 772
f 1728 1570 1821
f 9700 1570 7771
f 9619 9699 8695
f 1730 9699 5700
f 7686 2306 1731
f 2264 5862 5866
f 7392 5196 5195
f 7772 9752 7742
f 9752 7772 9751
f 5871 9751 11144
f 5872 5871 8158
f 9753 5726 9709
f 7385 8158 7741
f 5871 7741 8158
f 9751 5871 5872
f 12615 9752 5872
f 5534 9754 5875
f 1920 5915 12860
f 7431 12068 5730
f 5881 4898 1175
f 1740 6514 8725
f 8007 11178 8467
f 490 9723 9722
f 9723 490 6514
f 5424 9641 7518
f 1224 9755 5884
f 9755 1224 7454
f 9756 5769 10757
f 5885 9755 526
f 5425 10692 5778
f 4340 5778 8826
f 5783 1895 10768
f 11868 5783 7713
f 1486 9523 1257
f 5893 6004 12939
f 9759 12939 9758
f 5619 7495 1761
f 3292 12221 8824
f 3360 8824 12221
f 4333 6272 8825
f 10805 8825 6272
f 5896 5403 5407
f 5403 9760 9798
f 1844 7777 5897
f 10768 9763 11722
f 5904 12724 9218
f 1772 7798 1774
f 12612 9655 5610
f 9655 12612 7744
f 1774 9761 9656
f 5899 6062 5900
f 7798 9762 1774
f 9761 1774 9762
f 7746 9763 10768
f 5803 4956 5443
f 9730 4984 1361
f 628 8527 5634
f 8893 9666 8527
f 9667 5485 5634
f 9765 10736 10696
f 5811 9766 9669
f 5642 7255 8917
f 9765 1537 10736
f 5647 5497 7749
f 9900 7785 5907
f 5647 5907 7785
f 1855 9767 7783
f 5908 7729 9768
f 5910 4573 1793
f 5912 6215 7729
f 9768 7729 6215
f 9889 5648 9770
f 11958 6594 11441
f 11360 12577 12460
f 11361 10312 6892
f 10312 7752 6893
f 5649 7654 9123
f 7654 4722 6413
f 5819 7720 9771
f 7732 5834 9772
f 1709 7731 5834
f 5818 12655 7753
f 11056 13374 5649
f 7753 11056 12617
f 5512 9771 7720
f 5914 9772 7762
f 9772 5914 7732
f 4542 4723 9773
f 9790 7755 5918
f 7790 1860 9774
f 1797 7789 9789
f 5657 5067 4544
f 5069 7285 10034
f 7664 5660 9843
f 5658 9675 1542
f 9675 5658 5656
f 10099 6082 7821
f 5917 2138 5916
f 9825 1701 9737
f 5825 5081 5084
f 13358 5984 1548
f 5669 5924 1801
f 6083 5924 9737
f 12621 9737 1701
f 7909 5925 1803
f 9826 1804 1803
f 5927 6080 7909
f 9791 9775 7820
f 9117 9775 5928
f 5827 1555 9888
f 9885 11623 5827
f 5684 9690 6413
f 9028 9029 9610
f 4523 9610 9029
f 7762 5932 9777
f 5932 7762 9772
f 9387 5683 7802
f 5683 9387 1556
f 7803 5120 7338
f 7758 9030 7759
f 8936 13038 7758
f 5684 7805 7760
f 9778 9033 7799
f 7799 6018 5683
f 7338 9387 7802
f 4623 7805 5684
f 7760 9690 5684
f 1913 5932 9805
f 9779 9777 1913
f 5932 5120 9805
f 9772 7731 5120
f 7762 9777 5512
f 5939 12886 7763
f 1810 12072 5832
f 12072 1810 1808
f 6088 10759 6024
f 5934 1808 5943
f 7822 6034 6038
f 1912 6021 5935
f 5937 9781 12311
f 7806 9780 9742
f 9780 7806 1912
f 12623 9808 9807
f 9806 6019 5938
f 6019 9806 9808
f 5757 5737 7743
f 9782 1920 5685
f 5939 5685 12860
f 7756 1797 5942
f 5943 6020 9782
f 9784 12949 10092
f 6040 5947 1927
f 6040 1927 13335
f 5176 7765 5678
f 5678 5676 12052
f 5677 11648 7679
f 1814 5507 1553
f 7767 7737 5949
f 5948 7766 12941
f 5507 1714 12941
f 5678 2239 6994
f 7767 5949 5950
f 12941 7766 10478
f 1550 1922 1815
f 5848 9898 12809
f 1567 5952 7770
f 7773 5869 1575
f 9429 5870 5194
f 4680 9087 11144
f 5194 9753 5868
f 1933 1825 785
f 5213 5220 4728
f 1736 5534 12631
f 1151 5533 12631
f 12118 5603 5601
f 1738 1646 13301
f 5601 5597 5756
f 1168 5245 7437
f 1174 1173 12725
f 4746 1835 4744
f 5246 1166 9475
f 6063 1947 7830
f 9814 9830 9796
f 1769 9759 1845
f 12939 9759 5415
f 5965 1490 6005
f 1767 5895 5896
f 5795 5966 7779
f 6379 9282 6553
f 8522 6379 8373
f 9786 5808 10406
f 7781 9785 10406
f 1855 5040 9672
f 7782 9672 5040
f 5645 5493 9788
f 5041 4038 9331
f 11055 9331 4038
f 424 7784 5971
f 5645 9788 9787
f 10576 9672 9787
f 12662 7784 7550
f 6315 9788 5971
f 9339 10575 1855
f 9767 1855 10575
f 12536 7785 1791
f 1855 9672 9339
f 7263 11912 7786
f 9334 11750 9787
f 5973 7819 2004
f 7906 5908 4513
f 1540 7788 733
f 13209 1860 5503
f 7055 7791 11146
f 1859 11146 11867
f 1860 13209 5652
f 7055 11865 9691
f 1796 1541 5651
f 9117 5976 9673
f 9789 7789 1906
f 1906 7820 9789
f 9774 11867 4543
f 1863 5929 1698
f 5976 7791 7055
f 5652 11867 9774
f 1860 7790 5918
f 5918 10766 9790
f 7755 9790 9773
f 4723 4542 1861
f 12579 6916 9124
f 6916 4541 9597
f 12707 6917 12579
f 1065 4723 1861
f 7820 1804 9791
f 1804 7820 1906
f 5976 9117 5928
f 9775 1796 7820
f 5505 5979 8951
f 4539 5979 1867
f 10099 7821 5979
f 6236 13302 5824
f 9792 1868 5981
f 2293 9792 13302
f 7303 5082 12030
f 9736 5825 1799
f 7811 1926 6157
f 7769 7757 10082
f 5225 10759 1810
f 7810 5691 1923
f 5990 6164 9843
f 1985 5996 4693
f 10009 1985 4693
f 5543 5998 1166
f 5365 1267 7793
f 7793 1267 9524
f 11721 10758 9794
f 11868 9794 9764
f 5904 9218 11864
f 11864 9763 12880
f 9657 7816 5904
f 6093 9814 11872
f 9796 11872 9814
f 7794 5384 5785
f 5964 9758 6004
f 1847 5405 5448
f 5405 1847 5406
f 7630 7780 5447
f 5896 5895 9760
f 7778 7795 9760
f 9798 1847 7797
f 5448 7797 1847
f 7797 5448 9660
f 5404 13211 13137
f 7504 6005 5614
f 5896 7901 9891
f 11115 9798 7797
f 9729 1848 5623
f 6006 9799 9822
f 9761 9762 6091
f 1075 5923 9802
f 1551 9802 1908
f 5923 1908 9802
f 6018 7799 4596
f 6018 10761 9804
f 10761 6018 4596
f 9805 9000 1913
f 4588 2026 6022
f 1807 9806 6016
f 1809 9807 9808
f 7763 9806 1807
f 1912 6037 6021
f 1912 7806 6022
f 1810 10759 5936
f 6088 6024 7822
f 1915 7800 1909
f 1809 9781 9807
f 7763 1809 9806
f 9001 9805 7803
f 9804 7803 7802
f 7802 7803 7338
f 6018 7802 5683
f 9031 9778 7760
f 9031 7805 9032
f 9031 7808 9778
f 7804 7805 4623
f 9779 2273 7761
f 6016 2287 9803
f 9029 12251 12963
f 11630 10761 9809
f 9033 7808 12085
f 8022 6033 12623
f 6033 8022 731
f 7809 6032 12623
f 9001 6977 9000
f 9033 4596 7799
f 6036 6282 7828
f 9807 7801 7809
f 5944 6020 1969
f 6020 5944 9782
f 1797 9789 5651
f 5915 5651 7754
f 1541 7754 5651
f 7754 1541 12881
f 9782 5942 1920
f 12886 7754 12881
f 12881 1795 13183
f 6088 6038 9821
f 1711 12312 9793
f 1923 13335 7810
f 1812 9735 1926
f 9735 1812 10092
f 1929 12312 5838
f 1924 7810 6042
f 1396 5982 10762
f 6041 1982 5947
f 9842 9735 1924
f 5990 7810 13335
f 1385 7675 7838
f 10762 7838 7675
f 5520 9810 9783
f 9810 5520 6196
f 3860 12684 6693
f 4174 11686 7812
f 7695 12068 1409
f 1886 9811 1987
f 5885 5999 524
f 9757 1938 524
f 522 1988 4838
f 6053 1941 1940
f 6003 7814 10758
f 1486 5391 9523
f 6091 9795 5903
f 9795 10767 9813
f 6003 5962 6061
f 2227 6061 5962
f 5391 9538 9812
f 6062 1995 9800
f 10767 9795 6063
f 9794 9658 9764
f 9761 5903 12612
f 9657 11864 7815
f 9813 5901 7744
f 11927 9797 2047
f 5963 1947 6063
f 2047 9796 9830
f 9814 9762 9830
f 6139 5787 1655
f 6064 11136 2000
f 6097 6124 8858
f 8858 6160 6097
f 1953 8858 1954
f 2002 11554 4363
f 12620 8851 4363
f 8851 12620 7825
f 6066 2002 11541
f 2002 6066 11870
f 8841 10395 6067
f 2002 6815 8849
f 10395 6810 6815
f 1955 6076 6101
f 6073 9880 6884
f 6075 6074 9880
f 9816 6071 11994
f 5975 6077 12071
f 6081 7791 5928
f 7791 6081 5669
f 1966 9820 1805
f 9820 1966 6015
f 6087 5938 6019
f 5936 10798 1969
f 10009 7823 1985
f 5996 1985 6048
f 6048 1985 6090
f 803 7823 1984
f 1610 5730 6050
f 4247 13133 4800
f 3914 1453 3898
f 6060 1989 1943
f 7836 12622 1655
f 11872 9796 9823
f 8781 12919 11710
f 5783 10768 5784
f 11871 1996 6122
f 5783 5784 10769
f 12470 9205 11878
f 9523 9205 12470
f 4949 1950 6098
f 6095 6094 6098
f 5586 7831 12657
f 4379 6100 7859
f 573 8842 1954
f 8852 1954 8842
f 9824 6069 1955
f 1959 5974 12071
f 9825 6081 5928
f 1701 1965 12621
f 1965 1701 9826
f 1546 6111 6112
f 723 3380 4588
f 5832 2121 1911
f 7769 2031 2034
f 9852 9850 6119
f 9852 6121 9850
f 2142 6121 9854
f 6120 9836 6151
f 9836 6120 6055
f 1771 9829 1995
f 2100 13266 6092
f 9762 7798 9830
f 9800 12659 9822
f 12659 9800 1995
f 9830 6006 2047
f 5963 6091 9814
f 9762 9814 6091
f 7713 11517 11710
f 6093 11872 5548
f 1947 7595 7830
f 10747 1996 9219
f 7713 11710 11721
f 11145 9205 9523
f 5361 9205 11145
f 1466 7831 1336
f 10096 1952 12726
f 7883 2050 1061
f 6128 1061 2050
f 4555 9877 2050
f 7833 2056 9833
f 6131 2051 6129
f 2074 1857 1697
f 6133 9833 2056
f 9693 1561 2059
f 9818 13089 4598
f 721 4594 6078
f 9017 4597 8642
f 6153 2048 2087
f 6137 7837 9839
f 7837 6137 2048
f 1642 2071 1468
f 6142 6068 9344
f 6142 6127 7826
f 9833 2055 1561
f 2028 9834 2090
f 5917 6145 2063
f 2047 9822 11927
f 6137 9829 2048
f 6120 6148 2098
f 9835 2098 6148
f 10097 9835 9838
f 9838 2087 10097
f 6092 9837 2100
f 9835 9840 9838
f 6118 7837 6153
f 6153 9838 11873
f 9840 9835 7849
f 1699 9841 9842
f 9841 5656 9844
f 9843 1699 6042
f 6157 9844 5656
f 9844 1926 9735
f 6042 5990 9843
f 9844 9842 9841
f 5982 6157 5658
f 2023 6163 6156
f 6166 6237 5555
f 12078 5555 6237
f 9852 6173 7843
f 7843 6173 6167
f 9837 6092 2046
f 9845 2118 13266
f 2053 2058 2107
f 2122 2107 12317
f 2293 6236 2137
f 7722 7840 12943
f 5733 6237 6166
f 5744 7839 1599
f 7839 5744 1595
f 2124 9847 11147
f 9847 2124 5748
f 13212 2294 9849
f 5748 6172 9847
f 7844 6116 6114
f 9850 2127 6168
f 7833 5518 7362
f 7821 6082 2136
f 2138 7722 5916
f 9846 2139 5555
f 2140 9846 6117
f 6121 9852 1414
f 2295 7911 5338
f 7911 9521 9848
f 9860 2143 7846
f 6176 9855 9839
f 9855 6176 7850
f 5549 11852 12139
f 11851 5549 7853
f 7846 2143 2141
f 7849 6177 2141
f 9854 10772 2142
f 6153 7847 6118
f 7837 6118 6176
f 6176 9839 7837
f 2127 2142 9836
f 10772 9836 2142
f 6178 6151 10772
f 6158 2147 2126
f 6176 6182 7850
f 7851 9831 11877
f 7854 9831 7851
f 6174 9851 6171
f 9851 6174 2129
f 5548 9831 7854
f 5548 7854 7853
f 6185 6182 7852
f 7895 11887 11880
f 11888 6184 9515
f 2295 7598 7846
f 6182 11882 7850
f 6183 7850 9861
f 10773 10719 7851
f 8541 2172 3966
f 8630 11471 4579
f 10776 7011 9862
f 8673 8674 10776
f 9862 10348 6341
f 8678 8476 13366
f 8679 8678 13366
f 6193 6526 4140
f 10181 8677 7857
f 10181 7857 8476
f 13366 8476 7857
f 6720 3585 508
f 4345 7859 8836
f 11541 8837 9815
f 8837 6100 11552
f 6066 8857 11870
f 8857 6066 9815
f 6811 7898 9279
f 9863 8855 9280
f 9279 9863 9280
f 7219 6811 9875
f 664 10777 656
f 4479 4482 10777
f 10695 653 5031
f 6849 6866 7861
f 5003 7861 6866
f 6188 653 2177
f 3362 6277 4011
f 6570 4011 6277
f 6187 653 6188
f 3850 4469 8908
f 4486 9731 3850
f 4470 9731 2176
f 3362 6186 12944
f 9864 6187 6188
f 8426 3362 4011
f 321 2177 6186
f 4474 9864 6189
f 7863 6189 4012
f 4468 12641 7863
f 6872 4491 6570
f 7256 4013 321
f 8426 7867 321
f 4486 4481 6870
f 6190 7868 5643
f 4013 12838 9864
f 9866 6189 12838
f 12626 2180 9865
f 12838 4013 5037
f 5037 2201 12838
f 1042 12624 6191
f 4012 9865 10778
f 7862 9865 6191
f 9865 7862 10778
f 658 7866 2181
f 7866 6190 2181
f 3842 2182 10135
f 6880 11378 10974
f 8278 680 11464
f 11592 8956 6921
f 8955 11592 4545
f 6921 8956 10445
f 10445 4552 8583
f 11592 4551 8956
f 7310 8956 4551
f 6608 4547 10593
f 10577 704 4549
f 10035 705 8959
f 434 11759 6934
f 8969 10450 6933
f 6614 11597 4560
f 710 6933 10450
f 6933 710 3923
f 7317 2183 10450
f 9372 4565 6940
f 12274 6192 12086
f 440 12464 11629
f 12523 4088 11469
f 4663 8679 13366
f 4663 13366 13368
f 4140 9074 9076
f 9074 4140 4139
f 8677 7858 4142
f 2192 465 5945
f 465 2192 13000
f 6670 4145 9870
f 9870 770 4667
f 467 4667 771
f 2192 7875 12319
f 1729 5707 2194
f 6197 2194 5707
f 2192 12319 6197
f 798 1604 1866
f 9140 4739 3581
f 7076 4731 8717
f 3839 4796 4784
f 7463 874 4833
f 3773 12015 7145
f 7422 12007 8797
f 11982 12904 4293
f 5778 6199 4294
f 6775 8827 6799
f 8827 6200 6799
f 9274 9273 959
f 6205 7882 7880
f 7881 3876 3276
f 11883 9874 11963
f 6203 12605 7953
f 6202 12605 9250
f 6205 2198 7882
f 2198 6205 9873
f 4341 9873 6205
f 5454 2226 11883
f 2226 6204 7880
f 6205 7880 6204
f 3882 9874 10782
f 9874 3882 11963
f 9874 7880 4934
f 4971 12321 11987
f 8837 11541 12861
f 5015 2200 7650
f 6580 13268 416
f 8907 8912 1023
f 9876 5032 1037
f 4012 9866 3528
f 9343 4546 6925
f 8957 11996 13090
f 11996 7884 6206
f 7884 11996 707
f 12628 9340 4555
f 4556 12628 4555
f 6141 5055 1053
f 1057 7267 11906
f 6928 5089 6936
f 10784 6207 7886
f 7887 4553 12079
f 8965 12274 7319
f 9371 12649 7888
f 12322 7319 7914
f 7887 9878 8966
f 10785 12079 6207
f 9879 5973 6208
f 4511 10785 6207
f 8976 8973 9878
f 6073 6208 7889
f 7888 7318 10595
f 9879 7819 5973
f 8973 8976 4568
f 7320 8987 8261
f 6939 8261 8987
f 6210 10786 9881
f 7891 4575 9882
f 4575 7891 712
f 9373 8974 7323
f 11997 9372 10988
f 10786 6210 8980
f 9887 7730 9883
f 12614 5097 7730
f 7893 9740 5829
f 9740 7893 9886
f 6211 9883 7325
f 9883 6211 9887
f 1706 9884 2208
f 7890 715 11149
f 9885 9888 7892
f 9378 5095 7892
f 9385 12614 9887
f 11599 7890 11149
f 7892 9888 5094
f 7894 9890 9769
f 5117 5097 12614
f 7729 6214 5912
f 9889 9770 2279
f 9889 9890 5648
f 12660 9770 12080
f 5682 9890 7894
f 7894 1705 5682
f 1704 2210 2212
f 2299 5910 1793
f 9453 1095 10708
f 4592 9390 11847
f 12809 9898 6043
f 7667 5704 7770
f 5704 7667 4661
f 4663 4133 4669
f 8671 462 10351
f 7391 1139 5215
f 263 12442 12440
f 8295 11035 9935
f 9631 12472 11151
f 11881 10716 11151
f 9858 12140 481
f 10952 12106 11331
f 10047 12977 10069
f 11103 12495 11673
f 10944 9115 10790
f 11683 12595 9126
f 7433 9477 4190
f 347 9487 510
f 5266 9169 517
f 9169 5266 5279
f 517 7090 5281
f 4846 9584 5309
f 7128 9509 9508
f 7473 5329 4946
f 904 11742 5329
f 12139 7848 7829
f 11876 9635 11886
f 11520 11889 9518
f 919 6763 9216
f 5351 9216 6763
f 5351 4863 7900
f 9222 7900 4863
f 4860 9221 7149
f 5341 2223 1266
f 7916 2223 12081
f 5339 12081 2223
f 4315 5606 5358
f 1269 13049 10072
f 5355 5358 6221
f 5330 1266 1270
f 5347 6221 5358
f 6222 12081 6220
f 1271 10682 6222
f 7159 13049 1269
f 10072 13088 13231
f 13088 13049 4868
f 5412 9891 7901
f 5416 5407 5403
f 4371 10106 4370
f 10793 4370 4912
f 9872 9892 9261
f 9873 4341 9892
f 1324 9569 5453
f 6201 5453 12629
f 10686 9260 12294
f 2227 9812 1290
f 5458 7815 12997
f 7533 11118 9576
f 5461 9658 10687
f 2228 4938 961
f 4938 2228 4941
f 7209 5581 7212
f 4381 7212 5581
f 6568 3983 4443
f 5500 11837 8930
f 10795 8930 9596
f 1104 5109 1102
f 9400 5147 6226
f 5147 9400 5139
f 9641 5423 562
f 5423 9641 10753
f 9893 12048 9159
f 562 9159 12048
f 7452 5273 7449
f 5273 7452 5277
f 5311 7467 5314
f 6227 1244 5310
f 12702 9584 1244
f 4389 10403 7223
f 4978 592 5629
f 4978 8279 7223
f 2236 2237 9895
f 392 5629 9895
f 5176 6994 7288
f 7575 5167 1118
f 4954 7904 6229
f 9749 5850 5709
f 1301 9556 12045
f 9759 1769 6231
f 5384 9553 12045
f 9553 5800 5414
f 1679 2262 12084
f 2304 12084 2262
f 1852 6007 1903
f 9748 5857 5853
f 5853 9896 9748
f 9809 12246 11630
f 6030 11619 9032
f 10218 6029 11619
f 9779 1913 12945
f 5396 12937 929
f 12293 9542 9514
f 6208 6073 9879
f 6233 6073 6884
f 2278 7751 9739
f 7905 9739 7751
f 7751 5911 7818
f 9879 6073 7905
f 7751 7819 7905
f 6078 4594 722
f 10218 6964 8998
f 8998 10109 7907
f 6963 7907 722
f 4072 11616 11621
f 11621 4597 4073
f 4605 4613 12141
f 6078 12141 721
f 12141 6078 4576
f 700 11867 11146
f 9803 2287 6169
f 9827 6169 2287
f 9741 5679 6216
f 5916 7834 6145
f 2076 11874 6112
f 7703 7702 9713
f 1597 9713 6172
f 1414 11147 6121
f 9854 6121 11147
f 9860 7846 7598
f 10106 9897 4913
f 2197 9897 4957
f 4913 2196 2298
f 2005 708 7889
f 9877 10595 12658
f 10595 9877 9371
f 10448 4563 6927
f 10784 9367 6885
f 7316 8964 6936
f 6075 6209 11885
f 7318 8970 711
f 711 9817 7318
f 8966 4562 6192
f 7914 5091 9370
f 10700 1103 8643
f 7566 5106 5142
f 4612 5511 6226
f 5852 2302 1824
f 5722 6240 1573
f 6240 10800 1573
f 2306 5714 5712
f 7685 5721 2306
f 6240 9899 5716
f 9422 6242 6241
f 5717 9899 6240
f 9899 10751 5716
f 5814 2310 9766
f 1791 1536 1854
f 5647 7749 5907
f 1791 9900 1536
f 11641 9901 5172
f 1120 12632 11642
f 1930 10740 9686
f 7667 12632 9685
f 9342 7883 1061
f 6127 2312 9832
f 10190 3396 3754
f 11946 9902 3953
f 9665 13202 6254
f 9903 12323 11157
f 10288 6262 9957
f 6878 12591 675
f 8016 6593 9906
f 4501 10809 6281
f 8089 9907 12378
f 9908 12099 12230
f 8521 3404 6289
f 6588 690 9909
f 12667 6297 9912
f 6297 12667 3407
f 6616 12743 10815
f 11890 12209 12423
f 4130 6311 8693
f 10862 6319 3665
f 9916 4003 3317
f 3504 10361 6334
f 8130 9921 6335
f 6819 7218 13389
f 10500 6366 8122
f 356 10376 12901
f 10855 6372 6371
f 7068 10361 3504
f 3604 8220 8302
f 6381 695 10318
f 9931 3388 6394
f 10219 7273 6396
f 10531 3750 6417
f 8295 9935 10531
f 10393 6782 6422
f 9938 13040 926
f 283 10244 282
f 29 9942 28
f 12040 10940 1162
f 393 315 9944
f 3432 10382 6460
f 6462 7781 6461
f 7424 3674 8187
f 10953 9945 6464
f 12349 6419 6467
f 545 9947 3795
f 10004 194 8100
f 12243 6475 9949
f 12770 12463 11314
f 6481 11314 12643
f 6773 6494 3837
f 7091 9951 8750
f 7335 12731 10977
f 1333 10891 7206
f 9955 8496 6536
f 312 3936 11416
f 6555 7996 6458
f 3975 6502 3971
f 6502 3975 8531
f 4005 9960 10908
f 414 9962 8579
f 10566 12737 5022
f 8577 3340 8567
f 8057 10219 8056
f 10910 3412 6589
f 6596 9964 10426
f 11755 10980 10844
f 10980 11755 3552
f 8064 10150 8050
f 435 6278 12326
f 4084 9869 8270
f 6629 10157 6411
f 9047 304 449
f 450 9969 3627
f 11590 6993 454
f 4151 199 200
f 6695 9972 12138
f 12749 6697 11223
f 10943 11223 6697
f 6699 9974 10945
f 11028 6370 6722
f 6737 8315 6430
f 9977 4258 4809
f 872 532 9978
f 4855 9980 10105
f 7145 11666 12918
f 12295 7201 8838
f 7181 6786 12329
f 7507 12329 6786
f 11154 12788 11987
f 9511 11552 6100
f 9985 95 96
f 3946 3328 3953
f 6839 3411 8054
f 11200 8044 12271
f 6845 12271 8044
f 9987 12127 620
f 616 4998 4430
f 302 4996 12688
f 643 6863 12589
f 8575 1036 9989
f 4487 9989 1036
f 10808 6878 12205
f 675 12205 6878
f 8497 3790 9991
f 10916 9966 6912
f 10594 9368 12351
f 11371 10815 13304
f 6298 11371 11215
f 1391 10707 8262
f 10992 440 7874
f 12489 10000 4618
f 6475 12243 11614
f 10995 6351 10002
f 10829 10002 8163
f 3427 6626 11069
f 735 8641 4621
f 3657 8251 11775
f 10003 441 11129
f 10005 764 6997
f 12748 13216 3892
f 6682 766 12094
f 9418 12282 6658
f 12900 12426 4154
f 7009 10008 4152
f 4172 7032 784
f 11685 10010 7032
f 7585 1165 9468
f 12116 12720 11012
f 9120 5130 11012
f 11720 7419 10659
f 11498 8706 4048
f 7075 12700 809
f 4740 811 13165
f 10014 2216 5245
f 4242 3710 8749
f 10018 874 7463
f 7130 10019 8293
f 10021 874 10018
f 11329 10870 908
f 11822 1257 13100
f 6472 11108 3785
f 11108 6472 7140
f 12505 10022 11107
f 8793 10024 6459
f 7156 8391 10679
f 3796 7167 10544
f 8399 8803 3798
f 10028 3894 10027
f 7184 10029 6793
f 940 10553 567
f 4344 11154 8848
f 4949 965 9271
f 3276 6816 12125
f 13300 11743 7217
f 12298 7491 12625
f 4988 4422 4421
f 5000 12922 4434
f 3784 8009 3783
f 9995 10031 7280
f 10032 691 13081
f 12947 12402 12729
f 5087 10972 3385
f 10987 11457 3925
f 10036 2183 4567
f 7317 4567 2183
f 6623 7322 8260
f 8991 2184 13213
f 7359 11838 10706
f 7364 11780 10227
f 11062 12402 10043
f 9745 7374 1563
f 3555 6324 11063
f 6324 3555 1121
f 11401 11084 6324
f 5187 10045 4158
f 7385 12637 7386
f 10849 6368 3538
f 129 11283 128
f 11285 7405 11287
f 4699 480 10825
f 10652 6313 9405
f 7425 11980 10051
f 4220 10052 4221
f 4762 1197 1198
f 5293 5294 528
f 7461 10053 1232
f 10054 5305 1240
f 10054 2222 5301
f 10530 7475 10055
f 7476 9543 1291
f 6474 12404 7971
f 7499 6466 12295
f 1296 3918 8500
f 2255 576 10058
f 7511 10059 8451
f 11730 8451 10059
f 10061 4993 6852
f 13033 5065 13229
f 9352 13229 5065
f 7563 10062 9122
f 10699 9606 7565
f 10064 5125 10065
f 10070 1222 1444
f 10073 1483 1276
f 11140 7965 7641
f 10762 7675 9683
f 12608 9683 7675
f 1566 1724 1725
f 11844 5705 12156
f 7703 5554 7702
f 10077 1835 1739
f 10078 1611 1612
f 1469 5772 1754
f 1647 2309 1758
f 10058 1768 2255
f 5820 10082 5821
f 10083 1715 5841
f 10084 1141 5202
f 5868 1575 5869
f 11105 526 5292
f 10093 4837 3725
f 5889 10086 12074
f 11722 9763 9218
f 1899 1948 1849
f 9669 7651 5810
f 7906 2209 7729
f 6470 10089 8933
f 9747 10090 2257
f 10091 5195 5196
f 1924 10092 12949
f 10110 5855 1871
f 1735 5866 1824
f 10493 9093 5996
f 1823 1401 1577
f 10093 3725 1894
f 2006 6010 1904
f 2058 6104 2134
f 10097 2087 6149
f 10098 2147 2099
f 10098 2149 2147
f 10099 5917 6082
f 10100 2097 2117
f 10101 2169 6023
f 8681 4135 464
f 8738 3578 4210
f 5780 12298 12625
f 2212 1794 7750
f 10103 10380 10657
f 4707 13091 13386
f 7897 13219 4712
f 10108 1723 2252
f 2269 10108 2303
f 10109 10465 7907
f 2097 10100 12547
f 2169 10101 6238
f 13143 6238 10101
f 10110 2303 5855
f 10107 1721 2251
f 10073 1285 1483
f 2841 10111 2426
f 10112 69 68
f 10113 2371 2370
f 2766 2442 2443
f 179 2347 2615
f 2501 13341 2502
f 10114 2548 2833
f 10114 2554 2412
f 10111 2563 2426
f 2729 2579 2571
f 2752 91 2751
f 2455 2858 2345
f 2873 11935 2628
f 2802 2476 2477
f 2641 2640 2642
f 2487 12888 2382
f 2646 10115 2647
f 10116 2665 2902
f 2525 10112 2673
f 10112 2675 2673
f 10114 2833 2554
f 2767 10117 2766
f 2451 2776 2778
f 2798 2471 2958
f 7924 13004 7929
f 10115 2377 2647
f 2580 2846 2844
f 2867 11934 2626
f 11938 2459 11931
f 2368 11936 2874
f 2697 2540 2966
f 2622 3041 2863
f 3018 2798 2958
f 2706 2995 2707
f 2881 2976 3031
f 2881 3031 3030
f 3036 2596 2994
f 3013 3012 3011
f 3135 3134 3133
f 3140 3141 12556
f 3141 3140 12786
f 3270 3020 3155
f 2940 2941 3064
f 10120 2967 10121
f 12786 3179 3186
f 3266 3189 3196
f 2588 2434 3231
f 10122 2562 3241
f 10119 2982 13252
f 7956 12753 10400
f 7957 11157 10123
f 3282 11556 7958
f 10191 7218 10803
f 6252 10803 7218
f 8524 11420 7231
f 10125 7231 11420
f 8890 9986 7976
f 10127 6458 9958
f 13132 3328 8306
f 8518 3945 7991
f 7995 10129 6267
f 7999 10130 12636
f 10300 10131 11184
f 3350 10132 7538
f 8884 11564 12755
f 8017 10137 8018
f 8020 10137 11413
f 12914 10138 3550
f 12149 11430 12146
f 8035 8027 8176
f 12334 8176 8027
f 6286 10302 8961
f 8029 4504 13253
f 7257 11427 8037
f 11427 8036 10141
f 8040 10142 11158
f 8130 10168 10145
f 3932 12830 3405
f 10147 12398 10146
f 3409 13220 10143
f 3411 6488 8054
f 10313 6467 10979
f 6586 11212 11211
f 12421 10416 12324
f 10296 11207 8065
f 4098 3424 10927
f 12423 12324 11890
f 10011 6357 9973
f 8073 3543 3426
f 10048 1154 10153
f 10193 3777 12903
f 12250 13121 12951
f 8079 10156 8997
f 6957 4587 8993
f 8111 13259 10160
f 10159 10158 8112
f 10471 10160 13259
f 8089 13393 6283
f 10162 10192 12560
f 6976 12451 8090
f 12958 6262 12826
f 12826 11567 8093
f 202 203 8097
f 12954 8106 10436
f 6314 12280 8075
f 8043 11227 8144
f 8144 10168 8043
f 12385 10171 3478
f 11458 6480 12483
f 6480 11458 6481
f 6906 12175 8223
f 8479 3488 3487
f 8118 10173 8140
f 10174 6331 4131
f 8126 10484 8127
f 12255 10487 7379
f 10934 9421 8140
f 8142 10489 8118
f 10177 11241 8118
f 11690 7435 6706
f 6381 10178 11243
f 6345 10936 6327
f 11084 8177 11063
f 457 10180 6674
f 8153 10411 7549
f 11494 8160 8159
f 3538 6368 3539
f 7278 6297 12952
f 10185 10319 12952
f 12747 6303 10822
f 8163 7335 10996
f 8165 12332 8103
f 10341 8659 8165
f 10186 8166 8322
f 8076 10154 9214
f 10818 9981 3774
f 8176 12334 9095
f 8187 8188 10198
f 76 8185 75
f 10849 10850 11088
f 7035 11280 8194
f 11953 507 3584
f 11285 10648 11286
f 7405 10852 7406
f 8198 11289 9451
f 9451 10649 8198
f 7096 10199 8202
f 8203 7131 8204
f 9249 8207 7967
f 3594 10203 3503
f 10722 10204 7068
f 6729 9976 8217
f 8218 10663 9640
f 3611 6377 11510
f 6713 11690 6375
f 6249 11380 8434
f 6342 6906 8223
f 11954 8607 10209
f 6604 10835 6346
f 12335 246 10324
f 11305 6806 8843
f 10853 11282 10214
f 8241 10334 10336
f 8981 10215 6613
f 8811 555 6793
f 10477 8392 6522
f 4627 11311 8108
f 11311 4627 12033
f 10220 10597 10456
f 6623 10456 10453
f 10807 6616 13279
f 11774 6409 10223
f 6981 10223 8267
f 8270 3659 6406
f 8272 11778 10614
f 10704 12718 8066
f 12517 8289 6302
f 7539 10026 8473
f 11077 7364 3431
f 10227 3431 7364
f 8122 11501 10500
f 8188 8187 10229
f 7141 8292 6772
f 10876 10231 11327
f 4850 4273 11358
f 8289 8295 6417
f 10232 9389 6633
f 9389 10232 4631
f 10233 10308 6898
f 7092 13280 6490
f 6559 10238 6501
f 4904 12020 6257
f 4292 6778 8807
f 8316 8391 11723
f 7141 12341 12108
f 4306 10243 4304
f 8323 10244 8751
f 3726 3436 10245
f 12435 11405 11299
f 6511 11687 3567
f 8315 8335 6430
f 10869 10246 10248
f 10712 10247 11341
f 10673 12734 10248
f 11381 6818 8352
f 11350 10155 8077
f 13397 10049 10050
f 9957 8369 8439
f 11559 8373 6553
f 8373 11559 6843
f 9209 6464 6469
f 8552 8553 8379
f 10257 10588 10841
f 7141 6772 12985
f 12444 12985 12187
f 12344 8384 12341
f 12344 7141 12343
f 10675 11096 11095
f 10845 12432 9948
f 10683 12448 10258
f 11959 916 7157
f 10259 3471 1115
f 10959 10386 12109
f 12032 8621 11301
f 8403 10263 6625
f 218 10290 217
f 7092 11510 8745
f 8416 10665 11376
f 12530 3460 11950
f 4459 8421 8422
f 10417 3393 10268
f 3393 10417 7262
f 10376 7127 6371
f 8439 10252 9957
f 6340 782 6439
f 10557 6803 3854
f 10272 6506 8442
f 3862 10272 4920
f 7511 11114 11046
f 8448 10732 9566
f 3863 11736 3309
f 43 11734 42
f 589 579 368
f 12174 13398 8231
f 8102 12566 3463
f 8473 10026 8474
f 8809 6523 551
f 10279 8131 13152
f 1422 817 802
f 6825 8478 3319
f 11988 104 8486
f 7075 8490 9925
f 10282 13271 376
f 6833 10283 6249
f 8516 599 384
f 6836 3287 606
f 6261 10286 6488
f 8524 11160 8439
f 10289 8540 8533
f 10290 8537 8536
f 12873 13159 8385
f 403 8385 13159
f 10291 3997 3769
f 10299 8554 13310
f 10569 3678 4015
f 10293 8915 7254
f 8560 3364 8916
f 3415 10294 6873
f 6874 10295 8037
f 6500 6576 4004
f 6577 12206 6580
f 8568 10297 8570
f 9962 12535 8579
f 13310 320 4030
f 11574 4028 12679
f 10301 6270 12791
f 10302 6609 3388
f 6587 6576 12318
f 8947 689 9906
f 10233 8594 10308
f 9909 10308 8594
f 9911 6295 10309
f 10836 10309 6295
f 10144 3410 13093
f 10979 10315 8598
f 323 12339 10314
f 10315 6590 7336
f 12330 4526 9351
f 8601 10316 11060
f 12954 12974 8106
f 11951 6595 8175
f 9965 11273 8183
f 9915 432 11201
f 8223 8222 6342
f 10178 10318 6323
f 3466 6323 10318
f 696 4055 8245
f 8618 8257 6285
f 6929 12351 9368
f 10036 10449 9950
f 10449 10036 6612
f 11595 4065 10325
f 4065 11595 3925
f 11367 10327 12352
f 12032 8255 9375
f 8628 4086 8629
f 12389 6298 3664
f 10332 3421 10333
f 8631 8242 8276
f 6579 680 8278
f 6475 4578 4074
f 10339 251 11607
f 6481 12643 6480
f 10224 10463 12382
f 10991 11230 4587
f 11469 4088 12492
f 7328 8643 5100
f 11127 11322 10827
f 11474 12354 12566
f 12354 10166 4097
f 11475 4098 8095
f 3441 10340 8650
f 449 752 1397
f 762 12570 7307
f 4112 4111 3626
f 10005 3626 4111
f 4157 10346 6683
f 463 456 6661
f 10348 9862 4143
f 7011 4143 9862
f 6670 10350 4145
f 4154 12955 3488
f 8127 11657 3487
f 9086 781 10354
f 10355 780 7389
f 11189 8696 10491
f 8164 8446 8697
f 11670 9111 7049
f 8706 11498 4179
f 9112 4179 11498
f 1161 8375 8708
f 6503 11389 8709
f 10358 11817 12912
f 7039 11015 789
f 10517 6334 10361
f 6334 10517 7406
f 8720 9136 9130
f 8720 11291 6510
f 12843 10362 4187
f 10363 8114 6709
f 3601 10364 8726
f 3601 11292 8728
f 8218 10365 8728
f 10366 6795 1176
f 4208 10368 4203
f 10205 3642 4217
f 9163 509 4222
f 8310 12469 10522
f 8284 8282 12186
f 6490 10370 11220
f 4239 3710 4242
f 8751 10372 7103
f 10267 8294 859
f 8763 11514 12013
f 8763 11339 8339
f 10375 4261 4265
f 7131 7130 13283
f 10379 10377 8038
f 3675 9630 12338
f 8788 9213 4856
f 10254 9210 12343
f 11980 7425 6770
f 4886 9226 4874
f 10540 3788 10387
f 10679 8391 11981
f 12905 6524 9934
f 7202 12404 9983
f 10392 48 12267
f 10393 6422 11534
f 6790 11534 6422
f 4344 12788 11154
f 11155 12224 11744
f 8843 8839 12861
f 10396 6499 11547
f 4355 10058 576
f 8778 4374 1335
f 10124 13391 10123
f 3895 8859 589
f 580 8860 582
f 4978 10403 592
f 8513 220 7961
f 10404 8872 3282
f 375 12830 3932
f 10406 5808 10407
f 10407 8520 10406
f 395 9298 6256
f 4437 8903 8305
f 7998 212 7986
f 3771 10236 3780
f 8884 12755 1021
f 12446 3382 11187
f 7996 11170 9958
f 10410 667 4488
f 8062 10134 11570
f 9338 10572 10415
f 8920 10415 10808
f 4552 10971 1054
f 8585 11437 6619
f 4505 10417 10268
f 4041 13094 12874
f 6364 6889 6363
f 8019 12447 8933
f 11441 11360 8934
f 9123 8935 12617
f 12339 10234 9016
f 9923 8000 13387
f 10042 12947 10824
f 3558 10981 12954
f 8941 5693 10034
f 12954 10436 3558
f 6903 11244 12481
f 10983 7282 3559
f 7562 12970 9602
f 11142 6599 8942
f 10041 11916 11581
f 10437 9915 5071
f 10439 10438 10178
f 8222 11273 11954
f 10440 4059 11057
f 9366 10441 6914
f 10442 8949 6905
f 5823 1542 7657
f 10443 3388 6609
f 6286 8028 6609
f 10448 8971 4563
f 6610 12708 12238
f 6478 10449 6612
f 8968 7872 12691
f 6613 10451 7322
f 7320 1080 8987
f 8068 12950 10454
f 3421 11215 10814
f 8068 10454 10260
f 4074 12765 12423
f 8985 4074 12423
f 7555 8638 12247
f 10263 10456 6944
f 8256 11314 10328
f 10458 10457 10922
f 6402 10461 12521
f 13069 6411 13408
f 9869 10463 3661
f 6972 4597 11621
f 10465 726 4595
f 12247 10466 4604
f 9967 6943 10335
f 11471 6621 6943
f 732 4576 12249
f 10467 11626 442
f 9019 10468 7353
f 8281 8092 9021
f 10470 10471 12364
f 10462 7874 8074
f 9023 10001 4084
f 11445 8073 12996
f 9025 6979 8596
f 6596 6496 9026
f 10427 11576 3433
f 3681 5122 10232
f 11074 10232 5122
f 10473 12927 9381
f 12380 9407 6414
f 10474 6414 10621
f 792 10476 4049
f 11893 10927 8069
f 9410 9048 11643
f 10589 11583 3554
f 10342 12210 8655
f 12103 6995 3627
f 10180 457 6653
f 9063 10479 4126
f 3532 10479 7000
f 13216 12748 13318
f 6682 12102 7005
f 11404 6683 6440
f 13404 10343 12174
f 10090 10481 9802
f 12173 10482 9073
f 10484 9083 10485
f 9083 10484 8126
f 12256 8690 12115
f 9089 3542 11496
f 4683 11258 11803
f 8162 3542 9089
f 12638 4172 11659
f 12911 11659 4172
f 4689 10493 7029
f 10494 9091 12287
f 7029 10493 12543
f 9095 10495 8184
f 10495 9095 10194
f 8700 10496 6368
f 11285 3587 7405
f 12887 7591 3672
f 11133 7408 7594
f 11670 8704 10660
f 6283 8170 8089
f 9109 10499 11502
f 7425 10051 12913
f 9109 11499 3496
f 11499 9109 8708
f 9973 6357 10940
f 7042 7049 11388
f 5229 4273 10506
f 9040 11497 8602
f 11669 8602 11497
f 790 13384 5231
f 11756 10791 11863
f 10510 790 13370
f 10511 12585 7876
f 10511 796 5650
f 10512 8319 7418
f 9125 10582 6697
f 12091 10162 10163
f 9913 12914 3550
f 8184 10495 8185
f 9130 11687 6511
f 10516 7034 8197
f 4733 4735 9470
f 8210 10518 6510
f 1173 1174 10519
f 9153 12387 12665
f 9153 11222 8420
f 6713 9975 9157
f 4759 4197 4206
f 830 4759 10367
f 1188 500 3640
f 9178 11511 8750
f 1451 1627 2233
f 13348 3721 4798
f 3901 7448 9642
f 281 10527 280
f 4807 10892 12563
f 11898 7132 887
f 4818 12797 10378
f 893 891 4832
f 6755 12409 11516
f 4846 5309 9647
f 8347 8346 9191
f 12797 4818 3757
f 10529 883 1636
f 9191 8346 907
f 10530 7135 8783
f 9941 11357 10380
f 10103 11705 13228
f 12964 10676 11708
f 10380 11704 9941
f 7136 12827 12515
f 8789 911 11716
f 6469 13305 12158
f 12292 10539 12185
f 9218 11871 11722
f 9208 10387 545
f 11152 6757 540
f 8786 10541 9220
f 10543 918 7486
f 4289 10239 8316
f 11041 6476 7175
f 1281 10545 13040
f 10546 12635 1339
f 13313 4888 4344
f 10550 11531 9954
f 5429 10265 4325
f 7187 11374 12506
f 11328 10551 11732
f 6257 7194 10802
f 10553 9246 7966
f 11540 4906 9248
f 9564 941 10554
f 1275 10555 2309
f 7197 10556 7199
f 4922 10560 4921
f 9254 9256 11737
f 10270 6822 11047
f 11154 6813 8848
f 7216 4377 4967
f 9589 8515 9286
f 181 11165 180
f 389 8042 8008
f 3984 10562 6564
f 5486 3944 5006
f 1354 5483 5484
f 4444 5484 5483
f 11168 183 7988
f 5011 10563 1005
f 3820 3999 12957
f 7252 3783 8009
f 10128 11182 8552
f 8553 8552 11182
f 6581 8570 12678
f 10904 10567 3355
f 9328 11121 7549
f 6572 7254 12953
f 11176 10294 12953
f 3666 10570 4492
f 1043 10571 677
f 12591 4502 10571
f 6876 420 1048
f 8285 10226 8015
f 7268 5053 9339
f 8961 1054 10573
f 5057 10574 5054
f 9341 5053 7268
f 9996 11053 10577
f 10418 8622 7555
f 7271 6910 10578
f 10579 10219 10307
f 11440 10147 10146
f 10578 8931 7269
f 7277 12952 6607
f 7277 7273 7278
f 6294 7278 10579
f 8711 10581 6355
f 8601 7896 9350
f 10943 6697 10317
f 10583 796 10511
f 796 10583 4709
f 10317 10981 8104
f 12564 8383 12368
f 8383 8381 12172
f 4527 10587 11061
f 11063 8177 4528
f 10984 4528 8177
f 11316 8606 8608
f 10591 4111 7295
f 7307 7290 762
f 11232 7315 6394
f 10595 7318 9817
f 8982 4068 8984
f 7322 10453 8981
f 11313 8255 9997
f 10598 6950 10599
f 4581 10599 6950
f 10600 327 11838
f 10601 6961 10602
f 4609 12369 7333
f 11774 10223 10063
f 8596 9968 9025
f 6596 10605 6496
f 10605 6596 6894
f 4046 10606 4621
f 9036 11778 8272
f 7340 441 10608
f 11776 11775 6319
f 10609 5124 9018
f 9010 5127 9391
f 12328 6962 5128
f 7671 11622 1094
f 5133 9391 4603
f 11627 10610 12778
f 10613 10611 11078
f 10615 10614 10473
f 10614 10615 8273
f 11842 11776 9396
f 1391 8262 13392
f 10616 5141 7350
f 9397 1105 1100
f 13027 10618 5154
f 10619 12386 11311
f 12386 10619 11841
f 9929 10620 7363
f 11322 7570 3665
f 6320 10862 3665
f 10611 1087 5160
f 9406 10622 3418
f 10623 3418 10622
f 10621 6414 10867
f 9407 10866 6414
f 12989 1126 1397
f 7305 11644 7374
f 10628 9409 1118
f 10628 9410 9409
f 4051 10588 10631
f 8181 9412 12373
f 1071 10634 10044
f 9068 11489 11251
f 9415 10637 5189
f 7376 12284 9069
f 3535 12436 12376
f 9918 12286 6656
f 10487 11492 7387
f 8481 3502 470
f 9428 10642 9086
f 780 4680 5191
f 10091 5196 1733
f 10643 5864 1140
f 3539 11275 8189
f 11278 8192 7393
f 6694 11297 7035
f 11196 11010 7025
f 11254 3535 8155
f 9624 5538 5213
f 8290 10715 8291
f 8291 11325 8290
f 7594 4700 5222
f 9100 9098 3858
f 9120 12494 10709
f 12756 6313 1154
f 6302 1155 11077
f 10040 3418 11809
f 8291 11809 3418
f 10652 7409 6313
f 9099 7410 9455
f 7414 13274 11676
f 9010 10655 4626
f 5133 10656 12290
f 10659 8375 7037
f 6769 12518 11681
f 11670 10660 9464
f 10025 11815 10050
f 1162 8793 10955
f 10507 7050 12595
f 8172 13393 12362
f 7062 10662 4524
f 10519 5240 12782
f 10663 121 122
f 10519 1174 5239
f 10664 9151 8727
f 504 11309 9484
f 10052 12010 4221
f 3705 10666 9497
f 10668 3715 12401
f 9951 7091 8313
f 10186 5287 8166
f 3724 10093 9757
f 9757 10093 5886
f 10670 5292 4786
f 10667 9498 10669
f 352 10669 9498
f 890 3751 13344
f 894 3751 895
f 5305 10054 5301
f 5471 5311 5314
f 4947 9506 9505
f 1249 13325 5324
f 1641 1253 13325
f 10248 10246 10673
f 11340 8348 9512
f 10675 539 9204
f 11036 10532 539
f 9543 4851 8387
f 10105 4275 7144
f 10679 8789 7156
f 9521 9847 9848
f 1277 10681 10073
f 10545 582 550
f 10057 5366 10682
f 5367 10080 5459
f 5387 10682 5367
f 9539 12476 6813
f 3793 9983 7501
f 12359 6807 10683
f 11711 9540 10684
f 12293 10685 9542
f 12293 9514 11825
f 9541 11827 11530
f 11830 10687 12379
f 13137 10688 5404
f 10060 9550 12046
f 8469 6786 7181
f 10689 557 8484
f 10690 9549 9548
f 8834 1491 1297
f 9554 7513 1300
f 10560 1653 4921
f 10688 1302 12879
f 1302 10688 12047
f 7978 7979 8462
f 570 3852 9565
f 9566 12296 8448
f 9566 11832 7979
f 6504 6263 1318
f 1327 5418 5456
f 10687 7532 950
f 7814 6061 7532
f 6061 2227 9544
f 10058 1330 10074
f 11343 34 8366
f 982 10801 7645
f 10408 6851 5477
f 10694 5479 1001
f 1351 10694 1001
f 9988 7545 6853
f 11568 1004 9326
f 1372 1373 669
f 4607 8929 4508
f 10013 428 5504
f 9999 10707 1393
f 7359 4633 13375
f 7358 5099 13375
f 12852 5106 9401
f 11773 5122 7354
f 10704 11321 12718
f 12380 10066 9407
f 3670 13017 7570
f 12852 9401 13307
f 10707 11001 6404
f 7572 11001 1391
f 4129 7736 5676
f 9695 5179 12053
f 6329 6338 6685
f 1141 10084 5865
f 7395 1403 9444
f 5207 1406 12136
f 1408 12931 5237
f 9628 9454 8701
f 12281 5130 9395
f 9628 10708 12487
f 10711 9717 5131
f 10714 10869 13096
f 9630 10715 8290
f 1415 10773 9861
f 10773 1415 10719
f 12139 5550 7848
f 9632 10719 5552
f 1756 10720 5553
f 795 13350 9118
f 5558 10721 4714
f 9641 12048 7518
f 4793 10071 4788
f 9727 13210 4706
f 10555 5433 1758
f 5433 10555 6774
f 12964 5394 7500
f 12503 10728 11827
f 947 10733 1491
f 8462 8463 8460
f 5585 12082 9648
f 4987 9289 9290
f 1522 1359 1011
f 4452 10735 5021
f 1789 10696 10736
f 10696 1789 5492
f 7255 5641 10737
f 10737 7864 7255
f 10737 5641 7917
f 10738 10779 8917
f 3464 8934 11360
f 7811 12060 11859
f 8614 12061 7668
f 9688 10741 9689
f 10742 5684 6413
f 10743 1108 13026
f 7305 9745 7562
f 4529 12651 7677
f 11925 5701 12054
f 1398 1574 5712
f 5201 1823 1577
f 10745 4624 11094
f 4624 10745 1094
f 5732 1590 13352
f 1605 5752 5754
f 13325 1637 1641
f 10746 5599 1263
f 10682 1271 5367
f 5781 10057 5387
f 5781 5387 1659
f 5620 10094 1849
f 10094 5620 5388
f 6139 10094 5787
f 12722 5444 9573
f 7637 10748 10734
f 5792 5618 5895
f 3671 7960 8288
f 6007 1852 4423
f 5059 12858 1789
f 12858 1790 5491
f 5493 9333 8918
f 6111 12538 6164
f 9689 10741 9886
f 9780 5757 1557
f 5835 10749 5156
f 5522 10740 5837
f 1930 5837 10740
f 12608 7733 9683
f 9745 10750 11580
f 10083 1718 1983
f 12055 7738 5697
f 5186 1730 5184
f 5706 10110 1727
f 10751 12304 7576
f 10084 1822 5865
f 10645 1732 5198
f 9709 1575 5868
f 1478 5752 5751
f 9475 10078 1612
f 1739 10078 5880
f 12083 4898 5761
f 10753 12070 2232
f 1893 4834 1630
f 10086 5889 5961
f 10720 5598 5553
f 10074 1848 1768
f 5619 1844 5797
f 5898 1661 1770
f 1948 1771 1898
f 1682 12069 1361
f 7747 385 992
f 1372 12858 5491
f 10736 1537 5059
f 10421 10755 7752
f 7838 5657 7660
f 10082 1806 5821
f 10083 1983 1931
f 10752 10756 1729
f 5197 5867 10091
f 1827 5536 5874
f 7777 1843 1660
f 10694 5631 1851
f 5669 700 11146
f 5978 12073 2274
f 2253 1141 1873
f 10757 6001 2259
f 10798 10759 6088
f 12491 13367 10269
f 9028 10760 12251
f 10760 6980 9024
f 4596 9033 12784
f 6034 5987 6038
f 6039 5991 1922
f 7032 4172 10764
f 6058 10765 5363
f 6068 7826 5973
f 4509 2003 7817
f 2006 1904 730
f 5913 1958 6012
f 2026 3380 12077
f 9827 2027 4606
f 5968 10096 1850
f 1110 10771 7362
f 6165 6166 5555
f 6146 2114 2125
f 7362 10771 2134
f 2058 2134 10771
f 2135 10771 1110
f 10765 6181 2246
f 9634 6185 7852
f 10015 4202 8738
f 10777 664 4479
f 10778 4468 7863
f 10779 10738 4477
f 11592 6921 4545
f 10445 8956 7310
f 8969 6933 4560
f 9869 10001 11631
f 9869 11631 10463
f 10463 9868 12382
f 4128 10345 4136
f 13336 1871 6194
f 10752 1729 10780
f 2194 10780 1729
f 5859 10780 7739
f 4173 10781 11684
f 10368 307 4203
f 7037 912 11522
f 11963 569 11883
f 12625 981 5780
f 2201 5037 303
f 10783 9343 6925
f 7871 5090 12971
f 10786 715 7890
f 9881 10786 7890
f 6214 12080 2208
f 11881 12471 10788
f 11880 11517 10787
f 12522 10789 12367
f 5551 1412 11880
f 10506 8386 9461
f 7593 1411 11133
f 7052 10792 7428
f 9517 8788 11038
f 7489 4868 13049
f 1303 9893 9159
f 12298 2235 982
f 2239 10796 12652
f 10481 1552 1387
f 10108 5854 5855
f 6089 1872 5847
f 10797 2265 5953
f 7808 6029 9002
f 6175 6014 2293
f 2196 4913 4940
f 6926 9369 10799
f 7567 13298 9013
f 13298 1101 5102
f 9013 13298 5102
f 2307 10800 5716
f 6240 5716 10800
f 5051 5637 5639
f 9901 11641 9685
f 5373 10801 982
f 3278 10283 3938
f 3857 8365 12773
f 12145 6356 3305
f 3291 5626 4365
f 9982 10803 6252
f 1317 4917 10804
f 8004 10806 3359
f 671 10293 6572
f 4335 3367 8011
f 11172 12791 6585
f 12318 6576 6500
f 3379 8920 13306
f 10809 10811 6281
f 10809 11572 10811
f 8961 10573 6286
f 1044 7259 4037
f 12417 10356 7396
f 3401 8000 3402
f 456 9922 6661
f 10144 10836 13308
f 9911 3413 6295
f 12775 10864 6607
f 671 673 12203
f 7278 9912 6297
f 6297 3407 10185
f 6585 10813 10222
f 6585 10222 11208
f 10221 11208 10222
f 10454 3421 10814
f 10260 10454 3422
f 3664 6298 10332
f 11215 10332 6298
f 207 10340 206
f 10816 10138 7044
f 13111 10816 7044
f 11230 8083 8073
f 6300 12996 8083
f 12384 4286 12863
f 3429 12384 3743
f 10240 3743 12384
f 4176 12517 3431
f 6760 10818 3774
f 9981 10818 541
f 8376 541 10818
f 4622 10159 10819
f 10998 10820 12736
f 10000 11368 9914
f 11368 10000 12489
f 12385 12736 10171
f 10996 12747 6321
f 8080 10337 11613
f 12363 734 11907
f 12485 6952 734
f 13314 11426 13326
f 11225 3483 1147
f 7280 10031 3464
f 10428 10824 10430
f 10824 10428 8105
f 6318 4583 7331
f 6319 10827 11322
f 3473 4657 3474
f 11229 10455 8070
f 3475 4656 451
f 12456 10043 10831
f 6382 10175 12253
f 10175 6382 12366
f 3494 11009 4662
f 3504 10833 10203
f 10833 3504 6334
f 6335 10280 8131
f 10145 12153 9920
f 10209 3633 12336
f 6343 10349 8151
f 10636 11003 10928
f 11003 11584 11482
f 3348 10836 10144
f 670 10837 12837
f 7025 3535 11254
f 10354 781 4164
f 3539 11277 3538
f 7278 6294 9912
f 6303 9924 13387
f 9924 7335 10977
f 7335 9924 12747
f 10839 6353 10840
f 4050 6355 10581
f 8106 6358 10844
f 9948 6359 10845
f 10846 11578 11577
f 10846 13315 11578
f 6346 8607 8063
f 10515 10847 6700
f 6361 3565 7224
f 6365 11501 789
f 8191 9428 7393
f 10848 3570 10850
f 3570 10848 6350
f 6368 10849 8700
f 6376 11028 3586
f 11028 6376 6370
f 3589 10852 3588
f 10854 3594 3503
f 3596 10950 3597
f 10950 3596 7129
f 3504 10203 3609
f 7435 11690 4195
f 378 8045 10856
f 11243 10857 6603
f 8196 11088 3573
f 7006 12466 12094
f 10352 7006 6440
f 3632 6387 12633
f 1489 10859 9238
f 6389 10774 326
f 10774 8241 8071
f 11453 6391 3541
f 10214 7084 4215
f 5402 10861 10060
f 6393 13217 12742
f 6319 10862 11776
f 3412 6607 10864
f 6399 6398 8611
f 10331 12421 12324
f 12303 10461 11245
f 7250 3656 613
f 10813 6616 12389
f 12760 6278 12089
f 11076 6393 12380
f 10471 8090 10865
f 10165 8091 13151
f 3430 11098 10868
f 10381 10246 10869
f 10869 10247 13096
f 12887 12217 7135
f 10870 6418 7591
f 10871 8289 6417
f 8915 8558 10904
f 8810 3684 10212
f 3313 10289 3536
f 10545 3805 13040
f 8323 10873 9939
f 10873 10874 3727
f 7024 6439 6689
f 10876 13283 10231
f 6451 11031 13193
f 3768 10193 12903
f 10557 10878 6803
f 11383 6803 10878
f 6456 11264 6769
f 6457 13396 6458
f 13396 6457 10161
f 3778 10405 11560
f 3674 7424 9465
f 4015 3678 13008
f 11108 7140 7502
f 6468 6900 12729
f 12729 6900 10430
f 910 12392 11354
f 3795 10881 545
f 8600 10311 8017
f 12432 6471 10847
f 6359 10515 805
f 5331 10677 13097
f 10677 11826 13097
f 3793 8814 9983
f 6477 7173 6476
f 9950 6613 10215
f 10451 10449 6478
f 6932 10884 11306
f 7177 4885 10544
f 6620 10993 6955
f 12745 437 12960
f 12393 3531 3480
f 11377 10887 4326
f 15 10370 14
f 11511 3715 3708
f 3844 9868 735
f 8641 735 9868
f 3849 10950 12123
f 3775 10161 10967
f 6898 9014 4042
f 6898 10888 9014
f 10888 6898 10889
f 3536 10238 3313
f 10238 3536 3971
f 10271 9098 7410
f 3861 10272 8442
f 6789 1316 3878
f 11551 5463 10891
f 9974 11687 3879
f 10892 11030 3730
f 4807 11030 10892
f 10364 3614 8726
f 6517 10893 7181
f 8653 6642 12395
f 766 10894 12094
f 12982 10839 13125
f 12325 8168 6520
f 8473 3904 10896
f 10896 7539 8473
f 3501 3507 6528
f 6744 10899 4252
f 12233 10281 9346
f 10324 10211 10210
f 6542 377 4407
f 3617 3395 3278
f 3945 3848 4417
f 10901 3960 3775
f 3967 8305 6557
f 1021 10292 9320
f 11429 11428 10905
f 12151 10295 6874
f 13162 3378 11185
f 11172 10414 12230
f 12740 3347 6586
f 4029 3394 8572
f 12206 4021 6581
f 10297 12678 8570
f 12678 10909 4466
f 8585 8584 8576
f 8584 10170 6879
f 10910 6396 3412
f 6396 10910 8056
f 8594 7272 13099
f 3402 10910 6589
f 6888 6889 323
f 3412 10864 6589
f 3413 9911 10864
f 10426 6470 10088
f 6593 12349 6467
f 4043 8380 12874
f 6593 10313 12397
f 10911 10978 11762
f 6894 6596 10426
f 6894 10425 10604
f 4046 10604 10425
f 10189 8169 10584
f 10980 3552 10428
f 10913 10857 3618
f 8050 13123 8064
f 6397 8617 10323
f 10323 1066 10321
f 9966 10916 12272
f 6609 10302 6286
f 10917 4071 436
f 12399 6617 4070
f 3654 12709 4086
f 8070 8591 10305
f 11368 11603 438
f 6623 10921 11459
f 6623 6944 10456
f 4084 8270 6406
f 4085 3794 13069
f 734 12363 11902
f 12241 6627 10924
f 10171 10924 3478
f 13218 8634 5149
f 11068 5149 7329
f 6632 10925 12733
f 11311 10926 10619
f 11476 11637 3440
f 12982 8653 10839
f 10342 6641 12899
f 4104 11645 1076
f 6645 10591 4105
f 4114 11974 6646
f 4106 11481 4113
f 10169 3526 6652
f 10479 8151 4126
f 6335 9921 6331
f 10933 4141 3533
f 6674 3533 4141
f 9083 10934 10935
f 10934 9083 4159
f 6505 12638 11257
f 9952 10938 8447
f 3573 11297 3579
f 11846 10068 12571
f 11680 9943 10501
f 12967 10941 11390
f 11018 7041 3498
f 11019 3550 1068
f 6698 11223 10943
f 6698 10943 10581
f 1164 10944 11015
f 3564 10945 6701
f 6703 10649 9451
f 10649 6703 4732
f 11691 9157 3883
f 487 10664 10946
f 9975 10946 10664
f 10225 3612 3700
f 6729 4236 9167
f 6730 10947 516
f 846 9936 6731
f 7112 6534 10898
f 6749 12956 7114
f 11344 12956 7111
f 535 10948 12916
f 1335 10949 12190
f 10949 1335 4374
f 1335 12190 3762
f 6761 541 8376
f 10953 6758 9945
f 540 4276 10954
f 6444 11718 8370
f 10955 6459 12473
f 10955 12473 12961
f 10956 913 6764
f 913 10956 9105
f 12674 7145 8342
f 7145 12674 11666
f 4286 10957 6780
f 7174 6780 10957
f 3429 10957 4286
f 6783 8801 7178
f 1260 11981 10958
f 3687 6782 10393
f 13116 11899 12109
f 10548 6428 6781
f 4870 6781 8298
f 4877 10544 4885
f 10393 11534 559
f 10960 561 11900
f 11536 10961 4326
f 6272 7193 10962
f 936 12110 563
f 3854 10803 9982
f 10191 3854 6803
f 3854 10191 10803
f 10191 6803 3305
f 4350 11111 9539
f 8848 12476 12978
f 4366 10693 4365
f 7218 11342 6818
f 7957 10123 3851
f 6519 13232 3917
f 3938 10283 3373
f 9986 315 6841
f 6461 610 10405
f 6845 6846 6550
f 7252 10880 3783
f 10967 622 8891
f 622 10161 6457
f 10161 622 10967
f 10125 11420 3960
f 10562 10968 6855
f 3445 10167 3315
f 8096 3315 10167
f 10969 6554 12958
f 10806 3825 3359
f 10294 4492 10570
f 4016 11197 3378
f 10130 10970 10409
f 8026 8023 10970
f 10572 6877 10415
f 8021 425 10971
f 10972 4504 6285
f 6537 1067 9346
f 8617 689 8947
f 6888 6363 6889
f 3790 8497 10281
f 9991 3790 11958
f 10312 7653 12717
f 10977 12731 11247
f 10088 10425 6894
f 10423 6892 4523
f 5119 10978 4047
f 10978 5119 11762
f 10234 4521 11070
f 10981 10582 12954
f 7282 8180 3559
f 6901 10983 6904
f 7282 6901 12388
f 10584 8169 10033
f 6595 11951 8105
f 12482 7678 7561
f 6903 11270 10431
f 429 11270 6600
f 12374 9412 8181
f 10636 9049 1070
f 10986 7291 4055
f 11453 13225 3644
f 10320 3644 13225
f 5653 9116 4544
f 7870 10447 12580
f 4064 3481 12875
f 6924 6608 6930
f 10598 7320 1079
f 11467 8254 8626
f 6401 9998 8988
f 4080 3802 714
f 13213 6395 9867
f 11608 7873 6945
f 11068 7329 6947
f 10038 10039 10459
f 7361 6625 10039
f 3472 7330 8643
f 327 7331 8644
f 12363 3478 10924
f 11907 3478 12363
f 8084 8637 10991
f 6626 8994 10462
f 8994 6626 12746
f 4083 9022 328
f 12159 6973 6953
f 6954 8994 6973
f 11368 12489 10919
f 10000 9914 6957
f 6627 12960 437
f 12960 6627 6975
f 10218 8998 9002
f 11606 11472 8630
f 12242 10994 8092
f 12884 12492 4088
f 11219 11444 10995
f 10996 10829 8163
f 9924 6303 12747
f 10606 6979 4621
f 8000 10998 6352
f 10999 4622 10819
f 11776 10862 9396
f 4628 7564 13276
f 6981 11319 7571
f 11002 10611 10610
f 10475 12280 10037
f 11476 10167 3445
f 3444 8095 4098
f 10004 3458 10166
f 4097 10166 3471
f 6991 11449 452
f 11004 452 11449
f 6518 10439 6482
f 12210 6482 8655
f 4122 11006 3626
f 11006 4122 4123
f 4125 9064 9063
f 8660 3532 7000
f 4119 13176 6651
f 6996 6385 7002
f 3474 4657 10828
f 6353 12748 10840
f 10828 10840 12748
f 4657 3473 4108
f 10828 12748 765
f 6682 7005 766
f 11080 460 11782
f 11897 461 3896
f 3497 11009 3494
f 11009 3497 6681
f 8690 7023 10642
f 11258 4683 3634
f 11661 12911 10646
f 13227 11662 9952
f 7030 13227 4683
f 9090 12695 11801
f 7592 480 11101
f 12720 9120 11012
f 12116 11810 12720
f 11810 12116 1156
f 11705 10103 10657
f 11810 11664 10716
f 8375 1161 6771
f 12674 6771 1161
f 12091 10823 3425
f 13062 3425 8171
f 9913 11102 12914
f 8710 9114 11014
f 7039 11014 11103
f 7042 791 11017
f 7043 5230 10241
f 7422 10241 5230
f 11387 12646 11016
f 11500 11016 6332
f 7046 9112 11498
f 7049 11017 8704
f 7052 7659 12330
f 7043 11018 3498
f 11261 12191 12400
f 10514 9963 10359
f 8712 10662 6354
f 9913 10164 10843
f 10011 10942 12749
f 8072 12749 11223
f 11020 6696 11504
f 11021 10938 801
f 11022 12213 9096
f 11025 6290 10275
f 3589 3588 11288
f 10649 4732 11288
f 11023 1153 7067
f 3607 11024 3594
f 10203 3594 11024
f 809 11026 7075
f 11026 809 11895
f 4752 9640 3609
f 10363 7080 7071
f 6485 7081 8114
f 7440 9489 4766
f 3816 10235 12184
f 11909 4777 851
f 3692 11693 10237
f 11693 3692 7096
f 4792 7098 3699
f 3677 4243 12401
f 4243 3677 8760
f 11029 7103 11695
f 3349 865 13348
f 4798 11336 11175
f 352 4794 12014
f 10898 3909 3742
f 3742 7112 10898
f 9501 7113 871
f 4260 11031 4813
f 3756 9191 907
f 536 7117 4830
f 4829 4831 6742
f 12701 11032 3761
f 4268 12701 3761
f 11034 4380 11553
f 3737 3728 6751
f 8204 7131 10875
f 6751 10875 7131
f 10530 908 7135
f 8782 11151 12472
f 12887 3672 10871
f 10713 11035 12514
f 13032 11036 4707
f 10683 6807 5395
f 12264 11853 9204
f 10240 8384 3743
f 916 11038 8788
f 8338 11039 7480
f 11039 8338 6765
f 3551 12390 6769
f 12390 3551 6760
f 544 11040 4857
f 11980 12687 3773
f 7148 5351 7900
f 11981 10239 10958
f 10239 11981 8316
f 923 7163 4877
f 4870 7167 3795
f 10542 3428 11041
f 6477 7162 922
f 8800 8292 8395
f 10896 10201 7539
f 12562 10261 4288
f 12329 6517 7181
f 10027 3894 11411
f 8471 11044 11984
f 11044 7182 6531
f 12267 11984 10392
f 11537 3625 11536
f 3434 3376 3821
f 11046 10732 8448
f 10559 12266 11047
f 4932 11048 9268
f 11049 7199 1666
f 12125 10966 4963
f 8835 6821 10401
f 11548 11884 13312
f 11181 3404 7233
f 8008 11179 5001
f 8538 11050 3330
f 4006 11425 7249
f 6581 12678 8907
f 7254 3355 12953
f 11176 11177 4492
f 4492 12360 3666
f 10572 10573 4496
f 6281 10447 8960
f 10307 1064 10579
f 11454 13225 12663
f 10885 6607 10319
f 13294 11202 12154
f 11754 7280 4538
f 10844 6358 11755
f 12741 11755 1068
f 9350 4524 8712
f 5063 4712 13219
f 4712 10698 428
f 12496 4712 428
f 8601 9350 10316
f 8601 10429 7896
f 10429 11060 429
f 7560 7287 10584
f 10217 11272 8248
f 10587 692 3559
f 10586 1070 12112
f 9600 9599 10985
f 4527 10984 8177
f 10986 4104 7291
f 11004 6908 11486
f 4535 7295 11064
f 7307 11067 4533
f 5071 11067 4534
f 5088 10593 6316
f 1056 6316 10593
f 1056 10593 8928
f 4558 8967 7313
f 8987 6942 6939
f 10918 13108 6618
f 7322 10451 8260
f 7323 6948 9373
f 8991 7324 2184
f 6631 11068 12129
f 4583 7328 7331
f 10601 327 10600
f 5102 5511 4612
f 11760 5106 12369
f 11000 7336 9016
f 11069 8598 10315
f 12996 11070 11445
f 9611 12096 7339
f 8296 5135 12866
f 9396 10862 12742
f 7351 7348 1090
f 11073 9018 10467
f 7351 10064 1095
f 9456 11663 10497
f 11074 10624 11128
f 13276 9389 4628
f 12337 11075 12437
f 7341 5124 11763
f 9380 5101 4591
f 5101 9380 5144
f 3657 10038 7360
f 7572 1391 7361
f 6393 10066 12380
f 761 11080 11640
f 5165 5078 12252
f 4650 11790 12710
f 11790 4650 7371
f 11065 11081 8658
f 10634 11062 10043
f 11789 9411 7673
f 11582 693 11783
f 693 11582 10587
f 11083 11916 10041
f 10895 10041 11581
f 12355 10346 4157
f 12283 9419 11489
f 9423 5177 9413
f 5177 9423 5181
f 4675 11491 6530
f 11087 7395 1580
f 3572 10850 3570
f 10849 10848 10850
f 8700 11088 12732
f 5204 11658 12286
f 3588 10852 3575
f 10852 3589 10833
f 7406 10833 6334
f 3672 11217 10357
f 11091 1155 11217
f 1155 11091 3670
f 12280 9405 8075
f 7413 7408 11093
f 4720 12499 8702
f 11770 1410 11094
f 5131 10656 7696
f 11036 10047 13091
f 11095 12977 539
f 11813 11095 11096
f 11814 12516 481
f 11097 7596 12516
f 9098 10271 10717
f 6418 13224 11098
f 10048 10153 11705
f 11101 4699 7417
f 1162 9943 11815
f 9973 7420 10843
f 11681 11102 7420
f 8799 7423 11353
f 7423 8794 7424
f 544 7424 11040
f 1160 10500 7426
f 10051 7426 6365
f 11668 9105 10956
f 9105 11668 8320
f 3381 8171 10514
f 10359 3381 10514
f 11504 3548 800
f 3548 11504 482
f 10792 8713 7428
f 4175 9149 7430
f 3883 8139 9927
f 11377 11731 3517
f 1220 11104 7444
f 10668 7451 3715
f 10724 4253 5286
f 5293 528 871
f 11106 1231 4814
f 1242 10671 873
f 4813 11821 3753
f 11821 4813 11697
f 4266 7134 12532
f 4274 10678 8345
f 3750 8345 10678
f 10678 3785 8783
f 11108 8783 3785
f 10055 11109 1258
f 7476 4851 9543
f 11711 10684 9543
f 11712 10056 7476
f 11039 7478 7480
f 10954 11152 540
f 4277 4276 540
f 7481 11110 4852
f 5332 11110 10387
f 5352 13088 4868
f 12919 5361 10758
f 12991 4883 4305
f 9983 8814 7202
f 7179 13181 13313
f 11111 12735 12979
f 6472 12404 7140
f 7500 5394 9513
f 10861 5402 1295
f 3862 10273 8477
f 8451 11114 7511
f 11115 12046 5416
f 3880 12405 7637
f 5452 11117 4925
f 9569 11117 12629
f 1327 5456 5902
f 5461 11118 7745
f 7536 10891 11835
f 9647 5588 5625
f 10693 7536 9665
f 11119 10201 9586
f 12433 7539 11119
f 11120 13275 3462
f 11051 3679 3781
f 9597 13374 11122
f 324 1384 11123
f 6479 11124 7298
f 5159 11125 9036
f 11126 12328 11766
f 11073 11126 11766
f 11322 5513 7570
f 6415 10066 13017
f 6983 10652 12302
f 7564 4628 13218
f 11130 8265 12406
f 11001 10707 1391
f 7379 10487 7577
f 8140 10177 8118
f 11150 11617 10653
f 12571 10653 11617
f 11126 11131 9629
f 4701 7407 1411
f 5550 11852 11134
f 7415 11851 12938
f 11135 7605 4330
f 11137 5776 7613
f 11118 12880 7746
f 12264 7621 5396
f 5410 9239 7632
f 7633 11138 6504
f 1491 11139 1297
f 11139 1491 11138
f 4961 10748 5438
f 11858 36 11857
f 9581 7643 974
f 11142 7674 6599
f 9618 7688 472
f 11143 7699 9710
f 1789 10736 5059
f 9669 5810 5809
f 12592 13209 5819
f 5096 4610 4609
f 9411 7735 7677
f 7673 9411 7677
f 10756 7740 1729
f 5954 5868 5869
f 13153 6591 3790
f 6093 5963 9814
f 11912 11055 4038
f 4538 6891 11752
f 5391 11145 9523
f 6037 2026 6282
f 6006 9822 2047
f 10533 11822 13100
f 9819 725 12076
f 11877 10773 7851
f 6664 4136 7856
f 4474 6189 7863
f 6922 10446 7870
f 10446 6922 12680
f 8623 10799 7872
f 10990 12240 12987
f 440 11629 7874
f 12079 7886 6207
f 11149 5096 11599
f 6417 12217 10871
f 11881 11151 8782
f 9858 10951 11878
f 10951 9858 6184
f 6184 11888 10951
f 11813 7594 5222
f 10509 12524 12525
f 4712 12496 7897
f 10793 4912 7912
f 9897 4940 4913
f 2515 2519 3213
f 2392 12814 2524
f 7921 10118 291
f 2876 13004 2640
f 2875 13004 2876
f 3122 11153 2880
f 7954 40 10276
f 6508 5468 4958
f 5468 7955 7644
f 11260 12753 12408
f 7956 10400 11162
f 10190 6248 6356
f 10123 11157 10124
f 11157 7957 3549
f 380 10856 12676
f 10404 3282 7958
f 4351 11034 7128
f 6519 9985 13232
f 9903 11157 3549
f 7641 7965 11159
f 6454 5626 3291
f 4420 12889 10125
f 10802 7966 4904
f 11891 7232 7233
f 8520 12689 10406
f 6554 8369 6262
f 11529 948 10963
f 11047 12144 10270
f 11345 10557 3854
f 13113 7971 11345
f 7226 3304 374
f 7956 11162 12331
f 8408 11163 8890
f 4420 11163 3810
f 626 395 10127
f 13332 10903 13396
f 6458 13396 6555
f 7978 11164 12296
f 11164 7978 11734
f 11396 11832 5440
f 11832 11396 7979
f 8862 11165 13285
f 633 8535 3991
f 174 10128 173
f 11167 9291 1012
f 8537 10290 8518
f 7991 8537 8518
f 183 11168 182
f 652 11170 412
f 7997 11170 7996
f 4438 3967 12704
f 212 7998 211
f 170 11430 12149
f 9960 11173 12412
f 11173 4005 12413
f 4520 8440 10836
f 8000 11174 10998
f 8440 10999 11174
f 11174 8000 3401
f 9923 3402 8000
f 4520 10836 3348
f 7248 6863 12661
f 4798 11175 4790
f 11051 3355 10567
f 7549 11121 13185
f 3359 10412 13161
f 3781 11176 11051
f 11177 3781 11121
f 3781 11177 11176
f 11177 11121 8006
f 11178 8007 9725
f 5001 11179 7234
f 11180 6273 1002
f 11180 1002 3365
f 11166 6550 3334
f 8010 11539 6276
f 8011 12878 13124
f 7985 11224 209
f 7999 10149 13236
f 11425 11566 11434
f 11566 11425 4006
f 3374 3371 10565
f 10128 174 12271
f 12787 12348 11969
f 3374 12754 3371
f 11183 4465 12891
f 11184 12416 12891
f 6574 10812 3377
f 10812 6574 11571
f 9961 10413 11427
f 238 9961 10141
f 240 10136 239
f 10226 8286 5052
f 11575 4041 11359
f 9994 8019 11753
f 8960 4550 12662
f 3381 10138 10816
f 10138 12914 7044
f 13062 10816 13111
f 10011 10843 10164
f 4729 8124 484
f 8026 11188 8023
f 11188 8026 12146
f 11189 12169 8696
f 8028 11192 6920
f 3385 11192 7309
f 8029 9336 10139
f 4504 5087 11193
f 3386 11193 5087
f 10811 678 8923
f 11194 6341 8129
f 10444 11456 8618
f 244 11195 243
f 10268 10256 3630
f 10570 4016 6873
f 3666 11197 10570
f 11197 3666 8037
f 3396 10400 12763
f 3402 9911 3401
f 8130 8043 10168
f 12153 10145 8145
f 10344 10145 10168
f 176 11200 175
f 11200 176 10142
f 12830 3283 3405
f 378 12830 8045
f 12350 7279 12419
f 8052 11203 8593
f 12663 11205 6364
f 8258 12663 11058
f 7272 11204 13221
f 8053 11419 6488
f 8054 10286 3307
f 10307 8057 13099
f 12775 4063 3413
f 8059 12350 8593
f 12339 6590 8595
f 8006 12360 11177
f 11176 4492 10294
f 13279 10813 3416
f 8607 8064 8063
f 8064 8607 11954
f 11211 13279 12740
f 10416 12207 11320
f 12948 10416 12421
f 168 12149 12422
f 169 12149 168
f 259 11214 258
f 8066 10623 10704
f 166 12415 165
f 10260 8393 8068
f 12245 12244 8632
f 10807 12745 12743
f 12423 12765 12324
f 10917 436 438
f 11475 3441 4098
f 3440 10927 3424
f 748 6386 12003
f 11228 8071 10336
f 9973 10843 10011
f 12749 10501 6357
f 11230 8073 3426
f 6300 10817 11000
f 6953 12746 10817
f 9025 12728 6979
f 3796 4877 12392
f 4877 3796 10544
f 357 3796 12392
f 4877 7163 12392
f 6314 10825 11811
f 10825 6314 4699
f 12756 9405 6313
f 6302 11217 1155
f 11217 6302 10357
f 11091 11217 3430
f 3777 10535 12903
f 6465 10154 8076
f 10154 3777 10193
f 8076 10537 6465
f 8077 10155 13101
f 11218 12897 6306
f 6620 6955 10886
f 8081 10527 10892
f 9933 10820 6629
f 10996 6321 10829
f 12353 10002 10829
f 3426 11219 13226
f 13226 11230 3426
f 10370 15 8313
f 3704 5284 3437
f 11221 8639 4082
f 8084 9020 10993
f 13154 11282 10853
f 8085 11222 12665
f 8112 10158 8111
f 10819 10159 6629
f 8112 10157 10159
f 10159 10157 6629
f 6629 10820 10819
f 10993 8080 12159
f 10993 9020 6955
f 6458 9944 6457
f 10163 13214 10823
f 9913 3550 11019
f 6697 12749 10942
f 12114 6976 10470
f 10691 12160 8094
f 330 9043 410
f 11474 10004 10166
f 10004 11474 193
f 6985 204 205
f 11226 3456 6649
f 4525 7283 4050
f 10433 8104 10981
f 10844 6900 6899
f 10430 10980 10428
f 10980 10430 6900
f 4533 6312 3470
f 194 10004 193
f 148 11227 147
f 11775 10827 6319
f 6619 8591 326
f 10170 10334 13098
f 10596 11229 10306
f 8574 6618 8277
f 3478 10822 12385
f 13226 11219 6304
f 11458 8626 6481
f 11231 252 253
f 11232 10443 703
f 10443 11232 6394
f 10480 11005 6322
f 11581 7373 10932
f 12376 10639 10490
f 11010 12355 11233
f 3487 11269 8479
f 8698 7033 8164
f 11009 12004 10174
f 12166 12426 12900
f 7386 12134 12135
f 789 11501 7039
f 3501 9919 3494
f 9919 3501 11234
f 11235 144 12166
f 12955 4154 7010
f 11237 11236 11238
f 12646 11238 7045
f 9106 9108 11667
f 11238 11672 11237
f 11236 7045 11238
f 11684 12092 4173
f 10834 6338 13362
f 9921 4131 6331
f 6331 12426 6335
f 10484 140 11657
f 11656 8126 11491
f 8127 11491 8126
f 3593 10854 6703
f 4732 6703 10854
f 10176 8128 8133
f 11234 6528 8133
f 769 8133 8128
f 147 10279 146
f 8131 10279 8043
f 7074 9137 3510
f 9421 10934 4159
f 11731 12506 3518
f 138 11240 137
f 10173 137 11240
f 8140 11240 10934
f 3853 11241 10177
f 5242 11242 6375
f 10826 11586 3466
f 11586 10826 694
f 6642 10830 11243
f 6343 8151 3532
f 8476 8147 8152
f 4528 8148 10433
f 3530 6326 3491
f 11063 6324 11084
f 10635 11783 693
f 8177 10635 693
f 4521 12168 11246
f 8938 8055 10233
f 10309 10836 8440
f 12983 10148 11203
f 11247 10910 9923
f 10308 690 10889
f 11248 4121 8146
f 4125 3533 10180
f 7549 13185 8153
f 13185 3679 13278
f 12467 11649 11080
f 460 11250 5163
f 10007 7005 12102
f 6603 10262 6296
f 6317 6292 432
f 6292 6317 10826
f 7227 11252 5013
f 11557 5013 11252
f 12376 10490 8155
f 72 11253 71
f 11254 8035 11191
f 11495 10183 11253
f 8041 11158 3290
f 11255 8158 12135
f 12594 11256 12256
f 8160 11256 8159
f 132 10184 131
f 10184 132 11275
f 2201 303 8161
f 12427 3417 12420
f 3799 10262 3417
f 10262 3799 10885
f 6296 10319 10185
f 13227 7030 11662
f 8163 10002 6351
f 10888 11444 9014
f 8000 6352 13387
f 11190 6691 3489
f 6691 11190 7026
f 8119 8696 12169
f 338 10491 8696
f 10491 338 9096
f 4108 13102 4657
f 1147 7396 10832
f 5286 3711 8166
f 7038 8188 10229
f 10842 3546 12564
f 11446 3548 11259
f 691 10032 12907
f 11382 11260 12408
f 6356 12145 10190
f 9907 8089 12171
f 10138 3381 10359
f 11265 11264 3776
f 10537 11349 3432
f 3774 12390 6760
f 9981 11349 4285
f 4044 4045 12479
f 8173 11266 8940
f 8174 11952 12431
f 10195 11267 8176
f 11267 6471 11976
f 74 10194 73
f 141 142 11269
f 11269 11657 141
f 9118 13350 9720
f 8180 4525 11061
f 13084 429 10586
f 8186 8861 12088
f 6364 11454 12663
f 11454 6364 6363
f 12117 10187 11274
f 8184 8185 6511
f 133 11275 132
f 134 11276 133
f 8189 11277 3539
f 4162 11903 4165
f 8192 8191 7393
f 6368 12772 10184
f 8194 11279 9439
f 8194 11280 8192
f 11281 8192 11280
f 11283 11286 10648
f 7404 11493 9097
f 10522 6377 11509
f 3586 11509 6377
f 128 10648 127
f 11286 12732 11285
f 10517 126 11287
f 7406 11287 7405
f 3589 11288 4732
f 8198 10649 8195
f 1153 11807 788
f 10521 840 6722
f 6722 840 3682
f 12675 13309 809
f 124 10204 123
f 10204 124 10361
f 8202 10200 7096
f 9940 8203 8450
f 275 9940 274
f 10875 3728 11290
f 3597 11290 3728
f 11292 120 11506
f 10026 12433 106
f 3603 10518 8210
f 485 11688 8214
f 11293 6724 512
f 7068 9640 10722
f 10722 123 10204
f 3611 4236 10206
f 11506 121 10663
f 4752 10365 8218
f 8745 10523 11294
f 6375 11242 6713
f 11242 487 10946
f 11376 10665 11505
f 11505 8726 11376
f 3395 11380 3278
f 11380 6249 10283
f 223 10208 222
f 8434 12894 10208
f 10208 6249 8434
f 10830 3618 10857
f 12434 11295 12176
f 8223 11295 8183
f 11587 8183 11295
f 10394 8821 8431
f 6995 11298 3627
f 12435 11299 13103
f 3535 11300 12436
f 10211 10324 8397
f 247 10324 246
f 11301 10211 8397
f 11302 11398 12176
f 12493 3634 10492
f 11803 7030 4683
f 11304 362 8237
f 8850 4343 7629
f 3584 6388 498
f 11305 11545 7203
f 7 11508 11282
f 11282 6 7
f 10214 11508 7084
f 3610 11953 3580
f 10455 10775 6389
f 326 8070 6389
f 3643 8243 8740
f 6613 10449 10451
f 11306 6478 6932
f 6478 11306 10451
f 8240 10216 8244
f 11525 8244 10216
f 11308 8817 13256
f 8245 10440 8615
f 6717 8246 8200
f 8392 11310 6522
f 10607 12509 12437
f 8251 4627 8108
f 10827 11775 8251
f 6964 10218 12908
f 12908 12095 12001
f 3649 11972 11312
f 250 11313 249
f 252 11607 251
f 12770 11314 8256
f 245 11315 244
f 6929 12962 8257
f 4039 6288 3481
f 11204 10310 3566
f 11316 6398 4536
f 7324 10597 10220
f 168 12422 12231
f 11890 12324 11320
f 3664 10222 12389
f 12089 10807 13279
f 8628 11461 3654
f 11604 6617 12399
f 12762 8262 9999
f 5150 718 12438
f 12439 5137 12033
f 6409 11774 7342
f 12898 11318 8269
f 11901 6406 6405
f 620 8526 394
f 8273 1392 8272
f 3662 8645 9034
f 6579 11605 11604
f 7869 3663 11573
f 6632 11321 12381
f 10703 10925 9613
f 10704 12381 11321
f 3665 6319 11322
f 8281 12242 8092
f 10165 13151 10865
f 8090 10471 10470
f 7257 8062 8036
f 238 10141 237
f 10287 7232 11891
f 3612 10225 8220
f 8285 11748 9336
f 11323 9336 11748
f 8285 13253 10226
f 9690 8935 9123
f 11416 3936 6829
f 11728 10896 9934
f 10896 11728 10201
f 260 12441 11326
f 11326 10651 8066
f 3431 6302 11077
f 6366 9109 11502
f 10381 3675 10246
f 3675 10381 9630
f 12442 264 12189
f 8293 11700 7118
f 8406 11328 6279
f 908 10870 12887
f 11820 11330 525
f 8295 8289 12517
f 5134 9456 3680
f 11131 11126 11150
f 11846 10612 10710
f 8296 7363 9035
f 4521 10234 323
f 6380 1196 4227
f 52 11332 51
f 8301 8302 10225
f 845 11692 9936
f 8001 12200 12670
f 187 12200 186
f 10016 11029 8202
f 391 8374 6842
f 9938 10402 1281
f 6490 3704 10235
f 14 11333 13
f 10370 6490 11333
f 12598 3705 12848
f 8205 6425 9232
f 3677 6737 3739
f 11334 10872 7152
f 7150 7043 10241
f 6332 10242 3498
f 6503 11018 12443
f 17 9951 16
f 10873 8323 11336
f 11336 10874 10873
f 8751 11336 8323
f 3721 10874 4798
f 10527 281 12932
f 8737 12010 6716
f 10231 13283 8293
f 70 11337 69
f 276 10019 275
f 10019 276 11515
f 3567 11687 9974
f 25 11339 24
f 8339 11339 9500
f 9500 3744 8339
f 10055 1256 11329
f 8321 11357 9941
f 3675 11340 10246
f 11340 3675 8348
f 8348 10674 12449
f 8349 11341 9979
f 11341 8349 10712
f 12734 11341 10247
f 8349 9979 8345
f 8345 10531 8349
f 4852 6447 7143
f 9942 6451 8769
f 6818 11342 8352
f 10672 9510 8353
f 34 11343 33
f 10877 4268 3761
f 12701 901 6450
f 4813 10017 11344
f 10017 7114 11344
f 8780 534 8360
f 12903 13101 3768
f 13109 11384 8365
f 12191 10384 11979
f 7059 12342 7427
f 10050 11815 13397
f 9943 13397 11815
f 591 12829 3954
f 6771 8343 912
f 4285 11349 12041
f 6554 11351 8369
f 8371 4857 7143
f 11352 8372 10536
f 8187 11353 7424
f 11353 8187 10198
f 11354 13305 10383
f 12391 6464 9209
f 10568 235 10134
f 10254 10536 9210
f 10154 6465 10253
f 11186 172 10564
f 172 11186 171
f 10564 12445 11186
f 12564 3546 8383
f 8381 10585 12172
f 8382 10841 10217
f 3786 10879 12193
f 3743 8384 10879
f 7141 12985 10254
f 10675 11107 11096
f 539 10675 11095
f 10056 7137 4850
f 8386 4850 7137
f 12642 11359 4041
f 12577 11360 11441
f 7653 10312 11361
f 7752 12717 10421
f 11267 10195 3493
f 5395 4274 12968
f 6473 4275 4869
f 4085 12195 11215
f 3788 12587 9225
f 11364 12587 12340
f 7167 3796 357
f 8394 11365 8800
f 11365 8394 11332
f 8396 10386 12863
f 11596 248 11366
f 249 11366 248
f 12032 10326 8621
f 11367 10326 10327
f 155 12154 11209
f 9965 10197 13118
f 12419 9965 13118
f 11368 10919 11603
f 10919 9949 8985
f 8400 11370 6479
f 11124 6479 11370
f 10916 6912 6291
f 11369 4578 6958
f 4085 11371 3794
f 6958 12868 11369
f 12868 11902 437
f 3900 3703 12452
f 6425 12452 11372
f 12239 10459 10263
f 8627 6624 6395
f 10263 8403 10220
f 11373 50 51
f 8299 11303 11373
f 12210 10342 12899
f 6641 10342 8654
f 3945 4417 7991
f 11163 8408 8409
f 388 9986 6841
f 13 10369 12
f 10369 13 11333
f 10369 13280 8745
f 117 11374 116
f 11374 117 8416
f 10524 3562 7089
f 3518 11376 3614
f 10665 8416 118
f 11377 8138 10887
f 11045 829 935
f 4237 3689 12121
f 10394 115 116
f 11222 82 8420
f 3825 3364 4010
f 4338 3823 7196
f 3630 11378 4505
f 7100 856 8749
f 8641 11631 6496
f 9023 12491 10269
f 9023 9026 10001
f 4620 13059 9025
f 735 6979 3844
f 11252 7980 3845
f 3395 376 8435
f 8435 11380 3395
f 13142 574 12226
f 3945 8438 12453
f 8438 3945 8518
f 12763 11290 3597
f 3849 12763 3597
f 12123 6371 6448
f 12143 12228 7957
f 10123 12409 3851
f 12409 10123 11516
f 6818 9984 7218
f 3960 11351 3775
f 8369 11351 11420
f 272 12170 271
f 3372 8568 10303
f 3852 4369 9565
f 398 317 11421
f 7984 11421 317
f 12568 10289 6423
f 10489 136 10173
f 137 10173 136
f 3735 3524 7024
f 1399 7024 3524
f 8441 12346 11382
f 12197 270 12222
f 8441 11382 7974
f 6259 13113 6804
f 8477 10273 3855
f 11114 3855 10273
f 11139 7633 3856
f 8075 8444 6314
f 3860 7027 7028
f 6693 9952 11662
f 10059 8448 10731
f 8448 10059 7511
f 11387 11016 12259
f 10507 10505 10274
f 11388 10507 4711
f 10507 11388 10505
f 12768 11390 11667
f 274 12196 273
f 8451 11730 11408
f 11114 8451 3866
f 11857 37 9579
f 10398 9578 10075
f 6749 9978 6446
f 9978 532 6446
f 7071 11026 8458
f 6441 6701 13309
f 11395 5438 5468
f 12087 3277 12405
f 4961 8463 11396
f 8462 7979 8463
f 4961 5439 10748
f 10734 10748 5439
f 828 492 12455
f 6712 9975 12455
f 6452 8346 12216
f 8346 11397 12216
f 11397 8346 8347
f 3748 3749 8779
f 12267 49 11406
f 11398 11302 8103
f 13102 12668 3890
f 11399 8484 12347
f 8484 11399 930
f 12111 8859 3895
f 11402 11400 9068
f 12456 10831 766
f 6440 10895 11404
f 8231 8657 12435
f 11403 7005 10007
f 3544 10840 10828
f 8471 11406 11303
f 50 11406 49
f 8471 12267 11406
f 94 11407 93
f 12452 6425 8472
f 11407 8472 6425
f 12452 8472 3899
f 107 10026 106
f 10546 6524 12635
f 11407 9985 8472
f 6739 352 6740
f 11532 8477 3855
f 11984 6531 12834
f 11408 10392 12834
f 9920 4131 9921
f 4131 9920 3506
f 3506 9920 12153
f 143 11409 142
f 3487 3488 11410
f 8469 12347 9956
f 8485 8442 12199
f 13281 6786 9956
f 527 11696 868
f 11696 527 6533
f 4247 7455 8758
f 9346 11753 12233
f 7269 11413 12447
f 11413 7269 8020
f 9991 8934 1063
f 887 7132 354
f 3926 10325 6932
f 1077 6612 10036
f 312 3405 3283
f 11416 8511 6828
f 11416 6435 8511
f 3617 10404 7958
f 7958 11556 12864
f 10856 12864 11556
f 378 10856 380
f 3938 10404 3278
f 224 11417 223
f 10208 223 11417
f 11417 224 8013
f 6546 9587 9286
f 10290 218 8517
f 8518 10290 8517
f 10284 992 385
f 178 11418 177
f 11158 11418 6827
f 227 11419 226
f 6488 11419 6261
f 6552 10287 7975
f 10900 8521 6289
f 8058 6289 3398
f 177 10142 176
f 10142 177 11418
f 8041 8040 11158
f 229 11160 228
f 8439 11420 8524
f 393 9944 10127
f 10127 395 393
f 6457 9944 624
f 8533 11421 6423
f 11421 8533 8539
f 6264 11968 6561
f 11422 7991 4417
f 9904 11050 3984
f 10238 6559 6566
f 9306 1358 7545
f 3321 6864 8548
f 209 11224 208
f 10908 11434 4005
f 11423 418 4004
f 8551 12318 6500
f 12090 8551 4025
f 10131 12396 11184
f 11424 5023 4429
f 8553 10255 8379
f 4006 9315 11566
f 11425 10908 10565
f 12148 6867 8559
f 8555 11426 10904
f 10904 8558 8555
f 12204 6873 10905
f 4016 10905 6873
f 11197 8037 10295
f 8037 11427 6874
f 13306 11428 11429
f 3378 13162 11429
f 12205 8566 11428
f 10905 11428 8566
f 11171 7999 12636
f 11430 11186 11188
f 4005 11431 12413
f 9960 12412 10300
f 12090 12318 8551
f 171 11430 170
f 11430 171 11186
f 4022 8567 11169
f 4023 11169 12867
f 11969 4021 12787
f 6578 4020 13364
f 13105 6500 4004
f 8572 10298 415
f 8907 12678 4466
f 320 4466 10909
f 9315 12202 411
f 4030 10299 13310
f 4028 4027 12679
f 4021 8570 6581
f 6577 416 4022
f 12416 12396 8014
f 4025 4030 10909
f 4030 4025 8551
f 10299 8551 13105
f 8551 10299 4030
f 416 12737 4022
f 415 8913 8578
f 5047 419 4026
f 7310 4551 8021
f 10149 3370 12825
f 6585 11208 11172
f 12412 11970 12948
f 12413 11947 11436
f 11148 8576 8584
f 8585 10303 11437
f 12318 11148 6587
f 10303 8585 8576
f 8587 10906 6576
f 12832 8588 4040
f 8588 11052 4040
f 1047 3394 680
f 10973 13222 11436
f 3410 11440 3409
f 12458 3409 11440
f 8057 8056 6588
f 10310 7272 8594
f 6295 3413 12794
f 8056 10219 6396
f 9906 6280 8947
f 9994 10578 8019
f 6588 9909 8057
f 12731 6588 11247
f 8056 11247 6588
f 9911 3402 6589
f 3409 10143 13093
f 11199 12418 8052
f 10233 8055 10310
f 12349 7270 11439
f 3409 12458 13220
f 11070 4521 8597
f 8598 9015 10979
f 10882 10089 4047
f 6895 10311 8600
f 6897 6592 10313
f 6592 6897 9993
f 6470 8937 10089
f 3790 6591 11958
f 12577 11441 6594
f 427 11442 7654
f 11246 12168 13106
f 6888 10314 11439
f 10314 6888 323
f 12397 6592 10975
f 11958 6591 10911
f 10911 6591 10978
f 8936 12460 12577
f 6352 10998 12736
f 6351 13215 8163
f 10888 10995 11444
f 9014 11444 3543
f 6895 10606 4046
f 9351 7658 12330
f 11446 11259 6901
f 11060 10429 8601
f 10584 12650 10189
f 10476 7051 4703
f 5231 13384 4049
f 8602 11669 11447
f 11447 9107 7048
f 10981 10317 10582
f 10581 8104 4050
f 8106 12974 6358
f 8104 10581 10317
f 6355 4050 7283
f 7283 9349 6355
f 9349 7283 12759
f 9963 10428 3552
f 8182 11272 10217
f 11577 6468 1071
f 452 11298 11448
f 9052 11448 11298
f 6601 11486 6602
f 6907 11450 8605
f 6381 6296 695
f 10185 695 6296
f 431 10857 10913
f 11316 10590 8606
f 11479 7307 12570
f 3417 10262 431
f 10197 11587 12966
f 8183 10197 9965
f 10912 8046 4054
f 6342 8222 11954
f 10209 8607 10835
f 3618 3482 6604
f 3651 4054 8046
f 6606 8245 4055
f 6399 696 8245
f 11452 13221 433
f 6887 8617 4058
f 4058 6398 6399
f 4053 11201 3541
f 10320 10915 3644
f 11057 9347 10440
f 8615 10440 9347
f 6285 11455 8618
f 3385 10972 6288
f 8257 12962 6288
f 8618 11455 10444
f 11195 10444 11455
f 8257 11456 6929
f 11456 8257 8618
f 245 10594 11315
f 11315 12351 10444
f 12962 6929 11296
f 8621 11457 4559
f 3925 11457 6611
f 8621 6611 11457
f 9997 8255 11301
f 11596 9997 8397
f 11971 10327 10326
f 12275 8256 10328
f 9375 10328 8626
f 10921 714 11459
f 11605 11462 9932
f 11602 6278 10331
f 12089 435 10807
f 12389 10815 6298
f 6616 10807 12743
f 12950 10152 13316
f 8985 12423 12209
f 10336 8071 8241
f 12399 10918 13058
f 8241 11463 10334
f 8277 6618 13108
f 11464 11573 3663
f 4071 10304 436
f 10334 12744 8110
f 10170 10336 10334
f 8924 6618 8574
f 10305 2182 10306
f 8110 10304 8592
f 8079 10775 11460
f 10156 11460 11461
f 4074 9949 6475
f 11465 164 165
f 4078 10330 4070
f 10330 4078 11318
f 6621 10920 10335
f 6956 8630 11472
f 6947 11466 4570
f 716 11466 4079
f 6947 8107 11466
f 10989 11971 8254
f 253 12167 11231
f 11245 12463 12770
f 4082 11468 12464
f 11468 4082 12898
f 11468 12898 10923
f 8269 10923 12898
f 11469 4083 3660
f 6300 8637 10817
f 12195 4085 8091
f 10918 10330 10329
f 10775 8631 11460
f 10329 10330 11318
f 10463 10224 3661
f 10157 8112 4619
f 4089 9968 9993
f 4522 9993 9968
f 1388 7330 7329
f 7330 1388 10700
f 6320 10066 6393
f 10473 10614 1087
f 11778 1087 10614
f 6965 11619 6030
f 11619 6965 12095
f 10477 12693 4097
f 3463 12354 12693
f 12566 12354 3463
f 193 11474 192
f 12566 192 11474
f 11475 6985 206
f 3424 10167 11476
f 10167 3424 8650
f 3440 3424 11476
f 8650 11477 8096
f 11224 8096 11477
f 208 11477 207
f 10340 207 11477
f 6384 6985 8095
f 8234 8165 8103
f 8165 8234 10341
f 13191 150 11398
f 3633 12164 3890
f 8656 8654 694
f 9050 11451 11480
f 11066 12609 11481
f 10041 10894 10831
f 8657 12375 11405
f 12512 69 11337
f 10932 12758 11404
f 10044 11403 10277
f 6324 1121 11401
f 8658 12372 6643
f 10479 4652 7000
f 11448 305 6991
f 11480 4647 4052
f 4647 8661 10929
f 6645 4116 10005
f 3626 11006 4112
f 9969 4112 11006
f 10796 9684 453
f 8604 6602 8945
f 4105 4540 454
f 6646 11590 4114
f 8665 9056 10931
f 456 3526 12869
f 3403 3526 456
f 6652 8145 10344
f 8664 10168 8144
f 3892 3391 12946
f 8109 11485 6652
f 8665 11248 8099
f 5945 13282 7012
f 8664 8109 10344
f 8109 8664 4120
f 8660 8152 8147
f 6653 9064 4125
f 10350 6654 4145
f 10345 4128 9420
f 12094 12466 4130
f 10352 6683 11487
f 11488 12767 11897
f 6682 4130 12036
f 11249 8670 12283
f 11650 11250 460
f 11080 11649 12211
f 6657 11250 1122
f 11250 11650 1122
f 3507 3501 4662
f 3505 3403 463
f 10279 147 11227
f 11655 11894 4135
f 10933 10349 6668
f 6668 10349 12682
f 6670 11975 8667
f 464 7856 10345
f 10345 12356 464
f 7012 6673 468
f 11248 8132 6664
f 11269 11409 8479
f 10897 8685 3908
f 11409 143 11235
f 8479 11409 12900
f 12102 6656 9928
f 7380 8688 3511
f 6337 8688 1131
f 8481 11490 6687
f 3556 3502 4675
f 6530 11491 11410
f 8127 11410 11491
f 3390 10936 6680
f 9442 11493 13013
f 8690 4166 3735
f 11239 3516 4168
f 778 7018 13012
f 73 11495 72
f 11488 12286 10937
f 12286 9918 5204
f 9918 11804 5204
f 11804 9918 11085
f 12285 11798 7398
f 8035 11976 11191
f 11659 11257 12638
f 11190 12417 7397
f 11191 11196 11254
f 8027 8035 8155
f 11021 8447 10938
f 12213 8164 9096
f 10496 8700 11286
f 11100 11705 10153
f 4177 7147 4710
f 11237 8705 12124
f 8705 11237 3499
f 11670 7049 8704
f 11670 10503 9111
f 4178 11669 10939
f 11497 9040 9972
f 10939 11497 6695
f 11498 10476 7046
f 4179 9972 9040
f 8704 11017 9103
f 7059 11261 12171
f 11499 8375 10659
f 8375 11499 8708
f 7426 10500 6365
f 10500 1160 6366
f 10187 12157 7063
f 7428 8713 12967
f 11014 8122 8710
f 11502 8710 8122
f 7039 11501 11014
f 10499 10360 11502
f 7062 10499 8167
f 9106 10941 10512
f 11668 9108 8320
f 11682 10942 10164
f 8711 11503 3438
f 6697 10942 9125
f 8711 6698 10581
f 7039 11103 1164
f 10195 8184 3567
f 6701 10847 3564
f 8185 76 11338
f 11684 3383 12092
f 11684 6336 3383
f 3503 10833 3589
f 78 11291 77
f 9130 11291 8720
f 11271 3797 9136
f 11271 9136 8720
f 3883 9927 4193
f 10364 4193 9927
f 120 11505 119
f 8726 11292 3601
f 11292 8726 11505
f 4195 11027 3613
f 10365 3613 11027
f 8728 10365 3601
f 121 11506 120
f 8728 11506 8218
f 8219 1178 4196
f 6714 11507 9481
f 7605 11135 9725
f 10851 8246 11309
f 8 11508 7
f 8199 7084 11508
f 11953 3585 3580
f 10 11284 12469
f 10522 11509 8310
f 3611 11510 3816
f 12 10369 11294
f 11294 11 12
f 10947 3669 8301
f 11220 3704 6490
f 7091 11220 8313
f 286 10200 285
f 10200 8202 11029
f 10199 4241 8202
f 9951 17 10371
f 284 10372 283
f 10372 8751 10244
f 11512 8317 21
f 22 8754 11512
f 8507 11512 8753
f 8508 7105 4245
f 11513 10528 5569
f 859 11330 11820
f 12013 7105 8488
f 24 11339 8487
f 8763 8487 11339
f 8339 11514 8763
f 3909 11514 3742
f 11700 278 8333
f 4831 7118 3729
f 4257 6436 1227
f 28 10374 27
f 8457 8344 10374
f 1242 10053 900
f 9197 900 10053
f 535 3738 10948
f 9194 10948 3676
f 10948 3737 3676
f 11700 8293 11515
f 277 11515 276
f 8359 33 11343
f 7125 11033 12828
f 7124 11033 7125
f 10855 12123 10950
f 8203 11701 8450
f 8204 11701 8203
f 8352 7127 10376
f 11381 8352 4271
f 11742 904 12769
f 6448 7127 6819
f 3749 12216 11703
f 8456 11397 9507
f 11397 8456 4845
f 10769 10787 11517
f 11878 8781 9856
f 11878 10951 12470
f 10952 11357 12106
f 11357 10952 10380
f 10657 10380 10952
f 10712 9935 10713
f 11042 7169 10543
f 918 11725 10541
f 10253 6463 3777
f 10535 3777 6463
f 11265 9945 6758
f 12193 6460 3782
f 10382 3782 6460
f 7142 541 6761
f 4277 11520 9212
f 11520 8788 4856
f 4862 8790 9516
f 6758 3551 11265
f 3432 6460 10537
f 6465 10537 6460
f 8372 11352 8077
f 13104 8077 11352
f 10538 542 8350
f 8371 6447 4279
f 11521 9213 4854
f 10253 12193 10879
f 9945 8378 10383
f 8377 10383 8378
f 10383 8377 11355
f 8350 11355 8377
f 912 7037 6771
f 8343 12674 8342
f 6765 11335 4281
f 11523 6767 4859
f 13200 12474 9214
f 11719 7423 8799
f 6770 12687 11980
f 4283 913 9105
f 6764 12687 6770
f 8292 12108 12358
f 11524 4289 8811
f 4886 9237 9226
f 910 10881 357
f 1260 10958 12340
f 8423 8424 3600
f 4301 3600 8424
f 10553 4303 9246
f 8809 12905 3903
f 10388 3903 6776
f 10389 11527 11899
f 11373 11332 8299
f 8299 11332 8394
f 11307 8802 6390
f 6390 10029 11961
f 10264 4313 11527
f 10959 11527 4313
f 12178 11308 554
f 4288 9225 11726
f 11961 10029 8813
f 6474 7971 10250
f 556 10390 11529
f 12978 12476 10391
f 11411 10550 6516
f 11532 7182 11531
f 7182 3855 3866
f 11414 10859 13156
f 558 11399 6791
f 6517 12329 11535
f 11535 10028 6790
f 10858 559 6520
f 9954 559 6516
f 9953 11044 10278
f 11044 9953 7182
f 10278 8236 9953
f 559 11534 6516
f 10027 6516 11534
f 12639 8816 11549
f 3635 11535 10212
f 11535 3635 6517
f 10858 10393 559
f 11899 8168 10389
f 8236 10278 11303
f 11303 11406 11373
f 13256 13357 8244
f 11307 11961 8401
f 7187 10961 8821
f 11536 8821 10961
f 4324 11537 8822
f 8822 11537 10887
f 12110 3811 6796
f 11328 8406 85
f 562 4894 9159
f 11538 4334 12904
f 6276 11539 9663
f 11540 6801 3602
f 3821 3602 6801
f 7196 11540 4338
f 11540 3602 4338
f 12268 3305 11383
f 6803 11383 3305
f 10964 7200 6822
f 10964 571 948
f 6813 11154 6805
f 12223 6246 13045
f 12224 3279 12320
f 11987 12320 6805
f 8835 571 10964
f 3279 6813 6805
f 12788 4344 13246
f 11161 12323 9903
f 11542 8836 8837
f 949 10860 3638
f 12751 4346 10860
f 9253 6246 12223
f 8839 3638 11542
f 11544 6809 10395
f 6809 11545 6810
f 8843 8849 11545
f 12269 4924 12226
f 4350 11546 11111
f 12751 5392 11729
f 9537 11738 10860
f 8839 11542 12861
f 6809 6810 10395
f 11547 6065 10396
f 11547 8464 8815
f 574 12269 12226
f 9240 7629 4356
f 1294 8832 11905
f 4349 7204 11544
f 10730 7626 1292
f 10397 8813 1488
f 5626 11550 5624
f 7644 10276 8460
f 6817 5308 4373
f 12170 11198 11260
f 6820 3284 12410
f 12143 3284 12228
f 3549 10270 9903
f 11552 9511 8856
f 11548 10401 4380
f 7959 4380 10401
f 3851 12143 7957
f 11553 9509 11034
f 12215 11156 7128
f 11156 12215 311
f 11554 11870 12314
f 368 580 1281
f 4389 9284 4410
f 9284 4389 985
f 11555 8861 13285
f 387 3304 7972
f 3940 3936 4406
f 3936 3940 6829
f 3928 8324 7542
f 3957 4418 12534
f 11556 3282 8871
f 182 10182 181
f 10182 182 11168
f 8154 10182 7987
f 10283 6833 6839
f 227 11558 11419
f 11558 227 228
f 8524 11558 11160
f 11558 8524 6261
f 4420 3810 12889
f 6261 7231 10286
f 12889 10286 7231
f 12922 5000 1000
f 8374 8373 6843
f 7781 610 6461
f 1351 11561 4428
f 8878 8877 390
f 8881 12689 8520
f 6551 12026 11562
f 6843 11745 8374
f 6842 8374 11745
f 11562 11560 6551
f 11560 11562 11559
f 8881 11992 390
f 175 12271 174
f 616 4432 4998
f 10252 8439 11160
f 9986 8890 624
f 3960 10901 10125
f 4420 10125 10901
f 8890 8891 622
f 6262 10288 12826
f 410 9043 646
f 646 10291 3769
f 8264 11183 12705
f 12099 9908 3783
f 3784 3382 12446
f 10409 4429 11187
f 12445 8379 8023
f 11186 12445 8023
f 11566 411 418
f 8884 12705 11564
f 7250 10565 3371
f 10565 7250 8263
f 411 11566 9315
f 626 9958 652
f 6555 10903 6307
f 10567 11426 3534
f 11170 7997 10837
f 233 11567 232
f 8093 11567 8153
f 10411 8153 11567
f 234 11569 233
f 10411 233 11569
f 10133 7549 11569
f 9328 10134 8006
f 8006 10134 8062
f 237 11570 236
f 10134 236 11570
f 10141 8036 11570
f 7257 12360 8062
f 3378 11429 4016
f 675 11571 6574
f 10413 6874 11427
f 239 10136 10413
f 10295 11185 3378
f 10414 3382 9908
f 10409 12636 10130
f 12636 10409 11187
f 12791 12230 10301
f 10300 12754 9960
f 11324 11751 3379
f 7551 678 4499
f 12591 6878 6877
f 677 10571 4502
f 11054 11192 8028
f 11192 11054 7309
f 11591 11435 679
f 12415 166 12231
f 12361 8065 13388
f 10170 8584 11228
f 10306 2182 3842
f 10306 3842 12727
f 8591 11437 11438
f 10974 12180 6880
f 13058 13365 12180
f 2182 10305 11438
f 8585 6619 11228
f 6587 6879 8592
f 11148 6879 6587
f 11212 12948 12421
f 11573 8590 11574
f 8590 11573 11464
f 8924 8574 10417
f 6881 4066 9374
f 4029 11464 680
f 10419 4076 9345
f 8931 12113 8020
f 10137 12113 8018
f 8615 9990 6887
f 10321 1066 8616
f 12447 8019 7269
f 3464 10422 6891
f 12397 6280 9906
f 6280 12397 10975
f 8258 8055 13106
f 10975 4043 12874
f 426 10088 11413
f 8933 10882 12477
f 11753 8019 12477
f 427 10739 9348
f 10421 6891 10422
f 13190 13286 6896
f 12478 159 12454
f 8599 6895 12642
f 4522 8380 4043
f 10606 8599 8596
f 8599 10606 6895
f 10088 6894 10426
f 8937 9964 13394
f 6896 10911 11762
f 10425 426 10311
f 10755 12460 4517
f 9015 4089 6897
f 10315 10979 6419
f 8440 4520 10999
f 3348 10427 4520
f 11247 9923 10977
f 9924 10977 13387
f 690 13215 10889
f 11671 10721 5558
f 7038 8939 482
f 7063 6698 3438
f 12362 10432 10842
f 3546 10842 10432
f 12479 10257 12757
f 10841 8382 12757
f 10428 6595 8105
f 11923 10982 12234
f 10436 11578 3558
f 8106 6899 10436
f 11577 6899 6468
f 3648 8105 8248
f 3546 8940 8381
f 12428 10585 10188
f 8106 10844 6899
f 9599 12234 12650
f 10033 8169 12907
f 12480 64 12428
f 1071 10846 11577
f 11585 10985 12882
f 12481 11579 6903
f 324 9602 8603
f 12578 10744 13033
f 4529 12235 4530
f 11577 10436 6899
f 10981 3558 10433
f 6904 11244 6903
f 6903 11579 11270
f 10431 11270 11060
f 6903 10431 6904
f 1071 11062 10634
f 10043 12402 11083
f 11916 12133 11581
f 11579 11584 11003
f 6312 11067 5071
f 6317 8656 694
f 694 8654 11586
f 8655 11586 10342
f 11586 8655 6323
f 6518 10438 10439
f 6642 11243 10438
f 153 11587 12434
f 10197 8183 11587
f 6346 10835 8607
f 6312 4053 6391
f 4054 11450 10912
f 11450 4054 7293
f 11064 1072 8946
f 8608 696 8611
f 8611 11316 8608
f 10030 3541 433
f 10030 11453 3541
f 11454 11057 4059
f 11058 13225 11453
f 10580 12061 8614
f 7271 8400 9603
f 8616 3406 10321
f 9604 6910 7271
f 6911 8932 6910
f 6914 10441 4060
f 6905 8944 10442
f 11588 1067 6537
f 5064 8951 4539
f 4060 11754 4538
f 12061 10580 9995
f 11590 7297 4114
f 1861 4519 6917
f 7657 5653 5067
f 6920 703 10443
f 11315 10444 11195
f 11435 11591 11593
f 11591 4551 11592
f 11593 11591 8955
f 8972 7915 4574
f 10785 9878 12079
f 6921 3389 12237
f 11594 12730 4567
f 3389 9931 11594
f 3925 11595 12875
f 3619 12875 11595
f 7315 11595 3926
f 3650 10884 12352
f 10324 247 11596
f 248 11596 247
f 11597 4566 6938
f 4566 11597 6934
f 8967 8968 12691
f 4567 12730 10036
f 6935 9881 7890
f 11598 6622 4569
f 4572 10466 11998
f 10466 4572 11612
f 4562 9881 6935
f 11601 8991 8506
f 8981 11600 10215
f 3923 10215 11600
f 6950 10598 4577
f 3653 3652 3650
f 8260 10921 6623
f 10921 8260 10863
f 3652 10863 3650
f 6939 6942 9998
f 12244 11216 8632
f 10454 12950 10333
f 11371 6298 10815
f 12209 10917 11603
f 11602 4578 11369
f 4578 11602 12765
f 438 11603 10917
f 8985 11603 10919
f 4578 12765 4074
f 9967 3663 6943
f 9374 6971 11606
f 6971 4066 12247
f 3802 11459 714
f 6944 12239 10263
f 8256 11607 12770
f 10102 6947 4570
f 4570 6945 10102
f 10599 12240 10990
f 1080 10990 11608
f 10988 6948 12692
f 12692 10602 13194
f 11608 8987 1080
f 3802 11999 12239
f 13068 9867 12762
f 6947 10102 11068
f 6949 8990 10601
f 327 10601 8990
f 10457 13068 717
f 12484 8265 11130
f 12393 10179 11610
f 11611 11610 5514
f 7331 5100 8644
f 8640 11614 10469
f 12241 9933 6411
f 12490 162 12425
f 8092 10470 9021
f 8993 4587 13226
f 8640 10469 12353
f 8640 6321 6952
f 9020 8084 10991
f 6954 10462 8994
f 719 11633 11972
f 8253 11470 12465
f 8636 12523 10464
f 328 9022 11901
f 3661 8270 9869
f 10464 12523 6959
f 4618 8082 10469
f 10462 6954 10992
f 8997 10992 6306
f 12464 11221 4082
f 8994 6953 6973
f 6953 8994 12746
f 10992 7874 10462
f 3661 10224 6615
f 728 3649 8975
f 10156 11461 11221
f 8080 11613 6973
f 6954 6973 11613
f 10337 11218 11613
f 6958 734 11902
f 12486 164 11465
f 12114 10994 12245
f 12425 163 12486
f 11312 8995 8975
f 8995 11312 8253
f 11612 8252 8996
f 8635 10464 8252
f 10065 6962 12487
f 11612 8996 10466
f 9007 8995 4572
f 10464 8635 8636
f 11630 6977 9001
f 9002 6029 10218
f 9004 8642 11620
f 723 4588 4090
f 10466 8638 11998
f 11606 6971 11472
f 4607 7556 8929
f 9017 4613 7908
f 11625 10609 5128
f 11626 11072 11767
f 11766 5128 10609
f 9019 9037 10468
f 4602 13380 733
f 4514 726 10795
f 8269 11318 4078
f 8270 3661 4087
f 8993 6304 10000
f 10000 6304 4618
f 10469 12489 4618
f 9021 12250 8281
f 12242 8281 11628
f 8111 10160 13151
f 10471 10865 10160
f 9022 11379 13367
f 11629 8433 7874
f 6978 8074 8433
f 9023 4084 12491
f 9024 12465 12315
f 12465 9024 6630
f 11632 8636 6630
f 9032 7804 6030
f 10995 8082 11219
f 11444 11219 3426
f 6303 6352 12385
f 3543 11444 3426
f 8073 8083 12996
f 4620 8433 11629
f 6978 8433 4089
f 4621 8641 10604
f 10269 5119 13400
f 10999 10998 11174
f 10999 4520 4622
f 3543 4042 9014
f 6351 10888 10889
f 11869 7759 9030
f 9023 10269 13400
f 7355 12370 12406
f 5103 9019 10003
f 10608 10003 9019
f 9038 10615 10706
f 9039 10474 10621
f 11768 12771 11764
f 11072 12771 11767
f 4706 792 13384
f 6597 8706 9040
f 8706 6597 794
f 10477 4097 10259
f 11310 8392 750
f 3445 11637 11476
f 11637 3445 8905
f 11638 12530 747
f 11638 9044 6309
f 3471 10259 4097
f 6308 6310 6640
f 6657 11781 11250
f 9410 13295 9048
f 10589 3554 11793
f 10589 11793 12481
f 1070 9049 12112
f 12112 9049 11065
f 12112 11065 12482
f 9050 11645 4104
f 11645 9050 8067
f 762 1076 12527
f 8234 11478 10341
f 11478 8234 6906
f 11298 6995 9052
f 10931 9056 455
f 3465 9056 4118
f 149 12816 11484
f 4657 3544 10828
f 3626 6997 4122
f 11646 305 11448
f 12694 12972 11079
f 8683 11647 11483
f 11081 11786 10625
f 4107 6996 7000
f 3631 9063 12681
f 8232 8663 12162
f 4117 457 4121
f 9063 4126 4125
f 10181 6644 459
f 3473 10169 4108
f 11007 4108 10169
f 8109 8659 11485
f 13216 4124 3892
f 9928 7007 10007
f 10894 7006 12094
f 7006 10894 10895
f 70 12766 11337
f 11402 9068 11251
f 11251 12467 761
f 11782 460 5163
f 6656 11488 9928
f 11897 8670 461
f 11652 12798 11639
f 4658 10930 7008
f 12211 460 11080
f 1117 12798 11652
f 11653 11652 11639
f 9071 11079 1117
f 6658 7008 9070
f 4661 9072 12683
f 11008 8681 12356
f 10482 12173 3621
f 3494 9919 3497
f 11654 3497 9919
f 10483 11654 8123
f 10008 7009 8684
f 8680 10175 769
f 6655 6666 12212
f 4137 11655 11086
f 4135 8681 11655
f 7858 6193 10347
f 6193 12313 10347
f 144 11235 143
f 4172 784 12911
f 140 10485 139
f 4675 4158 11656
f 4159 11656 10045
f 11656 4159 8126
f 3495 12637 8157
f 778 13012 4674
f 141 11657 140
f 10487 12255 11492
f 10353 11492 12255
f 4162 4165 8193
f 10488 9088 1136
f 131 12772 130
f 12772 131 10184
f 8160 11089 11256
f 10355 475 780
f 8142 11241 8160
f 11089 8160 11241
f 136 10489 135
f 8160 11494 8142
f 10489 8142 11494
f 11803 7398 7030
f 3634 11800 11258
f 11800 3634 12493
f 10494 11659 9091
f 10647 9091 11659
f 11801 10646 9082
f 11661 10647 12911
f 3483 11225 11010
f 11010 11233 7025
f 10172 12035 11253
f 11191 10810 11196
f 12417 12169 10356
f 11658 12796 783
f 783 8162 9089
f 10492 3634 11011
f 7027 11662 3542
f 8446 783 12796
f 7028 8162 783
f 8449 13227 8447
f 11392 12696 10492
f 11011 8449 10492
f 4172 12638 10764
f 12696 6505 11257
f 9082 10010 4686
f 10010 9082 784
f 9416 5189 5206
f 11660 11806 4672
f 8184 10195 9095
f 75 10495 74
f 804 10781 12684
f 7028 7033 3860
f 10850 3572 3573
f 10852 7405 3587
f 127 11287 126
f 11287 10648 11285
f 10048 11099 12756
f 11133 12781 7408
f 5222 4700 3858
f 10046 3858 4700
f 5130 12281 12876
f 10952 11331 11099
f 7047 13122 13386
f 11097 9515 7596
f 10939 793 11665
f 9104 11665 793
f 10539 7419 11720
f 12674 1161 11666
f 12400 61 12430
f 12006 10502 12091
f 10499 9109 3496
f 7064 10229 10228
f 8167 10662 7062
f 10499 7062 10360
f 4702 8713 10358
f 11817 10358 8713
f 8709 7061 12468
f 7061 8709 7897
f 11500 12257 11016
f 8319 10512 4702
f 11015 11667 789
f 11387 11672 11238
f 10504 12443 8319
f 11017 791 9107
f 7425 11668 10956
f 8167 3496 4180
f 9110 8167 4180
f 11680 10501 8072
f 11680 8072 12157
f 3674 11274 10228
f 11680 12157 12117
f 12327 13111 12261
f 12119 3425 13062
f 9040 8706 4179
f 11669 11497 10939
f 7042 11017 7049
f 9107 11669 4178
f 11388 7049 9111
f 9102 8704 9103
f 12468 11500 7041
f 9106 11667 11390
f 11667 11015 12768
f 6503 10504 11389
f 10504 4702 10358
f 11672 10274 11237
f 4273 5229 11331
f 5227 1411 7593
f 12611 12377 11447
f 7050 10274 11816
f 11672 11816 10274
f 8602 6597 9040
f 11669 9107 11447
f 791 7048 9107
f 3499 10503 8705
f 10503 3499 9111
f 9112 1470 7614
f 10661 4524 7896
f 10189 11673 12495
f 11673 10189 10982
f 10982 10508 11673
f 10508 10982 11923
f 4713 5231 4049
f 4715 10583 4708
f 9639 9116 5653
f 9116 6919 7656
f 1163 11674 9118
f 11674 1163 8950
f 9651 9118 11674
f 9462 12498 10654
f 10658 11676 9119
f 12500 12571 11097
f 11814 12499 4720
f 1543 12059 5066
f 4722 10423 10742
f 10423 4722 11442
f 5818 7753 12698
f 11122 9124 9597
f 6916 9597 9124
f 3772 13223 7058
f 13223 3772 10198
f 9106 8320 9108
f 8320 9106 10512
f 8320 10512 7418
f 12040 7420 9973
f 13319 11102 11681
f 9125 11682 12974
f 11682 9125 10942
f 12560 4044 11952
f 12595 11683 7721
f 12497 7060 10791
f 12260 10791 7060
f 11263 11262 9907
f 8171 10823 13072
f 3381 10816 8171
f 6357 10011 12749
f 10011 10164 10942
f 482 6696 7038
f 13196 10228 10187
f 8024 11684 10781
f 801 10938 12092
f 8116 483 9129
f 12666 8164 12213
f 3493 6699 3564
f 6699 3493 10195
f 6471 3564 10847
f 11687 9130 9136
f 77 11338 76
f 11338 77 11291
f 6511 11338 9130
f 7069 4183 7066
f 12752 3581 9131
f 126 10517 125
f 806 807 11688
f 3608 8214 5242
f 11688 5242 8214
f 3875 11271 10518
f 6510 10196 8210
f 822 12700 9925
f 79 10196 78
f 11291 78 10196
f 6514 4747 6513
f 11025 3797 8458
f 10202 8210 10196
f 80 10202 79
f 3875 6708 7071
f 11949 12387 6485
f 82 11222 81
f 12665 11222 9153
f 8420 8419 9153
f 11689 12387 9153
f 6485 12387 11689
f 6710 6711 827
f 11027 4193 10364
f 4193 11027 4195
f 9157 9975 6712
f 828 9975 10664
f 4193 4195 11691
f 6713 9157 11690
f 11691 11690 9157
f 3590 12008 6717
f 11309 837 9484
f 4215 7084 4216
f 10213 8740 294
f 8740 10213 8238
f 11 11284 10
f 10522 10523 6377
f 10523 10522 11284
f 11284 11294 10523
f 8745 11510 10523
f 9167 11692 6729
f 842 9976 847
f 11692 847 9976
f 10206 6729 8217
f 9976 842 7443
f 5269 10525 9168
f 845 847 11692
f 9167 8417 11692
f 4236 3689 9167
f 287 11693 286
f 10200 286 11693
f 10199 7096 11977
f 3695 13019 4774
f 9937 13197 8309
f 8750 10371 9178
f 10371 18 10526
f 18 10371 17
f 3677 11511 6737
f 6737 11511 9178
f 4770 860 9179
f 9905 9937 7102
f 9183 11694 3838
f 285 11695 284
f 3349 4790 3698
f 861 866 865
f 10372 284 11695
f 866 1227 865
f 6453 9184 8757
f 6733 4246 6735
f 8361 8757 8756
f 11696 6741 13371
f 7112 3742 3874
f 11412 8493 12122
f 10892 10527 12563
f 3726 10245 10373
f 10245 11030 4807
f 27 10374 8344
f 11514 8339 4810
f 10375 4259 13198
f 7114 1232 6749
f 9978 6749 1232
f 872 9978 873
f 10671 872 873
f 6750 11697 6451
f 11031 6451 11697
f 11698 6451 9942
f 6451 11698 8351
f 9191 3756 3755
f 11415 3756 13021
f 7116 4812 4824
f 9510 10021 4817
f 278 11700 277
f 11327 10231 4831
f 3676 4829 3734
f 7122 4268 3762
f 5308 6817 7466
f 9277 7466 6817
f 273 12196 7963
f 7963 8450 11198
f 10377 11290 8038
f 11701 10377 10379
f 6823 9507 1250
f 11702 4845 8456
f 12143 3851 11703
f 4845 11702 3284
f 11702 6823 7959
f 11699 8347 3736
f 9940 275 10019
f 8203 9940 7130
f 3738 3596 3728
f 3596 3738 7129
f 7129 3738 535
f 7135 12217 3750
f 12887 7135 908
f 8349 9935 10712
f 9935 8349 10531
f 3675 12338 8348
f 12189 10674 10230
f 10506 4273 4850
f 12106 11357 8387
f 4272 10951 11888
f 11518 13100 9859
f 4272 9859 13100
f 11099 11331 8443
f 10657 11099 10048
f 7591 6418 11098
f 1258 10677 12917
f 12964 11708 7474
f 10675 11037 11107
f 9204 539 10532
f 11707 11706 12503
f 11519 12316 12472
f 8782 11709 12471
f 7845 11710 11517
f 10787 10769 11876
f 11358 12106 8387
f 12827 7136 8386
f 11708 10676 11709
f 7502 11112 12959
f 11712 7476 7180
f 7138 10022 9207
f 12505 9207 10022
f 6447 11110 5332
f 10881 13293 11713
f 6443 11713 13293
f 7142 12391 11714
f 11715 3428 12097
f 12444 55 12192
f 9210 10536 8372
f 12343 8787 10535
f 12671 11716 911
f 11717 10537 8076
f 10537 11717 11349
f 11717 8076 13324
f 10385 11349 11717
f 58 13104 57
f 11718 542 10024
f 4857 10023 544
f 10023 4857 8371
f 3713 11040 8794
f 11719 11335 8794
f 10539 11720 543
f 11522 543 11720
f 11522 11720 7037
f 11719 8799 4281
f 7424 8794 11040
f 7425 10956 6770
f 1160 11666 1161
f 8781 9205 12919
f 9219 9218 12724
f 9219 12724 10747
f 12940 10770 12724
f 11522 912 4854
f 9947 545 10387
f 7481 12587 10540
f 9208 545 11713
f 10881 11713 545
f 8785 10105 9980
f 9220 8785 8786
f 10105 4869 4275
f 9211 10954 4276
f 8786 9980 1259
f 10239 4289 11524
f 9224 12877 3792
f 4278 11723 8391
f 11723 4278 7168
f 8801 11723 7178
f 11723 8801 8316
f 10549 6427 309
f 3795 9947 4290
f 11724 4290 9947
f 11724 3788 9225
f 918 8784 11725
f 11725 6756 9220
f 9220 9228 8785
f 4869 8785 9228
f 6757 7161 10549
f 11524 11726 546
f 11364 546 11726
f 8802 11726 11524
f 11724 9225 10261
f 6476 11727 7162
f 11727 6476 11041
f 6429 7162 12265
f 11727 12265 7162
f 10542 11041 7174
f 8398 10883 923
f 10883 6477 922
f 7161 6473 4887
f 5368 9229 6756
f 9230 4295 8804
f 8473 8474 3897
f 11332 52 11365
f 7176 8398 4885
f 11525 7157 12920
f 4874 12920 4886
f 3684 7173 10547
f 6781 4290 10548
f 4344 8848 13313
f 11155 11546 4350
f 11546 11155 11729
f 12751 11729 9253
f 10559 10390 12520
f 11044 6531 11984
f 9238 8499 3918
f 47 11730 46
f 11537 11536 4326
f 8822 7189 11045
f 10960 11900 8822
f 934 10960 935
f 11377 4326 11731
f 11731 10961 12506
f 563 11985 12703
f 11732 6279 11328
f 11328 86 10551
f 5959 12017 4901
f 6773 3835 6494
f 3834 10691 4335
f 941 4911 10554
f 8459 1316 4916
f 8854 4917 9565
f 10733 1317 9252
f 10804 9252 1317
f 11736 3863 4920
f 11736 10272 12394
f 3854 9982 11345
f 11346 12268 11383
f 8441 10251 11347
f 10251 8441 11384
f 8441 11347 12346
f 12475 12346 11347
f 6259 7201 10250
f 4888 11529 10963
f 3793 10878 8814
f 10559 7200 10390
f 10390 948 11529
f 950 11737 4924
f 12921 7498 5393
f 11740 11829 12507
f 6259 12323 11161
f 9903 10270 12144
f 4350 6813 3279
f 7200 10964 948
f 6806 949 8839
f 11155 6246 11729
f 9569 11741 1321
f 11741 9569 1324
f 40 7954 39
f 10966 7207 9265
f 9266 4368 11048
f 4368 9266 5465
f 7205 5464 12198
f 5582 9267 4970
f 4937 5582 4970
f 7953 11048 4368
f 2198 9274 959
f 10095 963 2199
f 11855 42 11734
f 3276 12125 7881
f 11032 7124 4965
f 7534 13207 9278
f 5580 11743 13300
f 7216 4378 4377
f 6820 12126 12429
f 4971 11548 4351
f 9875 9279 11744
f 9280 11744 9279
f 6379 985 9282
f 7228 9587 6546
f 8873 12229 4419
f 11167 3335 9291
f 4989 11165 8154
f 11165 181 10182
f 4409 13372 4408
f 8891 8890 11163
f 6843 8879 12923
f 12271 6845 11182
f 11180 3668 8283
f 3365 3668 11180
f 11179 8042 12895
f 8008 8042 11179
f 12895 12774 11179
f 4430 5004 9301
f 3332 10562 3970
f 3968 9988 9959
f 6564 10562 3332
f 643 12589 627
f 3986 9303 8542
f 8154 7987 11557
f 3330 11557 7987
f 4991 9308 5014
f 3341 6267 6861
f 10129 6861 6267
f 12508 7995 7993
f 173 10564 172
f 4429 10255 11424
f 10565 8263 11425
f 7249 11425 8263
f 9319 8882 6865
f 8882 9319 1024
f 9318 11563 1003
f 11563 9318 4484
f 1002 6273 10292
f 9320 10292 6273
f 11182 11166 8553
f 11166 3334 11424
f 5023 11424 3334
f 10566 9321 12737
f 9301 5004 7861
f 8577 11432 4020
f 11432 8577 8567
f 10907 12206 6581
f 416 6577 6580
f 235 10568 234
f 9328 10133 10568
f 10133 9328 7549
f 6571 11746 6284
f 11746 6571 10806
f 6344 11747 9732
f 6284 11746 8564
f 4017 11746 8004
f 11746 4017 8564
f 673 6573 3377
f 6573 6873 12204
f 10571 674 11571
f 674 10571 1043
f 11747 672 5039
f 1047 11433 3394
f 241 11748 240
f 8015 10136 8285
f 9335 10971 425
f 11435 11749 8923
f 10811 8923 11749
f 11749 12580 10447
f 12580 11749 11435
f 242 11323 241
f 11323 242 10139
f 11751 9338 8920
f 11751 11054 9338
f 11193 11324 8286
f 11324 11193 3386
f 11751 3386 11054
f 3386 11751 11324
f 7264 10573 10572
f 10573 7264 6286
f 10575 5053 7786
f 11055 11912 9337
f 6537 9346 10281
f 9990 7270 8016
f 12029 8949 12656
f 697 9966 12113
f 11057 11454 6363
f 1064 10307 7272
f 3412 6396 7277
f 7273 10579 7278
f 10579 7273 10219
f 5061 10147 11956
f 8593 10322 11206
f 7279 8059 8051
f 11056 11122 13374
f 11204 433 13221
f 1064 7272 13221
f 10030 433 11204
f 6910 8931 10578
f 8931 6910 8932
f 8019 10578 7269
f 9966 8018 12113
f 11589 6280 10420
f 6280 11589 8947
f 12706 13094 11575
f 7276 11753 9346
f 11753 7276 9994
f 6294 1064 9910
f 10914 12398 10147
f 4062 12427 5061
f 10885 3799 12775
f 12775 6607 10885
f 11754 9995 7280
f 10031 10580 1063
f 6913 8943 5062
f 3552 11755 12741
f 11755 6358 1068
f 12741 1068 3550
f 8711 9349 11503
f 9349 8711 6355
f 11059 11259 3548
f 11259 11059 12388
f 11756 10509 9352
f 11756 7286 10791
f 12497 9121 9126
f 11683 9122 12059
f 6697 10582 10317
f 10581 10943 10317
f 10429 10032 7896
f 12495 8169 10189
f 9350 800 10316
f 11446 10316 800
f 10698 4712 5063
f 7657 5067 5823
f 12497 1069 9121
f 10217 10841 4051
f 10588 4051 10841
f 11270 11579 6600
f 6600 11003 1070
f 11003 6600 11579
f 11792 4531 11585
f 10592 9362 10796
f 5659 10435 1385
f 10435 5659 5069
f 4528 10433 13320
f 12093 10589 11244
f 11582 692 10587
f 6468 12729 11062
f 692 11583 12093
f 8177 693 4527
f 11583 692 11582
f 10587 4527 693
f 6909 11486 6908
f 4534 10437 5071
f 11449 8605 7293
f 11480 11451 8608
f 7293 8605 11450
f 11757 5072 9354
f 11064 7295 9355
f 4540 11590 454
f 5165 11788 7674
f 11758 7674 11788
f 11481 4106 4061
f 11787 10626 1119
f 1553 10478 5082
f 11141 12030 10478
f 11479 4534 11067
f 243 10139 242
f 8029 11455 6285
f 11455 8029 10139
f 705 10035 7311
f 7885 7311 10035
f 12708 6938 4566
f 6394 1077 12730
f 7317 12237 4567
f 12237 7317 4545
f 10799 6931 12691
f 11296 4559 11457
f 10210 9368 10594
f 11759 6937 4557
f 6937 11759 4561
f 8983 4069 713
f 8983 713 6951
f 8983 8984 4068
f 10455 11229 8242
f 8277 8276 10596
f 8070 10455 6389
f 13273 4579 7869
f 3923 11600 8991
f 11601 3923 8991
f 8260 10451 11306
f 6613 7322 8981
f 251 10339 250
f 11313 250 10339
f 8255 11313 12275
f 9375 12275 10328
f 11599 7891 9882
f 10922 717 8992
f 9606 4081 8992
f 4586 10460 10699
f 10600 9607 6961
f 9011 5099 9380
f 2301 11761 1081
f 11761 2301 7567
f 11761 9013 1083
f 11624 12248 5098
f 1081 1083 11623
f 2301 1081 12852
f 6212 10741 1703
f 8634 4628 9388
f 12777 12300 5150
f 4621 10604 4046
f 9026 9964 6596
f 9964 9026 13400
f 7336 11000 3427
f 10997 9015 8598
f 9015 10997 6978
f 9968 4089 4620
f 10269 12276 5119
f 11311 8250 10926
f 4631 11635 3662
f 11635 8645 3662
f 11319 8267 12096
f 7339 12096 8267
f 4629 6409 7342
f 11635 11128 5159
f 1087 11002 10473
f 11072 7344 5136
f 11071 5136 7344
f 11625 5125 12738
f 1090 12738 5125
f 5138 10609 1098
f 11763 9399 1101
f 13276 11319 6633
f 12510 12552 12277
f 12278 4592 7569
f 12927 11002 11627
f 9037 11627 10468
f 7340 10608 4635
f 10608 9019 7353
f 5124 7341 9018
f 7344 11072 11626
f 7341 11626 10467
f 10617 5138 13051
f 5133 4603 7347
f 4603 9391 7349
f 6962 10065 5128
f 11766 12328 5128
f 10709 9395 5130
f 10468 11627 12778
f 11769 11636 4635
f 9010 11771 1092
f 5160 12301 11092
f 10710 10612 12383
f 10613 12778 10610
f 12051 12371 11125
f 10624 12051 5159
f 11811 11812 7354
f 7342 11774 12779
f 9037 4633 12927
f 10473 9381 10615
f 12779 12777 5135
f 8266 8251 3657
f 11776 11843 11775
f 9381 7359 10706
f 7348 12279 1090
f 9606 8992 13114
f 9999 5150 12438
f 9999 8262 10707
f 5515 7360 3531
f 1093 13376 7671
f 12669 12277 12181
f 12386 11779 11127
f 10925 10703 10926
f 10066 6320 13017
f 7570 13017 3665
f 7343 11076 9929
f 11076 7343 6393
f 12301 11778 9036
f 9036 11125 12301
f 11078 10611 5160
f 7409 6983 9039
f 9039 10621 7409
f 7409 10652 6983
f 1155 5513 11077
f 9406 9613 10622
f 12381 10622 9613
f 11780 9406 10040
f 3418 10040 9406
f 6415 13017 3670
f 4634 10624 11074
f 11773 12163 4634
f 11782 3554 11640
f 9917 3896 1121
f 761 11640 13110
f 5162 11785 10928
f 11402 13110 11783
f 11482 12511 10928
f 6643 12372 11483
f 8683 11483 12372
f 10930 12372 10625
f 11786 9070 10625
f 11250 11781 5163
f 11644 1119 5164
f 10007 10277 11403
f 461 10627 11401
f 11080 761 12467
f 761 11402 11251
f 12252 9058 5165
f 11787 11788 9058
f 11758 11788 11787
f 11644 11643 7374
f 11643 11082 1563
f 5164 767 9409
f 4660 5166 10629
f 10629 6990 4660
f 4661 11641 9072
f 1119 7305 11787
f 12372 8658 10625
f 11786 11081 11785
f 12235 7735 1562
f 11784 12511 11482
f 3554 11784 11793
f 6643 11065 8658
f 11065 9049 11081
f 11785 10636 10928
f 11081 9049 11785
f 12142 9411 11789
f 11789 11082 9048
f 11758 11787 7305
f 11268 10846 1071
f 10433 5070 13320
f 10631 10633 4532
f 8181 12368 8383
f 11790 5078 430
f 12373 9412 12165
f 4532 10633 12758
f 10831 10043 11083
f 1121 13315 9917
f 10044 9917 11268
f 11783 11791 11582
f 4157 13404 12355
f 3535 11233 11300
f 1122 11650 13290
f 12284 13290 11650
f 12467 12976 11649
f 9069 12284 11650
f 5180 12645 9419
f 11249 12283 11489
f 11649 9069 12211
f 1123 7008 6658
f 4658 7008 1123
f 9415 9416 10638
f 10637 5178 5181
f 11652 5178 1117
f 9071 9075 10638
f 9419 11799 5180
f 11798 8670 12767
f 12285 11803 9419
f 11798 12767 11496
f 5182 11800 12287
f 11661 11805 10647
f 12055 12582 7738
f 3623 4137 11086
f 139 10935 138
f 10935 139 10485
f 4159 10045 9421
f 5187 11845 10641
f 10045 10641 9421
f 9421 10177 8140
f 11240 10935 10934
f 3514 9427 7382
f 9427 3514 9424
f 12929 6349 9426
f 1132 9427 6340
f 9427 782 6340
f 4160 11492 6684
f 13126 8120 8121
f 10353 1131 11490
f 10642 9428 3568
f 8189 11276 8159
f 11277 12115 8190
f 10642 7023 9086
f 10644 9432 10643
f 5539 11802 5211
f 8190 10848 11277
f 10848 8190 6350
f 1145 11279 11920
f 11278 11920 11279
f 8192 11281 8191
f 787 12513 1145
f 7035 8194 9439
f 12513 9439 11279
f 12513 479 3583
f 9086 7023 6689
f 477 12712 11189
f 11189 12712 10356
f 7396 7397 12417
f 10183 10490 10172
f 10183 8027 10490
f 11253 10183 10172
f 11803 12285 7398
f 9090 4685 4672
f 12136 4689 4688
f 12712 11804 8693
f 477 5204 11804
f 11658 9089 10937
f 11803 11258 11799
f 11805 11661 11801
f 11797 11801 12695
f 11805 11801 11797
f 10647 13290 12284
f 10647 11805 13290
f 5182 5180 11800
f 11496 12767 10937
f 5207 9441 9440
f 9416 5206 12582
f 7401 11297 6694
f 1152 4697 9097
f 788 11289 7403
f 11288 3588 6369
f 11807 9451 11289
f 485 11807 11023
f 11807 485 9451
f 3431 10227 4176
f 10650 12514 11808
f 11808 12514 10227
f 11809 11808 10040
f 4699 6314 8444
f 11663 7407 10497
f 10497 7407 4701
f 11679 12494 10498
f 10653 12571 12500
f 11679 11097 12571
f 11663 11093 12781
f 7410 9099 10271
f 3858 10046 9100
f 1156 10497 11013
f 10153 10621 10867
f 10621 10153 1154
f 3430 10868 11091
f 8291 10623 11325
f 10623 8291 3418
f 260 11326 259
f 11214 259 11326
f 11811 12280 6314
f 10866 10867 6414
f 10890 12163 480
f 10825 480 11812
f 11773 11812 12163
f 11677 9633 12403
f 10624 9455 12051
f 7410 12051 9455
f 11078 11092 7413
f 10613 7413 11093
f 10613 11093 5134
f 3680 9456 11772
f 8702 10653 4720
f 7703 9457 5132
f 1094 11622 9460
f 11771 9460 11622
f 11771 9010 4626
f 1410 11770 5132
f 7416 11094 4624
f 11813 12977 11095
f 5227 9203 7899
f 9203 5227 11096
f 8782 12471 11881
f 10788 11518 9859
f 9461 11101 7417
f 11331 5229 8443
f 10498 9515 11679
f 11814 7895 12291
f 8075 9405 8443
f 8443 5229 8444
f 5228 10890 12973
f 8295 12517 11035
f 8291 10715 11809
f 10657 10048 11705
f 3672 10357 10871
f 7591 3430 3672
f 10867 13224 11100
f 7407 12781 11133
f 7417 4699 8444
f 7417 8444 5229
f 5228 9101 10271
f 10890 5228 11090
f 9101 5228 12973
f 7592 12973 10890
f 7058 7419 12292
f 11680 13397 9943
f 3779 13397 12117
f 12119 12041 10385
f 7427 12342 13200
f 11353 3772 8799
f 9465 544 10049
f 544 10023 10049
f 8793 6459 10955
f 12041 11349 10385
f 13324 12218 11717
f 1162 11815 8793
f 4285 12327 3774
f 12518 6769 12390
f 11816 12259 12260
f 7060 11816 12260
f 7721 4711 12595
f 12065 7048 791
f 8173 12378 11443
f 4044 10192 4045
f 8712 800 9350
f 12883 7061 12496
f 10790 7659 7428
f 4524 10661 7062
f 11023 806 11688
f 806 11023 7067
f 12752 4731 3581
f 1173 10014 5245
f 487 11818 823
f 11818 487 11242
f 3613 4752 13299
f 10723 5248 5252
f 11689 8419 3818
f 8731 7604 4328
f 5249 11135 1177
f 1181 10014 12782
f 11376 8726 3614
f 829 11045 13321
f 4765 5255 10052
f 6716 10052 5255
f 7090 517 10525
f 10521 6722 6370
f 6376 10206 6370
f 5281 13377 13401
f 10666 11820 9497
f 10667 10670 4781
f 10670 10667 11105
f 7450 859 13379
f 10874 10373 3727
f 8323 9939 10244
f 6748 4802 9185
f 4806 7459 7455
f 30 11698 29
f 11698 30 12672
f 3753 10017 4813
f 7114 8771 7461
f 8771 7114 10017
f 5307 4373 5308
f 7133 9193 12532
f 12042 6227 5314
f 9509 11553 8353
f 11699 1250 9507
f 9272 4947 7472
f 10561 9815 8856
f 7473 8855 9863
f 12449 9512 8348
f 9979 11341 12448
f 12734 12448 11341
f 4851 11358 8387
f 12515 11706 7139
f 11107 11037 12505
f 10533 12501 11822
f 11829 9812 12137
f 9538 12137 9812
f 10685 7503 361
f 4851 7476 10056
f 5331 11711 8321
f 8387 8321 9543
f 12502 12264 10532
f 6431 7137 11712
f 7475 11108 7502
f 7502 11109 7475
f 11109 10055 7475
f 9208 6444 5332
f 540 11889 4277
f 10540 11110 7481
f 9634 9520 9637
f 9521 9854 9847
f 11824 5604 5348
f 5348 5345 11824
f 11868 7713 11721
f 1257 11822 1486
f 6433 4976 10243
f 12850 7645 10681
f 10801 10681 7645
f 3703 9938 3709
f 11308 9226 554
f 10216 4287 11525
f 932 1485 7506
f 361 7503 12921
f 11739 7503 12293
f 7503 11739 12921
f 12294 9260 12507
f 5366 1289 6223
f 12519 268 12475
f 9539 11111 12979
f 13313 12978 7179
f 11530 9539 12979
f 12937 5392 11738
f 12937 11738 6785
f 11825 9514 9537
f 11825 949 6806
f 11739 11825 6806
f 4350 9539 6813
f 5392 12735 11546
f 1290 11740 9255
f 9260 951 4923
f 11740 12507 4923
f 12295 8838 7499
f 4347 7499 8838
f 9983 12404 6472
f 8388 11960 13382
f 8388 12761 12450
f 7180 1291 11043
f 13097 11826 9540
f 7499 9946 6466
f 10684 9540 12520
f 11827 10391 11530
f 929 11828 11853
f 11828 929 9514
f 12044 11109 12959
f 929 6785 9514
f 9513 10686 12654
f 12137 12294 12507
f 9812 11829 1290
f 9946 7499 11826
f 9540 10559 12520
f 556 13270 12520
f 9541 11530 12979
f 11831 7532 6061
f 950 7532 11831
f 10729 1487 1294
f 5420 5417 5398
f 10893 12893 8469
f 7508 8442 6506
f 11730 47 11408
f 11113 7510 8499
f 4342 5410 8833
f 10723 9559 5248
f 12018 6276 12878
f 549 5436 4907
f 1315 12125 4963
f 8462 11734 7978
f 11396 8463 7979
f 7197 3309 11736
f 5440 11832 11833
f 11832 9566 10732
f 11833 10732 11854
f 44 11164 43
f 11164 44 11391
f 9567 11834 12057
f 11741 7527 1321
f 4955 7715 4926
f 5446 5448 5405
f 5444 9728 1321
f 12722 9571 5444
f 4925 10793 7912
f 9897 10106 4371
f 11830 9257 9258
f 11831 9254 11737
f 7532 9658 7814
f 12994 7206 7536
f 3867 4366 5624
f 11835 10891 5463
f 5468 7644 11395
f 40 41 10276
f 106 12433 105
f 11728 9586 10201
f 10546 12297 11728
f 7224 12049 3930
f 11165 8862 180
f 11565 4448 4449
f 7239 6853 1358
f 8436 6861 9042
f 1042 11747 5045
f 11324 3379 5052
f 12992 6628 8929
f 4515 7556 5500
f 10795 5499 4514
f 9598 9124 12655
f 7557 12717 7653
f 5833 9743 7558
f 6598 8942 9353
f 9601 11123 9351
f 7658 9351 11123
f 9600 13011 12234
f 13011 9600 6598
f 10013 5504 13033
f 8603 10698 5063
f 8941 10062 7563
f 10062 8941 10034
f 10481 1387 9736
f 9606 13114 10063
f 8634 1388 5149
f 12300 12779 13114
f 11838 8644 10706
f 5511 5102 1101
f 9608 11839 7567
f 13298 7567 11839
f 6892 6893 9610
f 9992 4517 7759
f 7338 7731 1709
f 10624 5159 11128
f 7354 5122 3681
f 10612 12488 11767
f 9612 11769 11618
f 10612 11768 12383
f 5513 11322 11127
f 258 12181 257
f 12181 258 11214
f 10703 9406 11840
f 9406 10703 9613
f 5134 3680 12778
f 10613 10610 10611
f 11811 7354 9611
f 9406 11780 11840
f 11840 11841 10619
f 11077 5513 11779
f 11841 11840 11780
f 11779 11841 7364
f 9611 10037 11811
f 12302 7363 6983
f 5515 11611 12439
f 12521 10705 12337
f 7564 10702 7571
f 7571 10701 6981
f 7565 6981 10701
f 10067 1392 10700
f 11839 11071 1088
f 11071 11839 9608
f 9608 7346 11071
f 7346 9608 13307
f 8644 9038 10706
f 1393 12777 5150
f 12779 10063 13114
f 10223 6981 7565
f 5515 8266 7360
f 12510 11075 11957
f 9396 7572 11842
f 10039 11843 11842
f 11775 11843 3657
f 5167 7575 9617
f 4129 5676 5523
f 11796 5179 9417
f 12156 9618 11844
f 13126 6338 10834
f 11845 1399 3524
f 1399 11845 6339
f 8136 9424 3514
f 336 9084 11087
f 7395 11087 9084
f 7375 12711 11660
f 4634 9455 10624
f 9453 7411 11847
f 6962 9629 9454
f 8701 10708 9628
f 11846 10710 10068
f 11131 11150 8702
f 9633 5544 10718
f 12140 7895 11814
f 1095 9453 11847
f 6962 9628 12487
f 10068 10710 10709
f 10710 9395 10709
f 5224 9458 4625
f 1095 12487 10708
f 5547 12131 13403
f 11848 7590 11132
f 12792 11849 12338
f 10715 10381 10714
f 10381 10715 9630
f 11664 11013 11850
f 11151 11664 9631
f 5222 3858 10069
f 7596 9515 6184
f 10498 12367 10789
f 10716 11664 11151
f 12140 11814 481
f 7854 12938 7853
f 5551 9857 9462
f 10718 5544 11875
f 9633 10718 5550
f 7597 9632 5552
f 9633 5550 11134
f 10719 1415 5753
f 5544 11675 12853
f 11676 10658 12853
f 9462 10654 1412
f 11678 12291 10654
f 10716 12720 11810
f 11664 11810 11013
f 1596 11861 2294
f 12583 8951 5064
f 4698 7585 9468
f 123 10722 122
f 10663 122 10722
f 11818 5242 807
f 873 10053 1242
f 5299 7113 11106
f 4846 9647 5625
f 7154 6695 12138
f 5336 793 9519
f 9636 12074 7776
f 4317 9531 9532
f 9550 9654 12307
f 12308 10726 12194
f 10726 11362 12761
f 5395 12968 10683
f 11363 11960 12225
f 12735 12936 12979
f 9542 10685 9207
f 11712 7180 13112
f 909 13112 10728
f 909 10728 12503
f 12503 11827 12504
f 9541 12504 11827
f 12502 7621 12264
f 9204 11853 11037
f 11853 12264 5396
f 3918 7624 9238
f 931 10397 7626
f 362 11304 7623
f 1292 11304 10730
f 7628 8831 9573
f 11385 9549 10690
f 10273 3862 11854
f 4920 11854 3862
f 8485 3856 7633
f 10733 9252 11138
f 6504 11138 9252
f 45 11391 44
f 11391 45 10731
f 46 10731 45
f 4920 11833 11854
f 11385 10690 8445
f 113 10266 11539
f 11539 112 113
f 5427 9563 933
f 42 11855 41
f 10276 41 11855
f 8460 11855 8462
f 5438 11395 4961
f 11395 8460 8463
f 7198 11856 6789
f 11856 7198 4915
f 11735 7199 10556
f 37 11857 36
f 11393 5624 11550
f 3291 4365 6254
f 7641 11858 13182
f 5313 12082 5585
f 12082 5579 9648
f 4365 9665 6254
f 11835 5463 12561
f 7536 11835 9665
f 9292 4408 13372
f 7228 8866 9587
f 9589 13053 8868
f 7648 8868 1681
f 12029 12656 10976
f 10976 9348 12029
f 9348 10976 427
f 7755 7274 9674
f 10062 12059 9122
f 1926 11859 1812
f 5950 6648 4115
f 11641 4661 9685
f 5508 3800 11588
f 10741 4582 1703
f 10081 7670 5503
f 11789 7673 12750
f 11142 5165 7674
f 7562 11758 7305
f 5171 5174 12142
f 5069 10034 5693
f 6902 13033 10744
f 7677 6902 7673
f 12578 10750 10744
f 324 6599 7674
f 4531 6598 9600
f 6598 4531 430
f 12055 11795 10638
f 11652 11653 5177
f 11796 9417 7680
f 12053 7575 9695
f 776 9899 9703
f 10751 9899 776
f 5190 6327 3390
f 3484 9706 5530
f 5713 7691 5720
f 9707 1574 1572
f 5720 1140 5864
f 5726 9623 5199
f 5726 5199 9709
f 10656 5133 7347
f 4625 9391 5133
f 5129 10745 5546
f 2294 11861 9849
f 7841 11861 5740
f 7588 13054 1158
f 1412 12291 7895
f 11862 9716 7352
f 9716 11862 5552
f 9718 7704 12039
f 9637 7701 5747
f 11862 7597 5552
f 7597 11862 9715
f 12289 12403 12847
f 9719 13350 10510
f 11863 12260 7706
f 11817 13219 12912
f 12083 1424 5763
f 13087 7046 792
f 9972 4179 7614
f 9112 7614 4179
f 10770 7830 10747
f 1273 5363 10765
f 1320 9571 12722
f 7523 4915 7198
f 13053 9587 1013
f 672 11747 6344
f 11865 11866 7743
f 5662 1543 6919
f 1543 5759 12059
f 7840 5661 1546
f 1563 12750 10750
f 12970 7562 11580
f 8603 9602 12970
f 7679 11648 9061
f 5188 9422 7685
f 1574 9707 9705
f 5726 9753 11860
f 5537 5214 7399
f 7395 9444 1150
f 1767 5792 5895
f 7745 7746 1895
f 10768 1895 7746
f 12940 12724 5904
f 4984 1682 1361
f 427 10976 11442
f 10976 7653 11361
f 11442 10976 11361
f 10421 10422 10755
f 10755 10422 12460
f 7752 10312 12717
f 5512 7720 5914
f 5757 7743 11866
f 12538 7664 6164
f 11144 9087 7741
f 9282 3778 6553
f 392 9785 6462
f 6007 5808 9786
f 9672 10576 9339
f 2004 7819 6076
f 7055 5977 11865
f 7055 11146 5977
f 1859 11867 5652
f 5981 13302 9792
f 2293 6014 9792
f 7769 10082 5820
f 5962 6003 5361
f 1895 9764 7745
f 9764 1895 11868
f 9794 11868 11721
f 9813 12940 7816
f 9218 9763 11864
f 7825 12620 6159
f 11632 6630 11869
f 6980 11869 9024
f 11869 9030 11632
f 12251 10760 11633
f 10760 12315 11633
f 9804 10761 11630
f 6037 6036 6021
f 10763 9898 2305
f 3889 11685 7032
f 11685 10009 10010
f 11686 8699 7812
f 11392 11386 4174
f 9658 5461 9764
f 5903 9795 9813
f 11864 12880 7815
f 11136 5586 2000
f 11554 12620 4363
f 4595 6078 722
f 10798 9821 1969
f 5784 11722 9635
f 11871 9635 11722
f 7713 10769 11517
f 10769 7713 5783
f 9205 8781 11878
f 13100 1257 4272
f 12470 4272 1257
f 11146 7791 5669
f 6036 7801 6021
f 11871 6122 9635
f 11872 9831 5548
f 9853 6122 1996
f 10747 7830 7829
f 10022 7138 7899
f 11519 7899 7138
f 1257 9523 12470
f 1996 11871 9219
f 10768 11722 5784
f 11721 11710 12919
f 6010 12942 6133
f 9855 9828 9839
f 11873 9838 9840
f 7849 9835 6148
f 1254 11870 8857
f 6173 6117 6167
f 5324 1254 10561
f 9849 7841 1414
f 7841 11147 1414
f 11861 7841 9849
f 7833 7362 2134
f 6165 5555 2139
f 9853 11875 11879
f 7854 7851 9632
f 5549 11851 11852
f 9823 11877 9831
f 11878 9856 9858
f 5548 7853 13052
f 12853 11879 11875
f 10788 10789 12522
f 10789 9859 11888
f 10716 11881 12522
f 11882 1413 7850
f 4505 10268 3630
f 8576 3372 10303
f 10886 12744 6620
f 10774 6389 12897
f 6620 11463 10338
f 10338 8241 10337
f 8631 11461 11460
f 11461 8631 3654
f 10335 11462 9967
f 8673 11655 4137
f 6100 8837 8836
f 7898 9863 9279
f 8855 4379 7859
f 10695 11568 6266
f 13024 5031 6850
f 11437 12348 11438
f 11759 4566 6934
f 11597 8969 4560
f 10458 13187 13322
f 4580 10457 10458
f 6951 10458 13322
f 11468 13059 12464
f 11629 12464 13059
f 11469 12492 4083
f 4084 11901 12491
f 4084 10001 9869
f 10463 11631 9868
f 10923 3844 12728
f 6665 6666 4127
f 7739 10780 2194
f 4833 13292 8776
f 6766 12107 4859
f 4283 11523 8795
f 9874 11883 7880
f 10782 9874 4934
f 6822 12126 10964
f 11744 12224 9875
f 11744 13045 6246
f 13045 4345 12223
f 12429 6822 10270
f 6822 12429 12126
f 10964 12126 8835
f 12321 12320 11987
f 12320 12321 7219
f 11744 9280 13045
f 11541 8849 12861
f 5015 7650 5016
f 9343 10783 2203
f 11906 7267 2205
f 6924 12031 4547
f 4554 4547 12031
f 7832 12658 708
f 5094 9888 6211
f 2209 12080 6214
f 6009 9770 12660
f 12080 9687 2208
f 7040 4592 11847
f 7590 4592 7040
f 6962 12328 9629
f 11846 12488 10612
f 11126 9629 12328
f 12407 1411 5227
f 7047 7136 12515
f 7593 11813 11096
f 9631 2213 12472
f 10788 12471 11518
f 11879 5545 11886
f 11886 9857 11876
f 10787 11876 9857
f 9859 10789 10788
f 11887 12140 9856
f 11887 9856 7845
f 10716 12522 12367
f 9858 481 7596
f 7895 12140 11887
f 11331 12106 4273
f 12407 4701 1411
f 4701 12407 2213
f 7593 7594 11813
f 12495 9114 691
f 11756 11863 12524
f 428 12525 12496
f 7659 10790 9115
f 5266 517 5281
f 7128 9508 12215
f 11742 4946 5329
f 12472 2213 11519
f 11880 11887 7845
f 9853 11879 6122
f 1260 7478 11981
f 11520 4277 11889
f 8788 11520 9518
f 11038 7156 9517
f 10954 4275 11152
f 4275 10954 7144
f 10106 4912 4370
f 7815 7533 12997
f 11118 5461 9576
f 9658 7532 10687
f 11837 9596 8930
f 1102 5109 9006
f 10617 6226 5511
f 6226 10617 9400
f 1305 10753 2232
f 10753 1305 5423
f 10403 4978 7223
f 3778 7223 8279
f 7223 3778 9282
f 9895 2238 2236
f 7738 12582 5208
f 5650 1865 10511
f 4090 7827 11620
f 9004 6977 9003
f 11630 12246 6977
f 6029 9032 11619
f 12937 6785 929
f 9538 2277 12137
f 7326 6075 11885
f 4605 4602 7908
f 6216 5679 1704
f 6178 10772 9521
f 10773 6183 9861
f 1413 1415 9861
f 9861 7850 1413
f 4563 6926 6927
f 7915 8972 9367
f 11760 5101 5142
f 5101 11760 5098
f 10800 10797 1573
f 12632 9901 9685
f 3907 3556 6530
f 12604 11900 561
f 8156 6501 6502
f 12394 6504 1318
f 8815 8842 573
f 6406 11901 4084
f 11226 6649 333
f 11903 4162 474
f 4205 11904 835
f 5261 839 1189
f 12327 12261 12390
f 6791 3922 3686
f 11905 5613 6814
f 607 8871 6247
f 11428 10808 12205
f 8958 11906 706
f 9080 3629 8230
f 5998 11908 5957
f 4778 11909 4242
f 1755 11911 898
f 1033 13117 1035
f 3825 4010 4009
f 11913 9385 5093
f 11914 1102 11915
f 7357 11915 1102
f 4804 3874 3742
f 659 666 13160
f 5528 12038 11919
f 1145 11920 7580
f 4793 11921 10071
f 11922 8832 7628
f 12607 1511 1508
f 8899 9309 1014
f 7659 9115 4526
f 1724 11925 2269
f 11911 1755 1631
f 1513 4985 1784
f 1677 11926 1678
f 2049 11927 9828
f 11928 12839 727
f 5921 2093 6236
f 2154 2155 2152
f 2170 12545 2133
f 587 2175 12785
f 4591 5101 5098
f 177 11930 2354
f 154 2329 2380
f 133 132 2335
f 2855 46 45
f 2619 11931 11932
f 11931 2619 2870
f 2505 13002 3143
f 2551 2552 2549
f 2579 2931 2925
f 2432 2733 31
f 2598 2599 89
f 11934 184 183
f 183 182 11932
f 240 13360 2486
f 2663 2666 256
f 2781 2450 2451
f 2595 2444 13003
f 2351 3238 3239
f 11932 11934 183
f 2670 11935 11944
f 2990 11937 3227
f 11938 2870 7936
f 2468 11934 2867
f 3214 11939 2475
f 2857 11941 2948
f 11939 3220 2872
f 2475 11939 2627
f 3270 3021 3020
f 13003 11940 2997
f 11938 3017 11942
f 3017 11938 7936
f 7944 12823 3101
f 3165 3166 3135
f 11943 2510 3156
f 251 2659 2501
f 11944 2515 3213
f 3021 3270 3225
f 11945 2779 3234
f 3080 2691 2987
f 2884 2971 3141
f 607 6247 388
f 12201 4441 7990
f 11431 11947 12413
f 11947 11423 10906
f 10147 5061 10914
f 11948 160 161
f 3603 12387 11949
f 12387 3603 12665
f 10830 8653 12982
f 3484 7689 13230
f 10183 11495 12334
f 10427 3433 10158
f 4205 835 4207
f 8235 11955 10213
f 10705 11957 11075
f 12985 12444 10254
f 11960 8388 13109
f 8427 11962 9175
f 366 11963 3882
f 4434 12922 11966
f 3969 11967 8529
f 8156 6502 7986
f 11968 8540 6567
f 10285 404 3988
f 10564 10128 8552
f 12207 11970 11173
f 11970 12207 10416
f 11202 13294 10322
f 10335 6943 6621
f 11972 3649 6965
f 11973 304 3891
f 9053 11974 4113
f 11976 10810 11191
f 8707 10502 10513
f 11949 8114 10363
f 4221 7085 6721
f 13043 8361 8362
f 7125 12828 8359
f 548 11982 4293
f 11983 4904 9246
f 12100 6428 8402
f 11985 6487 4896
f 8808 11986 4339
f 11988 3310 8491
f 373 3620 586
f 380 8512 11965
f 606 11990 3809
f 8525 11991 13015
f 10291 8905 3368
f 1004 1369 8886
f 8589 11993 7261
f 12965 9386 12983
f 707 11996 8957
f 4565 11997 4511
f 728 12000 12644
f 4604 12002 6971
f 4608 4576 732
f 2073 12839 730
f 12003 8651 748
f 3444 11893 6640
f 13176 4118 6651
f 12212 10351 6655
f 12006 3425 12119
f 4731 9140 3581
f 11895 809 13309
f 8135 3886 9137
f 4330 1177 11135
f 836 12008 6424
f 4765 9164 5256
f 4764 12011 509
f 11909 850 4239
f 4241 3595 13020
f 9186 13371 7112
f 6436 13343 3726
f 3765 12828 11033
f 8359 12828 8358
f 8341 12015 4276
f 926 3823 6373
f 9954 6516 10550
f 8010 12018 8432
f 2197 12022 4940
f 958 960 7210
f 12021 5582 962
f 967 9271 12022
f 13001 6201 9273
f 3326 12024 3327
f 12025 7222 7973
f 4998 9590 4994
f 5007 9305 9666
f 1010 13262 9307
f 9293 13262 1010
f 9313 12027 8902
f 4009 8561 12935
f 9333 12028 3540
f 11440 3410 11956
f 8614 12161 10580
f 4554 12031 8963
f 12032 9375 8254
f 11366 249 11313
f 13217 6393 7343
f 8250 12033 5137
f 12279 7348 9383
f 1095 11847 9390
f 12039 7704 1159
f 12033 4627 12439
f 8266 12439 4627
f 11915 5111 7568
f 9397 12034 10616
f 11150 4593 11617
f 11950 5161 758
f 10625 8658 11081
f 10631 8182 4051
f 13103 11794 10639
f 6656 12036 9918
f 7383 12037 8482
f 12037 7383 11255
f 12931 1408 9627
f 6694 3574 7401
f 12039 9458 5224
f 11676 11675 7414
f 11681 6456 6769
f 6456 11681 7420
f 1179 1181 12782
f 13155 12262 4763
f 7470 12042 9504
f 12042 7470 1246
f 5303 5302 7607
f 1246 6227 12042
f 12620 12314 1251
f 12044 9946 1258
f 1271 2300 5357
f 12045 1299 5384
f 12307 9532 932
f 1487 5398 7183
f 3861 8485 7633
f 12045 5385 1299
f 1302 12047 9558
f 4907 3827 8428
f 13001 1324 5453
f 8486 104 7540
f 4992 7230 9294
f 1343 5477 6851
f 12050 5502 13380
f 10705 12521 10461
f 12053 9749 5525
f 472 7014 9618
f 9704 11919 12152
f 12582 12055 9416
f 12931 9627 1581
f 5560 4897 5561
f 3869 12599 353
f 6095 6123 2070
f 9549 12057 9661
f 4369 12892 9276
f 12058 5462 7640
f 7611 5313 5585
f 587 12785 4385
f 10735 1528 1520
f 1681 5806 9668
f 5706 1725 1724
f 1400 9623 5726
f 11908 4751 5957
f 12062 7588 7699
f 5755 12064 13036
f 12064 1605 12807
f 12064 5751 1605
f 5662 12065 5759
f 5761 5958 4748
f 11896 4227 513
f 1656 7836 1655
f 5791 1493 5790
f 11924 13359 1522
f 4481 1042 9733
f 12066 7725 6216
f 12054 2269 11925
f 1579 5533 5220
f 5777 12067 1646
f 12067 5777 5756
f 5237 12068 1583
f 9722 1424 12083
f 5435 5790 4903
f 10805 6800 8825
f 4900 12017 13074
f 5806 12845 1682
f 1513 1784 5474
f 1557 5819 9771
f 13035 12070 1185
f 4513 12541 7906
f 13039 12071 5974
f 5978 1698 5987
f 1711 1812 11859
f 11978 524 522
f 12074 5891 5889
f 2052 1904 6010
f 11870 11554 2002
f 12075 6111 1546
f 5832 12072 2121
f 7844 6147 6165
f 2054 13039 2051
f 6136 12077 3380
f 12077 6136 12076
f 2139 7844 6165
f 12317 2058 10771
f 12078 9846 5555
f 5484 4444 634
f 12319 7875 7739
f 4719 1604 9721
f 7877 4730 3508
f 4731 7076 9140
f 8958 2202 1057
f 7886 12079 4553
f 5117 7893 5829
f 12080 5648 9687
f 4947 7214 4946
f 12081 6223 7916
f 4953 5583 2228
f 1082 9005 9006
f 12082 5310 7612
f 12083 5761 9722
f 9002 12085 7808
f 7827 4588 2273
f 5919 5987 1698
f 6049 5956 2276
f 2279 6009 1957
f 12274 12086 7914
f 1944 2311 1832
f 1060 12628 4556
f 12088 6455 13055
f 606 635 6265
f 12089 6278 435
f 12077 6282 2026
f 10162 12091 10502
f 12092 3508 801
f 12093 10983 692
f 3440 6386 8069
f 12095 6965 12001
f 3868 5462 12058
f 12096 6633 11319
f 3712 3786 12097
f 10880 12099 3783
f 12100 8298 6781
f 6545 6837 3941
f 3954 12829 7975
f 390 8877 610
f 3529 12104 8687
f 10213 11955 8238
f 13371 6741 6534
f 12107 6766 4862
f 12108 8292 7141
f 3786 3429 3743
f 11527 12109 11899
f 4905 10552 11986
f 11986 12019 4905
f 12111 6519 3917
f 606 3287 11990
f 11946 11990 3287
f 3969 8529 7236
f 7248 4438 12589
f 12113 8931 8932
f 8610 699 7308
f 4106 6915 9356
f 11906 4548 706
f 7915 6928 8927
f 4515 6960 12000
f 6960 4515 6970
f 6974 6956 3660
f 10994 12114 8092
f 10994 12425 11615
f 13110 11791 11783
f 451 13288 11005
f 10642 12115 8690
f 1146 4164 781
f 12930 9444 5537
f 4676 5537 1403
f 1135 7392 5217
f 12116 11012 12876
f 10362 7074 3510
f 4810 4804 3742
f 11910 1235 879
f 4830 12122 4823
f 3302 6449 3764
f 12098 3764 6449
f 8856 9272 5325
f 12984 7421 12789
f 927 5372 7171
f 11047 7200 10559
f 10966 12125 6816
f 12126 6820 6821
f 6840 6543 3939
f 12147 7232 3365
f 12127 4435 7235
f 12128 6848 13024
f 9988 3968 11565
f 8009 5023 11181
f 12028 9333 1045
f 12129 11068 10102
f 7873 12130 10102
f 12129 10102 12130
f 11914 11915 7345
f 5156 12132 5152
f 12132 1559 5140
f 10042 12133 11916
f 8182 4532 7373
f 11085 12036 4130
f 7381 12134 4161
f 12615 5872 11255
f 12292 8799 3772
f 6714 5424 7518
f 6712 1183 3883
f 3865 3877 12892
f 3880 12087 12405
f 11073 4593 11150
f 11076 10474 10620
f 337 4168 8692
f 12138 7614 1473
f 7640 3887 12270
f 5092 11913 7332
f 5175 5693 7676
f 7675 12783 12608
f 472 1125 7014
f 4057 5086 7724
f 5838 12060 1396
f 7686 7685 2306
f 5921 6236 5824
f 7761 7806 9742
f 12070 10753 5424
f 5062 11752 7557
f 12060 7811 5982
f 8675 6343 8678
f 11953 498 3585
f 7873 10990 12987
f 7877 3508 3383
f 2203 12628 1060
f 12140 9858 9856
f 10661 10032 13081
f 6009 12660 12541
f 12141 4613 721
f 5171 12142 6990
f 2559 295 2414
f 2382 12888 2331
f 4434 6256 3293
f 6256 4434 11966
f 7200 11047 6822
f 12144 11161 9903
f 11162 12145 12345
f 12146 8026 10296
f 7252 12147 1002
f 8010 112 11539
f 13236 12825 12764
f 8568 12348 10303
f 12413 12207 11173
f 12151 10226 11185
f 4729 12120 8124
f 12101 8283 3668
f 11199 12155 12478
f 11206 12459 11199
f 8061 3643 12664
f 11210 8063 12398
f 10296 11213 10151
f 10332 11215 3421
f 12157 8072 7063
f 12392 7163 10534
f 12158 10534 7163
f 6487 11985 3435
f 12160 5427 6494
f 8097 3459 202
f 10172 10490 10639
f 12161 1063 10580
f 4079 3472 6622
f 6321 8640 10829
f 8113 6650 3457
f 3482 12164 3633
f 3490 3492 3491
f 11245 12167 12303
f 10627 11249 9068
f 3489 12169 12417
f 11800 11799 11258
f 6252 7218 9984
f 11261 12400 11263
f 11262 12378 9907
f 11266 12776 10188
f 8035 8176 11267
f 8383 12172 8181
f 6455 12088 3673
f 3574 8195 7401
f 12196 9940 8450
f 12434 152 153
f 11300 13404 12174
f 11302 12176 11295
f 11955 8235 6715
f 3635 12177 6517
f 12177 6420 3922
f 8236 11303 10264
f 11955 3637 8238
f 12178 8819 8239
f 10863 11306 10884
f 12179 8247 5400
f 3647 12100 8402
f 8059 12458 8051
f 11211 12760 12089
f 12760 11211 11212
f 4086 8628 3654
f 7355 12406 8265
f 11604 12180 6579
f 12182 8283 3667
f 11846 12571 11617
f 11977 3692 8330
f 12009 8310 4216
f 3829 11982 548
f 12185 8318 4281
f 8284 12186 8328
f 8736 12010 8737
f 12985 12188 13238
f 3752 4852 7143
f 12190 9197 8772
f 8355 8774 354
f 11261 10384 12191
f 12192 11352 10536
f 10254 12444 10536
f 11358 10056 4850
f 8600 8017 11359
f 12308 12519 11362
f 11362 12519 11528
f 3422 12195 10165
f 9965 12419 10150
f 931 8401 11961
f 8405 3352 6487
f 4417 6562 3982
f 3823 3828 8425
f 10266 8430 9663
f 114 10266 113
f 12345 3857 12773
f 12346 12197 12222
f 4916 6203 3876
f 12198 5464 3884
f 11400 10627 9068
f 12111 3899 6519
f 6679 3907 6530
f 7507 12199 3894
f 6542 594 6540
f 7227 12049 11252
f 10900 3954 7975
f 8039 12895 3397
f 12688 4996 8525
f 10299 12202 8554
f 4010 8561 4009
f 12205 675 8566
f 11431 11434 418
f 8578 4027 415
f 5044 8581 8582
f 4039 703 6920
f 10416 12948 11970
f 11436 12207 12413
f 12458 10146 8051
f 13107 3653 11467
f 12987 12130 7873
f 11470 11633 12315
f 10699 10701 10702
f 7327 4586 10702
f 6641 11005 12899
f 12210 12899 13288
f 12165 13398 10343
f 10932 11404 10895
f 12946 765 3892
f 9080 8230 7015
f 12153 3403 3505
f 8132 6665 4136
f 11975 467 771
f 8134 7856 464
f 8679 8675 8678
f 12212 6668 10351
f 8480 4150 334
f 10897 3908 8481
f 1133 9437 1404
f 6708 11949 10363
f 11892 8201 3557
f 12009 12469 8310
f 12214 530 8766
f 7125 8359 8354
f 5308 902 4267
f 12215 4816 10378
f 4845 12216 11397
f 10380 10103 11704
f 10103 10104 11704
f 4284 5347 5350
f 12218 10385 11717
f 11538 11982 4292
f 12020 11983 4307
f 12219 3904 8327
f 12219 3723 12905
f 12309 6793 7185
f 12220 8240 4319
f 11531 3906 11532
f 12177 10893 6517
f 12178 554 13023
f 12221 3292 4900
f 3305 12268 12145
f 11382 12222 10126
f 12411 10126 12222
f 4358 7203 6809
f 9250 3864 8845
f 9578 8853 955
f 12023 4367 12198
f 7963 11198 12170
f 8324 6542 6540
f 8875 3957 12229
f 12229 1000 8875
f 11992 8880 8878
f 639 6269 629
f 6410 6558 639
f 3997 639 6860
f 10255 4429 10409
f 12230 10414 9908
f 9341 10035 8959
f 3566 10310 8055
f 12233 13153 10281
f 11576 13093 10143
f 3348 11576 10427
f 10424 12454 12986
f 10432 8940 3546
f 4044 12479 12757
f 4535 7294 7295
f 12161 11588 6537
f 8943 699 4060
f 4106 9356 4061
f 7313 13395 4558
f 12031 4563 8963
f 12236 12581 7871
f 12981 12238 8620
f 11997 10988 8979
f 12249 4576 4595
f 3802 12239 11459
f 11913 5093 4612
f 6625 10263 10459
f 12240 10460 12987
f 12241 10924 9933
f 12245 11615 12244
f 12247 8638 10466
f 4514 12249 726
f 4515 12000 8929
f 12992 8929 12000
f 11628 12250 11634
f 11628 12490 12242
f 9028 12251 9029
f 740 12003 330
f 6986 6988 750
f 12252 13080 9058
f 4110 9062 459
f 4656 13288 451
f 455 12162 4117
f 9070 7008 10930
f 8680 12253 10175
f 12254 7011 10482
f 10482 768 12254
f 7017 11919 12038
f 12135 12037 11255
f 11492 10353 6684
f 11920 7394 7580
f 11089 12256 11256
f 12257 12468 7061
f 7061 12883 12257
f 8170 12258 12342
f 12259 11816 11672
f 12118 4718 7705
f 12330 7658 7052
f 7753 8287 12698
f 8713 4702 10941
f 4742 13134 10516
f 3509 4747 4745
f 3886 7079 8467
f 8458 11895 11025
f 840 12262 13155
f 9164 1429 5256
f 12121 10821 4237
f 1219 7444 4771
f 11909 4778 4779
f 8344 26 27
f 532 7457 8768
f 4251 13371 3746
f 12263 4264 9198
f 3755 3736 8347
f 10020 13292 4848
f 9204 11037 10675
f 11714 12265 11715
f 12265 11714 9209
f 12097 3782 7142
f 4854 11716 12671
f 8370 11718 10024
f 9211 4276 12015
f 8703 12789 13201
f 9229 12016 9228
f 547 4296 13234
f 6373 3823 8425
f 3904 8473 3897
f 13116 6780 3687
f 12266 10559 4347
f 4889 4876 7492
f 8401 931 8237
f 8830 3292 364
f 11986 10552 3295
f 12197 12346 12475
f 11161 12144 7201
f 12359 11346 10558
f 9257 12269 8840
f 12022 4945 4940
f 9581 956 4959
f 9583 537 4374
f 10126 12170 11260
f 12170 10126 12411
f 379 8863 4399
f 3928 3937 8324
f 1013 13262 9293
f 12026 8879 11562
f 3656 612 12923
f 13066 12128 13024
f 12924 12200 187
f 396 12027 643
f 8902 12027 9304
f 5007 9666 8893
f 638 13056 1009
f 13262 5008 9307
f 12027 9313 641
f 5023 12446 4429
f 12446 5023 8009
f 9326 8557 12944
f 12028 9330 4478
f 11912 11053 9337
f 12236 4548 9996
f 1058 9343 2203
f 10146 12458 11440
f 12459 11206 13294
f 11443 12462 12776
f 6901 6904 11446
f 12208 7668 13041
f 12030 1074 5080
f 12335 10210 10594
f 10339 12275 11313
f 12454 11948 12986
f 12276 9027 11762
f 10607 12277 12669
f 9036 8645 5159
f 9383 12278 5111
f 10467 4593 11073
f 10065 11625 5128
f 9390 7348 7351
f 9005 12279 9383
f 9005 4599 12279
f 5152 12132 5140
f 12280 10475 10652
f 1117 12972 12798
f 10628 5167 5166
f 9617 5166 5167
f 7372 12235 1562
f 12142 10630 6990
f 10632 12273 13115
f 12457 12375 13115
f 9419 12283 12285
f 11798 12285 12283
f 12104 6655 462
f 8687 12104 462
f 6676 9080 3621
f 6337 3514 7382
f 8482 12037 8483
f 11255 7383 12615
f 6328 6686 13204
f 6688 473 4162
f 7393 10354 3571
f 11278 7393 3571
f 779 1133 1404
f 9424 6690 4167
f 11804 12712 477
f 3574 3583 7403
f 3583 3574 6694
f 9452 12403 12289
f 9452 12289 11132
f 9458 12039 1159
f 11262 12430 12462
f 8172 6283 13393
f 1173 12782 10014
f 5238 5244 7434
f 12070 5424 9481
f 5260 9164 4765
f 12262 4767 4763
f 8217 7443 10521
f 5572 1236 8767
f 12314 1253 1251
f 12293 7503 10685
f 7164 3791 13119
f 8798 4284 5350
f 7164 13119 12933
f 3792 4867 9224
f 1486 2277 9538
f 12266 8838 12144
f 4923 12988 11740
f 12137 2277 12294
f 8832 1294 1487
f 5400 8247 1295
f 1487 7183 8832
f 1293 12220 10729
f 12220 1293 12790
f 12178 12227 11308
f 8817 11308 12227
f 3876 6203 7953
f 11391 12296 11164
f 12057 7505 6788
f 7505 12057 9549
f 12716 7524 11856
f 9579 38 8466
f 581 12537 12297
f 1339 581 12297
f 7491 12298 7645
f 10735 1520 8897
f 9988 11565 4449
f 5044 8582 5043
f 7558 12299 4723
f 12299 9743 7275
f 5093 9377 1555
f 11957 10705 12303
f 5698 9614 1565
f 12104 3529 12909
f 12304 10751 9701
f 9627 11908 5998
f 7585 9146 13085
f 12290 5224 4625
f 12075 12538 6111
f 4264 12263 7115
f 4841 6754 4842
f 5298 7610 12306
f 12306 9192 5298
f 9550 10861 9654
f 932 9550 12307
f 10726 12308 11362
f 10676 7500 12501
f 5396 929 11853
f 8818 12220 12790
f 12310 7628 9573
f 3865 3852 9251
f 11924 5012 5635
f 5655 9719 9678
f 1417 12723 5663
f 12152 7578 3390
f 11860 1400 5726
f 10749 1584 12062
f 13054 12062 1584
f 1587 12063 5732
f 5578 5573 12306
f 12306 9645 5578
f 1901 6065 573
f 5413 5805 2261
f 7535 3868 7205
f 12058 3671 8453
f 5818 9598 12655
f 9639 10721 12377
f 5946 1812 1711
f 12060 12312 11859
f 12313 9620 772
f 4330 3360 4329
f 9765 10696 5637
f 5648 12080 9770
f 9123 7654 6413
f 13374 10739 5649
f 5512 7761 9742
f 2277 1486 11822
f 4513 5908 5972
f 7797 9660 7796
f 11554 12314 12620
f 4588 6022 2273
f 9803 12072 1808
f 6062 9800 9799
f 7474 12316 7138
f 6128 7832 708
f 12317 2107 2058
f 12078 6167 9846
f 2122 12317 2135
f 7850 6183 9855
f 11148 12318 12090
f 9341 8959 704
f 6885 13067 4565
f 12315 12465 11470
f 12492 11379 9022
f 6197 12319 2194
f 7145 12015 8342
f 12629 7913 6201
f 12605 6203 9250
f 6201 13001 5453
f 571 11884 13246
f 3528 9866 4478
f 12649 9370 7888
f 12649 12322 9370
f 7914 9370 12322
f 7889 9880 6073
f 4574 8927 13235
f 5117 5829 5097
f 12442 11849 12440
f 11849 12442 10230
f 12524 12883 12525
f 1060 4556 5058
f 8009 12147 7252
f 6311 4130 12466
f 12747 10996 7335
f 10940 9943 1162
f 12243 9949 10919
f 12325 7182 9953
f 406 3966 3991
f 12326 6278 11602
f 4285 12041 12673
f 8838 7201 12144
f 11958 11441 9991
f 12489 12243 10919
f 12282 1123 6658
f 10025 8370 10024
f 12295 6466 11112
f 12654 12501 7500
f 12074 5594 5891
f 12330 7659 4526
f 10079 1452 1749
f 10882 8933 10089
f 5866 5862 1824
f 5996 9093 4693
f 11934 11932 2626
f 11936 2809 2874
f 236 10134 235
f 10135 13092 8569
f 10148 13220 11203
f 13317 8632 13388
f 12451 10165 10865
f 11637 9043 6386
f 12175 11295 8223
f 9412 12374 8657
f 6402 12484 12643
f 12334 8027 10183
f 12145 11162 10190
f 12333 12258 8170
f 10502 12258 12333
f 12333 10162 10502
f 12334 10194 9095
f 8181 12172 12374
f 246 12335 245
f 10324 10210 12335
f 8821 8227 8430
f 3890 12336 3633
f 6906 12336 11478
f 11311 12033 8250
f 12370 10925 8250
f 7361 13392 6625
f 613 12026 8263
f 8265 12337 7355
f 11075 12337 10705
f 6409 8267 10223
f 10230 12338 11849
f 10234 12339 323
f 12340 10958 546
f 12341 6301 12108
f 6301 12341 10240
f 10673 10246 11340
f 12342 12474 13200
f 55 12187 54
f 12187 55 12444
f 10254 12343 7141
f 12341 7141 12344
f 8384 12344 6463
f 12343 10535 12344
f 3799 12427 4062
f 10603 11576 10143
f 876 875 7116
f 11302 12175 8103
f 12175 8234 8103
f 12347 8484 557
f 8478 3316 3319
f 8586 11947 10906
f 11947 8586 11436
f 12348 11437 10303
f 8593 11206 8052
f 11199 8052 11206
f 10322 12350 11202
f 7279 12350 8059
f 12351 6929 11456
f 8255 12032 11301
f 4086 10329 8629
f 6974 8630 6956
f 12484 10179 6480
f 8640 12353 10829
f 7003 12332 8165
f 464 12356 8681
f 12469 11284 10522
f 859 8294 11330
f 9210 8787 12343
f 6463 12344 10535
f 7427 12357 7059
f 8292 12358 8395
f 12267 48 49
f 8062 12360 8006
f 12361 11213 8065
f 12362 8173 10432
f 10446 12926 8960
f 12463 10461 6402
f 6402 12521 8265
f 4619 13408 10157
f 10992 6954 6306
f 4578 12485 6958
f 10470 12364 9021
f 12315 10760 9024
f 7335 8163 13215
f 11084 11401 11400
f 6679 12955 12870
f 12256 12115 12594
f 12493 12287 11800
f 10660 8704 9102
f 6357 10501 10940
f 8707 12258 10502
f 12524 10509 11756
f 6712 3883 9157
f 12262 840 10521
f 3851 12409 11703
f 8799 12185 4281
f 12185 8799 12292
f 10577 12236 9996
f 12368 10588 12564
f 7290 1076 762
f 12733 12370 7355
f 5137 12370 8250
f 9395 12383 11618
f 5160 11092 11078
f 7300 11483 12710
f 12374 10632 12375
f 12172 10632 12374
f 9415 5189 9416
f 10639 12376 13103
f 11488 6656 12286
f 11277 12594 12115
f 8693 6311 12712
f 12367 10498 9120
f 3430 11217 3672
f 10192 6283 8172
f 12362 4045 8172
f 12401 3715 11511
f 1254 13325 1253
f 9514 6785 9537
f 11826 4347 9540
f 950 12379 10687
f 12046 9550 932
f 12296 11391 8448
f 1372 669 1533
f 442 12488 11617
f 10461 12303 10705
f 12136 1406 11660
f 7851 10719 9632
f 12048 10723 7518
f 1449 7606 10071
f 6095 2070 1468
f 12061 9366 7668
f 12651 6902 7677
f 1559 10618 9744
f 1893 1630 1631
f 9797 11877 9823
f 6049 2276 1878
f 6356 10191 3305
f 10144 13093 3348
f 12333 6283 10192
f 435 12745 10807
f 4286 12384 3429
f 12385 10822 6303
f 11487 1147 10832
f 8108 12386 11127
f 6382 12253 768
f 12366 6382 13046
f 768 12253 12254
f 12254 12253 4143
f 6342 12336 6906
f 12336 6342 10209
f 3633 10209 10835
f 10928 11003 11482
f 3538 11277 10848
f 6303 13387 6352
f 13319 7044 12914
f 13315 5070 11578
f 3557 6483 11892
f 12105 6483 10853
f 10352 6440 6683
f 11458 13107 11467
f 254 12303 12167
f 12167 253 254
f 10871 12217 12887
f 12190 10949 9197
f 12391 7142 6761
f 10534 11354 12392
f 8017 10311 426
f 12483 12393 12795
f 3480 12795 12393
f 10179 12393 12483
f 11345 9982 13113
f 12345 12268 3857
f 1318 11736 12394
f 6791 3686 363
f 4559 10210 10211
f 6574 12204 8566
f 12396 10131 6586
f 4004 418 411
f 12791 3416 6585
f 12348 12787 11438
f 12168 323 6889
f 12349 8595 6419
f 12397 10313 6592
f 12272 10916 8616
f 10918 10329 13108
f 6627 11902 12363
f 11475 10340 3441
f 6518 12395 6642
f 12967 11390 12768
f 12190 7122 3762
f 10955 12040 1162
f 8396 13116 12109
f 4870 8298 4314
f 8254 9375 8626
f 11907 734 6952
f 11764 9612 11768
f 9612 11764 11636
f 328 6974 3660
f 11615 12245 10994
f 6404 11001 7343
f 11319 13276 7571
f 11811 10037 12280
f 10652 10475 12302
f 3896 7007 11897
f 13227 11011 4683
f 4236 12184 3689
f 12401 4243 10668
f 10020 4848 4826
f 12341 8384 10240
f 12358 10386 10959
f 12325 11531 7182
f 11531 12325 9954
f 7202 11345 7971
f 7355 12337 12437
f 12437 12733 7355
f 11075 12510 10607
f 7341 11763 1088
f 11916 12402 10042
f 10895 11581 10932
f 11085 9918 12036
f 12286 11658 10937
f 7596 481 12516
f 59 11979 58
f 12316 11519 7138
f 10558 3793 6807
f 6474 7140 12404
f 7140 6474 11112
f 11115 5416 5403
f 5438 12405 4958
f 11119 7539 10201
f 1557 9771 9742
f 5137 5514 12406
f 11130 12406 5514
f 12255 8125 1129
f 11852 11851 11134
f 12405 5438 10748
f 11882 6185 12305
f 12305 12980 11882
f 291 10118 292
f 12408 12753 7956
f 6356 6248 13389
f 3549 7957 12228
f 12345 12331 11162
f 12331 7974 7956
f 7978 12296 9566
f 11430 11188 12146
f 11207 8026 10130
f 10296 8026 11207
f 7999 11207 10130
f 7999 11171 10149
f 10414 3370 11171
f 12412 11173 11970
f 11947 11431 11423
f 6845 11166 11182
f 12018 12878 8011
f 167 12231 166
f 170 12149 169
f 4465 3371 12150
f 11564 12416 8014
f 12891 12416 11183
f 6270 12755 8014
f 13162 11185 5052
f 12272 11575 8018
f 10194 12334 11495
f 10194 11495 73
f 11260 11198 10379
f 273 7963 272
f 3754 3396 3849
f 12753 8038 10400
f 12763 10400 8038
f 12418 10424 12965
f 10424 12418 11199
f 8050 12419 7279
f 12419 11202 12350
f 11203 8059 8593
f 157 158 12155
f 11199 12459 12155
f 157 12155 12459
f 12350 10322 8593
f 12146 10151 12149
f 10151 12146 10296
f 11209 154 155
f 11211 12740 6586
f 11436 8586 10973
f 11207 13237 8065
f 10151 12422 12149
f 12422 10151 11213
f 10704 10623 12381
f 12003 6386 330
f 357 12392 910
f 12424 13259 10603
f 6955 9020 6957
f 10994 12242 12425
f 10639 11794 10172
f 11225 1147 11487
f 4120 7003 8109
f 8070 10305 11229
f 10596 10306 12727
f 152 12176 151
f 6331 10174 7010
f 145 12166 144
f 7010 12426 6331
f 12426 7010 4154
f 11235 12166 12900
f 4173 12092 10938
f 12426 12166 10280
f 10461 12463 11245
f 12643 12463 6402
f 11253 72 11495
f 3417 12427 3799
f 10914 12427 12420
f 12420 11210 10914
f 8119 12169 3489
f 10832 7396 6311
f 65 12428 64
f 10585 12428 11356
f 4181 9349 12759
f 7974 12408 7956
f 12408 7974 11382
f 6252 9984 13391
f 12228 12429 3549
f 10124 6804 6252
f 61 12400 60
f 8170 12171 8089
f 11263 9907 11261
f 12171 11261 9907
f 62 12430 61
f 11263 12430 11262
f 3551 6769 11264
f 8173 8940 10432
f 8174 12431 11951
f 12757 11952 4044
f 12432 11976 6471
f 3674 10229 8187
f 12176 152 12434
f 8231 12435 12436
f 13103 12436 12435
f 12174 8231 11300
f 12436 11300 8231
f 13103 12376 12436
f 11398 151 12176
f 12175 6906 8234
f 11302 11295 12175
f 11257 10494 12696
f 10858 6520 11899
f 10607 12437 11075
f 12509 12733 12437
f 6288 12962 3481
f 12422 11317 12231
f 11317 12422 11213
f 12389 10222 10813
f 9932 4070 6617
f 10330 12399 4070
f 12399 10330 10918
f 12762 9999 12438
f 12438 718 717
f 5515 12439 8266
f 5514 5137 12439
f 11604 12399 13058
f 11605 6579 8278
f 11321 12509 12669
f 12509 11321 6632
f 6632 12381 9613
f 10925 6632 9613
f 262 12440 261
f 12433 10026 7539
f 264 12442 263
f 10230 12442 12189
f 11126 11073 11150
f 11846 11617 12488
f 12184 12121 3689
f 3701 11509 3586
f 12185 10539 543
f 10872 12443 11018
f 7202 10557 11345
f 60 12191 59
f 11979 59 12191
f 7059 12357 10384
f 11979 10384 11350
f 12357 11350 10384
f 13293 910 11355
f 11355 8350 13293
f 13305 11354 10534
f 12445 8552 8379
f 3786 12193 3782
f 10879 3786 3743
f 4041 8380 12642
f 12642 8600 11359
f 6470 12447 10088
f 12447 6470 8933
f 11363 10673 8389
f 268 12519 267
f 8388 12450 10251
f 12195 3422 10814
f 10260 12451 6976
f 10165 12451 3422
f 12451 10260 3422
f 11971 10326 12032
f 11209 12154 13118
f 12419 8050 10150
f 11202 12419 13118
f 11372 12452 3703
f 8262 6624 13392
f 3677 12401 11511
f 7127 6448 6371
f 160 12454 159
f 12346 12222 11382
f 11384 7974 12331
f 7974 11384 8441
f 12268 12345 12145
f 13113 9982 6804
f 270 12197 269
f 12345 12773 12331
f 4824 876 7116
f 4260 12793 11394
f 12455 492 3815
f 12455 9975 828
f 3815 6712 12455
f 11403 12456 7005
f 766 7005 12456
f 461 11401 3896
f 11404 12758 4157
f 8657 8231 13398
f 11405 12457 11299
f 11337 11299 12457
f 11411 3894 12199
f 12199 7508 11411
f 12013 3909 7453
f 12013 11514 3909
f 3718 13158 8438
f 10565 10908 3374
f 13306 11429 13162
f 10906 11423 4004
f 3416 12791 6270
f 12202 10299 13105
f 12150 10300 11184
f 11192 4039 6920
f 11172 11208 3370
f 8576 12090 3372
f 12090 8576 11148
f 10219 8057 10307
f 8052 12418 12983
f 3410 13308 11956
f 12458 8059 13220
f 157 12459 156
f 12460 8936 4517
f 12462 12461 12776
f 63 12461 62
f 12462 62 12461
f 8656 3804 8654
f 6342 11954 10209
f 9910 10838 6294
f 10989 12975 10327
f 13388 10152 13317
f 12361 11216 12415
f 10334 11463 12744
f 436 12744 10886
f 6974 6621 11471
f 12167 11245 11231
f 12463 12643 11314
f 6630 8635 12465
f 8091 10165 12195
f 8108 11127 10827
f 6965 6030 719
f 12354 11474 10166
f 13102 3890 13125
f 12375 12457 11405
f 10343 12758 10633
f 9917 10277 7007
f 10277 9917 10044
f 13110 11402 761
f 11484 13191 12332
f 12365 6991 305
f 12456 10634 10043
f 10634 11403 10044
f 6683 10346 11487
f 12102 12036 6656
f 12036 12102 6682
f 460 12211 11650
f 11251 11489 12645
f 11976 12432 10810
f 10491 477 11189
f 11190 7397 7026
f 11286 11283 10496
f 10502 12006 10513
f 6366 1160 8708
f 8709 12468 6503
f 10 12469 9
f 12469 12009 9
f 3595 4241 4774
f 12013 8488 8763
f 11381 10249 6818
f 11342 7127 8352
f 12216 4845 11703
f 12470 10951 4272
f 11519 12407 7899
f 12474 13324 9214
f 10051 11980 12918
f 8800 11365 12188
f 12863 10386 6301
f 12108 6301 12358
f 10386 12358 6301
f 4318 13284 7185
f 12450 11528 11347
f 11528 12475 11347
f 3793 10558 10878
f 12404 7202 7971
f 10557 7202 8814
f 12295 10250 7201
f 12476 11530 10391
f 11411 6516 10027
f 3855 7182 11532
f 12329 10028 11535
f 8816 1293 11549
f 1293 8816 12790
f 563 13323 6798
f 11543 8842 8815
f 12226 4924 8846
f 12314 11870 1254
f 3928 8863 3937
f 12446 11187 4429
f 10255 10970 8379
f 8023 8379 10970
f 10413 8015 6874
f 678 11572 4499
f 168 12231 167
f 12361 12415 11317
f 12231 11317 12415
f 11317 11213 12361
f 6587 8592 8587
f 8586 8587 10973
f 12207 11436 11320
f 12948 11212 10131
f 11413 10088 12447
f 12233 10882 13153
f 8933 12477 8019
f 12477 12233 11753
f 10281 13153 3790
f 3348 13093 11576
f 159 12478 158
f 12155 158 12478
f 12454 10424 12478
f 11259 12388 6901
f 10982 12650 12234
f 12650 10982 10189
f 12428 65 11356
f 10585 8381 10188
f 10842 12479 12362
f 12479 10842 10257
f 64 12480 63
f 12428 10188 12480
f 12235 1564 4530
f 12133 7373 11581
f 433 3541 11201
f 11454 4059 10320
f 4545 709 6610
f 12415 11216 11465
f 3653 13107 9930
f 10459 12239 11999
f 12762 6395 6624
f 8265 12484 6402
f 10179 11130 11610
f 11130 10179 12484
f 3531 12393 11611
f 11610 11611 12393
f 163 12425 162
f 12425 12242 12490
f 11633 11470 11972
f 11221 440 10156
f 6958 12485 734
f 11614 12485 6475
f 164 12486 163
f 11615 12486 12244
f 11465 12244 12486
f 6976 12114 8393
f 12245 8393 12114
f 12486 11615 12425
f 10064 12487 1095
f 12487 10064 10065
f 442 11617 4593
f 9809 12784 6966
f 4579 11606 8630
f 11766 10609 9018
f 11614 12243 10469
f 12489 10469 12243
f 12485 11614 6952
f 162 12490 161
f 11634 161 12490
f 11634 12490 11628
f 12250 11628 8281
f 13059 4620 11629
f 12364 13121 9021
f 12250 9021 13121
f 12370 5137 12406
f 11635 5159 8645
f 9727 13384 790
f 12481 11793 11584
f 12482 11065 10434
f 11478 12336 3890
f 9928 10007 12102
f 11337 11794 11299
f 10625 9070 10930
f 8158 7385 12135
f 11658 783 9089
f 12493 10494 12287
f 12035 71 11253
f 10810 6692 11196
f 12169 11189 10356
f 12796 5204 478
f 5204 12796 11658
f 7027 3542 8162
f 5206 5189 5205
f 10850 3573 11088
f 130 12772 129
f 12430 11263 12400
f 3425 12006 12091
f 10187 12117 12157
f 11680 12117 13397
f 12377 8602 11447
f 4526 9115 11923
f 10508 11923 9115
f 12498 11678 10654
f 4720 12500 12516
f 11097 12516 12500
f 12006 12119 10513
f 9943 10940 10501
f 11683 12059 7721
f 7112 3874 9186
f 3726 10373 6437
f 3727 10373 10245
f 5572 8767 8759
f 12196 8450 7963
f 11290 12763 8038
f 4845 3284 12143
f 11702 12410 3284
f 10674 8348 10230
f 12514 10650 10713
f 10676 12501 10533
f 12503 11706 909
f 12472 12316 8782
f 12471 11709 11518
f 3782 12097 3786
f 11715 12097 11714
f 9209 11714 12391
f 12097 3428 3712
f 12265 9209 6429
f 56 12192 55
f 12192 10536 12444
f 13324 8076 9214
f 10390 556 12520
f 7187 12506 10961
f 563 12703 936
f 12017 10754 4901
f 12394 10272 3861
f 10250 13113 6259
f 11346 10878 10558
f 10878 10557 8814
f 7200 948 10390
f 5393 9259 9513
f 271 12411 270
f 11260 11382 10126
f 10270 3549 12429
f 8873 4419 4406
f 6550 11166 6845
f 11181 7233 8009
f 12182 12414 6273
f 8407 1006 12508
f 12670 12508 1006
f 10783 12627 2203
f 1058 2203 5050
f 6396 7273 7277
f 5061 11956 4062
f 11575 12272 12706
f 12427 10914 5061
f 13221 9910 1064
f 12161 6537 8497
f 12461 63 12480
f 11266 8173 11443
f 12388 11059 4181
f 10791 7286 12497
f 11683 9121 9122
f 11446 800 3548
f 66 11356 65
f 11356 66 12273
f 10632 10585 12273
f 10632 12172 10585
f 12947 10042 12402
f 9368 10210 4559
f 8255 12275 9375
f 10699 10460 9606
f 12454 160 11948
f 12276 11762 5119
f 12669 12509 10607
f 12733 12509 6632
f 256 12277 12552
f 12277 10607 12510
f 7340 4635 11636
f 7341 10467 9018
f 4625 9458 10655
f 12051 11125 5159
f 10710 12383 9395
f 7413 10613 11078
f 11092 12301 12371
f 11125 12371 12301
f 7354 11812 11773
f 9038 8644 5100
f 12300 718 5150
f 12277 257 12181
f 257 12277 256
f 12281 13077 12876
f 4634 11074 11773
f 69 12512 68
f 11781 12511 11784
f 12511 11781 6657
f 10277 10007 7007
f 11643 1563 7374
f 12972 7371 4650
f 11402 11783 10635
f 11790 430 11792
f 12710 11585 7300
f 11585 12710 11792
f 12373 12165 10631
f 7373 4532 10932
f 12758 10932 4532
f 13239 13115 12273
f 12374 12375 8657
f 67 68 13239
f 12512 13239 68
f 71 12035 12766
f 12211 9069 11650
f 12055 10638 9416
f 11487 10346 11225
f 12466 10352 10832
f 11805 11797 9092
f 9091 12284 7376
f 11803 11799 9419
f 1131 6687 11490
f 12115 10642 8190
f 479 12513 3582
f 10356 6311 7396
f 8035 11254 8155
f 8155 10490 8027
f 5180 11799 11800
f 11798 11496 7398
f 12767 11488 10937
f 261 12441 260
f 12441 261 12440
f 12792 8290 11325
f 12514 4176 10227
f 7592 10890 480
f 10497 4701 11013
f 12494 9120 10498
f 12163 11812 480
f 10711 13403 12289
f 539 12977 10047
f 11679 9515 11097
f 12517 4176 11035
f 11809 10715 10714
f 6302 8289 10357
f 7421 11236 12124
f 12292 7419 10539
f 10513 10385 12218
f 12327 12390 3774
f 5759 12065 4704
f 791 4704 12065
f 12430 62 12462
f 11262 11443 12378
f 11443 11262 12462
f 265 12189 264
f 12189 265 12194
f 10674 12189 12194
f 12449 10674 12194
f 12501 2277 11822
f 12449 12194 10726
f 266 12194 265
f 12137 12507 11829
f 11829 11740 1290
f 269 12475 268
f 12475 11528 12519
f 6785 11738 9537
f 11363 13382 11960
f 11362 12450 12761
f 12450 11362 11528
f 10684 12520 13270
f 12654 10686 12294
f 10861 9546 9654
f 12057 11834 9661
f 12537 6532 12297
f 12297 10546 1339
f 12298 982 7645
f 12922 9295 11966
f 12488 442 11767
f 9612 12383 11768
f 12383 9612 11618
f 10620 10474 9039
f 6983 10620 9039
f 12439 11611 5514
f 12337 8265 12521
f 8266 3657 7360
f 11957 255 12510
f 11848 11132 12131
f 263 12440 262
f 12792 12780 11849
f 9630 12792 12338
f 11013 4701 11850
f 12139 11852 5550
f 5545 11879 10658
f 1412 10654 12291
f 1449 10071 1450
f 12307 9654 7490
f 267 12308 266
f 12194 266 12308
f 9542 12505 11828
f 11828 9514 9542
f 11037 11828 12505
f 8445 10690 1298
f 11835 12561 9664
f 4962 12023 12198
f 9716 5552 5753
f 7535 7205 4930
f 10744 10750 12750
f 6003 10758 5361
f 13367 12491 9022
f 11869 6630 9024
f 5903 9813 7744
f 2049 11877 9797
f 10787 5551 11880
f 438 436 10886
f 11463 8241 10338
f 12744 11463 6620
f 6389 10775 12897
f 8241 10774 10337
f 8636 8635 6630
f 9022 12491 11901
f 11987 12788 4971
f 12224 12320 9875
f 12223 4345 572
f 12320 7219 9875
f 7047 12515 13122
f 7593 11096 5227
f 2213 12407 11519
f 5545 9857 11886
f 9857 5551 10787
f 12522 11881 10788
f 7478 4853 10679
f 9003 6977 12246
f 7326 11885 9817
f 3571 12526 7394
f 3806 3977 6858
f 12787 2182 11438
f 683 6876 1048
f 12570 762 3420
f 344 3446 3527
f 4316 8818 12872
f 13090 8958 4553
f 12530 4463 3460
f 7133 12532 7134
f 12686 8370 10025
f 12533 4876 4867
f 3939 12534 4418
f 1007 5484 1357
f 9382 5104 5826
f 3542 7030 7398
f 12538 5655 7664
f 1783 12529 1683
f 1741 12539 1175
f 9730 603 1783
f 1744 12540 1838
f 1874 5995 13331
f 5996 12543 10493
f 12544 5986 6035
f 1929 5838 5846
f 12071 6077 9819
f 5362 6152 7836
f 2146 2084 2097
f 2130 6144 2154
f 10100 12545 2170
f 12546 2170 2171
f 2168 12546 2297
f 12546 2168 12547
f 12548 576 7639
f 1722 2267 1723
f 2269 2303 1724
f 2525 69 10112
f 2675 10112 13251
f 2409 2552 2551
f 80 79 12818
f 2578 3216 2729
f 2578 2729 2571
f 2600 2934 2598
f 39 38 2783
f 2799 12551 2800
f 2631 2477 2634
f 2511 159 2327
f 2664 2386 2667
f 2740 12553 2742
f 2470 2358 2798
f 2363 12551 2799
f 255 2386 12815
f 2872 12551 2627
f 2412 2554 2918
f 2948 3011 7941
f 12554 3080 3105
f 2685 2825 3051
f 2412 2918 2991
f 2991 2411 2412
f 12553 2743 2742
f 3064 3136 7949
f 12556 3043 3140
f 3165 3136 3038
f 3168 12557 3175
f 12558 3180 3167
f 12558 3183 3180
f 12559 2936 2937
f 2844 2931 2580
f 1352 3301 4999
f 3420 12527 12162
f 3623 4153 8225
f 7960 12561 8288
f 3674 10228 10229
f 12563 3727 4807
f 12600 7457 3747
f 13254 9957 10252
f 10257 12564 10588
f 12565 10259 1115
f 1837 5561 12540
f 12540 1744 1837
f 8530 12568 6269
f 8563 12569 674
f 9922 765 12946
f 6668 12682 13127
f 11679 12571 10068
f 12572 339 8721
f 8061 12573 8243
f 8492 8493 8759
f 6777 12574 12871
f 4401 12802 4398
f 12576 12128 5004
f 12626 9330 6344
f 8571 10410 13240
f 6072 12541 1956
f 8936 12577 13286
f 7314 12581 4549
f 7886 4553 706
f 4606 11928 9827
f 12583 5064 7057
f 5878 12584 5877
f 5877 12584 13334
f 1151 9445 4728
f 8729 12586 7078
f 3637 12633 7087
f 8457 12531 3744
f 13198 12600 4261
f 8767 8492 8759
f 10554 568 8830
f 8512 12588 8873
f 613 8879 12026
f 12589 12704 627
f 7238 12590 7748
f 1007 1354 5484
f 12590 5007 3968
f 1039 12535 5035
f 13330 7366 9046
f 8125 7379 11239
f 4676 1134 9431
f 11496 3542 7398
f 12582 4692 5208
f 5237 12931 9445
f 3579 6369 3575
f 4711 10507 12595
f 12596 4738 4740
f 4769 12597 7444
f 12599 4789 5564
f 525 7108 9497
f 9185 12600 6748
f 12601 903 9193
f 5345 5344 1757
f 4293 4294 8806
f 5416 7514 5407
f 6493 12604 1494
f 4432 12606 9590
f 1009 8542 1358
f 13096 10713 10650
f 12549 1613 5251
f 1613 12549 1614
f 12713 1449 1450
f 5573 9192 12306
f 12657 4943 2000
f 584 12537 3300
f 7266 12536 1791
f 5113 12846 5112
f 1710 11143 9710
f 5662 12611 12065
f 1192 5263 1431
f 11911 1630 897
f 903 12702 1645
f 12603 1653 5389
f 7620 5362 7836
f 12612 9656 9761
f 12801 1667 5792
f 1331 12613 4930
f 3301 12607 1516
f 5851 1722 1723
f 12808 1565 5526
f 9752 12615 7742
f 1175 12539 5881
f 5958 12539 12993
f 12616 10086 5961
f 1849 1898 1659
f 9656 1772 1774
f 5649 9123 12617
f 1873 5953 5866
f 12540 4897 5764
f 12619 5966 5795
f 6083 12621 1806
f 6022 6037 1912
f 6037 6022 2026
f 1916 6025 2119
f 9784 5946 5951
f 12542 12543 5956
f 12543 5996 6048
f 12618 2311 1945
f 12621 5821 1806
f 6140 13267 12622
f 12623 9807 7809
f 12942 2054 2055
f 5921 7821 2136
f 370 2175 588
f 4481 12624 1042
f 1047 10974 11378
f 12584 1604 4719
f 1337 12625 983
f 12626 6344 2180
f 12626 4012 3528
f 12627 9340 12628
f 1436 5263 1207
f 12619 2260 5966
f 2265 10797 2307
f 12631 1409 1151
f 13328 5639 5813
f 12865 6640 3452
f 8113 3457 8099
f 9425 6348 12615
f 13019 857 3595
f 857 13019 9174
f 12675 8461 6441
f 6384 3450 8097
f 12633 8233 7086
f 4254 6436 4257
f 4810 12531 4804
f 11090 9099 9455
f 12635 6535 1339
f 3917 13232 3915
f 10282 12567 6545
f 11171 12636 3382
f 10256 8577 6578
f 6909 3406 6291
f 4115 6648 7304
f 4134 6676 12173
f 12637 476 4169
f 6484 3806 6858
f 4465 12640 3371
f 6850 12641 13066
f 8600 12642 6895
f 7314 6928 7915
f 7367 6988 6987
f 762 12527 3420
f 12645 12467 11251
f 7383 9425 12615
f 4770 4768 3832
f 12598 12848 13030
f 9170 4773 7093
f 8341 4276 4277
f 917 12877 12933
f 12648 12647 7192
f 12647 3352 6797
f 4965 4270 3761
f 12640 6403 3656
f 12627 12322 12649
f 12322 12627 10783
f 9599 12650 7287
f 12651 7286 9352
f 5065 12651 9352
f 11061 10984 4527
f 1074 4115 7304
f 6994 12652 7288
f 5125 7351 1090
f 11074 5122 11773
f 5180 12976 12645
f 10641 11845 3853
f 11851 12847 11134
f 10792 11817 8713
f 5234 9133 1167
f 6748 12600 13198
f 12654 2277 12501
f 12997 7533 13138
f 12613 7535 4930
f 12655 9124 11122
f 7653 12656 7557
f 10698 12970 5504
f 9679 12925 1869
f 7665 5086 4057
f 12592 1859 5652
f 1120 9615 5173
f 5509 7665 4057
f 5977 1859 12592
f 5586 12657 2000
f 9877 12658 7832
f 11927 12659 9828
f 12622 7836 6152
f 11593 12981 11435
f 8959 4549 704
f 917 1481 5353
f 7906 12660 2209
f 2576 3216 2574
f 7930 2664 2667
f 12555 7942 2685
f 12823 7944 2392
f 13254 10288 9957
f 375 3299 8045
f 6854 3808 7237
f 11205 12663 8258
f 8060 12573 8061
f 12664 10205 6392
f 332 12570 3420
f 6299 13222 12209
f 12527 8232 12162
f 13233 3510 6513
f 10177 10641 3853
f 12667 3466 3407
f 11252 4989 11557
f 8154 11557 4989
f 80 8085 10202
f 8085 12665 8210
f 3573 3572 11297
f 293 12573 292
f 8818 4316 10216
f 11321 12669 12718
f 12634 8505 3685
f 12121 12184 10235
f 8344 8457 3744
f 31 12672 30
f 12672 31 8358
f 12327 12673 13111
f 12674 8343 6771
f 12634 3647 8505
f 8430 11116 9663
f 3289 12894 8434
f 13309 12675 6441
f 99 8494 98
f 6679 6530 11410
f 10137 8017 426
f 11556 12676 10856
f 12677 8058 11348
f 6260 3397 6412
f 3789 4447 13178
f 3999 3972 630
f 10256 6578 3630
f 12678 10297 10909
f 4024 12679 4027
f 11575 13094 4041
f 3651 3406 8612
f 12680 13395 6930
f 11398 8103 13191
f 3419 12681 8067
f 8675 12682 10349
f 8113 8099 6663
f 6674 4141 6675
f 8150 7687 7683
f 12683 9614 5699
f 6684 8686 4160
f 3492 6660 3491
f 804 12684 3860
f 13405 8797 12007
f 8797 13405 7158
f 12119 12673 12041
f 7436 12685 12799
f 12572 3358 339
f 4279 12686 8371
f 3773 12687 4280
f 9241 4320 560
f 12534 3939 3940
f 12588 8512 380
f 6839 8054 3307
f 12774 12895 6842
f 12606 4431 5476
f 13015 3959 7543
f 186 12200 8001
f 8895 3999 630
f 12890 8407 7993
f 3825 4009 3359
f 10412 3359 4009
f 8935 12690 8287
f 11244 10983 12093
f 7290 3467 7291
f 1386 7601 1542
f 8957 8966 1078
f 7312 12691 6931
f 10325 4065 11367
f 4511 6885 4565
f 12326 11602 11369
f 12868 12326 11369
f 12644 12001 3649
f 192 12566 191
f 750 8392 749
f 1712 9054 9057
f 12609 9057 9054
f 12252 12694 13080
f 768 10482 3621
f 6655 4127 6666
f 12637 7385 476
f 10764 3889 7032
f 12719 12697 13206
f 479 7402 788
f 4177 7146 7147
f 7876 12585 4719
f 4721 12698 1556
f 9597 4541 13374
f 9126 12595 7050
f 7897 12496 7061
f 4729 484 4183
f 12700 12675 809
f 12833 9174 516
f 12599 5289 5291
f 3874 7111 9186
f 10020 3736 4262
f 4262 8775 10020
f 6438 8502 9195
f 12701 6450 11033
f 4266 3871 1243
f 9201 12902 7132
f 1246 12702 1244
f 12917 9941 11704
f 8371 12686 10023
f 9519 793 7154
f 8396 12863 4286
f 12602 4307 11983
f 6535 12635 9527
f 12574 4884 4312
f 12647 4896 3352
f 4896 4192 12703
f 12751 9253 4346
f 11048 12605 9268
f 12934 6243 6245
f 613 12923 8879
f 5001 7234 8264
f 13066 7861 5004
f 7989 8542 9303
f 4438 12704 12589
f 12590 7238 409
f 6347 12862 13007
f 5486 12845 3944
f 188 7994 12924
f 12640 7250 3371
f 5001 12705 1025
f 675 12591 11571
f 13128 5050 12803
f 12651 5065 6902
f 12708 6610 6938
f 12709 8276 8277
f 5117 12614 5092
f 9404 1108 9398
f 1100 12034 9397
f 11074 11128 4631
f 12710 11483 11647
f 5175 1120 5173
f 12282 12711 1123
f 12711 12282 11806
f 9413 1123 12711
f 9415 10638 9075
f 12695 12282 9418
f 6668 13127 10351
f 4134 12173 471
f 8125 11239 8136
f 9437 1133 7389
f 9431 5192 4676
f 5192 9431 4681
f 13406 11903 13356
f 8692 12910 13406
f 9444 4696 1150
f 8196 3579 3575
f 10506 7417 5229
f 12685 7436 5238
f 1182 9480 1181
f 12563 10873 3727
f 5288 4254 4257
f 12599 5291 4789
f 5568 12713 10079
f 12601 12715 9503
f 9652 5349 4284
f 12635 551 9527
f 7618 8812 9532
f 13311 3785 10678
f 4274 13311 10678
f 9567 5441 5616
f 12606 5476 9296
f 6891 12717 11752
f 12707 7559 1065
f 11214 12718 12181
f 12695 11806 12282
f 12703 4192 6710
f 4331 12648 7192
f 1304 13086 1617
f 7115 9977 6747
f 5345 1757 11824
f 9652 4284 1480
f 6777 7903 4309
f 12721 1296 558
f 9662 7524 7632
f 5807 9730 1783
f 796 4539 5922
f 5113 5112 5680
f 6598 430 8942
f 6678 8150 7683
f 5535 5220 5538
f 9711 1710 9710
f 12305 6185 9637
f 12039 5224 5753
f 1646 1738 4716
f 12702 1246 1645
f 3877 7523 12023
f 12723 5661 7840
f 9392 5835 9404
f 12630 9749 5709
f 12615 6348 7742
f 10747 12724 10770
f 7753 12617 8287
f 12617 11056 5649
f 11866 1557 5757
f 1814 9746 5507
f 12725 1173 9473
f 1860 5652 9774
f 1863 1698 9776
f 4541 12699 13374
f 12707 12579 9124
f 12784 9809 10761
f 12544 6034 5986
f 12881 1541 1795
f 12684 4173 6693
f 12726 1901 8858
f 1952 1901 12726
f 1901 1952 6065
f 12622 13267 1655
f 7831 5583 12657
f 4953 12657 5583
f 6112 6111 5988
f 3380 2026 4588
f 10096 12726 6124
f 2050 9877 7832
f 8034 3842 10135
f 12727 7262 8574
f 12727 3842 7262
f 12728 11468 10923
f 12971 7886 706
f 7319 12274 7914
f 9935 11035 10713
f 13207 12715 5312
f 9779 12945 7827
f 6960 12001 12644
f 12658 10595 11885
f 5106 11760 5142
f 12632 5521 9901
f 6372 10376 6371
f 231 13254 230
f 674 12569 11571
f 784 7032 10010
f 10079 12713 1452
f 2487 2382 2645
f 2974 12823 2392
f 6692 7026 3483
f 11273 10150 11954
f 10162 12560 10163
f 6394 12730 9931
f 6588 12731 690
f 8159 12594 8189
f 12732 11088 8196
f 12733 10925 12370
f 12718 11214 8066
f 10842 12564 10257
f 12448 12734 10258
f 12643 12484 6480
f 11475 8095 6985
f 8818 10216 8240
f 8821 10394 7187
f 12617 8935 8287
f 12851 732 12249
f 3554 11782 5163
f 10492 12696 12493
f 9647 5309 13207
f 4923 951 8847
f 10063 10223 7565
f 12738 1090 1096
f 12720 12367 9120
f 12718 12669 12181
f 10713 13096 10712
f 7829 12739 12139
f 5492 1789 1533
f 8942 430 11142
f 4596 12784 10761
f 12581 5090 7871
f 9126 7060 12497
f 11929 2265 2307
f 9922 12946 6661
f 10838 6292 9912
f 12745 435 12326
f 12736 10820 10171
f 12667 10826 3466
f 6294 10838 9912
f 8167 9110 6330
f 10359 12741 3550
f 6393 12742 6320
f 613 3656 12923
f 13096 10247 10712
f 9939 10873 12563
f 7502 7140 11112
f 12743 12960 13304
f 7310 8021 10971
f 12709 13108 4086
f 12745 12868 437
f 10983 6901 7282
f 6625 10459 10039
f 6321 12747 10822
f 4621 6979 735
f 13318 12748 6353
f 11297 3572 11280
f 12646 6332 11016
f 12650 10584 7287
f 3648 8248 11272
f 6320 12742 10862
f 9396 12742 13217
f 11789 12750 11082
f 10635 11084 11400
f 5182 12976 5180
f 8700 12732 11286
f 12751 11738 5392
f 9569 12629 5453
f 16 8313 15
f 11550 5626 6454
f 10767 10770 12940
f 10784 7886 12971
f 3792 917 5353
f 11550 6454 11140
f 12689 7781 10406
f 10963 948 571
f 633 3991 632
f 12704 3967 3333
f 12754 12150 3371
f 10301 12755 6270
f 8960 12662 6281
f 12753 11260 10379
f 12746 3427 10817
f 10158 3433 8111
f 6976 8090 10470
f 8082 6304 11219
f 8659 10341 11007
f 8659 11007 11485
f 13102 3544 4657
f 12388 12759 7282
f 12732 3587 11285
f 822 12675 12700
f 6278 12760 10331
f 12421 10331 12760
f 12760 11212 12421
f 12670 12200 12508
f 10666 3705 12598
f 12671 12185 543
f 4813 11344 4260
f 8034 10135 8569
f 8383 3546 8381
f 8389 9512 13382
f 12587 11364 9225
f 10197 11209 13118
f 10337 8080 10338
f 11420 11351 3960
f 930 11399 558
f 10831 10894 766
f 6524 8809 12635
f 12705 8884 1025
f 12150 12754 10300
f 12737 651 4022
f 12759 7283 8180
f 8257 6288 10972
f 10333 12764 10221
f 10331 12765 11602
f 3654 8276 12709
f 8107 4079 11466
f 10341 11478 12668
f 3890 12668 11478
f 151 11398 150
f 12512 11337 12457
f 11794 12766 12035
f 12767 8670 11897
f 9068 11249 11489
f 11804 11085 8693
f 10939 11665 4178
f 8710 11502 10360
f 12967 12768 10790
f 12769 904 12797
f 12763 3849 3396
f 11399 12893 6791
f 559 9954 6520
f 11738 12751 10860
f 11549 11905 6814
f 11905 11549 1294
f 3284 6820 12228
f 3957 12534 4419
f 5000 8875 1000
f 12688 4426 6407
f 12958 12826 8093
f 186 8001 185
f 11183 12416 12705
f 6555 6307 7996
f 6266 11568 12944
f 12754 3374 9960
f 11413 10137 426
f 12478 10424 11199
f 10841 12757 10257
f 12402 11916 11083
f 4039 4064 703
f 4064 4039 3481
f 12730 11594 9931
f 8979 12692 13194
f 12868 12745 12326
f 11231 12770 11607
f 13241 13130 13213
f 13194 9012 4585
f 10464 720 8252
f 12908 12001 6960
f 7908 4613 4605
f 6352 12736 12385
f 11128 11635 4631
f 10706 10615 9381
f 12771 11768 11767
f 10635 11400 11402
f 12766 11794 11337
f 11786 11651 13399
f 10280 12166 13152
f 135 11494 134
f 12638 6505 7065
f 12684 10781 4173
f 12768 10944 10790
f 7046 10476 792
f 12698 8287 5121
f 7044 13319 12261
f 7060 9126 7050
f 12666 8124 8698
f 7069 4729 4183
f 13019 3595 4774
f 6451 8351 6750
f 8289 10871 10357
f 1258 12917 1256
f 5331 12917 10677
f 8386 7136 9461
f 612 12774 11745
f 612 7234 12774
f 11179 12774 7234
f 11433 1047 11378
f 12656 8949 7557
f 12775 3799 4063
f 12480 12776 12461
f 3648 11272 12133
f 12729 12402 11062
f 3650 12975 3653
f 12300 12777 12779
f 1098 11625 12738
f 11763 5124 9399
f 5138 9399 5124
f 12653 7353 10468
f 12778 3680 12653
f 7342 12779 5135
f 12712 6311 10356
f 12440 12780 12441
f 7408 12781 11093
f 12756 11099 8443
f 5565 12714 5296
f 11698 12672 8351
f 7139 11706 11707
f 12735 11111 11546
f 5395 6807 3793
f 12639 4356 12528
f 1103 10700 1392
f 12783 12804 5522
f 12938 11851 7853
f 10976 12656 7653
f 12804 12783 5692
f 10435 5692 12783
f 1563 11082 12750
f 11585 12882 7300
f 10434 7300 12882
f 11134 12847 12403
f 12305 9637 5747
f 12289 12847 9717
f 903 1645 5578
f 12750 7673 10744
f 6462 9785 7781
f 12085 12784 9033
f 11885 6209 12658
f 708 12658 6209
f 12660 12080 2209
f 11880 7845 11517
f 8899 1014 1020
f 1745 1608 12993
f 2627 11939 2872
f 12786 3066 3179
f 10830 12982 3618
f 11895 13309 6290
f 3765 11033 6450
f 12619 12801 5792
f 12845 12069 1682
f 634 4444 4443
f 5217 7392 4695
f 12124 12789 7421
f 12660 7906 12541
f 2728 3216 2576
f 3366 12148 4010
f 7063 8072 11223
f 12776 12480 10188
f 10384 11261 7059
f 4916 3876 8459
f 6679 11410 3488
f 3333 8529 12704
f 11431 418 11423
f 4586 12130 12987
f 10699 10702 4586
f 4900 3292 10754
f 12693 13297 3463
f 12694 12252 7371
f 3595 857 9177
f 12601 12702 903
f 8396 4286 6780
f 12128 13066 5004
f 9594 8557 9326
f 12627 12649 9340
f 10322 13294 11206
f 11443 12776 11266
f 10651 12780 12792
f 12780 10651 12441
f 12909 3529 13042
f 2049 9828 9855
f 2049 9855 6183
f 4012 10778 7863
f 6311 12466 10832
f 4285 12673 12327
f 12786 3140 3066
f 12474 12258 8707
f 10673 11363 12734
f 8835 13312 571
f 10446 8960 10447
f 4514 12851 12249
f 774 12989 3905
f 12218 8707 10513
f 255 11957 254
f 12139 12739 5549
f 9868 3844 12382
f 10923 12382 3844
f 4004 411 13105
f 156 13294 12154
f 12255 1129 10353
f 8521 11891 3404
f 10149 11171 3370
f 3404 3334 6550
f 3334 3404 11181
f 4335 13124 3834
f 11575 11359 8018
f 8063 8064 13123
f 12759 12388 4181
f 12493 12696 10494
f 8290 12792 9630
f 12441 10651 11326
f 12761 12449 10726
f 267 12519 12308
f 12773 11384 12331
f 12793 4804 11394
f 4804 12793 3874
f 3718 8438 13361
f 12740 6270 3347
f 8052 12983 11203
f 12765 10331 12324
f 10304 8110 436
f 10041 10895 10894
f 9917 7007 3896
f 12183 52 53
f 12183 11365 52
f 13284 12309 7185
f 13246 10963 571
f 12795 13107 12483
f 12784 12085 6966
f 478 5204 477
f 5206 5205 5210
f 12772 10496 129
f 1556 12698 5121
f 12794 4062 11956
f 12552 12510 255
f 71 12766 70
f 10346 12355 11225
f 10352 11487 10832
f 11325 10651 12792
f 10049 13397 3779
f 12780 12440 11849
f 10337 10774 11218
f 6416 11020 13223
f 12796 8697 8446
f 12957 3999 8896
f 12769 12797 4847
f 4931 13060 6508
f 4650 12798 12972
f 12799 7078 11917
f 4327 12800 7634
f 12801 5794 5622
f 9160 1426 7517
f 12803 5058 9765
f 10740 12804 9615
f 12805 3400 11860
f 12806 5744 5745
f 12807 798 799
f 12809 5702 5848
f 12810 5880 4751
f 1606 13242 1936
f 10727 361 13131
f 2085 12811 2084
f 12811 2096 2082
f 12811 2036 2084
f 2252 1723 2267
f 6885 6207 10784
f 5708 12813 11929
f 12815 2664 10116
f 12814 2390 12816
f 150 12816 2390
f 12817 2394 149
f 12818 2412 2411
f 12819 2449 2448
f 2629 13338 2480
f 2506 13337 2384
f 2484 2483 2481
f 242 2375 2654
f 2386 2664 12815
f 2530 2688 2825
f 2632 2631 2481
f 2595 12821 2708
f 2411 2556 81
f 2948 12822 2947
f 2963 3021 3256
f 2963 3256 3094
f 12820 2452 12819
f 2449 12819 2452
f 2632 2481 2808
f 13006 3032 2674
f 2503 3072 2507
f 3070 3190 3198
f 11427 10141 9961
f 12824 6855 10968
f 10221 12825 11208
f 12826 232 11567
f 8196 3587 12732
f 6854 12824 8307
f 11706 12827 909
f 8358 12828 8351
f 8422 13025 4459
f 6538 97 98
f 12829 6552 7975
f 3283 12830 378
f 12829 13014 6552
f 11348 3290 13055
f 7748 6557 8305
f 3789 12831 3806
f 12831 3789 13178
f 414 12832 9962
f 6367 4201 4204
f 12833 8301 13065
f 1304 12835 12800
f 12800 13086 1304
f 580 4382 8860
f 3985 12836 7241
f 8558 12837 8555
f 12838 8914 9866
f 10418 8589 676
f 8976 10785 4511
f 12945 9000 9004
f 12839 11928 730
f 9065 12840 9060
f 13073 12842 7877
f 811 9142 12844
f 12844 9142 9140
f 933 9563 561
f 975 13157 3327
f 4975 979 1337
f 9895 9785 392
f 12069 12845 5486
f 7672 12846 13079
f 7376 5182 12287
f 13012 3522 12910
f 12847 11851 7415
f 11823 7483 7487
f 4883 12850 4305
f 9575 12548 1327
f 12606 9296 9590
f 732 12851 1382
f 12853 11875 5544
f 7595 5549 12739
f 2232 12800 4327
f 5571 12854 1454
f 6635 12855 6634
f 12892 3877 4962
f 5154 1559 1710
f 12810 4751 1583
f 1195 5259 12812
f 12856 1658 9837
f 2246 6180 12856
f 5794 12801 5795
f 7299 4713 5557
f 12857 4423 1852
f 4682 3400 12805
f 4728 5220 5533
f 10094 1899 1849
f 12859 1073 1869
f 12860 7754 12886
f 8837 12861 11542
f 12812 1207 5263
f 1691 3988 404
f 12856 5782 2246
f 6230 12813 6232
f 2268 2252 2267
f 2265 11929 12813
f 7552 13328 13277
f 12384 12863 10240
f 10822 3478 11907
f 11452 432 10838
f 3930 6361 7224
f 8263 7250 613
f 1393 12866 12777
f 3735 7024 6689
f 11140 6454 4965
f 3393 12867 11169
f 11902 12868 6958
f 3872 6508 4958
f 1008 6564 6565
f 13392 8403 6625
f 456 12869 9922
f 3474 9922 12869
f 3907 12870 6681
f 11415 4823 308
f 12872 6783 4316
f 1021 12755 10301
f 10975 12874 10420
f 10987 12875 3481
f 10998 10999 10819
f 5130 12876 11012
f 12878 9663 11116
f 12836 3969 7236
f 6403 4465 8264
f 9388 4628 9389
f 9493 12849 7445
f 10688 12879 12179
f 7815 12880 7533
f 6631 7327 7564
f 10749 7589 1584
f 6634 12855 5605
f 5611 7627 5441
f 12881 13183 12311
f 796 5922 5650
f 7678 12882 7287
f 12257 12883 7706
f 7722 5663 7840
f 7763 12886 13120
f 12881 12311 13120
f 10077 12810 2271
f 11392 7812 12696
f 12943 1546 6112
f 5681 5648 9890
f 7766 7767 5950
f 2627 2671 2475
f 3872 4958 3277
f 6497 12567 376
f 3307 12889 3810
f 215 7983 214
f 12150 11184 12891
f 12867 3393 7262
f 8060 12664 8742
f 4335 10691 8094
f 8136 3514 1129
f 299 13329 298
f 8095 3444 12865
f 6481 8626 10328
f 8268 12831 8544
f 8309 8308 7097
f 10947 8301 12833
f 3335 3298 7541
f 6747 7460 7115
f 3852 12892 4369
f 12219 10896 3904
f 12893 12347 8469
f 13064 10207 7072
f 12894 221 222
f 13025 640 1020
f 3393 3340 10268
f 3340 3393 11169
f 6397 6398 4058
f 12898 4082 8639
f 8629 11318 12898
f 12865 6384 8095
f 12899 11005 13288
f 11235 12900 11409
f 13073 13063 4736
f 7074 12843 9138
f 534 12901 8356
f 9202 13022 6372
f 7132 12902 354
f 8787 12903 10535
f 4280 9211 3773
f 11538 12904 11982
f 8873 12906 3281
f 10407 4423 4427
f 8878 390 11992
f 8087 12824 10968
f 3808 8407 12890
f 2177 653 6266
f 6601 8604 9969
f 12966 153 154
f 12896 6917 4519
f 7326 9817 8977
f 8992 718 13114
f 8635 8252 8253
f 6972 11621 11616
f 6521 8649 13275
f 6987 9046 7366
f 4147 12840 4654
f 12840 9065 466
f 12909 10008 8684
f 6349 12841 6348
f 11088 8700 10849
f 12912 11389 10358
f 13319 12914 11102
f 12912 7897 8709
f 6719 3637 7087
f 851 5267 849
f 7109 4254 5288
f 6509 3746 9186
f 532 872 7457
f 12263 1231 7115
f 12917 5331 9941
f 12918 3773 7145
f 12920 8390 6427
f 4335 8094 3367
f 12921 11739 11305
f 13157 370 9281
f 9296 998 9590
f 12922 609 9295
f 11562 8879 6843
f 11745 12923 612
f 6551 7251 13188
f 12203 8005 13243
f 1058 5050 13128
f 13094 11589 10420
f 10442 6913 8949
f 5062 8949 6913
f 12925 5081 1869
f 3469 12926 6886
f 8984 11609 8982
f 12927 7359 9381
f 11310 12928 13186
f 4659 11795 11796
f 8136 1129 8125
f 1400 12929 5200
f 9754 5218 1135
f 9082 9090 11801
f 4696 12930 4184
f 12931 5219 9445
f 4697 9446 7429
f 12371 12051 7410
f 12883 12524 7706
f 3608 3607 3593
f 3608 6375 6706
f 12848 9494 12597
f 12597 13030 12848
f 12932 282 10244
f 917 12933 1481
f 12855 5341 5605
f 5337 4710 7484
f 4889 13083 13037
f 12225 13296 10683
f 9567 5611 5441
f 11408 12834 8451
f 3639 12879 7512
f 12879 3639 12179
f 8247 12179 3639
f 12934 1498 5437
f 4959 12934 7643
f 637 12836 7236
f 10412 12935 13243
f 9007 6628 12992
f 7557 8949 5062
f 13042 6680 12909
f 10008 12909 6680
f 7583 4184 5540
f 5396 12936 12937
f 12936 5396 7621
f 5824 5980 5650
f 8948 13168 7723
f 12980 7704 9718
f 12938 9715 7415
f 5969 12857 1852
f 4145 465 4146
f 12940 9813 10767
f 12941 1714 5696
f 12939 6004 9758
f 1959 9801 1858
f 12860 5915 7754
f 6128 2050 7832
f 1958 12942 6010
f 7722 12943 11874
f 7859 6100 8836
f 2177 321 4013
f 6188 2177 4013
f 9864 6188 4013
f 10135 2182 12787
f 4568 8976 4511
f 4730 12844 7076
f 13395 7312 6930
f 9115 10944 10508
f 9004 11620 12945
f 6661 12946 9970
f 356 12901 534
f 7996 9958 6458
f 12412 12948 10300
f 12918 11980 3773
f 10822 11907 6321
f 11129 441 5144
f 1924 12949 5691
f 2728 2730 2731
f 2729 2728 2731
f 11634 12951 11948
f 12952 6297 10185
f 12109 10386 8396
f 12974 12954 10582
f 6481 10328 11314
f 7023 3735 6689
f 11320 12324 10416
f 10042 10824 3648
f 10454 10333 3421
f 7591 12887 10870
f 6749 6509 12956
f 10714 10650 11809
f 10727 7138 9207
f 3820 12957 13010
f 6572 12953 3415
f 12952 10319 6607
f 9624 5213 5203
f 10709 5130 9120
f 12371 7410 9100
f 12879 1302 7512
f 3680 13402 12653
f 12866 1393 6404
f 11393 11550 7642
f 9665 4365 10693
f 12958 6554 6262
f 6361 3930 6362
f 6250 12864 8045
f 12777 12866 5135
f 12959 6466 12044
f 12745 12960 12743
f 3544 13125 10839
f 13125 3544 13102
f 3347 12396 6586
f 12948 10131 10300
f 8616 12706 12272
f 12956 11344 7114
f 12956 6509 7111
f 10955 12961 12040
f 11562 6843 11559
f 3481 12962 10987
f 12963 7804 9029
f 7278 12952 7277
f 7327 10702 7564
f 12882 10985 7287
f 12891 4465 12150
f 1021 10301 12099
f 11995 9386 12965
f 8595 6590 6419
f 12825 13236 10149
f 12913 11667 9108
f 148 12817 13192
f 10433 3558 5070
f 154 11209 12966
f 6618 13365 10918
f 10235 7092 6490
f 10527 12932 9939
f 13055 6455 11348
f 8382 10217 8248
f 12968 4274 9979
f 10394 116 11374
f 8657 11405 12435
f 11984 12834 10392
f 7243 13010 12957
f 12837 7997 8555
f 8569 12867 8034
f 12825 3370 11208
f 3394 4029 680
f 13084 12907 10429
f 10197 12966 11209
f 9910 11452 10838
f 6397 4058 8617
f 6601 9969 450
f 12869 3526 3473
f 12946 3391 9970
f 10933 6668 4141
f 10187 7063 3438
f 10941 12967 8713
f 6372 12901 10376
f 12448 12968 9979
f 1256 10055 1258
f 8365 3857 13296
f 10391 12969 12978
f 12893 11399 12347
f 11729 5392 11546
f 232 12826 10288
f 10304 8587 8592
f 8587 10304 10973
f 12874 8380 4041
f 11951 12431 8248
f 8603 12970 10698
f 11589 13094 1066
f 8944 4537 13208
f 7871 12971 706
f 6959 12523 11469
f 10604 8641 10605
f 13297 6521 3846
f 150 13191 12816
f 11484 12816 13191
f 784 10646 12911
f 12911 10647 11659
f 11016 12257 7706
f 12974 11682 6358
f 12959 11112 6466
f 10155 12357 7427
f 3967 6557 7239
f 10783 7319 12322
f 12352 12975 3650
f 9388 9389 3662
f 1098 10609 11625
f 3680 11772 13402
f 9606 10063 7565
f 10631 4532 8182
f 11649 12976 7376
f 5187 10641 10045
f 10069 12977 5222
f 12938 7597 9715
f 10728 12969 10391
f 12978 12969 7179
f 361 10727 10685
f 12959 11109 7502
f 12969 11043 7179
f 11774 10063 12779
f 282 12932 281
f 12968 12448 10683
f 7621 9541 12936
f 12979 12936 9541
f 10685 10727 9207
f 13112 7180 12969
f 12964 7474 13131
f 7627 5611 8850
f 1413 12980 9718
f 12912 13219 7897
f 9707 12610 9705
f 5977 11146 1859
f 11874 12943 6112
f 12977 11813 5222
f 12945 11620 7827
f 7244 12890 3341
f 2684 7942 13244
f 2579 2925 11933
f 12823 2881 3101
f 10998 10819 10820
f 13043 525 8501
f 12418 12965 12983
f 12983 9386 10472
f 11997 4568 4511
f 12007 12984 13405
f 12414 12182 389
f 12935 8561 10569
f 9575 1327 9574
f 9309 5017 12998
f 12088 13055 6827
f 9444 1403 5537
f 12719 13206 7021
f 3865 12892 3852
f 12886 12881 13120
f 12888 166 2331
f 12825 10221 12764
f 12188 11365 12183
f 12188 12985 6772
f 12986 11995 10424
f 13064 7072 486
f 12895 6412 3397
f 4015 13243 10569
f 12987 10460 4586
f 12972 12694 7371
f 12910 4165 11903
f 6752 12916 889
f 12087 6244 9263
f 13056 638 991
f 12951 11995 12986
f 11995 12951 13121
f 13204 6338 13126
f 12988 9255 11740
f 1722 9698 1721
f 12808 1721 9698
f 12323 6804 10124
f 406 3991 8535
f 11948 12951 12986
f 12451 10865 8090
f 12342 12258 12474
f 13117 1033 8571
f 12955 12004 12870
f 6681 12870 12004
f 7830 7595 12739
f 6483 12105 11892
f 12961 7420 12040
f 12154 155 156
f 12980 1413 11882
f 13236 12232 13237
f 12965 10424 11995
f 11794 12035 10172
f 3768 10155 7427
f 8389 10673 11340
f 8365 12225 11960
f 12202 13105 411
f 12962 11296 10987
f 12975 12352 10327
f 12764 10333 12950
f 13125 12164 12982
f 12342 7059 12171
f 11028 12915 3586
f 4241 10199 4774
f 7237 12824 6854
f 10131 11212 6586
f 13107 12795 9930
f 12963 6030 7804
f 5050 2203 1060
f 10585 11356 12273
f 12852 12369 5106
f 3582 12513 787
f 12878 6276 9663
f 8120 13126 10486
f 1450 10071 1451
f 12944 6186 6266
f 12851 4615 1382
f 2504 2506 2384
f 12818 79 2701
f 39 2783 2453
f 2484 2481 2631
f 255 12815 12552
f 12871 12574 4312
f 13016 13180 659
f 4553 8958 706
f 13012 12910 8692
f 13128 13328 7552
f 12993 12539 1745
f 1867 7821 5921
f 1151 4728 5533
f 2054 6134 2055
f 12625 7491 983
f 6230 6232 2308
f 4316 7178 4287
f 12641 6849 13066
f 12877 7164 12933
f 11580 12578 12970
f 5504 12970 12578
f 12981 12580 11435
f 6 11282 13154
f 3373 3307 608
f 10325 10884 6932
f 13007 1008 6347
f 188 12924 187
f 12203 13243 4015
f 5051 13128 12803
f 13128 5051 13328
f 4316 4287 10216
f 5673 13129 2240
f 9746 1714 5507
f 4730 7076 3508
f 3483 7026 7397
f 10150 8064 11954
f 6 13154 5
f 8156 214 7983
f 10333 10221 10332
f 13094 12706 1066
f 12638 7065 10764
f 12975 10989 3653
f 12976 5182 7376
f 3484 12610 9707
f 2684 13244 2682
f 10114 12818 2701
f 12862 7541 3930
f 7327 12130 4586
f 12989 6986 3905
f 8063 13123 12398
f 8110 12744 436
f 3826 360 13234
f 6425 8205 93
f 11218 10774 12897
f 8332 12990 7083
f 13065 10225 3700
f 4304 12991 4879
f 6788 6787 5611
f 9007 12992 8975
f 814 12993 1608
f 886 1633 5888
f 975 13167 8860
f 9290 12995 4988
f 13136 662 4476
f 12996 7337 11070
f 12997 9575 5458
f 1788 650 13245
f 9299 12999 7547
f 13136 1030 662
f 13136 1687 1030
f 1606 1607 13242
f 11926 1677 4362
f 5185 13000 6198
f 9872 13001 9274
f 2663 256 10116
f 219 2350 2322
f 2524 12814 149
f 2394 2524 149
f 2335 2684 134
f 13003 2444 13149
f 136 2985 2528
f 13005 2925 3004
f 3004 2923 13005
f 3259 13006 3104
f 3125 13006 3259
f 3069 3128 3071
f 13007 11050 9904
f 13008 12203 4015
f 6483 13009 10853
f 3443 300 1
f 4697 1152 9446
f 6395 2184 8627
f 11393 7642 13060
f 13011 11923 12234
f 8691 13012 7018
f 8449 11386 11392
f 13013 3582 787
f 3695 4774 11977
f 6742 11030 3436
f 6426 12871 4312
f 4386 7220 4382
f 3337 13015 4397
f 665 663 1032
f 4485 13016 658
f 13018 6989 444
f 12752 9131 7034
f 814 12596 12993
f 13165 12993 12596
f 1835 815 4744
f 13019 516 9174
f 13197 9182 9177
f 13020 3698 4790
f 4803 4247 523
f 3740 8337 7109
f 4823 11415 13021
f 915 7483 7484
f 12994 6244 7206
f 9300 13024 6848
f 4461 13025 8906
f 9365 1700 7724
f 5519 13026 9403
f 13027 1107 1109
f 7586 5540 4184
f 7404 9097 4697
f 13029 5272 843
f 4780 13031 7449
f 12578 13033 5504
f 13034 5074 9364
f 13375 4633 7358
f 2232 13035 12800
f 1553 5082 1073
f 2271 12810 1583
f 13074 1743 937
f 1623 13175 4232
f 13169 13037 9653
f 13129 5841 9746
f 11361 6892 10423
f 13038 9030 7758
f 13144 5862 6230
f 9127 5213 4728
f 1910 1909 6025
f 1916 1910 6025
f 785 5995 1874
f 9871 3889 7065
f 5913 13039 2054
f 6074 6075 7326
f 671 13008 10293
f 3708 8750 11511
f 13010 4002 3820
f 13098 8592 6879
f 13042 6678 9704
f 11686 12005 12752
f 4295 13044 4878
f 3628 13046 8230
f 12752 7034 11686
f 3740 13047 530
f 13021 536 4830
f 13048 7144 9211
f 13050 7164 12877
f 7164 13050 7165
f 1060 5058 12803
f 7784 3469 6315
f 6074 7326 9883
f 12996 6300 7337
f 5337 5353 1481
f 13052 6093 5548
f 7627 7629 5612
f 13053 9286 9587
f 6827 13055 11158
f 8542 13056 3986
f 8461 13057 6702
f 11058 10030 3566
f 8258 11058 3566
f 8787 13101 12903
f 12982 12164 3482
f 10854 3607 3594
f 11433 13061 3394
f 553 6426 4312
f 13020 10016 4241
f 6764 6445 4280
f 8418 561 10960
f 13059 12728 9025
f 8452 13060 7642
f 6559 6501 7983
f 13061 8572 3394
f 8259 6605 6291
f 12332 13070 11484
f 12119 13062 12673
f 13063 4187 10362
f 12573 291 292
f 8330 3695 11977
f 8413 13065 3812
f 7108 13043 3716
f 4259 4809 9189
f 7164 7165 3791
f 11551 6243 956
f 13014 9926 8368
f 7251 8877 8878
f 6565 5005 3969
f 673 13075 12203
f 8622 8580 681
f 6940 13067 8972
f 13011 4526 11923
f 13067 9367 8972
f 12438 13068 12762
f 6959 3660 6956
f 4589 6959 6956
f 7869 11471 6943
f 13069 12241 6411
f 12241 13069 6975
f 1111 13018 444
f 13018 752 6989
f 13070 4120 13192
f 9071 13071 11079
f 11233 3535 7025
f 8449 11392 10492
f 13062 13111 12673
f 11442 11361 10423
f 10823 13214 13072
f 13057 6360 6702
f 12598 13030 846
f 530 13047 4253
f 6372 10855 9202
f 7144 13048 4855
f 6445 13048 4280
f 926 13040 9231
f 13074 8823 13407
f 4923 12507 9260
f 7859 13045 9280
f 2249 4999 9296
f 5031 13024 9300
f 8005 13075 12569
f 5079 13034 7304
f 9363 13034 9364
f 7302 13041 12593
f 13076 12131 6969
f 13077 4635 13402
f 12738 13078 1098
f 5139 13078 1096
f 13078 5139 13051
f 13203 7356 5145
f 7672 13079 11777
f 12719 4726 9085
f 13012 8691 3522
f 7399 13028 12930
f 11289 8198 3574
f 5325 9272 7472
f 5335 13082 11823
f 915 7484 4710
f 13231 6768 5350
f 1481 1262 5337
f 1289 1270 7916
f 13023 13166 8819
f 12293 11825 11739
f 8820 7717 5426
f 5441 7627 5612
f 5457 5455 9575
f 4931 11393 13060
f 10033 13084 7561
f 13076 11765 12131
f 13079 1558 11777
f 6690 9424 8136
f 13085 9146 12056
f 13054 1584 7697
f 13035 13086 12800
f 9180 13047 7109
f 13087 10725 4091
f 13088 10072 13049
f 1309 8820 5426
f 10075 5580 13300
f 13202 9665 9664
f 5741 5749 6237
f 5733 12806 7700
f 13074 937 8823
f 13038 12885 9030
f 9871 7065 8699
f 6124 12726 8858
f 13089 6136 4598
f 9801 13089 9818
f 13089 9801 12076
f 6951 713 13130
f 13090 4553 7887
f 8973 4562 9878
f 6223 1289 7916
f 8634 9388 10067
f 13091 10717 9101
f 10135 12787 13092
f 13220 10148 10143
f 8159 11276 11494
f 13084 10586 7561
f 6416 10198 8188
f 10477 6522 6521
f 13109 10251 11384
f 13093 3410 3409
f 10458 6951 4580
f 13069 3794 6975
f 12395 13095 13318
f 11806 12695 9090
f 10069 3858 9098
f 6690 8136 11239
f 8420 82 83
f 10381 10869 10714
f 785 786 5995
f 13000 6197 6198
f 13008 3678 10293
f 9946 11826 10677
f 13095 12395 13303
f 10170 13098 6879
f 13099 7272 10307
f 11050 13007 5013
f 11760 12369 4609
f 11079 13071 12694
f 11036 13091 4707
f 13224 6418 13228
f 5624 11393 4931
f 11686 4174 12005
f 11051 10567 3679
f 8011 13124 4335
f 10226 5052 11185
f 13099 8057 9909
f 8077 13101 8372
f 8787 8372 13101
f 12897 8079 6306
f 4120 13070 7003
f 13098 10334 8110
f 13102 4108 12668
f 133 11276 11275
f 4536 6397 10912
f 9967 11605 8278
f 6299 11890 11320
f 13151 10160 10865
f 6696 6416 8188
f 8769 10374 9942
f 13101 10155 3768
f 8077 13104 11350
f 11979 13104 58
f 6500 13105 8551
f 12396 3347 8014
f 11436 6299 11320
f 8594 13099 9909
f 11246 13106 8055
f 13106 12168 11205
f 6912 8259 6291
f 11452 433 11201
f 10989 8254 11467
f 12483 13107 11458
f 4086 13108 10329
f 8697 478 10491
f 13081 8710 10360
f 12572 8722 13064
f 3615 13064 8722
f 6418 10870 11329
f 11960 13109 8365
f 8258 13106 11205
f 12757 8382 12431
f 6624 8262 12762
f 7353 4635 10608
f 8074 7874 8433
f 8433 4620 4089
f 13110 11640 11791
f 11225 12355 11010
f 10069 9098 10717
f 10228 11274 10187
f 13111 7044 12261
f 13214 8174 13072
f 13021 3756 536
f 11518 10533 13100
f 7971 13113 10250
f 12512 12457 13115
f 12645 11489 9419
f 11707 12502 13032
f 12502 11707 12504
f 9223 13082 5335
f 13229 10013 13033
f 10717 13091 10047
f 10258 12225 10683
f 13112 12969 10728
f 5537 7399 12930
f 7395 1150 1580
f 13052 7853 5549
f 8983 6951 13322
f 13116 10858 11899
f 13117 4490 13139
f 886 1234 4828
f 13139 1035 13117
f 11948 161 11634
f 13109 8388 10251
f 10298 13061 13364
f 13117 668 4490
f 12984 8791 13405
f 13020 3595 3698
f 11440 11956 10147
f 6905 8949 12029
f 13144 6230 2266
f 6136 13089 12076
f 12982 3482 3618
f 13118 12154 11202
f 934 8418 10960
f 13234 924 358
f 96 6538 13232
f 11252 12049 7980
f 11467 3653 10989
f 12165 10343 10633
f 8240 12220 8818
f 12569 13075 10812
f 11997 8979 4568
f 10012 10792 7052
f 12288 13077 11772
f 13115 13239 12512
f 13115 12375 10632
f 13204 6685 6338
f 9614 4156 1565
f 1809 13120 9781
f 13067 6940 4565
f 11769 13077 12281
f 12232 13316 8065
f 13121 8078 11995
f 12364 8078 13121
f 11794 13103 11299
f 10521 7443 12262
f 7139 13122 12515
f 12424 10603 13390
f 12398 13123 10146
f 13116 3687 10858
f 10012 7052 7658
f 1959 9819 12076
f 12076 9801 1959
f 13124 12878 11116
f 8078 12364 12424
f 13007 7227 5013
f 53 54 13238
f 11979 11350 13104
f 13123 8051 10146
f 12164 13125 3890
f 10104 11329 1256
f 4888 10963 13246
f 13077 12288 12876
f 11781 11784 5163
f 66 67 13239
f 12973 7047 13386
f 1886 7775 13327
f 68 13251 10112
f 12807 5920 13327
f 5404 7529 13211
f 6850 13066 13024
f 5977 12592 5686
f 9034 8645 8272
f 12121 10235 3704
f 6565 12836 3985
f 13090 2202 8958
f 6400 6936 4067
f 13073 6336 8719
f 13019 3695 516
f 1012 9291 6347
f 13086 1839 1617
f 5922 4539 1867
f 1814 13129 9746
f 4580 6951 13241
f 8634 10067 1388
f 7501 9983 6472
f 3785 13311 6472
f 12694 13071 13080
f 9034 8272 1392
f 12761 13382 9512
f 4672 11806 9090
f 6905 12029 7281
f 12859 2240 1814
f 6401 6400 4067
f 13120 12311 9781
f 13124 11116 3834
f 12232 13236 12764
f 10104 1256 11704
f 12728 13059 11468
f 12788 13246 11884
f 13025 1020 8906
f 13131 361 5394
f 2556 82 81
f 12833 13065 8413
f 665 1032 1031
f 13130 713 8506
f 13055 3290 11158
f 6372 13022 12901
f 653 10695 6266
f 13168 9364 7723
f 5549 7595 13052
f 4707 13122 7139
f 7642 11550 7641
f 13131 5394 12964
f 13130 8506 8991
f 3967 7239 7989
f 1060 12803 5050
f 11791 11640 3554
f 13023 8819 12178
f 13131 7474 10727
f 525 11330 8501
f 9309 12998 1014
f 8800 12188 6772
f 991 638 990
f 6328 13204 8121
f 13126 8121 13204
f 4887 13023 554
f 8571 1033 663
f 8078 12424 13390
f 5404 10688 12179
f 12342 12171 8170
f 4888 13246 4344
f 13126 10834 10486
f 751 755 754
f 659 665 1031
f 755 4646 754
f 13129 1814 2240
f 179 180 8862
f 1878 1934 6049
f 12859 1814 1553
f 2244 2219 1199
f 5404 12179 5400
f 4311 360 3826
f 8534 13132 3693
f 4320 4894 560
f 6948 9372 9373
f 13134 9871 4725
f 6378 8716 3615
f 13135 3615 8716
f 13261 1195 1199
f 5324 10561 5325
f 13138 1328 5457
f 13139 1533 669
f 13140 5597 5601
f 4490 1375 5492
f 1874 1934 1933
f 1914 5940 13141
f 1987 1887 1886
f 13142 11926 4362
f 2241 13143 2158
f 13245 1114 648
f 13144 2231 1824
f 160 2511 13145
f 161 13145 2385
f 213 212 2469
f 13146 2426 285
f 13146 2841 2426
f 2684 2335 13147
f 13147 2683 2684
f 2687 2688 2531
f 2992 2919 13148
f 7933 13148 2919
f 13149 3036 11940
f 2676 2973 2675
f 2991 13148 2556
f 13145 2511 2512
f 3098 13150 3073
f 13132 3780 3693
f 8098 3893 3476
f 13151 8112 8111
f 13357 4319 8240
f 13152 146 10279
f 3683 13155 9163
f 370 13157 12785
f 12453 13158 3941
f 2190 1531 4464
f 13016 13160 661
f 13139 4490 1533
f 13161 8030 8004
f 13162 5052 3379
f 13163 10437 4534
f 8098 3476 3475
f 13195 10629 4156
f 13165 4748 5958
f 13133 6507 4800
f 12016 9525 13166
f 560 4894 8820
f 940 567 6255
f 3327 4383 13167
f 4987 9290 4402
f 9365 5084 5081
f 5272 5267 4777
f 1241 5300 5770
f 7513 13169 9534
f 5369 13170 5389
f 9536 13170 5369
f 13169 9653 9534
f 4403 597 11964
f 5321 5466 1336
f 13172 3392 12610
f 6919 9116 7662
f 6919 7662 5662
f 6149 2087 5892
f 5824 5922 1867
f 1874 1933 785
f 13141 13174 1910
f 13141 1910 2296
f 13174 6035 1915
f 1899 6149 5892
f 13175 1622 4234
f 13158 10282 3941
f 13156 6787 5409
f 4407 13177 4392
f 3990 13159 4415
f 13178 4415 12873
f 13180 10410 665
f 7015 8230 13046
f 10207 13135 9150
f 13168 7663 1547
f 13181 556 11529
f 1297 13281 9956
f 11857 13182 11858
f 13173 6090 5873
f 13144 2251 2231
f 13147 2686 2823
f 3465 13176 13269
f 13186 6522 11310
f 10922 13187 10458
f 12026 13188 7249
f 5 13154 8734
f 4397 13015 8519
f 3775 10902 13332
f 13153 10978 6591
f 3804 13163 3468
f 13190 12885 13038
f 13038 13286 13190
f 4096 8649 13186
f 13191 8103 12332
f 148 13192 11227
f 294 8243 293
f 13193 8457 8769
f 11112 6474 10250
f 13188 7251 1022
f 676 5048 4495
f 1061 6141 9342
f 12692 8979 10988
f 8091 4619 13151
f 13195 12683 9072
f 7146 13201 12789
f 1262 13201 4177
f 7064 13196 11503
f 7581 1149 9097
f 13197 9937 861
f 13198 4259 7459
f 8778 13199 13202
f 3768 13200 10193
f 1264 13201 1262
f 13166 9227 12016
f 4894 4893 8820
f 13202 9200 6254
f 4394 9287 4396
f 4987 4402 4403
f 13235 6400 8989
f 5135 8296 9035
f 12288 1156 12116
f 5108 13203 9384
f 5146 13203 5108
f 9408 13179 4638
f 7367 11310 750
f 9614 13195 4156
f 7015 13046 6382
f 13204 6686 6685
f 7399 13205 13028
f 13205 9127 7824
f 4731 12005 8717
f 13155 509 9163
f 9497 11820 525
f 5324 5325 1252
f 11713 6443 6444
f 5366 13170 1289
f 9534 13184 1300
f 8452 13182 11857
f 13171 10075 13381
f 11087 13206 336
f 13207 7534 9647
f 5583 7831 1466
f 13208 5074 9359
f 13172 9621 7688
f 13172 7688 12156
f 13205 7399 5203
f 1580 7021 11087
f 12311 13183 5737
f 7780 5965 13211
f 13137 13211 5965
f 13142 8437 11926
f 6055 6120 6092
f 6167 13212 7843
f 6921 10445 3389
f 13213 2184 6395
f 8973 4568 6210
f 6643 11483 7300
f 11952 13214 12560
f 13165 811 4748
f 6643 7300 10434
f 8991 13213 13130
f 404 601 1694
f 993 1694 601
f 7335 13215 12731
f 13279 6616 10813
f 13152 8131 10280
f 12531 13193 11394
f 10025 10024 8793
f 8244 13357 8240
f 667 13180 13016
f 6626 10462 8074
f 5135 9035 7342
f 11493 7581 9097
f 10103 13228 10104
f 13032 12502 10532
f 9012 10602 6961
f 13217 7572 9396
f 13200 9214 10193
f 7359 13375 9607
f 13210 10725 4706
f 4898 5881 5761
f 11098 13224 10866
f 6451 13193 8769
f 7564 13218 6631
f 5149 6631 13218
f 6448 6248 3754
f 9116 7656 4544
f 9012 6961 9011
f 10997 6626 8074
f 13217 11001 7572
f 7092 10235 3816
f 11043 13270 13181
f 5063 13219 10012
f 4047 13394 5119
f 13218 4628 8634
f 13209 7670 5819
f 3679 13185 3781
f 13220 8059 11203
f 165 12415 11465
f 4071 13222 10973
f 11329 908 10055
f 13189 10903 13332
f 13222 6299 11436
f 8656 13163 3804
f 1121 3896 11401
f 11227 13192 8144
f 13192 4120 8144
f 13224 10867 10866
f 11394 13193 11031
f 3534 11426 13314
f 13215 690 12731
f 13225 11058 12663
f 10442 8944 13208
f 9867 6395 12762
f 11230 13226 4587
f 4124 13216 8668
f 13227 8449 11011
f 8447 13227 9952
f 9119 12498 9462
f 10658 9119 9462
f 11503 13196 3438
f 10187 3438 13196
f 13202 13199 9200
f 13224 13228 11100
f 10024 542 6459
f 8822 11045 10960
f 8175 6595 10514
f 13229 10509 10013
f 10437 13163 8656
f 12030 5082 10478
f 8277 10596 12727
f 6961 9607 5099
f 12852 1081 12369
f 9027 13190 6896
f 5163 11784 3554
f 4660 6990 10630
f 10647 12284 9091
f 13214 10163 12560
f 10521 6370 8217
f 5513 11127 11779
f 12711 11806 11660
f 11363 12225 10258
f 7641 13182 7642
f 13053 1013 9293
f 7829 7830 12739
f 13212 9849 7843
f 13322 13187 11609
f 11609 8984 13322
f 11884 4971 12788
f 12261 12518 12390
f 666 1376 13160
f 13136 13160 1376
f 4388 6548 6260
f 6768 13231 1265
f 12123 6448 3754
f 13181 7179 11043
f 3392 13172 12156
f 13233 10362 3510
f 12263 9198 1464
f 8703 13201 1264
f 13231 5354 1265
f 5614 12722 9573
f 12492 9022 4083
f 13235 8927 6400
f 13237 12232 8065
f 13259 12424 10471
f 3551 11264 11265
f 717 13068 12438
f 12183 13238 12188
f 13158 12453 8438
f 7385 7386 12135
f 7233 12147 8009
f 13149 2943 3036
f 4488 4489 13240
f 13240 10410 4488
f 13233 13063 10362
f 7533 7531 13138
f 7989 7239 8542
f 1358 8542 7239
f 5824 1867 5921
f 7158 13405 4865
f 12997 13138 5457
f 13222 4071 12209
f 3685 8505 6779
f 668 13240 4489
f 13206 12697 336
f 13071 4659 7680
f 4580 13241 9867
f 13213 9867 13241
f 13152 12166 145
f 7552 10574 1058
f 5395 3793 7501
f 3306 4388 6260
f 5614 9573 8831
f 12950 12232 12764
f 13308 12794 11956
f 13223 11020 6330
f 1375 5637 10696
f 13242 1885 1936
f 13346 12859 1869
f 13157 7220 12785
f 13136 661 13160
f 13114 718 12300
f 6551 13188 12026
f 12876 12288 12116
f 5824 5650 5922
f 10152 12950 8068
f 13032 10532 11036
f 1375 10696 5492
f 8078 9386 11995
f 12431 8382 8248
f 3662 9034 9388
f 13072 8175 10514
f 5611 11533 8850
f 12414 389 8008
f 13206 11087 7021
f 13243 12935 10569
f 4574 13235 7321
f 7999 13237 11207
f 13237 7999 13236
f 13180 665 659
f 6347 1008 7242
f 146 13152 145
f 8205 92 93
f 13245 648 8906
f 12998 13245 8906
f 13245 12998 1788
f 13242 1607 1834
f 256 12552 10116
f 7220 975 4382
f 13164 4614 1857
f 1857 13265 13164
f 4744 815 813
f 4394 4397 8519
f 9408 4638 8648
f 13080 13071 7680
f 13166 9525 8819
f 9664 9665 11835
f 2062 13410 4598
f 10025 8793 11815
f 10293 3678 1040
f 7092 3816 11510
f 13228 6418 10104
f 13189 10969 13314
f 10912 6397 8046
f 8470 13289 13095
f 10280 6335 12426
f 9027 6896 11762
f 8983 13322 8984
f 50 49 2443
f 13230 7689 9622
f 96 13232 9985
f 53 13238 12183
f 66 13239 12273
f 13241 6951 13130
f 12761 9512 12449
f 13128 7552 1058
f 1885 13242 1834
f 8470 13095 13303
f 13244 2985 2682
f 924 13234 4296
f 12555 2895 13244
f 11484 12817 149
f 179 8862 8861
f 1934 1874 13331
f 1606 13036 7835
f 2088 2102 2103
f 2088 2103 2089
f 3515 6329 8157
f 13202 9664 8778
f 1016 13248 1696
f 4743 4744 4742
f 1531 13248 4464
f 9526 13249 940
f 6832 13250 4987
f 13248 1531 2191
f 9344 6068 2004
f 2041 1993 1833
f 7923 214 2357
f 2494 13251 67
f 13252 2404 2889
f 2615 2789 179
f 3002 2844 2846
f 3043 3143 3066
f 13252 2889 10119
f 3461 3443 1
f 3443 13329 299
f 10959 8395 12358
f 9150 7072 10207
f 13255 384 301
f 602 3951 993
f 13291 4174 11386
f 596 4402 1686
f 8531 7998 7986
f 10779 13257 6870
f 709 8969 6938
f 3433 13259 8111
f 13295 4660 10630
f 8229 8117 13260
f 4329 1177 4330
f 5258 5257 13261
f 13262 4450 5008
f 5259 13261 5257
f 4455 9408 4093
f 9468 13263 4698
f 5763 5560 12083
f 1488 7184 12309
f 1298 9662 3859
f 6515 8778 13247
f 4962 4960 9276
f 13248 4453 4464
f 5671 1548 5984
f 5116 5112 12846
f 7589 13264 1410
f 13036 13327 7775
f 4840 11911 897
f 596 1686 4401
f 5485 5635 1693
f 5635 13359 11924
f 1858 13265 4617
f 6069 9344 2004
f 1965 9826 6084
f 9845 13266 2100
f 13267 6149 6139
f 6150 10097 13267
f 3468 13269 13176
f 3667 6260 6412
f 3718 13271 13158
f 7139 11707 13032
f 13272 6812 9661
f 6825 8498 3915
f 11606 13273 9374
f 11651 5162 6657
f 9453 10708 13274
f 10553 13249 4303
f 13272 3864 6812
f 3846 13275 11120
f 4674 8692 4168
f 13277 5054 7552
f 4663 4669 6672
f 10603 13259 3433
f 4007 13278 3534
f 8153 13185 13278
f 11264 12473 3776
f 1292 7626 6787
f 13279 11211 12089
f 8403 13392 6624
f 11333 13280 10369
f 13281 11139 3856
f 13373 13363 6549
f 3465 11479 332
f 8276 3654 8631
f 4655 13282 8666
f 11651 6657 9414
f 13260 8715 8229
f 8740 6719 3643
f 1219 9492 1220
f 13401 7441 13378
f 13283 7130 8293
f 8816 4318 12790
f 4343 13284 12528
f 8861 8862 13285
f 7986 6502 8531
f 3946 8867 636
f 2176 6870 13257
f 6594 13286 12577
f 10590 10912 11450
f 6911 13287 8932
f 13258 4537 8944
f 8927 6936 6400
f 7313 8967 12691
f 13380 4602 12050
f 3670 7570 5513
f 13289 8668 13216
f 1122 13290 9092
f 12005 13291 8717
f 13291 801 8717
f 13260 6383 8716
f 3521 8732 3
f 13292 4833 874
f 910 13293 10881
f 3311 579 589
f 13262 1013 8866
f 6572 6573 671
f 13258 12699 4541
f 7724 5086 9365
f 7672 5116 12846
f 5148 4599 1082
f 5166 13295 10628
f 10628 13295 9410
f 337 4167 6690
f 13274 10708 8701
f 9453 13274 7414
f 8730 1180 9480
f 1220 9492 4772
f 1201 4772 9492
f 4785 9497 7108
f 9171 12598 846
f 3869 9496 5289
f 4801 4785 7108
f 7496 1484 9546
f 12359 13296 3857
f 1291 13270 11043
f 13281 1297 11139
f 7496 9546 3639
f 4989 3845 13285
f 3463 13297 9042
f 1101 13298 1088
f 9711 9459 5516
f 13299 4752 3609
f 5296 5564 5290
f 9499 5302 5575
f 1488 12309 4343
f 6515 13247 1497
f 13247 9664 12561
f 1093 1105 9397
f 13301 1646 12067
f 13302 5980 5824
f 13266 6055 6092
f 12078 6237 5749
f 13266 2118 6055
f 8679 4663 6672
f 13268 5022 416
f 6482 13303 6518
f 10050 10023 12686
f 1444 1222 1625
f 13280 11333 6490
f 13304 6975 3794
f 13305 10534 12158
f 7361 1391 13392
f 13274 9119 11676
f 10808 13306 8920
f 13307 9401 7346
f 6554 10969 10902
f 6295 13308 10836
f 6290 13309 6701
f 6463 10253 10879
f 13304 12960 6975
f 11351 6554 10902
f 13310 1024 9319
f 13287 697 8932
f 11548 13312 10401
f 3670 5513 1155
f 10514 8171 13072
f 13275 8649 3462
f 13307 2301 12852
f 13285 11165 4989
f 10413 9961 239
f 12958 4007 10969
f 13314 10969 4007
f 13278 3679 3534
f 10124 11157 12323
f 3555 13315 1121
f 13253 8286 10226
f 230 13254 229
f 13280 7092 8745
f 10882 4047 10978
f 13316 10152 13388
f 8249 13273 7869
f 6819 7127 11342
f 12790 4318 13409
f 11555 13285 3845
f 10288 231 232
f 239 9961 238
f 8946 8945 8259
f 8632 13317 8393
f 8068 8393 13317
f 10469 8082 12353
f 9023 13400 9026
f 13295 10630 9048
f 13289 3476 8668
f 135 10489 11494
f 13310 8554 1024
f 12525 428 10013
f 4528 13320 11063
f 709 6938 6610
f 6404 7343 9929
f 3555 13320 5070
f 13320 3555 11063
f 13290 11805 9092
f 9405 12756 8443
f 9101 10717 10271
f 7189 13321 11045
f 8779 3749 11703
f 13307 9608 2301
f 11132 7590 9452
f 11462 11605 9967
f 1865 12585 10511
f 11021 13291 11386
f 3667 6412 389
f 12110 13323 563
f 4888 13313 13181
f 12210 13288 8470
f 10516 13134 4725
f 13379 12598 9171
f 12218 13324 8707
f 10192 8172 4045
f 13325 1254 5324
f 6463 10879 8384
f 8835 10401 13312
f 11604 13058 12180
f 12473 11264 12961
f 6456 12961 11264
f 13324 12474 8707
f 8015 12151 6874
f 12165 10633 10631
f 10012 13219 11817
f 7664 5655 5076
f 5517 1394 5516
f 13331 5995 12542
f 8555 6307 13326
f 10903 13326 6307
f 5517 5516 1585
f 1965 6084 5931
f 13297 8436 9042
f 10012 11817 10792
f 5148 1082 5114
f 9413 12711 7375
f 1454 9499 5575
f 8167 6330 6354
f 12866 6404 9929
f 10602 9012 13194
f 13319 12518 12261
f 10012 7658 1384
f 12409 8779 11703
f 11363 10258 12734
f 13312 11884 571
f 11891 7233 3404
f 12836 637 7241
f 13328 5813 13277
f 5812 13277 5813
f 3624 13329 493
f 13329 3624 298
f 13326 11426 8555
f 6972 11616 2062
f 9801 13265 1858
f 6521 13275 3846
f 13330 4095 7366
f 13296 12359 10683
f 10025 10050 12686
f 8156 7986 213
f 8365 13296 12225
f 4707 7139 13032
f 3662 9389 4631
f 12884 9027 12492
f 12983 10472 10148
f 13330 4638 4095
f 13069 13408 4085
f 8818 12790 12872
f 3930 12049 12862
f 2320 109 108
f 68 67 13251
f 601 602 993
f 7358 5103 11129
f 8734 3521 3
f 10075 13300 13381
f 13212 12078 5749
f 13303 12395 6518
f 6418 11329 10104
f 12757 12431 11952
f 2450 2448 2776
f 2450 2776 2451
f 8703 8791 12984
f 13316 13388 8065
f 12232 12950 13316
f 1886 13327 5920
f 12542 6049 13331
f 13251 2676 2675
f 12064 13327 13036
f 13311 7501 6472
f 2320 108 2440
f 1199 1195 2244
f 4725 9871 8699
f 1241 5770 886
f 13156 1292 6787
f 13238 12187 12985
f 8403 6624 8627
f 13189 13332 10902
f 13401 13378 3832
f 4619 8112 13151
f 4168 337 6690
f 13270 556 13181
f 13163 13269 3468
f 8249 7869 11573
f 13287 8946 8259
f 12525 10013 10509
f 12424 12364 10471
f 8156 213 214
f 8819 9525 7619
f 13314 13326 13189
f 50 2443 2442
f 8470 13303 6482
f 2682 2985 135
f 200 13411 4151
f 12555 13244 7942
f 13340 48 2763
f 1934 13331 6049
f 3659 4087 11462
f 1446 1217 1444
f 13333 4897 5763
f 13383 5770 5300
f 13334 1865 5980
f 13335 5989 5990
f 5562 2218 838
f 13336 6047 1727
f 163 12550 164
f 7923 2362 214
f 284 2427 2569
f 2508 13339 3044
f 49 13340 2443
f 13340 2767 2443
f 2661 13341 2970
f 13339 2508 2505
f 2981 2819 2890
f 2981 2890 13252
f 2843 3002 2428
f 13337 2506 2505
f 2874 2876 13360
f 4181 7064 11503
f 493 3443 3461
f 3758 4817 10021
f 125 10517 10361
f 4201 1187 7082
f 8817 5420 13357
f 4453 4452 2200
f 668 13117 8571
f 4147 4123 4122
f 4204 4201 7082
f 4254 13343 6436
f 6743 13343 869
f 5576 1239 4840
f 958 13345 960
f 679 4503 4551
f 7361 10039 11842
f 1089 13349 1390
f 4248 13351 8765
f 9525 10680 7496
f 9662 1298 946
f 1591 13353 1596
f 5776 795 5595
f 10743 1708 13354
f 13354 5830 5116
f 13352 1590 5517
f 13355 3952 13342
f 3952 13355 3949
f 13355 602 604
f 1727 5993 1820
f 2041 2125 1993
f 7254 6572 10293
f 6741 6533 8755
f 1044 4499 6875
f 4040 8925 8249
f 4694 1825 5532
f 3721 13348 6437
f 13349 7356 1390
f 13356 4163 337
f 1242 7462 10671
f 4319 13357 7622
f 13359 1689 7647
f 2368 13360 239
f 13339 3043 12556
f 8517 13361 8438
f 219 13361 8517
f 9662 946 7524
f 7964 8211 386
f 7988 8088 3331
f 13362 8137 10834
f 8093 8153 13278
f 7136 13369 9461
f 3439 369 7221
f 7962 13361 8513
f 13363 8523 3959
f 317 3323 7984
f 13364 4020 9989
f 8924 13365 6618
f 10920 3659 11462
f 13362 7384 8137
f 7018 778 3515
f 6724 4218 4219
f 512 6724 4219
f 6534 6741 8755
f 280 8081 279
f 6755 3888 3748
f 6469 6464 9945
f 12857 4425 4427
f 8367 636 386
f 13365 6880 12180
f 4040 8249 11574
f 4072 13410 11616
f 13368 4142 8672
f 12973 13369 7047
f 13350 4636 10510
f 5231 13370 790
f 340 3560 6711
f 340 6711 491
f 4812 13344 4824
f 13409 4318 7185
f 4329 3360 12221
f 623 13373 8874
f 4637 8901 7245
f 4637 7245 4455
f 10739 13374 12699
f 13375 5099 9607
f 13347 1092 13376
f 11622 13376 1092
f 772 7681 9697
f 13369 7592 11101
f 9492 13378 1201
f 13379 859 11820
f 11820 10666 13379
f 3311 3910 4385
f 733 13380 1540
f 5081 12925 9365
f 11841 11779 12386
f 13351 8455 3869
f 13351 3869 353
f 1332 13381 1496
f 8389 13382 11363
f 7228 13372 8866
f 13359 7647 1522
f 7274 12299 7275
f 13354 5116 1560
f 13383 5771 5317
f 1633 13383 5317
f 11624 715 4585
f 7778 9760 5895
f 9853 7848 10718
f 9853 10718 11875
f 4481 5042 6870
f 7857 13368 13366
f 13368 7857 4142
f 5147 5139 5148
f 13389 7218 10191
f 3328 6563 3953
f 4088 13385 12884
f 5545 10658 9462
f 13386 13091 9101
f 2767 2766 2443
f 13391 9984 10249
f 9923 13387 10977
f 6356 13389 10191
f 9386 13390 10472
f 6469 9945 13305
f 13391 11516 10123
f 13408 6411 10157
f 12103 3627 4123
f 7034 9131 8197
f 7361 11842 7572
f 13393 8173 12362
f 10707 6404 1393
f 13400 13394 9964
f 10843 7420 11102
f 12885 12884 13385
f 6922 13395 12680
f 8369 9957 6262
f 13396 10903 6555
f 13279 3416 12740
f 13362 6338 6329
f 7975 10287 11891
f 7047 13369 7136
f 11384 12773 8365
f 10263 10220 10456
f 13399 6658 9070
f 125 10361 124
f 9481 11507 8730
f 3638 10860 4346
f 10397 1488 8850
f 11516 13391 10249
f 679 4551 11591
f 8937 13394 4047
f 10143 10472 10603
f 4574 7915 8927
f 4585 12248 11624
f 13289 13216 13318
f 5281 13401 4780
f 10136 11748 8285
f 1384 5063 10012
f 4534 11479 13269
f 4545 7317 709
f 13402 11772 13077
f 13376 11622 7671
f 6415 3670 11091
f 9917 13315 11268
f 11651 9414 9418
f 9418 13399 11651
f 13399 9418 6658
f 1117 5178 9075
f 11772 9456 12288
f 12883 12496 12525
f 13377 7441 13401
f 13403 12131 11132
f 36 11858 11159
f 9587 8866 1013
f 7848 9853 1996
f 13356 11903 474
f 6513 3509 13233
f 13343 6743 3726
f 1095 9390 7351
f 1540 13380 1383
f 4257 1227 866
f 13398 12174 10343
f 13395 6922 4558
f 5547 13403 10711
f 3545 4257 866
f 8237 931 10730
f 12280 10652 9405
f 13393 8089 12378
f 8632 11216 13388
f 12361 13388 11216
f 13393 12378 8173
f 13389 6248 6819
f 13398 12165 9412
f 6252 13391 10124
f 6974 11471 8630
f 13367 12276 10269
f 13403 11132 12289
f 13334 12584 12585
f 12585 1865 13334
f 13395 7313 7312
f 668 8571 13240
f 13007 12862 7227
f 8692 13406 337
f 13356 337 13406
f 13406 12910 11903
f 12705 12416 11564
f 11786 13399 9070
f 13401 13031 4780
f 13338 2808 2481
f 7766 5950 4115
f 7724 701 9790
f 4397 4395 3956
f 5605 5341 7485
f 4707 13386 13122
f 13402 7353 12653
f 13074 13407 4900
f 13365 13058 10918
f 4057 7724 9790
f 9857 5545 9462
f 4423 12857 4427
f 8091 13408 4619
f 6794 12872 13409
f 6787 11533 5611
f 2684 2682 134
f 137 136 2528
f 1375 668 4489
f 6565 3969 12836
f 13030 844 846
f 13407 8823 4329
f 13402 4635 7353
f 13390 10603 10472
f 12973 13386 9101
f 1012 6347 7242
f 11791 3554 11583
f 8078 13390 9386
f 18 17 2722
f 2320 2853 2852
f 493 3461 342
f 7922 2320 2852
f 4 5 8734
f 9818 13410 13164
f 13394 13400 5119
f 13095 13289 13318
f 4534 13269 13163
f 36 11159 35
f 13405 8791 4865
f 12758 10343 13404
f 2450 2781 2951
f 13190 12884 12885
f 4900 13407 12221
f 4329 12221 13407
f 9034 10067 9388
f 12819 2450 2951
f 13410 9818 4598
f 13211 7529 5615
f 13192 12817 11484
f 13363 13373 8523
f 13256 8817 13357
f 5672 13346 5825
f 4455 4093 4637
f 7018 3515 8157
f 13363 3337 6549
f 13378 7441 1201
f 8367 386 6859
f 12050 4602 4608
f 12355 13404 11233
f 12790 13409 12872
f 8068 13317 10152
f 7848 1996 7829
f 11233 13404 11300
f 3337 4397 3956
f 9027 11379 12492
f 13408 8091 4085
f 1375 4489 1534
f 162 161 2385
f 18 2722 2340
f 13378 9492 3832
f 12758 13404 4157
f 218 2460 2350
f 162 2385 2503
f 48 10392 11408
f 57 13104 11352
f 48 11408 47
f 2269 5851 1723
f 219 218 2350
f 56 57 11352
f 2269 12054 5851
f 13411 4150 4151
f 1853 5632 5969
f 48 47 2763
f 5970 1853 5969
f 577 1330 4355
f 4357 577 4355
