solid OpenSCAD_Model
  facet normal 0.999464 -0.0327244 0
    outer loop
      vertex -7 0 1.2
      vertex -6.98501 0.457822 1
      vertex -6.98501 0.457822 1.2
    endloop
  endfacet
  facet normal 0.999464 -0.0327244 0
    outer loop
      vertex -6.98501 0.457822 1
      vertex -7 0 1.2
      vertex -7 0 1
    endloop
  endfacet
  facet normal 0.990928 -0.032427 0.130423
    outer loop
      vertex -7.01221 0.459604 1.40704
      vertex -7.02725 0 1.40704
      vertex -7 0 1.2
    endloop
  endfacet
  facet normal 0.990922 -0.0324448 0.130462
    outer loop
      vertex -6.98501 0.457822 1.2
      vertex -7.01221 0.459604 1.40704
      vertex -7 0 1.2
    endloop
  endfacet
  facet normal 0.923444 -0.0302364 0.382539
    outer loop
      vertex -7.09196 0.464831 1.59999
      vertex -7.10718 0 1.59999
      vertex -7.02725 0 1.40704
    endloop
  endfacet
  facet normal 0.92346 -0.0302191 0.382503
    outer loop
      vertex -7.01221 0.459604 1.40704
      vertex -7.09196 0.464831 1.59999
      vertex -7.02725 0 1.40704
    endloop
  endfacet
  facet normal 0.793088 -0.0259643 0.608554
    outer loop
      vertex -7.21882 0.473146 1.76567
      vertex -7.23431 0 1.76567
      vertex -7.10718 0 1.59999
    endloop
  endfacet
  facet normal 0.793082 -0.025968 0.608561
    outer loop
      vertex -7.09196 0.464831 1.59999
      vertex -7.21882 0.473146 1.76567
      vertex -7.10718 0 1.59999
    endloop
  endfacet
  facet normal 0.608669 -0.0199208 0.793174
    outer loop
      vertex -7.38415 0.483982 1.89281
      vertex -7.39999 0 1.89281
      vertex -7.23431 0 1.76567
    endloop
  endfacet
  facet normal 0.608657 -0.0199264 0.793183
    outer loop
      vertex -7.21882 0.473146 1.76567
      vertex -7.38415 0.483982 1.89281
      vertex -7.23431 0 1.76567
    endloop
  endfacet
  facet normal 0.382643 -0.0125287 0.923811
    outer loop
      vertex -7.57668 0.496602 1.97273
      vertex -7.59294 0 1.97273
      vertex -7.39999 0 1.89281
    endloop
  endfacet
  facet normal 0.382655 -0.0125237 0.923806
    outer loop
      vertex -7.38415 0.483982 1.89281
      vertex -7.57668 0.496602 1.97273
      vertex -7.39999 0 1.89281
    endloop
  endfacet
  facet normal 0.130578 -0.0042746 0.991429
    outer loop
      vertex -7.78329 0.510143 2
      vertex -7.79999 0 2
      vertex -7.59294 0 1.97273
    endloop
  endfacet
  facet normal 0.130576 -0.0042754 0.991429
    outer loop
      vertex -7.57668 0.496602 1.97273
      vertex -7.78329 0.510143 2
      vertex -7.59294 0 1.97273
    endloop
  endfacet
  facet normal -0 0 1
    outer loop
      vertex 7.78329 0.510143 2
      vertex 15.0111 0 2
      vertex 12.5799 4.21097 2
    endloop
  endfacet
  facet normal 0 0 1
    outer loop
      vertex 7.78329 0.510143 2
      vertex 12.5799 4.21097 2
      vertex 12.4465 4.26118 2
    endloop
  endfacet
  facet normal 0 0 1
    outer loop
      vertex 7.78329 -0.510143 2
      vertex 15.0111 0 2
      vertex 7.79999 0 2
    endloop
  endfacet
  facet normal 0 0 1
    outer loop
      vertex 7.78329 0.510143 2
      vertex 12.4465 4.26118 2
      vertex 12.1647 4.34667 2
    endloop
  endfacet
  facet normal 0 0 1
    outer loop
      vertex 15.0111 0 2
      vertex 7.78329 -0.510143 2
      vertex 12.5799 -4.21097 2
    endloop
  endfacet
  facet normal 0 0 1
    outer loop
      vertex 7.78329 0.510143 2
      vertex 12.1647 4.34667 2
      vertex 11.8779 4.41353 2
    endloop
  endfacet
  facet normal 0 0 1
    outer loop
      vertex 12.5799 -4.21097 2
      vertex 7.78329 -0.510143 2
      vertex 12.4465 -4.26118 2
    endloop
  endfacet
  facet normal 0 0 1
    outer loop
      vertex 7.78329 0.510143 2
      vertex 11.8779 4.41353 2
      vertex 11.5874 4.4615 2
    endloop
  endfacet
  facet normal 0 0 1
    outer loop
      vertex 12.4465 -4.26118 2
      vertex 7.78329 -0.510143 2
      vertex 12.1647 -4.34667 2
    endloop
  endfacet
  facet normal 0 0 1
    outer loop
      vertex 7.78329 0.510143 2
      vertex 11.5874 4.4615 2
      vertex 11.2943 4.49037 2
    endloop
  endfacet
  facet normal 0 0 1
    outer loop
      vertex 12.1647 -4.34667 2
      vertex 7.78329 -0.510143 2
      vertex 11.8779 -4.41353 2
    endloop
  endfacet
  facet normal 0 0 1
    outer loop
      vertex 7.73326 1.0181 2
      vertex 11.2943 4.49037 2
      vertex 11 4.5 2
    endloop
  endfacet
  facet normal 0 0 1
    outer loop
      vertex 11.8779 -4.41353 2
      vertex 7.78329 -0.510143 2
      vertex 11.5874 -4.4615 2
    endloop
  endfacet
  facet normal 0 0 1
    outer loop
      vertex 7.73326 1.0181 2
      vertex 11 4.5 2
      vertex 10.7057 4.49037 2
    endloop
  endfacet
  facet normal 0 0 1
    outer loop
      vertex 11.5874 -4.4615 2
      vertex 7.78329 -0.510143 2
      vertex 11.2943 -4.49037 2
    endloop
  endfacet
  facet normal 0 0 1
    outer loop
      vertex 7.73326 1.0181 2
      vertex 10.7057 4.49037 2
      vertex 10.4126 4.4615 2
    endloop
  endfacet
  facet normal -0 0 1
    outer loop
      vertex 7.73326 -1.0181 2
      vertex 11.2943 -4.49037 2
      vertex 7.78329 -0.510143 2
    endloop
  endfacet
  facet normal 0 0 1
    outer loop
      vertex 7.73326 1.0181 2
      vertex 10.4126 4.4615 2
      vertex 10.1221 4.41353 2
    endloop
  endfacet
  facet normal 0 0 1
    outer loop
      vertex 11.2943 -4.49037 2
      vertex 7.73326 -1.0181 2
      vertex 11 -4.5 2
    endloop
  endfacet
  facet normal 0 0 1
    outer loop
      vertex 7.73326 1.0181 2
      vertex 10.1221 4.41353 2
      vertex 9.83531 4.34667 2
    endloop
  endfacet
  facet normal 0 0 1
    outer loop
      vertex 11 -4.5 2
      vertex 7.73326 -1.0181 2
      vertex 10.7057 -4.49037 2
    endloop
  endfacet
  facet normal 0 0 1
    outer loop
      vertex 7.73326 1.0181 2
      vertex 9.83531 4.34667 2
      vertex 9.55352 4.26118 2
    endloop
  endfacet
  facet normal 0 0 1
    outer loop
      vertex 10.7057 -4.49037 2
      vertex 7.73326 -1.0181 2
      vertex 10.4126 -4.4615 2
    endloop
  endfacet
  facet normal 0 0 1
    outer loop
      vertex 7.73326 1.0181 2
      vertex 9.55352 4.26118 2
      vertex 9.27792 4.15746 2
    endloop
  endfacet
  facet normal 0 0 1
    outer loop
      vertex 10.4126 -4.4615 2
      vertex 7.73326 -1.0181 2
      vertex 10.1221 -4.41353 2
    endloop
  endfacet
  facet normal 0 0 1
    outer loop
      vertex 7.65011 1.5217 2
      vertex 9.27792 4.15746 2
      vertex 9.0097 4.03593 2
    endloop
  endfacet
  facet normal 0 0 1
    outer loop
      vertex 10.1221 -4.41353 2
      vertex 7.73326 -1.0181 2
      vertex 9.83531 -4.34667 2
    endloop
  endfacet
  facet normal 0 0 1
    outer loop
      vertex 7.65011 1.5217 2
      vertex 9.0097 4.03593 2
      vertex 8.75 3.89711 2
    endloop
  endfacet
  facet normal 0 0 1
    outer loop
      vertex 9.83531 -4.34667 2
      vertex 7.73326 -1.0181 2
      vertex 9.55352 -4.26118 2
    endloop
  endfacet
  facet normal 0 0 1
    outer loop
      vertex 7.65011 1.5217 2
      vertex 8.75 3.89711 2
      vertex 8.67847 3.85263 2
    endloop
  endfacet
  facet normal 0 0 1
    outer loop
      vertex 9.55352 -4.26118 2
      vertex 7.73326 -1.0181 2
      vertex 9.27792 -4.15746 2
    endloop
  endfacet
  facet normal 0 0 1
    outer loop
      vertex 6.9956 3.44985 2
      vertex 8.67847 3.85263 2
      vertex 8.52029 4.20174 2
    endloop
  endfacet
  facet normal -0 0 1
    outer loop
      vertex 7.65011 -1.5217 2
      vertex 9.27792 -4.15746 2
      vertex 7.73326 -1.0181 2
    endloop
  endfacet
  facet normal 0 0 1
    outer loop
      vertex 6.9956 3.44985 2
      vertex 8.52029 4.20174 2
      vertex 8.22724 4.75 2
    endloop
  endfacet
  facet normal 0 0 1
    outer loop
      vertex 9.27792 -4.15746 2
      vertex 7.65011 -1.5217 2
      vertex 9.0097 -4.03593 2
    endloop
  endfacet
  facet normal 0 0 1
    outer loop
      vertex 6.75499 3.89999 2
      vertex 8.22724 4.75 2
      vertex 7.89896 5.27792 2
    endloop
  endfacet
  facet normal 0 0 1
    outer loop
      vertex 9.0097 -4.03593 2
      vertex 7.65011 -1.5217 2
      vertex 8.75 -3.89711 2
    endloop
  endfacet
  facet normal 0 0 1
    outer loop
      vertex 8.75 -3.89711 2
      vertex 7.65011 -1.5217 2
      vertex 8.67847 -3.85263 2
    endloop
  endfacet
  facet normal 0 0 1
    outer loop
      vertex 15.0111 0 2
      vertex 7.78329 0.510143 2
      vertex 7.79999 0 2
    endloop
  endfacet
  facet normal 0 0 1
    outer loop
      vertex 11.2943 4.49037 2
      vertex 7.73326 1.0181 2
      vertex 7.78329 0.510143 2
    endloop
  endfacet
  facet normal 0 0 1
    outer loop
      vertex 9.27792 4.15746 2
      vertex 7.65011 1.5217 2
      vertex 7.73326 1.0181 2
    endloop
  endfacet
  facet normal 0 0 1
    outer loop
      vertex 6.48545 4.33344 2
      vertex 7.89896 5.27792 2
      vertex 7.53686 5.78323 2
    endloop
  endfacet
  facet normal 0 0 1
    outer loop
      vertex 8.67847 3.85263 2
      vertex 7.53421 2.01878 2
      vertex 7.65011 1.5217 2
    endloop
  endfacet
  facet normal 0 0 1
    outer loop
      vertex 8.67847 3.85263 2
      vertex 7.38604 2.50722 2
      vertex 7.53421 2.01878 2
    endloop
  endfacet
  facet normal 0 0 1
    outer loop
      vertex 8.67847 3.85263 2
      vertex 7.20625 2.98493 2
      vertex 7.38604 2.50722 2
    endloop
  endfacet
  facet normal 0 0 1
    outer loop
      vertex 6.18815 4.74833 2
      vertex 7.53686 5.78323 2
      vertex 7.14248 6.26378 2
    endloop
  endfacet
  facet normal 0 0 1
    outer loop
      vertex 8.67847 3.85263 2
      vertex 6.9956 3.44985 2
      vertex 7.20625 2.98493 2
    endloop
  endfacet
  facet normal 0 0 1
    outer loop
      vertex 8.22724 4.75 2
      vertex 6.75499 3.89999 2
      vertex 6.9956 3.44985 2
    endloop
  endfacet
  facet normal 0 0 1
    outer loop
      vertex 5.86434 5.14289 2
      vertex 7.14248 6.26378 2
      vertex 6.71751 6.71751 2
    endloop
  endfacet
  facet normal 0 0 1
    outer loop
      vertex 7.89896 5.27792 2
      vertex 6.48545 4.33344 2
      vertex 6.75499 3.89999 2
    endloop
  endfacet
  facet normal 0 0 1
    outer loop
      vertex 5.51542 5.51542 2
      vertex 6.71751 6.71751 2
      vertex 6.26378 7.14248 2
    endloop
  endfacet
  facet normal 0 0 1
    outer loop
      vertex 7.53686 5.78323 2
      vertex 6.18815 4.74833 2
      vertex 6.48545 4.33344 2
    endloop
  endfacet
  facet normal 0 0 1
    outer loop
      vertex 7.14248 6.26378 2
      vertex 5.86434 5.14289 2
      vertex 6.18815 4.74833 2
    endloop
  endfacet
  facet normal 0 0 1
    outer loop
      vertex 5.14289 5.86434 2
      vertex 6.26378 7.14248 2
      vertex 5.78323 7.53686 2
    endloop
  endfacet
  facet normal 0 0 1
    outer loop
      vertex 6.71751 6.71751 2
      vertex 5.51542 5.51542 2
      vertex 5.86434 5.14289 2
    endloop
  endfacet
  facet normal 0 0 1
    outer loop
      vertex 4.74833 6.18815 2
      vertex 5.78323 7.53686 2
      vertex 5.27792 7.89896 2
    endloop
  endfacet
  facet normal 0 0 1
    outer loop
      vertex 6.26378 7.14248 2
      vertex 5.14289 5.86434 2
      vertex 5.51542 5.51542 2
    endloop
  endfacet
  facet normal 0 0 1
    outer loop
      vertex 4.33344 6.48545 2
      vertex 5.27792 7.89896 2
      vertex 4.75 8.22724 2
    endloop
  endfacet
  facet normal 0 0 1
    outer loop
      vertex 5.78323 7.53686 2
      vertex 4.74833 6.18815 2
      vertex 5.14289 5.86434 2
    endloop
  endfacet
  facet normal 0 0 1
    outer loop
      vertex 5.27792 7.89896 2
      vertex 4.33344 6.48545 2
      vertex 4.74833 6.18815 2
    endloop
  endfacet
  facet normal 0 0 1
    outer loop
      vertex 3.89999 6.75499 2
      vertex 4.75 8.22724 2
      vertex 4.20174 8.52029 2
    endloop
  endfacet
  facet normal 0 0 1
    outer loop
      vertex 4.75 8.22724 2
      vertex 3.89999 6.75499 2
      vertex 4.33344 6.48545 2
    endloop
  endfacet
  facet normal 0 0 1
    outer loop
      vertex 3.44985 6.9956 2
      vertex 4.20174 8.52029 2
      vertex 3.63549 8.77686 2
    endloop
  endfacet
  facet normal 0 0 1
    outer loop
      vertex 4.20174 8.52029 2
      vertex 3.44985 6.9956 2
      vertex 3.89999 6.75499 2
    endloop
  endfacet
  facet normal 0 0 1
    outer loop
      vertex 2.98493 7.20625 2
      vertex 3.63549 8.77686 2
      vertex 3.05367 8.99584 2
    endloop
  endfacet
  facet normal 0 0 1
    outer loop
      vertex 3.63549 8.77686 2
      vertex 2.98493 7.20625 2
      vertex 3.44985 6.9956 2
    endloop
  endfacet
  facet normal 0 0 1
    outer loop
      vertex 3.05367 8.99584 2
      vertex 2.50722 7.38604 2
      vertex 2.98493 7.20625 2
    endloop
  endfacet
  facet normal 0 0 1
    outer loop
      vertex 2.45878 9.1763 2
      vertex 2.50722 7.38604 2
      vertex 3.05367 8.99584 2
    endloop
  endfacet
  facet normal 0 0 1
    outer loop
      vertex 2.45878 9.1763 2
      vertex 2.01878 7.53421 2
      vertex 2.50722 7.38604 2
    endloop
  endfacet
  facet normal 0 0 1
    outer loop
      vertex 1.85336 9.31746 2
      vertex 2.01878 7.53421 2
      vertex 2.45878 9.1763 2
    endloop
  endfacet
  facet normal 0 0 1
    outer loop
      vertex 1.85336 9.31746 2
      vertex 1.5217 7.65011 2
      vertex 2.01878 7.53421 2
    endloop
  endfacet
  facet normal 0 0 1
    outer loop
      vertex 1.24 9.41873 2
      vertex 1.5217 7.65011 2
      vertex 1.85336 9.31746 2
    endloop
  endfacet
  facet normal 0 0 1
    outer loop
      vertex 1.24 9.41873 2
      vertex 1.0181 7.73326 2
      vertex 1.5217 7.65011 2
    endloop
  endfacet
  facet normal 0 0 1
    outer loop
      vertex 0.621329 9.47966 2
      vertex 1.0181 7.73326 2
      vertex 1.24 9.41873 2
    endloop
  endfacet
  facet normal 0 0 1
    outer loop
      vertex 0.621329 9.47966 2
      vertex 0.510143 7.78329 2
      vertex 1.0181 7.73326 2
    endloop
  endfacet
  facet normal 0 0 1
    outer loop
      vertex 0 9.5 2
      vertex 0.510143 7.78329 2
      vertex 0.621329 9.47966 2
    endloop
  endfacet
  facet normal 0 0 1
    outer loop
      vertex 0 9.5 2
      vertex 0 7.79999 2
      vertex 0.510143 7.78329 2
    endloop
  endfacet
  facet normal 0 0 1
    outer loop
      vertex 0 9.5 2
      vertex -0.510143 7.78329 2
      vertex 0 7.79999 2
    endloop
  endfacet
  facet normal -0 0 1
    outer loop
      vertex -0.621329 9.47966 2
      vertex -0.510143 7.78329 2
      vertex 0 9.5 2
    endloop
  endfacet
  facet normal 0 0 1
    outer loop
      vertex -0.621329 9.47966 2
      vertex -1.0181 7.73326 2
      vertex -0.510143 7.78329 2
    endloop
  endfacet
  facet normal -0 0 1
    outer loop
      vertex -1.24 9.41873 2
      vertex -1.0181 7.73326 2
      vertex -0.621329 9.47966 2
    endloop
  endfacet
  facet normal 0 0 1
    outer loop
      vertex -1.24 9.41873 2
      vertex -1.5217 7.65011 2
      vertex -1.0181 7.73326 2
    endloop
  endfacet
  facet normal -0 0 1
    outer loop
      vertex -1.85336 9.31746 2
      vertex -1.5217 7.65011 2
      vertex -1.24 9.41873 2
    endloop
  endfacet
  facet normal 0 0 1
    outer loop
      vertex -1.85336 9.31746 2
      vertex -2.01878 7.53421 2
      vertex -1.5217 7.65011 2
    endloop
  endfacet
  facet normal -0 0 1
    outer loop
      vertex -2.45878 9.1763 2
      vertex -2.01878 7.53421 2
      vertex -1.85336 9.31746 2
    endloop
  endfacet
  facet normal 0 0 1
    outer loop
      vertex -2.45878 9.1763 2
      vertex -2.50722 7.38604 2
      vertex -2.01878 7.53421 2
    endloop
  endfacet
  facet normal -0 0 1
    outer loop
      vertex -3.05367 8.99584 2
      vertex -2.50722 7.38604 2
      vertex -2.45878 9.1763 2
    endloop
  endfacet
  facet normal 0 0 1
    outer loop
      vertex -2.50722 7.38604 2
      vertex -3.05367 8.99584 2
      vertex -2.98493 7.20625 2
    endloop
  endfacet
  facet normal -0 0 1
    outer loop
      vertex -3.63549 8.77686 2
      vertex -2.98493 7.20625 2
      vertex -3.05367 8.99584 2
    endloop
  endfacet
  facet normal 0 0 1
    outer loop
      vertex -2.98493 7.20625 2
      vertex -3.63549 8.77686 2
      vertex -3.44985 6.9956 2
    endloop
  endfacet
  facet normal -0 0 1
    outer loop
      vertex -4.20174 8.52029 2
      vertex -3.44985 6.9956 2
      vertex -3.63549 8.77686 2
    endloop
  endfacet
  facet normal 0 0 1
    outer loop
      vertex -3.44985 6.9956 2
      vertex -4.20174 8.52029 2
      vertex -3.89999 6.75499 2
    endloop
  endfacet
  facet normal -0 0 1
    outer loop
      vertex -4.75 8.22724 2
      vertex -3.89999 6.75499 2
      vertex -4.20174 8.52029 2
    endloop
  endfacet
  facet normal 0 0 1
    outer loop
      vertex -3.89999 6.75499 2
      vertex -4.75 8.22724 2
      vertex -4.33344 6.48545 2
    endloop
  endfacet
  facet normal -0 0 1
    outer loop
      vertex -5.27792 7.89896 2
      vertex -4.33344 6.48545 2
      vertex -4.75 8.22724 2
    endloop
  endfacet
  facet normal 0 0 1
    outer loop
      vertex -4.33344 6.48545 2
      vertex -5.27792 7.89896 2
      vertex -4.74833 6.18815 2
    endloop
  endfacet
  facet normal -0 0 1
    outer loop
      vertex -5.78323 7.53686 2
      vertex -4.74833 6.18815 2
      vertex -5.27792 7.89896 2
    endloop
  endfacet
  facet normal 0 0 1
    outer loop
      vertex -4.74833 6.18815 2
      vertex -5.78323 7.53686 2
      vertex -5.14289 5.86434 2
    endloop
  endfacet
  facet normal -0 0 1
    outer loop
      vertex -6.26378 7.14248 2
      vertex -5.14289 5.86434 2
      vertex -5.78323 7.53686 2
    endloop
  endfacet
  facet normal 0 0 1
    outer loop
      vertex -5.14289 5.86434 2
      vertex -6.26378 7.14248 2
      vertex -5.51542 5.51542 2
    endloop
  endfacet
  facet normal -0 0 1
    outer loop
      vertex -6.71751 6.71751 2
      vertex -5.51542 5.51542 2
      vertex -6.26378 7.14248 2
    endloop
  endfacet
  facet normal 0 0 1
    outer loop
      vertex -5.51542 5.51542 2
      vertex -6.71751 6.71751 2
      vertex -5.86434 5.14289 2
    endloop
  endfacet
  facet normal -0 0 1
    outer loop
      vertex -7.14248 6.26378 2
      vertex -5.86434 5.14289 2
      vertex -6.71751 6.71751 2
    endloop
  endfacet
  facet normal 0 0 1
    outer loop
      vertex -5.86434 5.14289 2
      vertex -7.14248 6.26378 2
      vertex -6.18815 4.74833 2
    endloop
  endfacet
  facet normal -0 0 1
    outer loop
      vertex -7.53686 5.78323 2
      vertex -6.18815 4.74833 2
      vertex -7.14248 6.26378 2
    endloop
  endfacet
  facet normal 0 0 1
    outer loop
      vertex -6.18815 4.74833 2
      vertex -7.53686 5.78323 2
      vertex -6.48545 4.33344 2
    endloop
  endfacet
  facet normal -0 0 1
    outer loop
      vertex -7.89896 5.27792 2
      vertex -6.48545 4.33344 2
      vertex -7.53686 5.78323 2
    endloop
  endfacet
  facet normal 0 0 1
    outer loop
      vertex -6.48545 4.33344 2
      vertex -7.89896 5.27792 2
      vertex -6.75499 3.89999 2
    endloop
  endfacet
  facet normal -0 0 1
    outer loop
      vertex -8.22724 4.75 2
      vertex -6.75499 3.89999 2
      vertex -7.89896 5.27792 2
    endloop
  endfacet
  facet normal 0 0 1
    outer loop
      vertex -6.75499 3.89999 2
      vertex -8.22724 4.75 2
      vertex -6.9956 3.44985 2
    endloop
  endfacet
  facet normal -0 0 1
    outer loop
      vertex -8.52029 4.20174 2
      vertex -6.9956 3.44985 2
      vertex -8.22724 4.75 2
    endloop
  endfacet
  facet normal 0 0 1
    outer loop
      vertex -6.9956 3.44985 2
      vertex -8.52029 4.20174 2
      vertex -7.20625 2.98493 2
    endloop
  endfacet
  facet normal -0 0 1
    outer loop
      vertex -8.77686 3.63549 2
      vertex -7.20625 2.98493 2
      vertex -8.52029 4.20174 2
    endloop
  endfacet
  facet normal 0 0 1
    outer loop
      vertex -7.20625 2.98493 2
      vertex -8.77686 3.63549 2
      vertex -7.38604 2.50722 2
    endloop
  endfacet
  facet normal 0 0 1
    outer loop
      vertex -7.38604 2.50722 2
      vertex -8.99584 3.05367 2
      vertex -7.53421 2.01878 2
    endloop
  endfacet
  facet normal -0 0 1
    outer loop
      vertex -8.99584 3.05367 2
      vertex -7.38604 2.50722 2
      vertex -8.77686 3.63549 2
    endloop
  endfacet
  facet normal -0 0 1
    outer loop
      vertex 7.53421 -2.01878 2
      vertex 8.67847 -3.85263 2
      vertex 7.65011 -1.5217 2
    endloop
  endfacet
  facet normal -0 0 1
    outer loop
      vertex 7.38604 -2.50722 2
      vertex 8.67847 -3.85263 2
      vertex 7.53421 -2.01878 2
    endloop
  endfacet
  facet normal -0 0 1
    outer loop
      vertex 7.20625 -2.98493 2
      vertex 8.67847 -3.85263 2
      vertex 7.38604 -2.50722 2
    endloop
  endfacet
  facet normal -0 0 1
    outer loop
      vertex 6.9956 -3.44985 2
      vertex 8.67847 -3.85263 2
      vertex 7.20625 -2.98493 2
    endloop
  endfacet
  facet normal 0 0 1
    outer loop
      vertex 8.67847 -3.85263 2
      vertex 6.9956 -3.44985 2
      vertex 8.52029 -4.20174 2
    endloop
  endfacet
  facet normal 0 0 1
    outer loop
      vertex 8.52029 -4.20174 2
      vertex 6.9956 -3.44985 2
      vertex 8.22724 -4.75 2
    endloop
  endfacet
  facet normal -0 0 1
    outer loop
      vertex 6.75499 -3.89999 2
      vertex 8.22724 -4.75 2
      vertex 6.9956 -3.44985 2
    endloop
  endfacet
  facet normal 0 0 1
    outer loop
      vertex 8.22724 -4.75 2
      vertex 6.75499 -3.89999 2
      vertex 7.89896 -5.27792 2
    endloop
  endfacet
  facet normal -0 0 1
    outer loop
      vertex 6.48545 -4.33344 2
      vertex 7.89896 -5.27792 2
      vertex 6.75499 -3.89999 2
    endloop
  endfacet
  facet normal 0 0 1
    outer loop
      vertex 7.89896 -5.27792 2
      vertex 6.48545 -4.33344 2
      vertex 7.53686 -5.78323 2
    endloop
  endfacet
  facet normal -0 0 1
    outer loop
      vertex 6.18815 -4.74833 2
      vertex 7.53686 -5.78323 2
      vertex 6.48545 -4.33344 2
    endloop
  endfacet
  facet normal 0 0 1
    outer loop
      vertex 7.53686 -5.78323 2
      vertex 6.18815 -4.74833 2
      vertex 7.14248 -6.26378 2
    endloop
  endfacet
  facet normal -0 0 1
    outer loop
      vertex 5.86434 -5.14289 2
      vertex 7.14248 -6.26378 2
      vertex 6.18815 -4.74833 2
    endloop
  endfacet
  facet normal 0 0 1
    outer loop
      vertex 7.14248 -6.26378 2
      vertex 5.86434 -5.14289 2
      vertex 6.71751 -6.71751 2
    endloop
  endfacet
  facet normal -0 0 1
    outer loop
      vertex 5.51542 -5.51542 2
      vertex 6.71751 -6.71751 2
      vertex 5.86434 -5.14289 2
    endloop
  endfacet
  facet normal 0 0 1
    outer loop
      vertex 6.71751 -6.71751 2
      vertex 5.51542 -5.51542 2
      vertex 6.26378 -7.14248 2
    endloop
  endfacet
  facet normal -0 0 1
    outer loop
      vertex 5.14289 -5.86434 2
      vertex 6.26378 -7.14248 2
      vertex 5.51542 -5.51542 2
    endloop
  endfacet
  facet normal 0 0 1
    outer loop
      vertex 6.26378 -7.14248 2
      vertex 5.14289 -5.86434 2
      vertex 5.78323 -7.53686 2
    endloop
  endfacet
  facet normal -0 0 1
    outer loop
      vertex 4.74833 -6.18815 2
      vertex 5.78323 -7.53686 2
      vertex 5.14289 -5.86434 2
    endloop
  endfacet
  facet normal 0 0 1
    outer loop
      vertex 5.78323 -7.53686 2
      vertex 4.74833 -6.18815 2
      vertex 5.27792 -7.89896 2
    endloop
  endfacet
  facet normal -0 0 1
    outer loop
      vertex 4.33344 -6.48545 2
      vertex 5.27792 -7.89896 2
      vertex 4.74833 -6.18815 2
    endloop
  endfacet
  facet normal 0 0 1
    outer loop
      vertex 5.27792 -7.89896 2
      vertex 4.33344 -6.48545 2
      vertex 4.75 -8.22724 2
    endloop
  endfacet
  facet normal -0 0 1
    outer loop
      vertex 3.89999 -6.75499 2
      vertex 4.75 -8.22724 2
      vertex 4.33344 -6.48545 2
    endloop
  endfacet
  facet normal 0 0 1
    outer loop
      vertex 4.75 -8.22724 2
      vertex 3.89999 -6.75499 2
      vertex 4.20174 -8.52029 2
    endloop
  endfacet
  facet normal -0 0 1
    outer loop
      vertex 3.44985 -6.9956 2
      vertex 4.20174 -8.52029 2
      vertex 3.89999 -6.75499 2
    endloop
  endfacet
  facet normal 0 0 1
    outer loop
      vertex 4.20174 -8.52029 2
      vertex 3.44985 -6.9956 2
      vertex 3.63549 -8.77686 2
    endloop
  endfacet
  facet normal -0 0 1
    outer loop
      vertex 2.98493 -7.20625 2
      vertex 3.63549 -8.77686 2
      vertex 3.44985 -6.9956 2
    endloop
  endfacet
  facet normal 0 0 1
    outer loop
      vertex 3.63549 -8.77686 2
      vertex 2.98493 -7.20625 2
      vertex 3.05367 -8.99584 2
    endloop
  endfacet
  facet normal -0 0 1
    outer loop
      vertex 2.50722 -7.38604 2
      vertex 3.05367 -8.99584 2
      vertex 2.98493 -7.20625 2
    endloop
  endfacet
  facet normal 0 0 1
    outer loop
      vertex 2.50722 -7.38604 2
      vertex 2.45878 -9.1763 2
      vertex 3.05367 -8.99584 2
    endloop
  endfacet
  facet normal -0 0 1
    outer loop
      vertex 2.01878 -7.53421 2
      vertex 2.45878 -9.1763 2
      vertex 2.50722 -7.38604 2
    endloop
  endfacet
  facet normal 0 0 1
    outer loop
      vertex 2.01878 -7.53421 2
      vertex 1.85336 -9.31746 2
      vertex 2.45878 -9.1763 2
    endloop
  endfacet
  facet normal -0 0 1
    outer loop
      vertex 1.5217 -7.65011 2
      vertex 1.85336 -9.31746 2
      vertex 2.01878 -7.53421 2
    endloop
  endfacet
  facet normal -0 0 1
    outer loop
      vertex 1.23545 -7.69737 2
      vertex 1.85336 -9.31746 2
      vertex 1.5217 -7.65011 2
    endloop
  endfacet
  facet normal 0 0 1
    outer loop
      vertex 1.85336 -9.31746 2
      vertex 1.23545 -7.69737 2
      vertex 1.24 -9.41873 2
    endloop
  endfacet
  facet normal -0 0 1
    outer loop
      vertex 0.176544 -8.74573 2
      vertex 1.24 -9.41873 2
      vertex 1.23545 -7.69737 2
    endloop
  endfacet
  facet normal 0 0 1
    outer loop
      vertex 1.24 -9.41873 2
      vertex 0.176544 -8.74573 2
      vertex 0.753783 -9.46661 2
    endloop
  endfacet
  facet normal 0 0 1
    outer loop
      vertex -1.19055 -7.70479 2
      vertex -1.24 -9.41873 2
      vertex -1.19055 -9.4236 2
    endloop
  endfacet
  facet normal 0 0 1
    outer loop
      vertex -1.85336 -9.31746 2
      vertex -1.19055 -7.70479 2
      vertex -1.5217 -7.65011 2
    endloop
  endfacet
  facet normal 0 0 1
    outer loop
      vertex -1.19055 -7.70479 2
      vertex -1.85336 -9.31746 2
      vertex -1.24 -9.41873 2
    endloop
  endfacet
  facet normal 0 0 1
    outer loop
      vertex -2.01878 -7.53421 2
      vertex -1.85336 -9.31746 2
      vertex -1.5217 -7.65011 2
    endloop
  endfacet
  facet normal 0 0 1
    outer loop
      vertex -2.01878 -7.53421 2
      vertex -2.45878 -9.1763 2
      vertex -1.85336 -9.31746 2
    endloop
  endfacet
  facet normal 0 0 1
    outer loop
      vertex -2.50722 -7.38604 2
      vertex -2.45878 -9.1763 2
      vertex -2.01878 -7.53421 2
    endloop
  endfacet
  facet normal 0 0 1
    outer loop
      vertex -3.05367 -8.99584 2
      vertex -2.50722 -7.38604 2
      vertex -2.98493 -7.20625 2
    endloop
  endfacet
  facet normal 0 0 1
    outer loop
      vertex -2.50722 -7.38604 2
      vertex -3.05367 -8.99584 2
      vertex -2.45878 -9.1763 2
    endloop
  endfacet
  facet normal 0 0 1
    outer loop
      vertex -3.63549 -8.77686 2
      vertex -2.98493 -7.20625 2
      vertex -3.44985 -6.9956 2
    endloop
  endfacet
  facet normal 0 0 1
    outer loop
      vertex -2.98493 -7.20625 2
      vertex -3.63549 -8.77686 2
      vertex -3.05367 -8.99584 2
    endloop
  endfacet
  facet normal 0 0 1
    outer loop
      vertex -4.20174 -8.52029 2
      vertex -3.44985 -6.9956 2
      vertex -3.89999 -6.75499 2
    endloop
  endfacet
  facet normal 0 0 1
    outer loop
      vertex -3.44985 -6.9956 2
      vertex -4.20174 -8.52029 2
      vertex -3.63549 -8.77686 2
    endloop
  endfacet
  facet normal 0 0 1
    outer loop
      vertex -4.75 -8.22724 2
      vertex -3.89999 -6.75499 2
      vertex -4.33344 -6.48545 2
    endloop
  endfacet
  facet normal 0 0 1
    outer loop
      vertex -5.27792 -7.89896 2
      vertex -4.33344 -6.48545 2
      vertex -4.74833 -6.18815 2
    endloop
  endfacet
  facet normal 0 0 1
    outer loop
      vertex -3.89999 -6.75499 2
      vertex -4.75 -8.22724 2
      vertex -4.20174 -8.52029 2
    endloop
  endfacet
  facet normal 0 0 1
    outer loop
      vertex -5.78323 -7.53686 2
      vertex -4.74833 -6.18815 2
      vertex -5.14289 -5.86434 2
    endloop
  endfacet
  facet normal 0 0 1
    outer loop
      vertex -4.33344 -6.48545 2
      vertex -5.27792 -7.89896 2
      vertex -4.75 -8.22724 2
    endloop
  endfacet
  facet normal 0 0 1
    outer loop
      vertex -6.26378 -7.14248 2
      vertex -5.14289 -5.86434 2
      vertex -5.51542 -5.51542 2
    endloop
  endfacet
  facet normal 0 0 1
    outer loop
      vertex -4.74833 -6.18815 2
      vertex -5.78323 -7.53686 2
      vertex -5.27792 -7.89896 2
    endloop
  endfacet
  facet normal 0 0 1
    outer loop
      vertex -6.71751 -6.71751 2
      vertex -5.51542 -5.51542 2
      vertex -5.86434 -5.14289 2
    endloop
  endfacet
  facet normal 0 0 1
    outer loop
      vertex -7.14248 -6.26378 2
      vertex -5.86434 -5.14289 2
      vertex -6.18815 -4.74833 2
    endloop
  endfacet
  facet normal 0 0 1
    outer loop
      vertex -5.14289 -5.86434 2
      vertex -6.26378 -7.14248 2
      vertex -5.78323 -7.53686 2
    endloop
  endfacet
  facet normal 0 0 1
    outer loop
      vertex -7.53686 -5.78323 2
      vertex -6.18815 -4.74833 2
      vertex -6.48545 -4.33344 2
    endloop
  endfacet
  facet normal 0 0 1
    outer loop
      vertex -5.51542 -5.51542 2
      vertex -6.71751 -6.71751 2
      vertex -6.26378 -7.14248 2
    endloop
  endfacet
  facet normal 0 0 1
    outer loop
      vertex -7.89896 -5.27792 2
      vertex -6.48545 -4.33344 2
      vertex -6.75499 -3.89999 2
    endloop
  endfacet
  facet normal 0 0 1
    outer loop
      vertex -8.22724 -4.75 2
      vertex -6.75499 -3.89999 2
      vertex -6.9956 -3.44985 2
    endloop
  endfacet
  facet normal 0 0 1
    outer loop
      vertex -5.86434 -5.14289 2
      vertex -7.14248 -6.26378 2
      vertex -6.71751 -6.71751 2
    endloop
  endfacet
  facet normal 0 0 1
    outer loop
      vertex -8.52029 -4.20174 2
      vertex -6.9956 -3.44985 2
      vertex -7.20625 -2.98493 2
    endloop
  endfacet
  facet normal 0 0 1
    outer loop
      vertex -8.77686 -3.63549 2
      vertex -7.20625 -2.98493 2
      vertex -7.38604 -2.50722 2
    endloop
  endfacet
  facet normal 0 0 1
    outer loop
      vertex -8.99584 -3.05367 2
      vertex -7.38604 -2.50722 2
      vertex -7.53421 -2.01878 2
    endloop
  endfacet
  facet normal 0 0 1
    outer loop
      vertex -6.18815 -4.74833 2
      vertex -7.53686 -5.78323 2
      vertex -7.14248 -6.26378 2
    endloop
  endfacet
  facet normal 0 0 1
    outer loop
      vertex -9.1763 -2.45878 2
      vertex -7.53421 -2.01878 2
      vertex -7.65011 -1.5217 2
    endloop
  endfacet
  facet normal 0 0 1
    outer loop
      vertex -9.31746 -1.85336 2
      vertex -7.65011 -1.5217 2
      vertex -7.73326 -1.0181 2
    endloop
  endfacet
  facet normal 0 0 1
    outer loop
      vertex -9.41873 -1.24 2
      vertex -7.73326 -1.0181 2
      vertex -7.78329 -0.510143 2
    endloop
  endfacet
  facet normal 0 0 1
    outer loop
      vertex -6.48545 -4.33344 2
      vertex -7.89896 -5.27792 2
      vertex -7.53686 -5.78323 2
    endloop
  endfacet
  facet normal 0 0 1
    outer loop
      vertex -9.47966 -0.621329 2
      vertex -7.78329 -0.510143 2
      vertex -7.79999 0 2
    endloop
  endfacet
  facet normal -0 0 1
    outer loop
      vertex -9.1763 2.45878 2
      vertex -7.53421 2.01878 2
      vertex -8.99584 3.05367 2
    endloop
  endfacet
  facet normal 0 0 1
    outer loop
      vertex -7.53421 2.01878 2
      vertex -9.1763 2.45878 2
      vertex -7.65011 1.5217 2
    endloop
  endfacet
  facet normal 0 0 1
    outer loop
      vertex -6.75499 -3.89999 2
      vertex -8.22724 -4.75 2
      vertex -7.89896 -5.27792 2
    endloop
  endfacet
  facet normal -0 0 1
    outer loop
      vertex -9.31746 1.85336 2
      vertex -7.65011 1.5217 2
      vertex -9.1763 2.45878 2
    endloop
  endfacet
  facet normal 0 0 1
    outer loop
      vertex -6.9956 -3.44985 2
      vertex -8.52029 -4.20174 2
      vertex -8.22724 -4.75 2
    endloop
  endfacet
  facet normal 0 0 1
    outer loop
      vertex -7.65011 1.5217 2
      vertex -9.31746 1.85336 2
      vertex -7.73326 1.0181 2
    endloop
  endfacet
  facet normal 0 0 1
    outer loop
      vertex -7.20625 -2.98493 2
      vertex -8.77686 -3.63549 2
      vertex -8.52029 -4.20174 2
    endloop
  endfacet
  facet normal -0 0 1
    outer loop
      vertex -9.41873 1.24 2
      vertex -7.73326 1.0181 2
      vertex -9.31746 1.85336 2
    endloop
  endfacet
  facet normal 0 0 1
    outer loop
      vertex -7.38604 -2.50722 2
      vertex -8.99584 -3.05367 2
      vertex -8.77686 -3.63549 2
    endloop
  endfacet
  facet normal 0 0 1
    outer loop
      vertex -7.73326 1.0181 2
      vertex -9.41873 1.24 2
      vertex -7.78329 0.510143 2
    endloop
  endfacet
  facet normal 0 0 1
    outer loop
      vertex -7.53421 -2.01878 2
      vertex -9.1763 -2.45878 2
      vertex -8.99584 -3.05367 2
    endloop
  endfacet
  facet normal -0 0 1
    outer loop
      vertex -9.47966 0.621329 2
      vertex -7.78329 0.510143 2
      vertex -9.41873 1.24 2
    endloop
  endfacet
  facet normal 0 0 1
    outer loop
      vertex -7.65011 -1.5217 2
      vertex -9.31746 -1.85336 2
      vertex -9.1763 -2.45878 2
    endloop
  endfacet
  facet normal 0 0 1
    outer loop
      vertex -7.78329 0.510143 2
      vertex -9.47966 0.621329 2
      vertex -7.79999 0 2
    endloop
  endfacet
  facet normal 0 0 1
    outer loop
      vertex -7.73326 -1.0181 2
      vertex -9.41873 -1.24 2
      vertex -9.31746 -1.85336 2
    endloop
  endfacet
  facet normal 0 0 1
    outer loop
      vertex -9.5 0 2
      vertex -7.79999 0 2
      vertex -9.47966 0.621329 2
    endloop
  endfacet
  facet normal 0 0 1
    outer loop
      vertex -7.78329 -0.510143 2
      vertex -9.47966 -0.621329 2
      vertex -9.41873 -1.24 2
    endloop
  endfacet
  facet normal 0 0 1
    outer loop
      vertex -7.79999 0 2
      vertex -9.5 0 2
      vertex -9.47966 -0.621329 2
    endloop
  endfacet
  facet normal -0 0 1
    outer loop
      vertex 0 -7.79999 2
      vertex -0.590393 -8.83322 2
      vertex 0.451025 -7.78522 2
    endloop
  endfacet
  facet normal 0 0 1
    outer loop
      vertex -0.510143 -7.78329 2
      vertex -0.590393 -8.83322 2
      vertex 0 -7.79999 2
    endloop
  endfacet
  facet normal 0 0 1
    outer loop
      vertex -0.590393 -8.83322 2
      vertex -0.510143 -7.78329 2
      vertex -0.590393 -7.77538 2
    endloop
  endfacet
  facet normal 0 0 1
    outer loop
      vertex -0.23642 -9.08344 2
      vertex 0 -9.5 2
      vertex 0.0871364 -9.49715 2
    endloop
  endfacet
  facet normal -0 0 1
    outer loop
      vertex -0.590393 -9.354 2
      vertex 0 -9.5 2
      vertex -0.23642 -9.08344 2
    endloop
  endfacet
  facet normal 0 0 1
    outer loop
      vertex 0 -9.5 2
      vertex -0.590393 -9.354 2
      vertex -0.590393 -9.48067 2
    endloop
  endfacet
  facet normal 0.130503 -0.00427193 0.991439
    outer loop
      vertex -9.86704 0.64672 2.0511
      vertex -9.88821 0 2.0511
      vertex -9.5 0 2
    endloop
  endfacet
  facet normal 0.130502 -0.00427217 0.991439
    outer loop
      vertex -9.47966 0.621329 2
      vertex -9.86704 0.64672 2.0511
      vertex -9.5 0 2
    endloop
  endfacet
  facet normal 0.382657 -0.0125006 0.923806
    outer loop
      vertex -10.2281 0.670382 2.20096
      vertex -10.25 0 2.20096
      vertex -9.88821 0 2.0511
    endloop
  endfacet
  facet normal 0.382617 -0.0125247 0.923822
    outer loop
      vertex -9.86704 0.64672 2.0511
      vertex -10.2281 0.670382 2.20096
      vertex -9.88821 0 2.0511
    endloop
  endfacet
  facet normal 0.608578 -0.020001 0.793242
    outer loop
      vertex -10.538 0.6907 2.43933
      vertex -10.5607 0 2.43933
      vertex -10.25 0 2.20096
    endloop
  endfacet
  facet normal 0.608747 -0.0198865 0.793115
    outer loop
      vertex -10.2281 0.670382 2.20096
      vertex -10.538 0.6907 2.43933
      vertex -10.25 0 2.20096
    endloop
  endfacet
  facet normal 0.793192 -0.0259423 0.608419
    outer loop
      vertex -10.7759 0.706289 2.75
      vertex -10.799 0 2.75
      vertex -10.5607 0 2.43933
    endloop
  endfacet
  facet normal 0.793051 -0.0260638 0.608598
    outer loop
      vertex -10.538 0.6907 2.43933
      vertex -10.7759 0.706289 2.75
      vertex -10.5607 0 2.43933
    endloop
  endfacet
  facet normal 0.92341 -0.0303036 0.382617
    outer loop
      vertex -10.9254 0.716091 3.11177
      vertex -10.9489 0 3.11177
      vertex -10.799 0 2.75
    endloop
  endfacet
  facet normal 0.923485 -0.0302036 0.382445
    outer loop
      vertex -10.7759 0.706289 2.75
      vertex -10.9254 0.716091 3.11177
      vertex -10.799 0 2.75
    endloop
  endfacet
  facet normal 0.990925 -0.0325059 0.130428
    outer loop
      vertex -10.9764 0.719434 3.5
      vertex -11 0 3.5
      vertex -10.9489 0 3.11177
    endloop
  endfacet
  facet normal 0.990921 -0.0325191 0.130453
    outer loop
      vertex -10.9254 0.716091 3.11177
      vertex -10.9764 0.719434 3.5
      vertex -10.9489 0 3.11177
    endloop
  endfacet
  facet normal 0.8725 -0.0285972 0.487776
    outer loop
      vertex -11.0322 0.723087 3.59999
      vertex -11.0559 0 3.59999
      vertex -11 0 3.5
    endloop
  endfacet
  facet normal 0.872426 -0.0286187 0.487908
    outer loop
      vertex -10.9764 0.719434 3.5
      vertex -11.0322 0.723087 3.59999
      vertex -11 0 3.5
    endloop
  endfacet
  facet normal 0.019996 0 0.9998
    outer loop
      vertex -11.0564 0.000654673 3.6
      vertex -11.0564 0 3.6
      vertex -11.0559 0 3.59999
    endloop
  endfacet
  facet normal 0.0199515 -0.000654495 0.999801
    outer loop
      vertex -11.0564 0.000654673 3.6
      vertex -11.0322 0.723087 3.59999
      vertex -11.0327 0.723121 3.6
    endloop
  endfacet
  facet normal 0.0191735 -0.000628433 0.999816
    outer loop
      vertex -11.0322 0.723087 3.59999
      vertex -11.0564 0.000654673 3.6
      vertex -11.0559 0 3.59999
    endloop
  endfacet
  facet normal 0.71042 -0.0232606 -0.703393
    outer loop
      vertex -7 0 1
      vertex -7.98996 0.00453042 0
      vertex -6.98501 0.457822 1
    endloop
  endfacet
  facet normal 0.710444 -0.0219543 -0.703411
    outer loop
      vertex -7.98996 0.00453042 0
      vertex -7 0 1
      vertex -7.9901 0 0
    endloop
  endfacet
  facet normal 0.71042 -0.0232579 -0.703394
    outer loop
      vertex -6.98501 0.457822 1
      vertex -7.98996 0.00453042 0
      vertex -7.973 0.522578 0
    endloop
  endfacet
  facet normal 0.995184 -0.0980206 0
    outer loop
      vertex -6.98501 0.457822 1.2
      vertex -6.94011 0.913683 1
      vertex -6.94011 0.913683 1.2
    endloop
  endfacet
  facet normal 0.995184 -0.0980206 0
    outer loop
      vertex -6.94011 0.913683 1
      vertex -6.98501 0.457822 1.2
      vertex -6.98501 0.457822 1
    endloop
  endfacet
  facet normal 0.986678 -0.0971939 0.130462
    outer loop
      vertex -6.96713 0.91724 1.40704
      vertex -7.01221 0.459604 1.40704
      vertex -6.98501 0.457822 1.2
    endloop
  endfacet
  facet normal 0.986682 -0.0971832 0.130438
    outer loop
      vertex -6.96713 0.91724 1.40704
      vertex -6.98501 0.457822 1.2
      vertex -6.94011 0.913683 1.2
    endloop
  endfacet
  facet normal 0.919504 -0.0905715 0.382503
    outer loop
      vertex -7.04637 0.927672 1.59999
      vertex -7.09196 0.464831 1.59999
      vertex -7.01221 0.459604 1.40704
    endloop
  endfacet
  facet normal 0.919499 -0.0905764 0.382514
    outer loop
      vertex -6.96713 0.91724 1.40704
      vertex -7.04637 0.927672 1.59999
      vertex -7.01221 0.459604 1.40704
    endloop
  endfacet
  facet normal 0.789687 -0.077775 0.608561
    outer loop
      vertex -7.17242 0.944267 1.76567
      vertex -7.21882 0.473146 1.76567
      vertex -7.09196 0.464831 1.59999
    endloop
  endfacet
  facet normal 0.789673 -0.0777831 0.608577
    outer loop
      vertex -7.04637 0.927672 1.59999
      vertex -7.17242 0.944267 1.76567
      vertex -7.09196 0.464831 1.59999
    endloop
  endfacet
  facet normal 0.606052 -0.0596857 0.793183
    outer loop
      vertex -7.33669 0.965893 1.89281
      vertex -7.38415 0.483982 1.89281
      vertex -7.21882 0.473146 1.76567
    endloop
  endfacet
  facet normal 0.606045 -0.0596885 0.793188
    outer loop
      vertex -7.17242 0.944267 1.76567
      vertex -7.33669 0.965893 1.89281
      vertex -7.21882 0.473146 1.76567
    endloop
  endfacet
  facet normal 0.381016 -0.0375256 0.923807
    outer loop
      vertex -7.52798 0.991077 1.97273
      vertex -7.57668 0.496602 1.97273
      vertex -7.38415 0.483982 1.89281
    endloop
  endfacet
  facet normal 0.381021 -0.037524 0.923805
    outer loop
      vertex -7.33669 0.965893 1.89281
      vertex -7.52798 0.991077 1.97273
      vertex -7.38415 0.483982 1.89281
    endloop
  endfacet
  facet normal 0.130017 -0.0128057 0.991429
    outer loop
      vertex -7.73326 1.0181 2
      vertex -7.78329 0.510143 2
      vertex -7.57668 0.496602 1.97273
    endloop
  endfacet
  facet normal 0.130019 -0.0128053 0.991429
    outer loop
      vertex -7.52798 0.991077 1.97273
      vertex -7.73326 1.0181 2
      vertex -7.57668 0.496602 1.97273
    endloop
  endfacet
  facet normal 0.129944 -0.0127976 0.991439
    outer loop
      vertex -9.80362 1.29067 2.0511
      vertex -9.86704 0.64672 2.0511
      vertex -9.47966 0.621329 2
    endloop
  endfacet
  facet normal 0.129944 -0.0127976 0.991439
    outer loop
      vertex -9.41873 1.24 2
      vertex -9.80362 1.29067 2.0511
      vertex -9.47966 0.621329 2
    endloop
  endfacet
  facet normal 0.380976 -0.037555 0.923822
    outer loop
      vertex -10.1623 1.33789 2.20096
      vertex -10.2281 0.670382 2.20096
      vertex -9.86704 0.64672 2.0511
    endloop
  endfacet
  facet normal 0.381032 -0.0375263 0.9238
    outer loop
      vertex -9.80362 1.29067 2.0511
      vertex -10.1623 1.33789 2.20096
      vertex -9.86704 0.64672 2.0511
    endloop
  endfacet
  facet normal 0.60614 -0.0596675 0.793117
    outer loop
      vertex -10.4703 1.37844 2.43933
      vertex -10.538 0.6907 2.43933
      vertex -10.2281 0.670382 2.20096
    endloop
  endfacet
  facet normal 0.606018 -0.0597386 0.793204
    outer loop
      vertex -10.1623 1.33789 2.20096
      vertex -10.4703 1.37844 2.43933
      vertex -10.2281 0.670382 2.20096
    endloop
  endfacet
  facet normal 0.789656 -0.0778124 0.608595
    outer loop
      vertex -10.7066 1.40956 2.75
      vertex -10.7759 0.706289 2.75
      vertex -10.538 0.6907 2.43933
    endloop
  endfacet
  facet normal 0.78975 -0.0777417 0.608483
    outer loop
      vertex -10.4703 1.37844 2.43933
      vertex -10.7066 1.40956 2.75
      vertex -10.538 0.6907 2.43933
    endloop
  endfacet
  facet normal 0.919532 -0.0905309 0.382446
    outer loop
      vertex -10.8552 1.42912 3.11177
      vertex -10.9254 0.716091 3.11177
      vertex -10.7759 0.706289 2.75
    endloop
  endfacet
  facet normal 0.91947 -0.0906041 0.382578
    outer loop
      vertex -10.7066 1.40956 2.75
      vertex -10.8552 1.42912 3.11177
      vertex -10.7759 0.706289 2.75
    endloop
  endfacet
  facet normal 0.986688 -0.0971046 0.130453
    outer loop
      vertex -10.9059 1.43579 3.5
      vertex -10.9764 0.719434 3.5
      vertex -10.9254 0.716091 3.11177
    endloop
  endfacet
  facet normal 0.986675 -0.0971413 0.130521
    outer loop
      vertex -10.9059 1.43579 3.5
      vertex -10.9254 0.716091 3.11177
      vertex -10.8552 1.42912 3.11177
    endloop
  endfacet
  facet normal 0.868695 -0.0855431 0.487905
    outer loop
      vertex -10.9613 1.44308 3.59999
      vertex -11.0322 0.723087 3.59999
      vertex -10.9764 0.719434 3.5
    endloop
  endfacet
  facet normal 0.868854 -0.0855081 0.487628
    outer loop
      vertex -10.9613 1.44308 3.59999
      vertex -10.9764 0.719434 3.5
      vertex -10.9059 1.43579 3.5
    endloop
  endfacet
  facet normal 0.0197896 -0.00303521 0.9998
    outer loop
      vertex -11.0326 0.723773 3.6
      vertex -11.0327 0.723121 3.6
      vertex -11.0322 0.723087 3.59999
    endloop
  endfacet
  facet normal 0.0197243 -0.00194124 0.999804
    outer loop
      vertex -11.0326 0.723773 3.6
      vertex -10.9613 1.44308 3.59999
      vertex -10.9618 1.44315 3.6
    endloop
  endfacet
  facet normal 0.021383 -0.00210565 0.999769
    outer loop
      vertex -10.9613 1.44308 3.59999
      vertex -11.0326 0.723773 3.6
      vertex -11.0322 0.723087 3.59999
    endloop
  endfacet
  facet normal 0.70738 -0.0696733 -0.703392
    outer loop
      vertex -6.98501 0.457822 1
      vertex -7.97255 0.527089 0
      vertex -6.94011 0.913683 1
    endloop
  endfacet
  facet normal 0.707305 -0.070558 -0.703379
    outer loop
      vertex -7.97255 0.527089 0
      vertex -6.98501 0.457822 1
      vertex -7.973 0.522578 0
    endloop
  endfacet
  facet normal 0.707378 -0.0696639 -0.703394
    outer loop
      vertex -6.94011 0.913683 1
      vertex -7.97255 0.527089 0
      vertex -7.92175 1.04292 0
    endloop
  endfacet
  facet normal 0.986646 -0.162881 0
    outer loop
      vertex -6.94011 0.913683 1.2
      vertex -6.8655 1.36563 1
      vertex -6.8655 1.36563 1.2
    endloop
  endfacet
  facet normal 0.986646 -0.162881 0
    outer loop
      vertex -6.8655 1.36563 1
      vertex -6.94011 0.913683 1.2
      vertex -6.94011 0.913683 1
    endloop
  endfacet
  facet normal 0.978217 -0.161487 0.130438
    outer loop
      vertex -6.89223 1.37095 1.40704
      vertex -6.96713 0.91724 1.40704
      vertex -6.94011 0.913683 1.2
    endloop
  endfacet
  facet normal 0.978216 -0.161489 0.130443
    outer loop
      vertex -6.89223 1.37095 1.40704
      vertex -6.94011 0.913683 1.2
      vertex -6.8655 1.36563 1.2
    endloop
  endfacet
  facet normal 0.911609 -0.150508 0.382514
    outer loop
      vertex -6.97061 1.38654 1.59999
      vertex -7.04637 0.927672 1.59999
      vertex -6.96713 0.91724 1.40704
    endloop
  endfacet
  facet normal 0.911625 -0.150494 0.382479
    outer loop
      vertex -6.89223 1.37095 1.40704
      vertex -6.97061 1.38654 1.59999
      vertex -6.96713 0.91724 1.40704
    endloop
  endfacet
  facet normal 0.782897 -0.12925 0.608577
    outer loop
      vertex -7.09531 1.41134 1.76567
      vertex -7.17242 0.944267 1.76567
      vertex -7.04637 0.927672 1.59999
    endloop
  endfacet
  facet normal 0.782886 -0.129256 0.608591
    outer loop
      vertex -6.97061 1.38654 1.59999
      vertex -7.09531 1.41134 1.76567
      vertex -7.04637 0.927672 1.59999
    endloop
  endfacet
  facet normal 0.600842 -0.0992104 0.793187
    outer loop
      vertex -7.2578 1.44367 1.89281
      vertex -7.33669 0.965893 1.89281
      vertex -7.17242 0.944267 1.76567
    endloop
  endfacet
  facet normal 0.600873 -0.0991993 0.793165
    outer loop
      vertex -7.09531 1.41134 1.76567
      vertex -7.2578 1.44367 1.89281
      vertex -7.17242 0.944267 1.76567
    endloop
  endfacet
  facet normal 0.37775 -0.0623685 0.923805
    outer loop
      vertex -7.44704 1.48131 1.97273
      vertex -7.52798 0.991077 1.97273
      vertex -7.33669 0.965893 1.89281
    endloop
  endfacet
  facet normal 0.377738 -0.0623717 0.923809
    outer loop
      vertex -7.2578 1.44367 1.89281
      vertex -7.44704 1.48131 1.97273
      vertex -7.33669 0.965893 1.89281
    endloop
  endfacet
  facet normal 0.128903 -0.0212833 0.991429
    outer loop
      vertex -7.65011 1.5217 2
      vertex -7.73326 1.0181 2
      vertex -7.52798 0.991077 1.97273
    endloop
  endfacet
  facet normal 0.128905 -0.0212828 0.991429
    outer loop
      vertex -7.44704 1.48131 1.97273
      vertex -7.65011 1.5217 2
      vertex -7.52798 0.991077 1.97273
    endloop
  endfacet
  facet normal 0.128828 -0.0212709 0.991439
    outer loop
      vertex -9.69821 1.92909 2.0511
      vertex -9.80362 1.29067 2.0511
      vertex -9.41873 1.24 2
    endloop
  endfacet
  facet normal 0.128829 -0.0212706 0.991439
    outer loop
      vertex -9.31746 1.85336 2
      vertex -9.69821 1.92909 2.0511
      vertex -9.41873 1.24 2
    endloop
  endfacet
  facet normal 0.377759 -0.06239 0.9238
    outer loop
      vertex -10.053 1.99968 2.20096
      vertex -10.1623 1.33789 2.20096
      vertex -9.80362 1.29067 2.0511
    endloop
  endfacet
  facet normal 0.377789 -0.062377 0.923788
    outer loop
      vertex -9.69821 1.92909 2.0511
      vertex -10.053 1.99968 2.20096
      vertex -9.80362 1.29067 2.0511
    endloop
  endfacet
  facet normal 0.60082 -0.0992202 0.793203
    outer loop
      vertex -10.3577 2.06028 2.43933
      vertex -10.4703 1.37844 2.43933
      vertex -10.1623 1.33789 2.20096
    endloop
  endfacet
  facet normal 0.600804 -0.0992277 0.793214
    outer loop
      vertex -10.053 1.99968 2.20096
      vertex -10.3577 2.06028 2.43933
      vertex -10.1623 1.33789 2.20096
    endloop
  endfacet
  facet normal 0.782968 -0.129256 0.608484
    outer loop
      vertex -10.5915 2.10678 2.75
      vertex -10.7066 1.40956 2.75
      vertex -10.4703 1.37844 2.43933
    endloop
  endfacet
  facet normal 0.782914 -0.129291 0.608547
    outer loop
      vertex -10.3577 2.06028 2.43933
      vertex -10.5915 2.10678 2.75
      vertex -10.4703 1.37844 2.43933
    endloop
  endfacet
  facet normal 0.911585 -0.150491 0.382578
    outer loop
      vertex -10.7385 2.13602 3.11177
      vertex -10.8552 1.42912 3.11177
      vertex -10.7066 1.40956 2.75
    endloop
  endfacet
  facet normal 0.911587 -0.150489 0.382573
    outer loop
      vertex -10.5915 2.10678 2.75
      vertex -10.7385 2.13602 3.11177
      vertex -10.7066 1.40956 2.75
    endloop
  endfacet
  facet normal 0.978193 -0.161563 0.130521
    outer loop
      vertex -10.7886 2.14599 3.5
      vertex -10.9059 1.43579 3.5
      vertex -10.8552 1.42912 3.11177
    endloop
  endfacet
  facet normal 0.978223 -0.161492 0.130384
    outer loop
      vertex -10.7886 2.14599 3.5
      vertex -10.8552 1.42912 3.11177
      vertex -10.7385 2.13602 3.11177
    endloop
  endfacet
  facet normal 0.861382 -0.142274 0.487626
    outer loop
      vertex -10.8434 2.15689 3.59999
      vertex -10.9613 1.44308 3.59999
      vertex -10.9059 1.43579 3.5
    endloop
  endfacet
  facet normal 0.861396 -0.142272 0.487602
    outer loop
      vertex -10.8434 2.15689 3.59999
      vertex -10.9059 1.43579 3.5
      vertex -10.7886 2.14599 3.5
    endloop
  endfacet
  facet normal 0.019568 -0.0030575 0.999804
    outer loop
      vertex -10.9617 1.44379 3.6
      vertex -10.9618 1.44315 3.6
      vertex -10.9613 1.44308 3.59999
    endloop
  endfacet
  facet normal 0.0193567 -0.00319717 0.999808
    outer loop
      vertex -10.9617 1.44379 3.6
      vertex -10.8434 2.15689 3.59999
      vertex -10.8439 2.15699 3.6
    endloop
  endfacet
  facet normal 0.0193285 -0.00319249 0.999808
    outer loop
      vertex -10.8434 2.15689 3.59999
      vertex -10.9617 1.44379 3.6
      vertex -10.9613 1.44308 3.59999
    endloop
  endfacet
  facet normal 0.701308 -0.115776 -0.703393
    outer loop
      vertex -6.94011 0.913683 1
      vertex -7.92101 1.04739 0
      vertex -6.8655 1.36563 1
    endloop
  endfacet
  facet normal 0.701261 -0.116092 -0.703389
    outer loop
      vertex -7.92101 1.04739 0
      vertex -6.94011 0.913683 1
      vertex -7.92175 1.04292 0
    endloop
  endfacet
  facet normal 0.701309 -0.115783 -0.703392
    outer loop
      vertex -6.8655 1.36563 1
      vertex -7.92101 1.04739 0
      vertex -7.83658 1.55879 0
    endloop
  endfacet
  facet normal 0.973875 -0.227085 0
    outer loop
      vertex -6.8655 1.36563 1.2
      vertex -6.76148 1.81173 1
      vertex -6.76148 1.81173 1.2
    endloop
  endfacet
  facet normal 0.973875 -0.227085 0
    outer loop
      vertex -6.76148 1.81173 1
      vertex -6.8655 1.36563 1.2
      vertex -6.8655 1.36563 1
    endloop
  endfacet
  facet normal 0.965552 -0.225153 0.130443
    outer loop
      vertex -6.7878 1.81879 1.40704
      vertex -6.89223 1.37095 1.40704
      vertex -6.8655 1.36563 1.2
    endloop
  endfacet
  facet normal 0.965556 -0.225145 0.130424
    outer loop
      vertex -6.7878 1.81879 1.40704
      vertex -6.8655 1.36563 1.2
      vertex -6.76148 1.81173 1.2
    endloop
  endfacet
  facet normal 0.899831 -0.209794 0.38248
    outer loop
      vertex -6.86501 1.83947 1.59999
      vertex -6.97061 1.38654 1.59999
      vertex -6.89223 1.37095 1.40704
    endloop
  endfacet
  facet normal 0.899796 -0.20982 0.382547
    outer loop
      vertex -6.86501 1.83947 1.59999
      vertex -6.89223 1.37095 1.40704
      vertex -6.7878 1.81879 1.40704
    endloop
  endfacet
  facet normal 0.772756 -0.180182 0.60859
    outer loop
      vertex -6.98781 1.87238 1.76567
      vertex -7.09531 1.41134 1.76567
      vertex -6.97061 1.38654 1.59999
    endloop
  endfacet
  facet normal 0.77278 -0.180172 0.608564
    outer loop
      vertex -6.86501 1.83947 1.59999
      vertex -6.98781 1.87238 1.76567
      vertex -6.97061 1.38654 1.59999
    endloop
  endfacet
  facet normal 0.593096 -0.138291 0.793166
    outer loop
      vertex -7.14784 1.91526 1.89281
      vertex -7.2578 1.44367 1.89281
      vertex -7.09531 1.41134 1.76567
    endloop
  endfacet
  facet normal 0.593096 -0.138291 0.793166
    outer loop
      vertex -6.98781 1.87238 1.76567
      vertex -7.14784 1.91526 1.89281
      vertex -7.09531 1.41134 1.76567
    endloop
  endfacet
  facet normal 0.372853 -0.0869315 0.923809
    outer loop
      vertex -7.33422 1.9652 1.97273
      vertex -7.44704 1.48131 1.97273
      vertex -7.2578 1.44367 1.89281
    endloop
  endfacet
  facet normal 0.372839 -0.0869344 0.923815
    outer loop
      vertex -7.14784 1.91526 1.89281
      vertex -7.33422 1.9652 1.97273
      vertex -7.2578 1.44367 1.89281
    endloop
  endfacet
  facet normal 0.127237 -0.0296668 0.991429
    outer loop
      vertex -7.53421 2.01878 2
      vertex -7.65011 1.5217 2
      vertex -7.44704 1.48131 1.97273
    endloop
  endfacet
  facet normal 0.12724 -0.0296663 0.991428
    outer loop
      vertex -7.33422 1.9652 1.97273
      vertex -7.53421 2.01878 2
      vertex -7.44704 1.48131 1.97273
    endloop
  endfacet
  facet normal 0.127163 -0.0296492 0.991439
    outer loop
      vertex -9.55128 2.55926 2.0511
      vertex -9.69821 1.92909 2.0511
      vertex -9.31746 1.85336 2
    endloop
  endfacet
  facet normal 0.127162 -0.0296492 0.991439
    outer loop
      vertex -9.1763 2.45878 2
      vertex -9.55128 2.55926 2.0511
      vertex -9.31746 1.85336 2
    endloop
  endfacet
  facet normal 0.372906 -0.0869224 0.923789
    outer loop
      vertex -9.90074 2.65289 2.20096
      vertex -10.053 1.99968 2.20096
      vertex -9.69821 1.92909 2.0511
    endloop
  endfacet
  facet normal 0.372865 -0.0869369 0.923804
    outer loop
      vertex -9.55128 2.55926 2.0511
      vertex -9.90074 2.65289 2.20096
      vertex -9.69821 1.92909 2.0511
    endloop
  endfacet
  facet normal 0.593042 -0.138255 0.793213
    outer loop
      vertex -10.2008 2.7333 2.43933
      vertex -10.3577 2.06028 2.43933
      vertex -10.053 1.99968 2.20096
    endloop
  endfacet
  facet normal 0.593072 -0.138242 0.793193
    outer loop
      vertex -9.90074 2.65289 2.20096
      vertex -10.2008 2.7333 2.43933
      vertex -10.053 1.99968 2.20096
    endloop
  endfacet
  facet normal 0.772806 -0.180117 0.608547
    outer loop
      vertex -10.4311 2.79499 2.75
      vertex -10.5915 2.10678 2.75
      vertex -10.3577 2.06028 2.43933
    endloop
  endfacet
  facet normal 0.772748 -0.180149 0.608611
    outer loop
      vertex -10.2008 2.7333 2.43933
      vertex -10.4311 2.79499 2.75
      vertex -10.3577 2.06028 2.43933
    endloop
  endfacet
  facet normal 0.899788 -0.209808 0.382573
    outer loop
      vertex -10.5758 2.83378 3.11177
      vertex -10.7385 2.13602 3.11177
      vertex -10.5915 2.10678 2.75
    endloop
  endfacet
  facet normal 0.899872 -0.209732 0.382417
    outer loop
      vertex -10.5758 2.83378 3.11177
      vertex -10.5915 2.10678 2.75
      vertex -10.4311 2.79499 2.75
    endloop
  endfacet
  facet normal 0.96558 -0.225066 0.130385
    outer loop
      vertex -10.6252 2.84701 3.5
      vertex -10.7886 2.14599 3.5
      vertex -10.7385 2.13602 3.11177
    endloop
  endfacet
  facet normal 0.965543 -0.22514 0.130532
    outer loop
      vertex -10.6252 2.84701 3.5
      vertex -10.7385 2.13602 3.11177
      vertex -10.5758 2.83378 3.11177
    endloop
  endfacet
  facet normal 0.850256 -0.19827 0.4876
    outer loop
      vertex -10.6791 2.86147 3.59999
      vertex -10.8434 2.15689 3.59999
      vertex -10.7886 2.14599 3.5
    endloop
  endfacet
  facet normal 0.850521 -0.198247 0.487146
    outer loop
      vertex -10.6791 2.86147 3.59999
      vertex -10.7886 2.14599 3.5
      vertex -10.6252 2.84701 3.5
    endloop
  endfacet
  facet normal 0.0193902 -0.00302972 0.999807
    outer loop
      vertex -10.8438 2.15763 3.6
      vertex -10.8439 2.15699 3.6
      vertex -10.8434 2.15689 3.59999
    endloop
  endfacet
  facet normal 0.0188529 -0.00439742 0.999813
    outer loop
      vertex -10.8438 2.15763 3.6
      vertex -10.6791 2.86147 3.59999
      vertex -10.6796 2.8616 3.6
    endloop
  endfacet
  facet normal 0.0174626 -0.00407208 0.999839
    outer loop
      vertex -10.6791 2.86147 3.59999
      vertex -10.8438 2.15763 3.6
      vertex -10.8434 2.15689 3.59999
    endloop
  endfacet
  facet normal 0.692232 -0.161412 -0.703392
    outer loop
      vertex -6.8655 1.36563 1
      vertex -7.83555 1.56321 0
      vertex -6.76148 1.81173 1
    endloop
  endfacet
  facet normal 0.692253 -0.161317 -0.703393
    outer loop
      vertex -7.83555 1.56321 0
      vertex -6.8655 1.36563 1
      vertex -7.83658 1.55879 0
    endloop
  endfacet
  facet normal 0.692232 -0.161408 -0.703393
    outer loop
      vertex -6.76148 1.81173 1
      vertex -7.83555 1.56321 0
      vertex -7.71785 2.06799 0
    endloop
  endfacet
  facet normal 0.956942 -0.290281 0
    outer loop
      vertex -6.76148 1.81173 1.2
      vertex -6.62851 2.25008 1
      vertex -6.62851 2.25008 1.2
    endloop
  endfacet
  facet normal 0.956942 -0.290281 0
    outer loop
      vertex -6.62851 2.25008 1
      vertex -6.76148 1.81173 1.2
      vertex -6.76148 1.81173 1
    endloop
  endfacet
  facet normal 0.948771 -0.28779 0.130426
    outer loop
      vertex -6.65432 2.25884 1.40704
      vertex -6.7878 1.81879 1.40704
      vertex -6.76148 1.81173 1.2
    endloop
  endfacet
  facet normal 0.948764 -0.2878 0.130452
    outer loop
      vertex -6.65432 2.25884 1.40704
      vertex -6.76148 1.81173 1.2
      vertex -6.62851 2.25008 1.2
    endloop
  endfacet
  facet normal 0.884151 -0.268209 0.382544
    outer loop
      vertex -6.73 2.28453 1.59999
      vertex -6.86501 1.83947 1.59999
      vertex -6.7878 1.81879 1.40704
    endloop
  endfacet
  facet normal 0.884173 -0.268195 0.382504
    outer loop
      vertex -6.73 2.28453 1.59999
      vertex -6.7878 1.81879 1.40704
      vertex -6.65432 2.25884 1.40704
    endloop
  endfacet
  facet normal 0.759336 -0.230344 0.608565
    outer loop
      vertex -6.85039 2.32539 1.76567
      vertex -6.98781 1.87238 1.76567
      vertex -6.86501 1.83947 1.59999
    endloop
  endfacet
  facet normal 0.759331 -0.230345 0.60857
    outer loop
      vertex -6.85039 2.32539 1.76567
      vertex -6.86501 1.83947 1.59999
      vertex -6.73 2.28453 1.59999
    endloop
  endfacet
  facet normal 0.582784 -0.176776 0.793166
    outer loop
      vertex -7.00728 2.37865 1.89281
      vertex -7.14784 1.91526 1.89281
      vertex -6.98781 1.87238 1.76567
    endloop
  endfacet
  facet normal 0.582763 -0.17678 0.793181
    outer loop
      vertex -6.85039 2.32539 1.76567
      vertex -7.00728 2.37865 1.89281
      vertex -6.98781 1.87238 1.76567
    endloop
  endfacet
  facet normal 0.366354 -0.111138 0.923814
    outer loop
      vertex -7.18998 2.44067 1.97273
      vertex -7.33422 1.9652 1.97273
      vertex -7.14784 1.91526 1.89281
    endloop
  endfacet
  facet normal 0.366381 -0.111134 0.923804
    outer loop
      vertex -7.00728 2.37865 1.89281
      vertex -7.18998 2.44067 1.97273
      vertex -7.14784 1.91526 1.89281
    endloop
  endfacet
  facet normal 0.125027 -0.0379273 0.991428
    outer loop
      vertex -7.38604 2.50722 2
      vertex -7.53421 2.01878 2
      vertex -7.33422 1.9652 1.97273
    endloop
  endfacet
  facet normal 0.125024 -0.0379276 0.991429
    outer loop
      vertex -7.18998 2.44067 1.97273
      vertex -7.38604 2.50722 2
      vertex -7.33422 1.9652 1.97273
    endloop
  endfacet
  facet normal 0.124951 -0.0379029 0.991439
    outer loop
      vertex -9.36345 3.17846 2.0511
      vertex -9.55128 2.55926 2.0511
      vertex -9.1763 2.45878 2
    endloop
  endfacet
  facet normal 0.124949 -0.0379034 0.991439
    outer loop
      vertex -8.99584 3.05367 2
      vertex -9.36345 3.17846 2.0511
      vertex -9.1763 2.45878 2
    endloop
  endfacet
  facet normal 0.36638 -0.111142 0.923804
    outer loop
      vertex -9.70603 3.29475 2.20096
      vertex -9.90074 2.65289 2.20096
      vertex -9.55128 2.55926 2.0511
    endloop
  endfacet
  facet normal 0.366386 -0.111141 0.923802
    outer loop
      vertex -9.36345 3.17846 2.0511
      vertex -9.70603 3.29475 2.20096
      vertex -9.55128 2.55926 2.0511
    endloop
  endfacet
  facet normal 0.582749 -0.176769 0.793194
    outer loop
      vertex -10.0002 3.39461 2.43933
      vertex -10.2008 2.7333 2.43933
      vertex -9.90074 2.65289 2.20096
    endloop
  endfacet
  facet normal 0.582735 -0.176774 0.793203
    outer loop
      vertex -9.70603 3.29475 2.20096
      vertex -10.0002 3.39461 2.43933
      vertex -9.90074 2.65289 2.20096
    endloop
  endfacet
  facet normal 0.759284 -0.230399 0.608608
    outer loop
      vertex -10.2259 3.47123 2.75
      vertex -10.4311 2.79499 2.75
      vertex -10.2008 2.7333 2.43933
    endloop
  endfacet
  facet normal 0.759386 -0.23035 0.6085
    outer loop
      vertex -10.0002 3.39461 2.43933
      vertex -10.2259 3.47123 2.75
      vertex -10.2008 2.7333 2.43933
    endloop
  endfacet
  facet normal 0.884195 -0.268243 0.38242
    outer loop
      vertex -10.3678 3.5194 3.11177
      vertex -10.5758 2.83378 3.11177
      vertex -10.4311 2.79499 2.75
    endloop
  endfacet
  facet normal 0.88414 -0.268286 0.382516
    outer loop
      vertex -10.3678 3.5194 3.11177
      vertex -10.4311 2.79499 2.75
      vertex -10.2259 3.47123 2.75
    endloop
  endfacet
  facet normal 0.948734 -0.287863 0.130531
    outer loop
      vertex -10.4162 3.53583 3.5
      vertex -10.6252 2.84701 3.5
      vertex -10.5758 2.83378 3.11177
    endloop
  endfacet
  facet normal 0.948754 -0.287828 0.130461
    outer loop
      vertex -10.4162 3.53583 3.5
      vertex -10.5758 2.83378 3.11177
      vertex -10.3678 3.5194 3.11177
    endloop
  endfacet
  facet normal 0.835715 -0.253496 0.487155
    outer loop
      vertex -10.4691 3.55379 3.59999
      vertex -10.6791 2.86147 3.59999
      vertex -10.6252 2.84701 3.5
    endloop
  endfacet
  facet normal 0.835484 -0.2535 0.487549
    outer loop
      vertex -10.4691 3.55379 3.59999
      vertex -10.6252 2.84701 3.5
      vertex -10.4162 3.53583 3.5
    endloop
  endfacet
  facet normal 0.0192037 -0.0030482 0.999811
    outer loop
      vertex -10.6795 2.86223 3.6
      vertex -10.6796 2.8616 3.6
      vertex -10.6791 2.86147 3.59999
    endloop
  endfacet
  facet normal 0.0181263 -0.00550029 0.999821
    outer loop
      vertex -10.6795 2.86223 3.6
      vertex -10.4691 3.55379 3.59999
      vertex -10.4696 3.55396 3.6
    endloop
  endfacet
  facet normal 0.0158575 -0.00481003 0.999863
    outer loop
      vertex -10.4691 3.55379 3.59999
      vertex -10.6795 2.86223 3.6
      vertex -10.6791 2.86147 3.59999
    endloop
  endfacet
  facet normal 0.680196 -0.206332 -0.703392
    outer loop
      vertex -6.76148 1.81173 1
      vertex -7.71653 2.07233 0
      vertex -6.62851 2.25008 1
    endloop
  endfacet
  facet normal 0.680051 -0.206836 -0.703384
    outer loop
      vertex -7.71653 2.07233 0
      vertex -6.76148 1.81173 1
      vertex -7.71785 2.06799 0
    endloop
  endfacet
  facet normal 0.680196 -0.206335 -0.703391
    outer loop
      vertex -6.62851 2.25008 1
      vertex -7.71653 2.07233 0
      vertex -7.56607 2.56833 0
    endloop
  endfacet
  facet normal 0.935907 -0.352248 0
    outer loop
      vertex -6.62851 2.25008 1.2
      vertex -6.46716 2.67878 1
      vertex -6.46716 2.67878 1.2
    endloop
  endfacet
  facet normal 0.935907 -0.352248 0
    outer loop
      vertex -6.46716 2.67878 1
      vertex -6.62851 2.25008 1.2
      vertex -6.62851 2.25008 1
    endloop
  endfacet
  facet normal 0.927901 -0.349259 0.130451
    outer loop
      vertex -6.49233 2.68921 1.40704
      vertex -6.65432 2.25884 1.40704
      vertex -6.62851 2.25008 1.2
    endloop
  endfacet
  facet normal 0.927915 -0.34924 0.130401
    outer loop
      vertex -6.49233 2.68921 1.40704
      vertex -6.62851 2.25008 1.2
      vertex -6.46716 2.67878 1.2
    endloop
  endfacet
  facet normal 0.864736 -0.325456 0.382504
    outer loop
      vertex -6.56618 2.7198 1.59999
      vertex -6.73 2.28453 1.59999
      vertex -6.65432 2.25884 1.40704
    endloop
  endfacet
  facet normal 0.864706 -0.325473 0.382559
    outer loop
      vertex -6.56618 2.7198 1.59999
      vertex -6.65432 2.25884 1.40704
      vertex -6.49233 2.68921 1.40704
    endloop
  endfacet
  facet normal 0.742641 -0.279517 0.608568
    outer loop
      vertex -6.68363 2.76845 1.76567
      vertex -6.85039 2.32539 1.76567
      vertex -6.73 2.28453 1.59999
    endloop
  endfacet
  facet normal 0.742661 -0.279511 0.608545
    outer loop
      vertex -6.68363 2.76845 1.76567
      vertex -6.73 2.28453 1.59999
      vertex -6.56618 2.7198 1.59999
    endloop
  endfacet
  facet normal 0.56995 -0.214524 0.793181
    outer loop
      vertex -6.8367 2.83185 1.89281
      vertex -7.00728 2.37865 1.89281
      vertex -6.85039 2.32539 1.76567
    endloop
  endfacet
  facet normal 0.569959 -0.214522 0.793175
    outer loop
      vertex -6.8367 2.83185 1.89281
      vertex -6.85039 2.32539 1.76567
      vertex -6.68363 2.76845 1.76567
    endloop
  endfacet
  facet normal 0.358326 -0.134864 0.923804
    outer loop
      vertex -7.01496 2.90569 1.97273
      vertex -7.18998 2.44067 1.97273
      vertex -7.00728 2.37865 1.89281
    endloop
  endfacet
  facet normal 0.358311 -0.134865 0.92381
    outer loop
      vertex -6.8367 2.83185 1.89281
      vertex -7.01496 2.90569 1.97273
      vertex -7.00728 2.37865 1.89281
    endloop
  endfacet
  facet normal 0.122277 -0.0460199 0.991429
    outer loop
      vertex -7.20625 2.98493 2
      vertex -7.38604 2.50722 2
      vertex -7.18998 2.44067 1.97273
    endloop
  endfacet
  facet normal 0.122273 -0.0460201 0.991429
    outer loop
      vertex -7.01496 2.90569 1.97273
      vertex -7.20625 2.98493 2
      vertex -7.18998 2.44067 1.97273
    endloop
  endfacet
  facet normal 0.122203 -0.0459936 0.991439
    outer loop
      vertex -9.13552 3.78406 2.0511
      vertex -9.36345 3.17846 2.0511
      vertex -8.99584 3.05367 2
    endloop
  endfacet
  facet normal 0.122203 -0.0459936 0.991439
    outer loop
      vertex -8.77686 3.63549 2
      vertex -9.13552 3.78406 2.0511
      vertex -8.99584 3.05367 2
    endloop
  endfacet
  facet normal 0.358331 -0.134867 0.923802
    outer loop
      vertex -9.46976 3.9225 2.20096
      vertex -9.70603 3.29475 2.20096
      vertex -9.36345 3.17846 2.0511
    endloop
  endfacet
  facet normal 0.358335 -0.134867 0.9238
    outer loop
      vertex -9.13552 3.78406 2.0511
      vertex -9.46976 3.9225 2.20096
      vertex -9.36345 3.17846 2.0511
    endloop
  endfacet
  facet normal 0.569927 -0.214505 0.793203
    outer loop
      vertex -9.75677 4.04139 2.43933
      vertex -10.0002 3.39461 2.43933
      vertex -9.70603 3.29475 2.20096
    endloop
  endfacet
  facet normal 0.569924 -0.214506 0.793205
    outer loop
      vertex -9.46976 3.9225 2.20096
      vertex -9.75677 4.04139 2.43933
      vertex -9.70603 3.29475 2.20096
    endloop
  endfacet
  facet normal 0.7427 -0.279504 0.608501
    outer loop
      vertex -9.977 4.13261 2.75
      vertex -10.2259 3.47123 2.75
      vertex -10.0002 3.39461 2.43933
    endloop
  endfacet
  facet normal 0.742664 -0.279518 0.608538
    outer loop
      vertex -9.977 4.13261 2.75
      vertex -10.0002 3.39461 2.43933
      vertex -9.75677 4.04139 2.43933
    endloop
  endfacet
  facet normal 0.864721 -0.325483 0.382515
    outer loop
      vertex -10.1154 4.18996 3.11177
      vertex -10.3678 3.5194 3.11177
      vertex -10.2259 3.47123 2.75
    endloop
  endfacet
  facet normal 0.864776 -0.325445 0.382423
    outer loop
      vertex -10.1154 4.18996 3.11177
      vertex -10.2259 3.47123 2.75
      vertex -9.977 4.13261 2.75
    endloop
  endfacet
  facet normal 0.927934 -0.349168 0.130461
    outer loop
      vertex -10.1627 4.20952 3.5
      vertex -10.4162 3.53583 3.5
      vertex -10.3678 3.5194 3.11177
    endloop
  endfacet
  facet normal 0.927876 -0.349254 0.130644
    outer loop
      vertex -10.1627 4.20952 3.5
      vertex -10.3678 3.5194 3.11177
      vertex -10.1154 4.18996 3.11177
    endloop
  endfacet
  facet normal 0.817153 -0.307499 0.48755
    outer loop
      vertex -10.2143 4.2309 3.59999
      vertex -10.4691 3.55379 3.59999
      vertex -10.4162 3.53583 3.5
    endloop
  endfacet
  facet normal 0.817201 -0.307501 0.487468
    outer loop
      vertex -10.2143 4.2309 3.59999
      vertex -10.4162 3.53583 3.5
      vertex -10.1627 4.20952 3.5
    endloop
  endfacet
  facet normal 0.0179909 -0.00589865 0.999821
    outer loop
      vertex -10.4694 3.55457 3.6
      vertex -10.4696 3.55396 3.6
      vertex -10.4691 3.55379 3.59999
    endloop
  endfacet
  facet normal 0.0174946 -0.00658389 0.999825
    outer loop
      vertex -10.4694 3.55457 3.6
      vertex -10.2143 4.2309 3.59999
      vertex -10.2148 4.23109 3.6
    endloop
  endfacet
  facet normal 0.016846 -0.00633922 0.999838
    outer loop
      vertex -10.2143 4.2309 3.59999
      vertex -10.4694 3.55457 3.6
      vertex -10.4691 3.55379 3.59999
    endloop
  endfacet
  facet normal 0.665246 -0.250379 -0.703391
    outer loop
      vertex -6.62851 2.25008 1
      vertex -7.56447 2.57258 0
      vertex -6.46716 2.67878 1
    endloop
  endfacet
  facet normal 0.665225 -0.250438 -0.70339
    outer loop
      vertex -7.56447 2.57258 0
      vertex -6.62851 2.25008 1
      vertex -7.56607 2.56833 0
    endloop
  endfacet
  facet normal 0.665245 -0.250382 -0.70339
    outer loop
      vertex -6.46716 2.67878 1
      vertex -7.56447 2.57258 0
      vertex -7.38189 3.05768 0
    endloop
  endfacet
  facet normal 0.910863 -0.412709 0
    outer loop
      vertex -6.46716 2.67878 1.2
      vertex -6.27811 3.09602 1
      vertex -6.27811 3.09602 1.2
    endloop
  endfacet
  facet normal 0.910863 -0.412709 0
    outer loop
      vertex -6.27811 3.09602 1
      vertex -6.46716 2.67878 1.2
      vertex -6.46716 2.67878 1
    endloop
  endfacet
  facet normal 0.903089 -0.409178 0.130402
    outer loop
      vertex -6.30255 3.10807 1.40704
      vertex -6.49233 2.68921 1.40704
      vertex -6.46716 2.67878 1.2
    endloop
  endfacet
  facet normal 0.903083 -0.409184 0.130419
    outer loop
      vertex -6.30255 3.10807 1.40704
      vertex -6.46716 2.67878 1.2
      vertex -6.27811 3.09602 1.2
    endloop
  endfacet
  facet normal 0.841568 -0.38133 0.382559
    outer loop
      vertex -6.37423 3.14342 1.59999
      vertex -6.56618 2.7198 1.59999
      vertex -6.49233 2.68921 1.40704
    endloop
  endfacet
  facet normal 0.841596 -0.381316 0.382509
    outer loop
      vertex -6.37423 3.14342 1.59999
      vertex -6.49233 2.68921 1.40704
      vertex -6.30255 3.10807 1.40704
    endloop
  endfacet
  facet normal 0.72279 -0.327485 0.608546
    outer loop
      vertex -6.48826 3.19965 1.76567
      vertex -6.68363 2.76845 1.76567
      vertex -6.56618 2.7198 1.59999
    endloop
  endfacet
  facet normal 0.722753 -0.327493 0.608586
    outer loop
      vertex -6.48826 3.19965 1.76567
      vertex -6.56618 2.7198 1.59999
      vertex -6.37423 3.14342 1.59999
    endloop
  endfacet
  facet normal 0.554711 -0.251335 0.793175
    outer loop
      vertex -6.63685 3.27293 1.89281
      vertex -6.8367 2.83185 1.89281
      vertex -6.68363 2.76845 1.76567
    endloop
  endfacet
  facet normal 0.554719 -0.251335 0.793169
    outer loop
      vertex -6.63685 3.27293 1.89281
      vertex -6.68363 2.76845 1.76567
      vertex -6.48826 3.19965 1.76567
    endloop
  endfacet
  facet normal 0.348726 -0.158005 0.92381
    outer loop
      vertex -6.8099 3.35827 1.97273
      vertex -7.01496 2.90569 1.97273
      vertex -6.8367 2.83185 1.89281
    endloop
  endfacet
  facet normal 0.348725 -0.158005 0.92381
    outer loop
      vertex -6.8099 3.35827 1.97273
      vertex -6.8367 2.83185 1.89281
      vertex -6.63685 3.27293 1.89281
    endloop
  endfacet
  facet normal 0.119001 -0.0539182 0.991429
    outer loop
      vertex -6.9956 3.44985 2
      vertex -7.20625 2.98493 2
      vertex -7.01496 2.90569 1.97273
    endloop
  endfacet
  facet normal 0.119001 -0.0539182 0.991429
    outer loop
      vertex -6.9956 3.44985 2
      vertex -7.01496 2.90569 1.97273
      vertex -6.8099 3.35827 1.97273
    endloop
  endfacet
  facet normal 0.118932 -0.0538887 0.991439
    outer loop
      vertex -8.86847 4.37344 2.0511
      vertex -9.13552 3.78406 2.0511
      vertex -8.77686 3.63549 2
    endloop
  endfacet
  facet normal 0.118932 -0.0538887 0.991439
    outer loop
      vertex -8.52029 4.20174 2
      vertex -8.86847 4.37344 2.0511
      vertex -8.77686 3.63549 2
    endloop
  endfacet
  facet normal 0.348749 -0.158009 0.9238
    outer loop
      vertex -9.19295 4.53346 2.20096
      vertex -9.46976 3.9225 2.20096
      vertex -9.13552 3.78406 2.0511
    endloop
  endfacet
  facet normal 0.348732 -0.158012 0.923806
    outer loop
      vertex -8.86847 4.37344 2.0511
      vertex -9.19295 4.53346 2.20096
      vertex -9.13552 3.78406 2.0511
    endloop
  endfacet
  facet normal 0.554674 -0.25132 0.793206
    outer loop
      vertex -9.47156 4.67086 2.43933
      vertex -9.75677 4.04139 2.43933
      vertex -9.46976 3.9225 2.20096
    endloop
  endfacet
  facet normal 0.554692 -0.251316 0.793194
    outer loop
      vertex -9.19295 4.53346 2.20096
      vertex -9.47156 4.67086 2.43933
      vertex -9.46976 3.9225 2.20096
    endloop
  endfacet
  facet normal 0.722792 -0.327495 0.608538
    outer loop
      vertex -9.68535 4.77629 2.75
      vertex -9.977 4.13261 2.75
      vertex -9.75677 4.04139 2.43933
    endloop
  endfacet
  facet normal 0.722794 -0.327495 0.608536
    outer loop
      vertex -9.68535 4.77629 2.75
      vertex -9.75677 4.04139 2.43933
      vertex -9.47156 4.67086 2.43933
    endloop
  endfacet
  facet normal 0.841646 -0.381289 0.382427
    outer loop
      vertex -9.81975 4.84257 3.11177
      vertex -10.1154 4.18996 3.11177
      vertex -9.977 4.13261 2.75
    endloop
  endfacet
  facet normal 0.84159 -0.381322 0.382518
    outer loop
      vertex -9.81975 4.84257 3.11177
      vertex -9.977 4.13261 2.75
      vertex -9.68535 4.77629 2.75
    endloop
  endfacet
  facet normal 0.903045 -0.409198 0.130639
    outer loop
      vertex -9.8656 4.86518 3.5
      vertex -10.1627 4.20952 3.5
      vertex -10.1154 4.18996 3.11177
    endloop
  endfacet
  facet normal 0.903099 -0.409128 0.130483
    outer loop
      vertex -9.8656 4.86518 3.5
      vertex -10.1154 4.18996 3.11177
      vertex -9.81975 4.84257 3.11177
    endloop
  endfacet
  facet normal 0.795302 -0.360371 0.487472
    outer loop
      vertex -9.9157 4.88988 3.59999
      vertex -10.2143 4.2309 3.59999
      vertex -10.1627 4.20952 3.5
    endloop
  endfacet
  facet normal 0.795286 -0.360369 0.487498
    outer loop
      vertex -9.9157 4.88988 3.59999
      vertex -10.1627 4.20952 3.5
      vertex -9.8656 4.86518 3.5
    endloop
  endfacet
  facet normal 0.0168038 -0.00840188 0.999824
    outer loop
      vertex -10.2145 4.23169 3.6
      vertex -10.2148 4.23109 3.6
      vertex -10.2143 4.2309 3.59999
    endloop
  endfacet
  facet normal 0.0177203 -0.00802935 0.999811
    outer loop
      vertex -10.2145 4.23169 3.6
      vertex -9.9157 4.88988 3.59999
      vertex -9.91616 4.89011 3.6
    endloop
  endfacet
  facet normal 0.0179187 -0.0081194 0.999806
    outer loop
      vertex -9.9157 4.88988 3.59999
      vertex -10.2145 4.23169 3.6
      vertex -10.2143 4.2309 3.59999
    endloop
  endfacet
  facet normal 0.647445 -0.293355 -0.70339
    outer loop
      vertex -6.46716 2.67878 1
      vertex -7.38002 3.06181 0
      vertex -6.27811 3.09602 1
    endloop
  endfacet
  facet normal 0.647518 -0.293186 -0.703393
    outer loop
      vertex -7.38002 3.06181 0
      vertex -6.46716 2.67878 1
      vertex -7.38189 3.05768 0
    endloop
  endfacet
  facet normal 0.647446 -0.293348 -0.703392
    outer loop
      vertex -6.27811 3.09602 1
      vertex -7.38002 3.06181 0
      vertex -7.16611 3.53393 0
    endloop
  endfacet
  facet normal 0.881923 -0.471394 0
    outer loop
      vertex -6.27811 3.09602 1.2
      vertex -6.06218 3.5 1
      vertex -6.06218 3.5 1.2
    endloop
  endfacet
  facet normal 0.881923 -0.471394 0
    outer loop
      vertex -6.06218 3.5 1
      vertex -6.27811 3.09602 1.2
      vertex -6.27811 3.09602 1
    endloop
  endfacet
  facet normal 0.874394 -0.46736 0.130419
    outer loop
      vertex -6.08578 3.51363 1.40704
      vertex -6.30255 3.10807 1.40704
      vertex -6.27811 3.09602 1.2
    endloop
  endfacet
  facet normal 0.874388 -0.467366 0.130437
    outer loop
      vertex -6.08578 3.51363 1.40704
      vertex -6.27811 3.09602 1.2
      vertex -6.06218 3.5 1.2
    endloop
  endfacet
  facet normal 0.814861 -0.435532 0.38251
    outer loop
      vertex -6.155 3.55359 1.59999
      vertex -6.37423 3.14342 1.59999
      vertex -6.30255 3.10807 1.40704
    endloop
  endfacet
  facet normal 0.814852 -0.435535 0.382524
    outer loop
      vertex -6.155 3.55359 1.59999
      vertex -6.30255 3.10807 1.40704
      vertex -6.08578 3.51363 1.40704
    endloop
  endfacet
  facet normal 0.699797 -0.374043 0.608585
    outer loop
      vertex -6.2651 3.61716 1.76567
      vertex -6.48826 3.19965 1.76567
      vertex -6.37423 3.14342 1.59999
    endloop
  endfacet
  facet normal 0.699814 -0.374041 0.608567
    outer loop
      vertex -6.2651 3.61716 1.76567
      vertex -6.37423 3.14342 1.59999
      vertex -6.155 3.55359 1.59999
    endloop
  endfacet
  facet normal 0.537093 -0.287077 0.79317
    outer loop
      vertex -6.40858 3.7 1.89281
      vertex -6.63685 3.27293 1.89281
      vertex -6.48826 3.19965 1.76567
    endloop
  endfacet
  facet normal 0.537093 -0.287077 0.79317
    outer loop
      vertex -6.40858 3.7 1.89281
      vertex -6.48826 3.19965 1.76567
      vertex -6.2651 3.61716 1.76567
    endloop
  endfacet
  facet normal 0.337645 -0.180473 0.92381
    outer loop
      vertex -6.57568 3.79647 1.97273
      vertex -6.8099 3.35827 1.97273
      vertex -6.63685 3.27293 1.89281
    endloop
  endfacet
  facet normal 0.337646 -0.180473 0.92381
    outer loop
      vertex -6.57568 3.79647 1.97273
      vertex -6.63685 3.27293 1.89281
      vertex -6.40858 3.7 1.89281
    endloop
  endfacet
  facet normal 0.115219 -0.061587 0.991429
    outer loop
      vertex -6.75499 3.89999 2
      vertex -6.9956 3.44985 2
      vertex -6.8099 3.35827 1.97273
    endloop
  endfacet
  facet normal 0.115223 -0.0615875 0.991429
    outer loop
      vertex -6.75499 3.89999 2
      vertex -6.8099 3.35827 1.97273
      vertex -6.57568 3.79647 1.97273
    endloop
  endfacet
  facet normal 0.115154 -0.061551 0.991439
    outer loop
      vertex -8.56344 4.94411 2.0511
      vertex -8.86847 4.37344 2.0511
      vertex -8.52029 4.20174 2
    endloop
  endfacet
  facet normal 0.115154 -0.061551 0.991439
    outer loop
      vertex -8.22724 4.75 2
      vertex -8.56344 4.94411 2.0511
      vertex -8.52029 4.20174 2
    endloop
  endfacet
  facet normal 0.337651 -0.180481 0.923806
    outer loop
      vertex -8.87676 5.125 2.20096
      vertex -9.19295 4.53346 2.20096
      vertex -8.86847 4.37344 2.0511
    endloop
  endfacet
  facet normal 0.337655 -0.180481 0.923805
    outer loop
      vertex -8.56344 4.94411 2.0511
      vertex -8.87676 5.125 2.20096
      vertex -8.86847 4.37344 2.0511
    endloop
  endfacet
  facet normal 0.537062 -0.287067 0.793194
    outer loop
      vertex -9.14579 5.28033 2.43933
      vertex -9.47156 4.67086 2.43933
      vertex -9.19295 4.53346 2.20096
    endloop
  endfacet
  facet normal 0.537057 -0.287068 0.793198
    outer loop
      vertex -9.14579 5.28033 2.43933
      vertex -9.19295 4.53346 2.20096
      vertex -8.87676 5.125 2.20096
    endloop
  endfacet
  facet normal 0.699827 -0.374067 0.608536
    outer loop
      vertex -9.35223 5.39951 2.75
      vertex -9.68535 4.77629 2.75
      vertex -9.47156 4.67086 2.43933
    endloop
  endfacet
  facet normal 0.699827 -0.374067 0.608535
    outer loop
      vertex -9.35223 5.39951 2.75
      vertex -9.47156 4.67086 2.43933
      vertex -9.14579 5.28033 2.43933
    endloop
  endfacet
  facet normal 0.81485 -0.435544 0.382519
    outer loop
      vertex -9.48201 5.47444 3.11177
      vertex -9.81975 4.84257 3.11177
      vertex -9.68535 4.77629 2.75
    endloop
  endfacet
  facet normal 0.814846 -0.435547 0.382525
    outer loop
      vertex -9.48201 5.47444 3.11177
      vertex -9.68535 4.77629 2.75
      vertex -9.35223 5.39951 2.75
    endloop
  endfacet
  facet normal 0.87438 -0.467368 0.130483
    outer loop
      vertex -9.52628 5.5 3.5
      vertex -9.8656 4.86518 3.5
      vertex -9.81975 4.84257 3.11177
    endloop
  endfacet
  facet normal 0.874383 -0.467365 0.130476
    outer loop
      vertex -9.52628 5.5 3.5
      vertex -9.81975 4.84257 3.11177
      vertex -9.48201 5.47444 3.11177
    endloop
  endfacet
  facet normal 0.77003 -0.411584 0.487495
    outer loop
      vertex -9.57466 5.52793 3.59999
      vertex -9.9157 4.88988 3.59999
      vertex -9.8656 4.86518 3.5
    endloop
  endfacet
  facet normal 0.770009 -0.41158 0.487533
    outer loop
      vertex -9.57466 5.52793 3.59999
      vertex -9.8656 4.86518 3.5
      vertex -9.52628 5.5 3.5
    endloop
  endfacet
  facet normal 0.0171514 -0.00916715 0.999811
    outer loop
      vertex -9.91585 4.89069 3.6
      vertex -9.91616 4.89011 3.6
      vertex -9.9157 4.88988 3.59999
    endloop
  endfacet
  facet normal 0.0172687 -0.00923027 0.999808
    outer loop
      vertex -9.91585 4.89069 3.6
      vertex -9.57466 5.52793 3.59999
      vertex -9.5751 5.52819 3.6
    endloop
  endfacet
  facet normal 0.0171509 -0.00916724 0.999811
    outer loop
      vertex -9.57466 5.52793 3.59999
      vertex -9.91585 4.89069 3.6
      vertex -9.9157 4.88988 3.59999
    endloop
  endfacet
  facet normal 0.626873 -0.335068 -0.703392
    outer loop
      vertex -6.27811 3.09602 1
      vertex -7.16397 3.53793 0
      vertex -6.06218 3.5 1
    endloop
  endfacet
  facet normal 0.626748 -0.33531 -0.703388
    outer loop
      vertex -7.16397 3.53793 0
      vertex -6.27811 3.09602 1
      vertex -7.16611 3.53393 0
    endloop
  endfacet
  facet normal 0.626871 -0.335075 -0.70339
    outer loop
      vertex -6.06218 3.5 1
      vertex -7.16397 3.53793 0
      vertex -6.91963 3.99505 0
    endloop
  endfacet
  facet normal 0.849202 -0.528069 0
    outer loop
      vertex -6.06218 3.5 1.2
      vertex -5.82029 3.88899 1
      vertex -5.82029 3.88899 1.2
    endloop
  endfacet
  facet normal 0.849202 -0.528069 0
    outer loop
      vertex -5.82029 3.88899 1
      vertex -6.06218 3.5 1.2
      vertex -6.06218 3.5 1
    endloop
  endfacet
  facet normal 0.841945 -0.523559 0.130439
    outer loop
      vertex -5.84295 3.90413 1.40704
      vertex -6.08578 3.51363 1.40704
      vertex -6.06218 3.5 1.2
    endloop
  endfacet
  facet normal 0.841947 -0.523557 0.130435
    outer loop
      vertex -5.84295 3.90413 1.40704
      vertex -6.06218 3.5 1.2
      vertex -5.82029 3.88899 1.2
    endloop
  endfacet
  facet normal 0.784613 -0.487912 0.382523
    outer loop
      vertex -5.9094 3.94854 1.59999
      vertex -6.155 3.55359 1.59999
      vertex -6.08578 3.51363 1.40704
    endloop
  endfacet
  facet normal 0.784619 -0.48791 0.382514
    outer loop
      vertex -5.9094 3.94854 1.59999
      vertex -6.08578 3.51363 1.40704
      vertex -5.84295 3.90413 1.40704
    endloop
  endfacet
  facet normal 0.673841 -0.419028 0.608567
    outer loop
      vertex -6.01511 4.01917 1.76567
      vertex -6.2651 3.61716 1.76567
      vertex -6.155 3.55359 1.59999
    endloop
  endfacet
  facet normal 0.67384 -0.419028 0.608568
    outer loop
      vertex -6.01511 4.01917 1.76567
      vertex -6.155 3.55359 1.59999
      vertex -5.9094 3.94854 1.59999
    endloop
  endfacet
  facet normal 0.517166 -0.321591 0.79317
    outer loop
      vertex -6.15287 4.11122 1.89281
      vertex -6.40858 3.7 1.89281
      vertex -6.2651 3.61716 1.76567
    endloop
  endfacet
  facet normal 0.51715 -0.32159 0.793181
    outer loop
      vertex -6.15287 4.11122 1.89281
      vertex -6.2651 3.61716 1.76567
      vertex -6.01511 4.01917 1.76567
    endloop
  endfacet
  facet normal 0.325119 -0.202172 0.92381
    outer loop
      vertex -6.3133 4.21841 1.97273
      vertex -6.57568 3.79647 1.97273
      vertex -6.40858 3.7 1.89281
    endloop
  endfacet
  facet normal 0.325125 -0.202173 0.923807
    outer loop
      vertex -6.3133 4.21841 1.97273
      vertex -6.40858 3.7 1.89281
      vertex -6.15287 4.11122 1.89281
    endloop
  endfacet
  facet normal 0.110948 -0.0689929 0.991429
    outer loop
      vertex -6.48545 4.33344 2
      vertex -6.75499 3.89999 2
      vertex -6.57568 3.79647 1.97273
    endloop
  endfacet
  facet normal 0.11095 -0.0689931 0.991428
    outer loop
      vertex -6.48545 4.33344 2
      vertex -6.57568 3.79647 1.97273
      vertex -6.3133 4.21841 1.97273
    endloop
  endfacet
  facet normal 0.110882 -0.0689501 0.991439
    outer loop
      vertex -8.22175 5.4936 2.0511
      vertex -8.56344 4.94411 2.0511
      vertex -8.22724 4.75 2
    endloop
  endfacet
  facet normal 0.110881 -0.0689501 0.991439
    outer loop
      vertex -8.22175 5.4936 2.0511
      vertex -8.22724 4.75 2
      vertex -7.89896 5.27792 2
    endloop
  endfacet
  facet normal 0.325127 -0.202181 0.923805
    outer loop
      vertex -8.52256 5.69459 2.20096
      vertex -8.87676 5.125 2.20096
      vertex -8.56344 4.94411 2.0511
    endloop
  endfacet
  facet normal 0.325137 -0.202181 0.923801
    outer loop
      vertex -8.52256 5.69459 2.20096
      vertex -8.56344 4.94411 2.0511
      vertex -8.22175 5.4936 2.0511
    endloop
  endfacet
  facet normal 0.517132 -0.321576 0.793198
    outer loop
      vertex -8.78086 5.86718 2.43933
      vertex -9.14579 5.28033 2.43933
      vertex -8.87676 5.125 2.20096
    endloop
  endfacet
  facet normal 0.517128 -0.321577 0.7932
    outer loop
      vertex -8.78086 5.86718 2.43933
      vertex -8.87676 5.125 2.20096
      vertex -8.52256 5.69459 2.20096
    endloop
  endfacet
  facet normal 0.673866 -0.419034 0.608535
    outer loop
      vertex -8.97906 5.99962 2.75
      vertex -9.35223 5.39951 2.75
      vertex -9.14579 5.28033 2.43933
    endloop
  endfacet
  facet normal 0.673858 -0.419036 0.608542
    outer loop
      vertex -8.97906 5.99962 2.75
      vertex -9.14579 5.28033 2.43933
      vertex -8.78086 5.86718 2.43933
    endloop
  endfacet
  facet normal 0.784614 -0.487909 0.382525
    outer loop
      vertex -9.10366 6.08287 3.11177
      vertex -9.48201 5.47444 3.11177
      vertex -9.35223 5.39951 2.75
    endloop
  endfacet
  facet normal 0.784622 -0.487906 0.382514
    outer loop
      vertex -9.10366 6.08287 3.11177
      vertex -9.35223 5.39951 2.75
      vertex -8.97906 5.99962 2.75
    endloop
  endfacet
  facet normal 0.841938 -0.523561 0.130476
    outer loop
      vertex -9.14616 6.11127 3.5
      vertex -9.52628 5.5 3.5
      vertex -9.48201 5.47444 3.11177
    endloop
  endfacet
  facet normal 0.841941 -0.523558 0.130468
    outer loop
      vertex -9.14616 6.11127 3.5
      vertex -9.48201 5.47444 3.11177
      vertex -9.10366 6.08287 3.11177
    endloop
  endfacet
  facet normal 0.74144 -0.461062 0.487532
    outer loop
      vertex -9.19261 6.14231 3.59999
      vertex -9.57466 5.52793 3.59999
      vertex -9.52628 5.5 3.5
    endloop
  endfacet
  facet normal 0.741428 -0.461059 0.487555
    outer loop
      vertex -9.19261 6.14231 3.59999
      vertex -9.52628 5.5 3.5
      vertex -9.14616 6.11127 3.5
    endloop
  endfacet
  facet normal 0.0167232 -0.0101534 0.999809
    outer loop
      vertex -9.57476 5.52875 3.6
      vertex -9.5751 5.52819 3.6
      vertex -9.57466 5.52793 3.59999
    endloop
  endfacet
  facet normal 0.0165499 -0.0102916 0.99981
    outer loop
      vertex -9.57476 5.52875 3.6
      vertex -9.19261 6.14231 3.59999
      vertex -9.19304 6.14259 3.6
    endloop
  endfacet
  facet normal 0.0163927 -0.0101937 0.999814
    outer loop
      vertex -9.19261 6.14231 3.59999
      vertex -9.57476 5.52875 3.6
      vertex -9.57466 5.52793 3.59999
    endloop
  endfacet
  facet normal 0.603615 -0.375353 -0.703391
    outer loop
      vertex -6.06218 3.5 1
      vertex -6.91724 3.9989 0
      vertex -5.82029 3.88899 1
    endloop
  endfacet
  facet normal 0.603896 -0.374886 -0.703398
    outer loop
      vertex -6.91724 3.9989 0
      vertex -6.06218 3.5 1
      vertex -6.91963 3.99505 0
    endloop
  endfacet
  facet normal 0.603615 -0.375353 -0.703391
    outer loop
      vertex -5.82029 3.88899 1
      vertex -6.91724 3.9989 0
      vertex -6.64353 4.43906 0
    endloop
  endfacet
  facet normal 0.812842 -0.582485 0
    outer loop
      vertex -5.82029 3.88899 1.2
      vertex -5.55347 4.26133 1
      vertex -5.55347 4.26133 1.2
    endloop
  endfacet
  facet normal 0.812842 -0.582485 0
    outer loop
      vertex -5.55347 4.26133 1
      vertex -5.82029 3.88899 1.2
      vertex -5.82029 3.88899 1
    endloop
  endfacet
  facet normal 0.805897 -0.57751 0.130434
    outer loop
      vertex -5.57509 4.27792 1.40704
      vertex -5.84295 3.90413 1.40704
      vertex -5.82029 3.88899 1.2
    endloop
  endfacet
  facet normal 0.805898 -0.577509 0.130431
    outer loop
      vertex -5.57509 4.27792 1.40704
      vertex -5.82029 3.88899 1.2
      vertex -5.55347 4.26133 1.2
    endloop
  endfacet
  facet normal 0.751028 -0.53818 0.382516
    outer loop
      vertex -5.6385 4.32658 1.59999
      vertex -5.9094 3.94854 1.59999
      vertex -5.84295 3.90413 1.40704
    endloop
  endfacet
  facet normal 0.751017 -0.538183 0.382534
    outer loop
      vertex -5.6385 4.32658 1.59999
      vertex -5.84295 3.90413 1.40704
      vertex -5.57509 4.27792 1.40704
    endloop
  endfacet
  facet normal 0.644998 -0.462193 0.608568
    outer loop
      vertex -5.73937 4.40397 1.76567
      vertex -6.01511 4.01917 1.76567
      vertex -5.9094 3.94854 1.59999
    endloop
  endfacet
  facet normal 0.644989 -0.462193 0.608578
    outer loop
      vertex -5.73937 4.40397 1.76567
      vertex -5.9094 3.94854 1.59999
      vertex -5.6385 4.32658 1.59999
    endloop
  endfacet
  facet normal 0.495011 -0.354724 0.793181
    outer loop
      vertex -5.87081 4.50483 1.89281
      vertex -6.15287 4.11122 1.89281
      vertex -6.01511 4.01917 1.76567
    endloop
  endfacet
  facet normal 0.495025 -0.354725 0.793171
    outer loop
      vertex -5.87081 4.50483 1.89281
      vertex -6.01511 4.01917 1.76567
      vertex -5.73937 4.40397 1.76567
    endloop
  endfacet
  facet normal 0.311204 -0.223008 0.923807
    outer loop
      vertex -6.02388 4.62229 1.97273
      vertex -6.3133 4.21841 1.97273
      vertex -6.15287 4.11122 1.89281
    endloop
  endfacet
  facet normal 0.311204 -0.223008 0.923807
    outer loop
      vertex -6.02388 4.62229 1.97273
      vertex -6.15287 4.11122 1.89281
      vertex -5.87081 4.50483 1.89281
    endloop
  endfacet
  facet normal 0.1062 -0.0761006 0.991428
    outer loop
      vertex -6.18815 4.74833 2
      vertex -6.48545 4.33344 2
      vertex -6.3133 4.21841 1.97273
    endloop
  endfacet
  facet normal 0.106195 -0.0760994 0.991429
    outer loop
      vertex -6.18815 4.74833 2
      vertex -6.3133 4.21841 1.97273
      vertex -6.02388 4.62229 1.97273
    endloop
  endfacet
  facet normal 0.106134 -0.076055 0.991439
    outer loop
      vertex -7.84485 6.01956 2.0511
      vertex -8.22175 5.4936 2.0511
      vertex -7.89896 5.27792 2
    endloop
  endfacet
  facet normal 0.106135 -0.0760551 0.991439
    outer loop
      vertex -7.84485 6.01956 2.0511
      vertex -7.89896 5.27792 2
      vertex -7.53686 5.78323 2
    endloop
  endfacet
  facet normal 0.311217 -0.223014 0.923801
    outer loop
      vertex -8.13187 6.2398 2.20096
      vertex -8.52256 5.69459 2.20096
      vertex -8.22175 5.4936 2.0511
    endloop
  endfacet
  facet normal 0.311213 -0.223014 0.923802
    outer loop
      vertex -8.13187 6.2398 2.20096
      vertex -8.22175 5.4936 2.0511
      vertex -7.84485 6.01956 2.0511
    endloop
  endfacet
  facet normal 0.494995 -0.354702 0.7932
    outer loop
      vertex -8.37833 6.42892 2.43933
      vertex -8.78086 5.86718 2.43933
      vertex -8.52256 5.69459 2.20096
    endloop
  endfacet
  facet normal 0.494988 -0.354702 0.793204
    outer loop
      vertex -8.37833 6.42892 2.43933
      vertex -8.52256 5.69459 2.20096
      vertex -8.13187 6.2398 2.20096
    endloop
  endfacet
  facet normal 0.645009 -0.462211 0.608543
    outer loop
      vertex -8.56744 6.57403 2.75
      vertex -8.97906 5.99962 2.75
      vertex -8.78086 5.86718 2.43933
    endloop
  endfacet
  facet normal 0.645024 -0.462209 0.608529
    outer loop
      vertex -8.56744 6.57403 2.75
      vertex -8.78086 5.86718 2.43933
      vertex -8.37833 6.42892 2.43933
    endloop
  endfacet
  facet normal 0.751033 -0.538176 0.382513
    outer loop
      vertex -8.68633 6.66526 3.11177
      vertex -9.10366 6.08287 3.11177
      vertex -8.97906 5.99962 2.75
    endloop
  endfacet
  facet normal 0.751022 -0.53818 0.382528
    outer loop
      vertex -8.68633 6.66526 3.11177
      vertex -8.97906 5.99962 2.75
      vertex -8.56744 6.57403 2.75
    endloop
  endfacet
  facet normal 0.805903 -0.577493 0.130468
    outer loop
      vertex -8.72689 6.69637 3.5
      vertex -9.14616 6.11127 3.5
      vertex -9.10366 6.08287 3.11177
    endloop
  endfacet
  facet normal 0.805902 -0.577494 0.130472
    outer loop
      vertex -8.72689 6.69637 3.5
      vertex -9.10366 6.08287 3.11177
      vertex -8.68633 6.66526 3.11177
    endloop
  endfacet
  facet normal 0.709687 -0.508561 0.487556
    outer loop
      vertex -8.7712 6.73038 3.59999
      vertex -9.19261 6.14231 3.59999
      vertex -9.14616 6.11127 3.5
    endloop
  endfacet
  facet normal 0.709723 -0.508572 0.487492
    outer loop
      vertex -8.7712 6.73038 3.59999
      vertex -9.14616 6.11127 3.5
      vertex -8.72689 6.69637 3.5
    endloop
  endfacet
  facet normal 0.015945 -0.0112205 0.99981
    outer loop
      vertex -9.19266 6.14313 3.6
      vertex -9.19304 6.14259 3.6
      vertex -9.19261 6.14231 3.59999
    endloop
  endfacet
  facet normal 0.015639 -0.0112068 0.999815
    outer loop
      vertex -9.19266 6.14313 3.6
      vertex -8.7712 6.73038 3.59999
      vertex -8.77161 6.7307 3.6
    endloop
  endfacet
  facet normal 0.0156806 -0.0112367 0.999814
    outer loop
      vertex -8.7712 6.73038 3.59999
      vertex -9.19266 6.14313 3.6
      vertex -9.19261 6.14231 3.59999
    endloop
  endfacet
  facet normal 0.57777 -0.414032 -0.703392
    outer loop
      vertex -5.82029 3.88899 1
      vertex -6.64089 4.44275 0
      vertex -5.55347 4.26133 1
    endloop
  endfacet
  facet normal 0.57808 -0.413586 -0.703399
    outer loop
      vertex -6.64089 4.44275 0
      vertex -5.82029 3.88899 1
      vertex -6.64353 4.43906 0
    endloop
  endfacet
  facet normal 0.577774 -0.414022 -0.703394
    outer loop
      vertex -5.55347 4.26133 1
      vertex -6.64089 4.44275 0
      vertex -6.33898 4.86407 0
    endloop
  endfacet
  facet normal 0.773015 -0.634388 0
    outer loop
      vertex -5.55347 4.26133 1.2
      vertex -5.26288 4.61542 1
      vertex -5.26288 4.61542 1.2
    endloop
  endfacet
  facet normal 0.773015 -0.634388 0
    outer loop
      vertex -5.26288 4.61542 1
      vertex -5.55347 4.26133 1.2
      vertex -5.55347 4.26133 1
    endloop
  endfacet
  facet normal 0.766414 -0.628965 0.130431
    outer loop
      vertex -5.28337 4.63339 1.40704
      vertex -5.57509 4.27792 1.40704
      vertex -5.55347 4.26133 1.2
    endloop
  endfacet
  facet normal 0.76641 -0.628968 0.13044
    outer loop
      vertex -5.28337 4.63339 1.40704
      vertex -5.55347 4.26133 1.2
      vertex -5.26288 4.61542 1.2
    endloop
  endfacet
  facet normal 0.714218 -0.586139 0.382535
    outer loop
      vertex -5.34346 4.68609 1.59999
      vertex -5.6385 4.32658 1.59999
      vertex -5.57509 4.27792 1.40704
    endloop
  endfacet
  facet normal 0.714227 -0.586138 0.382521
    outer loop
      vertex -5.34346 4.68609 1.59999
      vertex -5.57509 4.27792 1.40704
      vertex -5.28337 4.63339 1.40704
    endloop
  endfacet
  facet normal 0.613372 -0.503399 0.608576
    outer loop
      vertex -5.43904 4.76991 1.76567
      vertex -5.73937 4.40397 1.76567
      vertex -5.6385 4.32658 1.59999
    endloop
  endfacet
  facet normal 0.6134 -0.503401 0.608546
    outer loop
      vertex -5.43904 4.76991 1.76567
      vertex -5.6385 4.32658 1.59999
      vertex -5.34346 4.68609 1.59999
    endloop
  endfacet
  facet normal 0.47076 -0.386348 0.793171
    outer loop
      vertex -5.56361 4.87915 1.89281
      vertex -5.87081 4.50483 1.89281
      vertex -5.73937 4.40397 1.76567
    endloop
  endfacet
  facet normal 0.470745 -0.386345 0.793181
    outer loop
      vertex -5.56361 4.87915 1.89281
      vertex -5.73937 4.40397 1.76567
      vertex -5.43904 4.76991 1.76567
    endloop
  endfacet
  facet normal 0.295956 -0.24288 0.923807
    outer loop
      vertex -5.70868 5.00637 1.97273
      vertex -6.02388 4.62229 1.97273
      vertex -5.87081 4.50483 1.89281
    endloop
  endfacet
  facet normal 0.295942 -0.242876 0.923812
    outer loop
      vertex -5.70868 5.00637 1.97273
      vertex -5.87081 4.50483 1.89281
      vertex -5.56361 4.87915 1.89281
    endloop
  endfacet
  facet normal 0.100991 -0.082882 0.991429
    outer loop
      vertex -5.86434 5.14289 2
      vertex -6.18815 4.74833 2
      vertex -6.02388 4.62229 1.97273
    endloop
  endfacet
  facet normal 0.100996 -0.0828834 0.991428
    outer loop
      vertex -5.86434 5.14289 2
      vertex -6.02388 4.62229 1.97273
      vertex -5.70868 5.00637 1.97273
    endloop
  endfacet
  facet normal 0.100933 -0.0828343 0.991439
    outer loop
      vertex -7.43435 6.51975 2.0511
      vertex -7.84485 6.01956 2.0511
      vertex -7.53686 5.78323 2
    endloop
  endfacet
  facet normal 0.100933 -0.0828344 0.991439
    outer loop
      vertex -7.43435 6.51975 2.0511
      vertex -7.53686 5.78323 2
      vertex -7.14248 6.26378 2
    endloop
  endfacet
  facet normal 0.295963 -0.242888 0.923803
    outer loop
      vertex -7.70636 6.75829 2.20096
      vertex -8.13187 6.2398 2.20096
      vertex -7.84485 6.01956 2.0511
    endloop
  endfacet
  facet normal 0.295956 -0.242888 0.923805
    outer loop
      vertex -7.70636 6.75829 2.20096
      vertex -7.84485 6.01956 2.0511
      vertex -7.43435 6.51975 2.0511
    endloop
  endfacet
  facet normal 0.470727 -0.386319 0.793204
    outer loop
      vertex -7.93992 6.96312 2.43933
      vertex -8.37833 6.42892 2.43933
      vertex -8.13187 6.2398 2.20096
    endloop
  endfacet
  facet normal 0.470736 -0.38632 0.793199
    outer loop
      vertex -7.93992 6.96312 2.43933
      vertex -8.13187 6.2398 2.20096
      vertex -7.70636 6.75829 2.20096
    endloop
  endfacet
  facet normal 0.613411 -0.503409 0.608529
    outer loop
      vertex -8.11914 7.12029 2.75
      vertex -8.56744 6.57403 2.75
      vertex -8.37833 6.42892 2.43933
    endloop
  endfacet
  facet normal 0.613401 -0.503409 0.608538
    outer loop
      vertex -8.11914 7.12029 2.75
      vertex -8.37833 6.42892 2.43933
      vertex -7.93992 6.96312 2.43933
    endloop
  endfacet
  facet normal 0.714221 -0.58614 0.382528
    outer loop
      vertex -8.23181 7.2191 3.11177
      vertex -8.68633 6.66526 3.11177
      vertex -8.56744 6.57403 2.75
    endloop
  endfacet
  facet normal 0.71422 -0.58614 0.38253
    outer loop
      vertex -8.23181 7.2191 3.11177
      vertex -8.56744 6.57403 2.75
      vertex -8.11914 7.12029 2.75
    endloop
  endfacet
  facet normal 0.766403 -0.62897 0.130471
    outer loop
      vertex -8.27024 7.2528 3.5
      vertex -8.72689 6.69637 3.5
      vertex -8.68633 6.66526 3.11177
    endloop
  endfacet
  facet normal 0.766407 -0.628967 0.130462
    outer loop
      vertex -8.27024 7.2528 3.5
      vertex -8.68633 6.66526 3.11177
      vertex -8.23181 7.2191 3.11177
    endloop
  endfacet
  facet normal 0.674943 -0.553896 0.487496
    outer loop
      vertex -8.31224 7.28964 3.59999
      vertex -8.7712 6.73038 3.59999
      vertex -8.72689 6.69637 3.5
    endloop
  endfacet
  facet normal 0.674907 -0.553882 0.48756
    outer loop
      vertex -8.31224 7.28964 3.59999
      vertex -8.72689 6.69637 3.5
      vertex -8.27024 7.2528 3.5
    endloop
  endfacet
  facet normal 0.0148694 -0.0121929 0.999815
    outer loop
      vertex -8.7712 6.7312 3.6
      vertex -8.77161 6.7307 3.6
      vertex -8.7712 6.73038 3.59999
    endloop
  endfacet
  facet normal 0.0151709 -0.0124504 0.999807
    outer loop
      vertex -8.7712 6.7312 3.6
      vertex -8.31224 7.28964 3.59999
      vertex -8.31262 7.28998 3.6
    endloop
  endfacet
  facet normal 0.0148575 -0.0121929 0.999815
    outer loop
      vertex -8.31224 7.28964 3.59999
      vertex -8.7712 6.7312 3.6
      vertex -8.7712 6.73038 3.59999
    endloop
  endfacet
  facet normal 0.54946 -0.450924 -0.703392
    outer loop
      vertex -5.55347 4.26133 1
      vertex -6.3361 4.86757 0
      vertex -5.26288 4.61542 1
    endloop
  endfacet
  facet normal 0.548881 -0.45165 -0.703379
    outer loop
      vertex -6.3361 4.86757 0
      vertex -5.55347 4.26133 1
      vertex -6.33898 4.86407 0
    endloop
  endfacet
  facet normal 0.549459 -0.450927 -0.703391
    outer loop
      vertex -5.26288 4.61542 1
      vertex -6.3361 4.86757 0
      vertex -6.00728 5.26824 0
    endloop
  endfacet
  facet normal 0.729869 -0.683587 0
    outer loop
      vertex -5.26288 4.61542 1.2
      vertex -4.94975 4.94975 1
      vertex -4.94975 4.94975 1.2
    endloop
  endfacet
  facet normal 0.729869 -0.683587 0
    outer loop
      vertex -4.94975 4.94975 1
      vertex -5.26288 4.61542 1.2
      vertex -5.26288 4.61542 1
    endloop
  endfacet
  facet normal 0.72363 -0.67775 0.13044
    outer loop
      vertex -4.96902 4.96902 1.40704
      vertex -5.28337 4.63339 1.40704
      vertex -5.26288 4.61542 1.2
    endloop
  endfacet
  facet normal 0.723634 -0.677748 0.130432
    outer loop
      vertex -4.96902 4.96902 1.40704
      vertex -5.26288 4.61542 1.2
      vertex -4.94975 4.94975 1.2
    endloop
  endfacet
  facet normal 0.674346 -0.631613 0.382521
    outer loop
      vertex -5.02553 5.02553 1.59999
      vertex -5.34346 4.68609 1.59999
      vertex -5.28337 4.63339 1.40704
    endloop
  endfacet
  facet normal 0.674368 -0.631611 0.382487
    outer loop
      vertex -5.02553 5.02553 1.59999
      vertex -5.28337 4.63339 1.40704
      vertex -4.96902 4.96902 1.40704
    endloop
  endfacet
  facet normal 0.579165 -0.542439 0.608546
    outer loop
      vertex -5.11543 5.11543 1.76567
      vertex -5.43904 4.76991 1.76567
      vertex -5.34346 4.68609 1.59999
    endloop
  endfacet
  facet normal 0.579135 -0.542435 0.608578
    outer loop
      vertex -5.11543 5.11543 1.76567
      vertex -5.34346 4.68609 1.59999
      vertex -5.02553 5.02553 1.59999
    endloop
  endfacet
  facet normal 0.444473 -0.416303 0.793181
    outer loop
      vertex -5.23258 5.23258 1.89281
      vertex -5.56361 4.87915 1.89281
      vertex -5.43904 4.76991 1.76567
    endloop
  endfacet
  facet normal 0.444495 -0.416308 0.793166
    outer loop
      vertex -5.23258 5.23258 1.89281
      vertex -5.43904 4.76991 1.76567
      vertex -5.11543 5.11543 1.76567
    endloop
  endfacet
  facet normal 0.279425 -0.261711 0.923812
    outer loop
      vertex -5.36902 5.36902 1.97273
      vertex -5.70868 5.00637 1.97273
      vertex -5.56361 4.87915 1.89281
    endloop
  endfacet
  facet normal 0.279418 -0.261709 0.923815
    outer loop
      vertex -5.36902 5.36902 1.97273
      vertex -5.56361 4.87915 1.89281
      vertex -5.23258 5.23258 1.89281
    endloop
  endfacet
  facet normal 0.0953566 -0.0893132 0.991428
    outer loop
      vertex -5.51542 5.51542 2
      vertex -5.86434 5.14289 2
      vertex -5.70868 5.00637 1.97273
    endloop
  endfacet
  facet normal 0.0953595 -0.0893143 0.991428
    outer loop
      vertex -5.51542 5.51542 2
      vertex -5.70868 5.00637 1.97273
      vertex -5.36902 5.36902 1.97273
    endloop
  endfacet
  facet normal 0.0952997 -0.0892581 0.991439
    outer loop
      vertex -6.99202 6.99202 2.0511
      vertex -7.43435 6.51975 2.0511
      vertex -7.14248 6.26378 2
    endloop
  endfacet
  facet normal 0.0952984 -0.0892578 0.991439
    outer loop
      vertex -6.99202 6.99202 2.0511
      vertex -7.14248 6.26378 2
      vertex -6.71751 6.71751 2
    endloop
  endfacet
  facet normal 0.279437 -0.261725 0.923805
    outer loop
      vertex -7.24784 7.24784 2.20096
      vertex -7.70636 6.75829 2.20096
      vertex -7.43435 6.51975 2.0511
    endloop
  endfacet
  facet normal 0.279441 -0.261725 0.923803
    outer loop
      vertex -7.24784 7.24784 2.20096
      vertex -7.43435 6.51975 2.0511
      vertex -6.99202 6.99202 2.0511
    endloop
  endfacet
  facet normal 0.444461 -0.41628 0.793199
    outer loop
      vertex -7.46751 7.46751 2.43933
      vertex -7.93992 6.96312 2.43933
      vertex -7.70636 6.75829 2.20096
    endloop
  endfacet
  facet normal 0.44445 -0.416279 0.793206
    outer loop
      vertex -7.46751 7.46751 2.43933
      vertex -7.70636 6.75829 2.20096
      vertex -7.24784 7.24784 2.20096
    endloop
  endfacet
  facet normal 0.57916 -0.542453 0.608538
    outer loop
      vertex -7.63606 7.63606 2.75
      vertex -8.11914 7.12029 2.75
      vertex -7.93992 6.96312 2.43933
    endloop
  endfacet
  facet normal 0.579174 -0.542453 0.608524
    outer loop
      vertex -7.63606 7.63606 2.75
      vertex -7.93992 6.96312 2.43933
      vertex -7.46751 7.46751 2.43933
    endloop
  endfacet
  facet normal 0.674351 -0.631602 0.38253
    outer loop
      vertex -7.74203 7.74203 3.11177
      vertex -8.23181 7.2191 3.11177
      vertex -8.11914 7.12029 2.75
    endloop
  endfacet
  facet normal 0.674344 -0.631604 0.382539
    outer loop
      vertex -7.74203 7.74203 3.11177
      vertex -8.11914 7.12029 2.75
      vertex -7.63606 7.63606 2.75
    endloop
  endfacet
  facet normal 0.723621 -0.677755 0.130462
    outer loop
      vertex -7.77817 7.77817 3.5
      vertex -8.27024 7.2528 3.5
      vertex -8.23181 7.2191 3.11177
    endloop
  endfacet
  facet normal 0.723625 -0.677753 0.130453
    outer loop
      vertex -7.77817 7.77817 3.5
      vertex -8.23181 7.2191 3.11177
      vertex -7.74203 7.74203 3.11177
    endloop
  endfacet
  facet normal 0.637226 -0.596847 0.487562
    outer loop
      vertex -7.81767 7.81767 3.59999
      vertex -8.31224 7.28964 3.59999
      vertex -8.27024 7.2528 3.5
    endloop
  endfacet
  facet normal 0.637248 -0.596857 0.48752
    outer loop
      vertex -7.81767 7.81767 3.59999
      vertex -8.27024 7.2528 3.5
      vertex -7.77817 7.77817 3.5
    endloop
  endfacet
  facet normal 0.0143178 -0.0134039 0.999808
    outer loop
      vertex -8.31218 7.29045 3.6
      vertex -8.31262 7.28998 3.6
      vertex -8.31224 7.28964 3.59999
    endloop
  endfacet
  facet normal 0.0139534 -0.0130687 0.999817
    outer loop
      vertex -8.31218 7.29045 3.6
      vertex -7.81767 7.81767 3.59999
      vertex -7.81804 7.81804 3.6
    endloop
  endfacet
  facet normal 0.0143101 -0.0134033 0.999808
    outer loop
      vertex -7.81767 7.81767 3.59999
      vertex -8.31218 7.29045 3.6
      vertex -8.31224 7.28964 3.59999
    endloop
  endfacet
  facet normal 0.518792 -0.485895 -0.703392
    outer loop
      vertex -5.26288 4.61542 1
      vertex -5.64986 5.64986 0
      vertex -4.94975 4.94975 1
    endloop
  endfacet
  facet normal 0.518793 -0.485895 -0.703392
    outer loop
      vertex -5.64986 5.64986 0
      vertex -5.26288 4.61542 1
      vertex -6.00728 5.26824 0
    endloop
  endfacet
  facet normal 0.683587 -0.729869 0
    outer loop
      vertex -4.94975 4.94975 1
      vertex -4.61542 5.26288 1.2
      vertex -4.94975 4.94975 1.2
    endloop
  endfacet
  facet normal 0.683587 -0.729869 0
    outer loop
      vertex -4.61542 5.26288 1.2
      vertex -4.94975 4.94975 1
      vertex -4.61542 5.26288 1
    endloop
  endfacet
  facet normal 0.67775 -0.723631 0.130432
    outer loop
      vertex -4.63339 5.28337 1.40704
      vertex -4.96902 4.96902 1.40704
      vertex -4.94975 4.94975 1.2
    endloop
  endfacet
  facet normal 0.677747 -0.723633 0.13044
    outer loop
      vertex -4.63339 5.28337 1.40704
      vertex -4.94975 4.94975 1.2
      vertex -4.61542 5.26288 1.2
    endloop
  endfacet
  facet normal 0.631623 -0.674356 0.382487
    outer loop
      vertex -4.68609 5.34346 1.59999
      vertex -5.02553 5.02553 1.59999
      vertex -4.96902 4.96902 1.40704
    endloop
  endfacet
  facet normal 0.631601 -0.674357 0.382521
    outer loop
      vertex -4.68609 5.34346 1.59999
      vertex -4.96902 4.96902 1.40704
      vertex -4.63339 5.28337 1.40704
    endloop
  endfacet
  facet normal 0.542422 -0.579147 0.608577
    outer loop
      vertex -4.76991 5.43904 1.76567
      vertex -5.11543 5.11543 1.76567
      vertex -5.02553 5.02553 1.59999
    endloop
  endfacet
  facet normal 0.542452 -0.579153 0.608545
    outer loop
      vertex -4.76991 5.43904 1.76567
      vertex -5.02553 5.02553 1.59999
      vertex -4.68609 5.34346 1.59999
    endloop
  endfacet
  facet normal 0.416316 -0.444487 0.793166
    outer loop
      vertex -4.87915 5.56361 1.89281
      vertex -5.23258 5.23258 1.89281
      vertex -5.11543 5.11543 1.76567
    endloop
  endfacet
  facet normal 0.416295 -0.44448 0.793181
    outer loop
      vertex -4.87915 5.56361 1.89281
      vertex -5.11543 5.11543 1.76567
      vertex -4.76991 5.43904 1.76567
    endloop
  endfacet
  facet normal 0.261706 -0.27942 0.923815
    outer loop
      vertex -5.00637 5.70868 1.97273
      vertex -5.36902 5.36902 1.97273
      vertex -5.23258 5.23258 1.89281
    endloop
  endfacet
  facet normal 0.261713 -0.279423 0.923812
    outer loop
      vertex -5.00637 5.70868 1.97273
      vertex -5.23258 5.23258 1.89281
      vertex -4.87915 5.56361 1.89281
    endloop
  endfacet
  facet normal 0.0893151 -0.0953587 0.991428
    outer loop
      vertex -5.14289 5.86434 2
      vertex -5.51542 5.51542 2
      vertex -5.36902 5.36902 1.97273
    endloop
  endfacet
  facet normal 0.0893123 -0.0953574 0.991428
    outer loop
      vertex -5.14289 5.86434 2
      vertex -5.36902 5.36902 1.97273
      vertex -5.00637 5.70868 1.97273
    endloop
  endfacet
  facet normal 0.0892573 -0.0952989 0.991439
    outer loop
      vertex -6.51975 7.43435 2.0511
      vertex -6.99202 6.99202 2.0511
      vertex -6.71751 6.71751 2
    endloop
  endfacet
  facet normal 0.0892586 -0.0952992 0.991439
    outer loop
      vertex -6.51975 7.43435 2.0511
      vertex -6.71751 6.71751 2
      vertex -6.26378 7.14248 2
    endloop
  endfacet
  facet normal 0.261727 -0.279439 0.923803
    outer loop
      vertex -6.75829 7.70636 2.20096
      vertex -7.24784 7.24784 2.20096
      vertex -6.99202 6.99202 2.0511
    endloop
  endfacet
  facet normal 0.261723 -0.279438 0.923805
    outer loop
      vertex -6.75829 7.70636 2.20096
      vertex -6.99202 6.99202 2.0511
      vertex -6.51975 7.43435 2.0511
    endloop
  endfacet
  facet normal 0.416275 -0.444455 0.793206
    outer loop
      vertex -6.96312 7.93992 2.43933
      vertex -7.46751 7.46751 2.43933
      vertex -7.24784 7.24784 2.20096
    endloop
  endfacet
  facet normal 0.416285 -0.444457 0.793199
    outer loop
      vertex -6.96312 7.93992 2.43933
      vertex -7.24784 7.24784 2.20096
      vertex -6.75829 7.70636 2.20096
    endloop
  endfacet
  facet normal 0.54246 -0.579168 0.608525
    outer loop
      vertex -7.12029 8.11914 2.75
      vertex -7.63606 7.63606 2.75
      vertex -7.46751 7.46751 2.43933
    endloop
  endfacet
  facet normal 0.542446 -0.579167 0.608538
    outer loop
      vertex -7.12029 8.11914 2.75
      vertex -7.46751 7.46751 2.43933
      vertex -6.96312 7.93992 2.43933
    endloop
  endfacet
  facet normal 0.631599 -0.674348 0.382539
    outer loop
      vertex -7.2191 8.23181 3.11177
      vertex -7.74203 7.74203 3.11177
      vertex -7.63606 7.63606 2.75
    endloop
  endfacet
  facet normal 0.631607 -0.674347 0.38253
    outer loop
      vertex -7.2191 8.23181 3.11177
      vertex -7.63606 7.63606 2.75
      vertex -7.12029 8.11914 2.75
    endloop
  endfacet
  facet normal 0.677756 -0.723622 0.130453
    outer loop
      vertex -7.2528 8.27024 3.5
      vertex -7.77817 7.77817 3.5
      vertex -7.74203 7.74203 3.11177
    endloop
  endfacet
  facet normal 0.677752 -0.723624 0.130462
    outer loop
      vertex -7.2528 8.27024 3.5
      vertex -7.74203 7.74203 3.11177
      vertex -7.2191 8.23181 3.11177
    endloop
  endfacet
  facet normal 0.596863 -0.637243 0.487521
    outer loop
      vertex -7.28964 8.31224 3.59999
      vertex -7.81767 7.81767 3.59999
      vertex -7.77817 7.77817 3.5
    endloop
  endfacet
  facet normal 0.596841 -0.637231 0.487562
    outer loop
      vertex -7.28964 8.31224 3.59999
      vertex -7.77817 7.77817 3.5
      vertex -7.2528 8.27024 3.5
    endloop
  endfacet
  facet normal 0.0130752 -0.0139469 0.999817
    outer loop
      vertex -7.81756 7.81849 3.6
      vertex -7.81804 7.81804 3.6
      vertex -7.81767 7.81767 3.59999
    endloop
  endfacet
  facet normal 0.0134072 -0.0143148 0.999808
    outer loop
      vertex -7.81756 7.81849 3.6
      vertex -7.28964 8.31224 3.59999
      vertex -7.28998 8.31262 3.6
    endloop
  endfacet
  facet normal 0.0130614 -0.013945 0.999817
    outer loop
      vertex -7.28964 8.31224 3.59999
      vertex -7.81756 7.81849 3.6
      vertex -7.81767 7.81767 3.59999
    endloop
  endfacet
  facet normal 0.485896 -0.518793 -0.703392
    outer loop
      vertex -4.94975 4.94975 1
      vertex -5.26824 6.00728 0
      vertex -4.61542 5.26288 1
    endloop
  endfacet
  facet normal 0.485895 -0.518793 -0.703392
    outer loop
      vertex -5.26824 6.00728 0
      vertex -4.94975 4.94975 1
      vertex -5.64986 5.64986 0
    endloop
  endfacet
  facet normal 0.634388 -0.773015 0
    outer loop
      vertex -4.61542 5.26288 1
      vertex -4.26133 5.55347 1.2
      vertex -4.61542 5.26288 1.2
    endloop
  endfacet
  facet normal 0.634388 -0.773015 0
    outer loop
      vertex -4.26133 5.55347 1.2
      vertex -4.61542 5.26288 1
      vertex -4.26133 5.55347 1
    endloop
  endfacet
  facet normal 0.628965 -0.766413 0.13044
    outer loop
      vertex -4.27792 5.57509 1.40704
      vertex -4.63339 5.28337 1.40704
      vertex -4.61542 5.26288 1.2
    endloop
  endfacet
  facet normal 0.628969 -0.766411 0.130431
    outer loop
      vertex -4.27792 5.57509 1.40704
      vertex -4.61542 5.26288 1.2
      vertex -4.26133 5.55347 1.2
    endloop
  endfacet
  facet normal 0.586143 -0.714223 0.382521
    outer loop
      vertex -4.32658 5.6385 1.59999
      vertex -4.68609 5.34346 1.59999
      vertex -4.63339 5.28337 1.40704
    endloop
  endfacet
  facet normal 0.586134 -0.714223 0.382535
    outer loop
      vertex -4.32658 5.6385 1.59999
      vertex -4.63339 5.28337 1.40704
      vertex -4.27792 5.57509 1.40704
    endloop
  endfacet
  facet normal 0.503414 -0.613389 0.608546
    outer loop
      vertex -4.40397 5.73937 1.76567
      vertex -4.76991 5.43904 1.76567
      vertex -4.68609 5.34346 1.59999
    endloop
  endfacet
  facet normal 0.503386 -0.613382 0.608576
    outer loop
      vertex -4.40397 5.73937 1.76567
      vertex -4.68609 5.34346 1.59999
      vertex -4.32658 5.6385 1.59999
    endloop
  endfacet
  facet normal 0.386339 -0.47075 0.793181
    outer loop
      vertex -4.50483 5.87081 1.89281
      vertex -4.87915 5.56361 1.89281
      vertex -4.76991 5.43904 1.76567
    endloop
  endfacet
  facet normal 0.386353 -0.470756 0.793171
    outer loop
      vertex -4.50483 5.87081 1.89281
      vertex -4.76991 5.43904 1.76567
      vertex -4.40397 5.73937 1.76567
    endloop
  endfacet
  facet normal 0.242872 -0.295946 0.923812
    outer loop
      vertex -4.62229 6.02388 1.97273
      vertex -5.00637 5.70868 1.97273
      vertex -4.87915 5.56361 1.89281
    endloop
  endfacet
  facet normal 0.242885 -0.295952 0.923807
    outer loop
      vertex -4.62229 6.02388 1.97273
      vertex -4.87915 5.56361 1.89281
      vertex -4.50483 5.87081 1.89281
    endloop
  endfacet
  facet normal 0.0828848 -0.100995 0.991428
    outer loop
      vertex -4.74833 6.18815 2
      vertex -5.14289 5.86434 2
      vertex -5.00637 5.70868 1.97273
    endloop
  endfacet
  facet normal 0.0828806 -0.100992 0.991429
    outer loop
      vertex -4.74833 6.18815 2
      vertex -5.00637 5.70868 1.97273
      vertex -4.62229 6.02388 1.97273
    endloop
  endfacet
  facet normal 0.0828346 -0.100933 0.991439
    outer loop
      vertex -6.01956 7.84485 2.0511
      vertex -6.51975 7.43435 2.0511
      vertex -6.26378 7.14248 2
    endloop
  endfacet
  facet normal 0.0828341 -0.100933 0.991439
    outer loop
      vertex -6.01956 7.84485 2.0511
      vertex -6.26378 7.14248 2
      vertex -5.78323 7.53686 2
    endloop
  endfacet
  facet normal 0.242885 -0.295959 0.923805
    outer loop
      vertex -6.2398 8.13187 2.20096
      vertex -6.75829 7.70636 2.20096
      vertex -6.51975 7.43435 2.0511
    endloop
  endfacet
  facet normal 0.242891 -0.295961 0.923802
    outer loop
      vertex -6.2398 8.13187 2.20096
      vertex -6.51975 7.43435 2.0511
      vertex -6.01956 7.84485 2.0511
    endloop
  endfacet
  facet normal 0.386323 -0.470733 0.793199
    outer loop
      vertex -6.42892 8.37833 2.43933
      vertex -6.96312 7.93992 2.43933
      vertex -6.75829 7.70636 2.20096
    endloop
  endfacet
  facet normal 0.386315 -0.470731 0.793205
    outer loop
      vertex -6.42892 8.37833 2.43933
      vertex -6.75829 7.70636 2.20096
      vertex -6.2398 8.13187 2.20096
    endloop
  endfacet
  facet normal 0.503404 -0.613405 0.608538
    outer loop
      vertex -6.57403 8.56744 2.75
      vertex -7.12029 8.11914 2.75
      vertex -6.96312 7.93992 2.43933
    endloop
  endfacet
  facet normal 0.503414 -0.613406 0.608529
    outer loop
      vertex -6.57403 8.56744 2.75
      vertex -6.96312 7.93992 2.43933
      vertex -6.42892 8.37833 2.43933
    endloop
  endfacet
  facet normal 0.58614 -0.714221 0.38253
    outer loop
      vertex -6.66526 8.68633 3.11177
      vertex -7.2191 8.23181 3.11177
      vertex -7.12029 8.11914 2.75
    endloop
  endfacet
  facet normal 0.586141 -0.714221 0.382528
    outer loop
      vertex -6.66526 8.68633 3.11177
      vertex -7.12029 8.11914 2.75
      vertex -6.57403 8.56744 2.75
    endloop
  endfacet
  facet normal 0.628971 -0.766404 0.130462
    outer loop
      vertex -6.69637 8.72689 3.5
      vertex -7.2528 8.27024 3.5
      vertex -7.2191 8.23181 3.11177
    endloop
  endfacet
  facet normal 0.628967 -0.766406 0.130471
    outer loop
      vertex -6.69637 8.72689 3.5
      vertex -7.2191 8.23181 3.11177
      vertex -6.66526 8.68633 3.11177
    endloop
  endfacet
  facet normal 0.553873 -0.674915 0.48756
    outer loop
      vertex -6.73038 8.7712 3.59999
      vertex -7.28964 8.31224 3.59999
      vertex -7.2528 8.27024 3.5
    endloop
  endfacet
  facet normal 0.553905 -0.674935 0.487496
    outer loop
      vertex -6.73038 8.7712 3.59999
      vertex -7.2528 8.27024 3.5
      vertex -6.69637 8.72689 3.5
    endloop
  endfacet
  facet normal 0.0124753 -0.0151486 0.999807
    outer loop
      vertex -7.28947 8.31304 3.6
      vertex -7.28998 8.31262 3.6
      vertex -7.28964 8.31224 3.59999
    endloop
  endfacet
  facet normal 0.012199 -0.0148646 0.999815
    outer loop
      vertex -7.28947 8.31304 3.6
      vertex -6.73038 8.7712 3.59999
      vertex -6.7307 8.77161 3.6
    endloop
  endfacet
  facet normal 0.0124226 -0.0151374 0.999808
    outer loop
      vertex -6.73038 8.7712 3.59999
      vertex -7.28947 8.31304 3.6
      vertex -7.28964 8.31224 3.59999
    endloop
  endfacet
  facet normal 0.450925 -0.549462 -0.703391
    outer loop
      vertex -4.61542 5.26288 1
      vertex -5.26474 6.01015 0
      vertex -4.26133 5.55347 1
    endloop
  endfacet
  facet normal 0.450708 -0.549644 -0.703387
    outer loop
      vertex -5.26474 6.01015 0
      vertex -4.61542 5.26288 1
      vertex -5.26824 6.00728 0
    endloop
  endfacet
  facet normal 0.450934 -0.54945 -0.703394
    outer loop
      vertex -4.26133 5.55347 1
      vertex -5.26474 6.01015 0
      vertex -4.86407 6.33898 0
    endloop
  endfacet
  facet normal 0.582485 -0.812842 0
    outer loop
      vertex -4.26133 5.55347 1
      vertex -3.88899 5.82029 1.2
      vertex -4.26133 5.55347 1.2
    endloop
  endfacet
  facet normal 0.582485 -0.812842 0
    outer loop
      vertex -3.88899 5.82029 1.2
      vertex -4.26133 5.55347 1
      vertex -3.88899 5.82029 1
    endloop
  endfacet
  facet normal 0.57751 -0.805897 0.130431
    outer loop
      vertex -3.90413 5.84295 1.40704
      vertex -4.27792 5.57509 1.40704
      vertex -4.26133 5.55347 1.2
    endloop
  endfacet
  facet normal 0.577509 -0.805897 0.130434
    outer loop
      vertex -3.90413 5.84295 1.40704
      vertex -4.26133 5.55347 1.2
      vertex -3.88899 5.82029 1.2
    endloop
  endfacet
  facet normal 0.538176 -0.751022 0.382534
    outer loop
      vertex -3.94854 5.9094 1.59999
      vertex -4.32658 5.6385 1.59999
      vertex -4.27792 5.57509 1.40704
    endloop
  endfacet
  facet normal 0.538187 -0.751023 0.382516
    outer loop
      vertex -3.94854 5.9094 1.59999
      vertex -4.27792 5.57509 1.40704
      vertex -3.90413 5.84295 1.40704
    endloop
  endfacet
  facet normal 0.462189 -0.644992 0.608578
    outer loop
      vertex -4.01917 6.01511 1.76567
      vertex -4.40397 5.73937 1.76567
      vertex -4.32658 5.6385 1.59999
    endloop
  endfacet
  facet normal 0.462198 -0.644995 0.608568
    outer loop
      vertex -4.01917 6.01511 1.76567
      vertex -4.32658 5.6385 1.59999
      vertex -3.94854 5.9094 1.59999
    endloop
  endfacet
  facet normal 0.354731 -0.495021 0.793171
    outer loop
      vertex -4.11122 6.15287 1.89281
      vertex -4.50483 5.87081 1.89281
      vertex -4.40397 5.73937 1.76567
    endloop
  endfacet
  facet normal 0.354718 -0.495015 0.793181
    outer loop
      vertex -4.11122 6.15287 1.89281
      vertex -4.40397 5.73937 1.76567
      vertex -4.01917 6.01511 1.76567
    endloop
  endfacet
  facet normal 0.223009 -0.311204 0.923807
    outer loop
      vertex -4.21841 6.3133 1.97273
      vertex -4.62229 6.02388 1.97273
      vertex -4.50483 5.87081 1.89281
    endloop
  endfacet
  facet normal 0.223008 -0.311204 0.923807
    outer loop
      vertex -4.21841 6.3133 1.97273
      vertex -4.50483 5.87081 1.89281
      vertex -4.11122 6.15287 1.89281
    endloop
  endfacet
  facet normal 0.0760978 -0.106197 0.991429
    outer loop
      vertex -4.33344 6.48545 2
      vertex -4.74833 6.18815 2
      vertex -4.62229 6.02388 1.97273
    endloop
  endfacet
  facet normal 0.0761023 -0.106199 0.991428
    outer loop
      vertex -4.33344 6.48545 2
      vertex -4.62229 6.02388 1.97273
      vertex -4.21841 6.3133 1.97273
    endloop
  endfacet
  facet normal 0.0760554 -0.106134 0.991439
    outer loop
      vertex -5.4936 8.22175 2.0511
      vertex -6.01956 7.84485 2.0511
      vertex -5.78323 7.53686 2
    endloop
  endfacet
  facet normal 0.0760547 -0.106134 0.991439
    outer loop
      vertex -5.4936 8.22175 2.0511
      vertex -5.78323 7.53686 2
      vertex -5.27792 7.89896 2
    endloop
  endfacet
  facet normal 0.223012 -0.311215 0.923802
    outer loop
      vertex -5.69459 8.52256 2.20096
      vertex -6.2398 8.13187 2.20096
      vertex -6.01956 7.84485 2.0511
    endloop
  endfacet
  facet normal 0.223016 -0.311216 0.923801
    outer loop
      vertex -5.69459 8.52256 2.20096
      vertex -6.01956 7.84485 2.0511
      vertex -5.4936 8.22175 2.0511
    endloop
  endfacet
  facet normal 0.354699 -0.494991 0.793204
    outer loop
      vertex -5.86718 8.78086 2.43933
      vertex -6.42892 8.37833 2.43933
      vertex -6.2398 8.13187 2.20096
    endloop
  endfacet
  facet normal 0.354705 -0.494993 0.7932
    outer loop
      vertex -5.86718 8.78086 2.43933
      vertex -6.2398 8.13187 2.20096
      vertex -5.69459 8.52256 2.20096
    endloop
  endfacet
  facet normal 0.462217 -0.645018 0.608529
    outer loop
      vertex -5.99962 8.97906 2.75
      vertex -6.57403 8.56744 2.75
      vertex -6.42892 8.37833 2.43933
    endloop
  endfacet
  facet normal 0.462203 -0.645015 0.608543
    outer loop
      vertex -5.99962 8.97906 2.75
      vertex -6.42892 8.37833 2.43933
      vertex -5.86718 8.78086 2.43933
    endloop
  endfacet
  facet normal 0.538173 -0.751028 0.382528
    outer loop
      vertex -6.08287 9.10366 3.11177
      vertex -6.66526 8.68633 3.11177
      vertex -6.57403 8.56744 2.75
    endloop
  endfacet
  facet normal 0.538183 -0.751027 0.382513
    outer loop
      vertex -6.08287 9.10366 3.11177
      vertex -6.57403 8.56744 2.75
      vertex -5.99962 8.97906 2.75
    endloop
  endfacet
  facet normal 0.577493 -0.805903 0.130472
    outer loop
      vertex -6.11127 9.14616 3.5
      vertex -6.69637 8.72689 3.5
      vertex -6.66526 8.68633 3.11177
    endloop
  endfacet
  facet normal 0.577495 -0.805902 0.130468
    outer loop
      vertex -6.11127 9.14616 3.5
      vertex -6.66526 8.68633 3.11177
      vertex -6.08287 9.10366 3.11177
    endloop
  endfacet
  facet normal 0.508581 -0.709716 0.487492
    outer loop
      vertex -6.14231 9.19261 3.59999
      vertex -6.73038 8.7712 3.59999
      vertex -6.69637 8.72689 3.5
    endloop
  endfacet
  facet normal 0.508551 -0.709694 0.487556
    outer loop
      vertex -6.14231 9.19261 3.59999
      vertex -6.69637 8.72689 3.5
      vertex -6.11127 9.14616 3.5
    endloop
  endfacet
  facet normal 0.0112631 -0.015595 0.999815
    outer loop
      vertex -6.73016 8.772 3.6
      vertex -6.7307 8.77161 3.6
      vertex -6.73038 8.7712 3.59999
    endloop
  endfacet
  facet normal 0.0113605 -0.0158538 0.99981
    outer loop
      vertex -6.73016 8.772 3.6
      vertex -6.14231 9.19261 3.59999
      vertex -6.14259 9.19304 3.6
    endloop
  endfacet
  facet normal 0.0111539 -0.015565 0.999817
    outer loop
      vertex -6.14231 9.19261 3.59999
      vertex -6.73016 8.772 3.6
      vertex -6.73038 8.7712 3.59999
    endloop
  endfacet
  facet normal 0.414031 -0.577768 -0.703393
    outer loop
      vertex -4.26133 5.55347 1
      vertex -4.86038 6.34162 0
      vertex -3.88899 5.82029 1
    endloop
  endfacet
  facet normal 0.413594 -0.578091 -0.703386
    outer loop
      vertex -4.86038 6.34162 0
      vertex -4.26133 5.55347 1
      vertex -4.86407 6.33898 0
    endloop
  endfacet
  facet normal 0.414024 -0.577777 -0.703391
    outer loop
      vertex -3.88899 5.82029 1
      vertex -4.86038 6.34162 0
      vertex -4.43906 6.64353 0
    endloop
  endfacet
  facet normal 0.528069 -0.849202 0
    outer loop
      vertex -3.88899 5.82029 1
      vertex -3.5 6.06218 1.2
      vertex -3.88899 5.82029 1.2
    endloop
  endfacet
  facet normal 0.528069 -0.849202 0
    outer loop
      vertex -3.5 6.06218 1.2
      vertex -3.88899 5.82029 1
      vertex -3.5 6.06218 1
    endloop
  endfacet
  facet normal 0.523559 -0.841946 0.130435
    outer loop
      vertex -3.51363 6.08578 1.40704
      vertex -3.90413 5.84295 1.40704
      vertex -3.88899 5.82029 1.2
    endloop
  endfacet
  facet normal 0.523557 -0.841946 0.130439
    outer loop
      vertex -3.51363 6.08578 1.40704
      vertex -3.88899 5.82029 1.2
      vertex -3.5 6.06218 1.2
    endloop
  endfacet
  facet normal 0.487914 -0.784616 0.382514
    outer loop
      vertex -3.55359 6.155 1.59999
      vertex -3.94854 5.9094 1.59999
      vertex -3.90413 5.84295 1.40704
    endloop
  endfacet
  facet normal 0.487908 -0.784615 0.382523
    outer loop
      vertex -3.55359 6.155 1.59999
      vertex -3.90413 5.84295 1.40704
      vertex -3.51363 6.08578 1.40704
    endloop
  endfacet
  facet normal 0.419028 -0.67384 0.608568
    outer loop
      vertex -3.61716 6.2651 1.76567
      vertex -4.01917 6.01511 1.76567
      vertex -3.94854 5.9094 1.59999
    endloop
  endfacet
  facet normal 0.419028 -0.67384 0.608567
    outer loop
      vertex -3.61716 6.2651 1.76567
      vertex -3.94854 5.9094 1.59999
      vertex -3.55359 6.155 1.59999
    endloop
  endfacet
  facet normal 0.321584 -0.517154 0.79318
    outer loop
      vertex -3.7 6.40858 1.89281
      vertex -4.11122 6.15287 1.89281
      vertex -4.01917 6.01511 1.76567
    endloop
  endfacet
  facet normal 0.321598 -0.517162 0.79317
    outer loop
      vertex -3.7 6.40858 1.89281
      vertex -4.01917 6.01511 1.76567
      vertex -3.61716 6.2651 1.76567
    endloop
  endfacet
  facet normal 0.202175 -0.325123 0.923807
    outer loop
      vertex -3.79647 6.57568 1.97273
      vertex -4.21841 6.3133 1.97273
      vertex -4.11122 6.15287 1.89281
    endloop
  endfacet
  facet normal 0.20217 -0.32512 0.92381
    outer loop
      vertex -3.79647 6.57568 1.97273
      vertex -4.11122 6.15287 1.89281
      vertex -3.7 6.40858 1.89281
    endloop
  endfacet
  facet normal 0.0689936 -0.110949 0.991428
    outer loop
      vertex -3.89999 6.75499 2
      vertex -4.33344 6.48545 2
      vertex -4.21841 6.3133 1.97273
    endloop
  endfacet
  facet normal 0.0689924 -0.110948 0.991429
    outer loop
      vertex -3.89999 6.75499 2
      vertex -4.21841 6.3133 1.97273
      vertex -3.79647 6.57568 1.97273
    endloop
  endfacet
  facet normal 0.0689496 -0.110882 0.991439
    outer loop
      vertex -4.94411 8.56344 2.0511
      vertex -5.4936 8.22175 2.0511
      vertex -5.27792 7.89896 2
    endloop
  endfacet
  facet normal 0.0689505 -0.110882 0.991439
    outer loop
      vertex -4.94411 8.56344 2.0511
      vertex -5.27792 7.89896 2
      vertex -4.75 8.22724 2
    endloop
  endfacet
  facet normal 0.202185 -0.325134 0.923801
    outer loop
      vertex -5.125 8.87676 2.20096
      vertex -5.69459 8.52256 2.20096
      vertex -5.4936 8.22175 2.0511
    endloop
  endfacet
  facet normal 0.202176 -0.32513 0.923805
    outer loop
      vertex -5.125 8.87676 2.20096
      vertex -5.4936 8.22175 2.0511
      vertex -4.94411 8.56344 2.0511
    endloop
  endfacet
  facet normal 0.321575 -0.51713 0.7932
    outer loop
      vertex -5.28033 9.14579 2.43933
      vertex -5.86718 8.78086 2.43933
      vertex -5.69459 8.52256 2.20096
    endloop
  endfacet
  facet normal 0.321578 -0.517131 0.793198
    outer loop
      vertex -5.28033 9.14579 2.43933
      vertex -5.69459 8.52256 2.20096
      vertex -5.125 8.87676 2.20096
    endloop
  endfacet
  facet normal 0.419031 -0.673861 0.608542
    outer loop
      vertex -5.39951 9.35223 2.75
      vertex -5.99962 8.97906 2.75
      vertex -5.86718 8.78086 2.43933
    endloop
  endfacet
  facet normal 0.419039 -0.673863 0.608535
    outer loop
      vertex -5.39951 9.35223 2.75
      vertex -5.86718 8.78086 2.43933
      vertex -5.28033 9.14579 2.43933
    endloop
  endfacet
  facet normal 0.487912 -0.784618 0.382514
    outer loop
      vertex -5.47444 9.48201 3.11177
      vertex -6.08287 9.10366 3.11177
      vertex -5.99962 8.97906 2.75
    endloop
  endfacet
  facet normal 0.487903 -0.784617 0.382526
    outer loop
      vertex -5.47444 9.48201 3.11177
      vertex -5.99962 8.97906 2.75
      vertex -5.39951 9.35223 2.75
    endloop
  endfacet
  facet normal 0.523562 -0.841939 0.130468
    outer loop
      vertex -5.5 9.52628 3.5
      vertex -6.11127 9.14616 3.5
      vertex -6.08287 9.10366 3.11177
    endloop
  endfacet
  facet normal 0.523558 -0.84194 0.130476
    outer loop
      vertex -5.5 9.52628 3.5
      vertex -6.08287 9.10366 3.11177
      vertex -5.47444 9.48201 3.11177
    endloop
  endfacet
  facet normal 0.461056 -0.74143 0.487555
    outer loop
      vertex -5.52793 9.57466 3.59999
      vertex -6.14231 9.19261 3.59999
      vertex -6.11127 9.14616 3.5
    endloop
  endfacet
  facet normal 0.461066 -0.741438 0.487532
    outer loop
      vertex -5.52793 9.57466 3.59999
      vertex -6.11127 9.14616 3.5
      vertex -5.5 9.52628 3.5
    endloop
  endfacet
  facet normal 0.0104614 -0.0164393 0.99981
    outer loop
      vertex -6.14204 9.19339 3.6
      vertex -6.14259 9.19304 3.6
      vertex -6.14231 9.19261 3.59999
    endloop
  endfacet
  facet normal 0.010333 -0.0166171 0.999809
    outer loop
      vertex -6.14204 9.19339 3.6
      vertex -5.52793 9.57466 3.59999
      vertex -5.52819 9.5751 3.6
    endloop
  endfacet
  facet normal 0.0101573 -0.0163341 0.999815
    outer loop
      vertex -5.52793 9.57466 3.59999
      vertex -6.14204 9.19339 3.6
      vertex -6.14231 9.19261 3.59999
    endloop
  endfacet
  facet normal 0.375354 -0.603616 -0.70339
    outer loop
      vertex -3.88899 5.82029 1
      vertex -4.43521 6.64592 0
      vertex -3.5 6.06218 1
    endloop
  endfacet
  facet normal 0.374895 -0.60391 -0.703382
    outer loop
      vertex -4.43521 6.64592 0
      vertex -3.88899 5.82029 1
      vertex -4.43906 6.64353 0
    endloop
  endfacet
  facet normal 0.375354 -0.603616 -0.70339
    outer loop
      vertex -3.5 6.06218 1
      vertex -4.43521 6.64592 0
      vertex -3.99505 6.91963 0
    endloop
  endfacet
  facet normal 0.471394 -0.881923 0
    outer loop
      vertex -3.5 6.06218 1
      vertex -3.09602 6.27811 1.2
      vertex -3.5 6.06218 1.2
    endloop
  endfacet
  facet normal 0.471394 -0.881923 0
    outer loop
      vertex -3.09602 6.27811 1.2
      vertex -3.5 6.06218 1
      vertex -3.09602 6.27811 1
    endloop
  endfacet
  facet normal 0.467359 -0.874392 0.130437
    outer loop
      vertex -3.10807 6.30255 1.40704
      vertex -3.51363 6.08578 1.40704
      vertex -3.5 6.06218 1.2
    endloop
  endfacet
  facet normal 0.467367 -0.87439 0.130419
    outer loop
      vertex -3.10807 6.30255 1.40704
      vertex -3.5 6.06218 1.2
      vertex -3.09602 6.27811 1.2
    endloop
  endfacet
  facet normal 0.435529 -0.814856 0.382524
    outer loop
      vertex -3.14342 6.37423 1.59999
      vertex -3.55359 6.155 1.59999
      vertex -3.51363 6.08578 1.40704
    endloop
  endfacet
  facet normal 0.435538 -0.814858 0.38251
    outer loop
      vertex -3.14342 6.37423 1.59999
      vertex -3.51363 6.08578 1.40704
      vertex -3.10807 6.30255 1.40704
    endloop
  endfacet
  facet normal 0.37405 -0.699809 0.608567
    outer loop
      vertex -3.19965 6.48826 1.76567
      vertex -3.61716 6.2651 1.76567
      vertex -3.55359 6.155 1.59999
    endloop
  endfacet
  facet normal 0.374034 -0.699802 0.608585
    outer loop
      vertex -3.19965 6.48826 1.76567
      vertex -3.55359 6.155 1.59999
      vertex -3.14342 6.37423 1.59999
    endloop
  endfacet
  facet normal 0.287077 -0.537093 0.79317
    outer loop
      vertex -3.27293 6.63685 1.89281
      vertex -3.7 6.40858 1.89281
      vertex -3.61716 6.2651 1.76567
    endloop
  endfacet
  facet normal 0.287077 -0.537093 0.79317
    outer loop
      vertex -3.27293 6.63685 1.89281
      vertex -3.61716 6.2651 1.76567
      vertex -3.19965 6.48826 1.76567
    endloop
  endfacet
  facet normal 0.180473 -0.337646 0.92381
    outer loop
      vertex -3.35827 6.8099 1.97273
      vertex -3.79647 6.57568 1.97273
      vertex -3.7 6.40858 1.89281
    endloop
  endfacet
  facet normal 0.180472 -0.337645 0.92381
    outer loop
      vertex -3.35827 6.8099 1.97273
      vertex -3.7 6.40858 1.89281
      vertex -3.27293 6.63685 1.89281
    endloop
  endfacet
  facet normal 0.0615891 -0.115223 0.991429
    outer loop
      vertex -3.44985 6.9956 2
      vertex -3.89999 6.75499 2
      vertex -3.79647 6.57568 1.97273
    endloop
  endfacet
  facet normal 0.0615854 -0.11522 0.991429
    outer loop
      vertex -3.44985 6.9956 2
      vertex -3.79647 6.57568 1.97273
      vertex -3.35827 6.8099 1.97273
    endloop
  endfacet
  facet normal 0.0615513 -0.115154 0.991439
    outer loop
      vertex -4.37344 8.86847 2.0511
      vertex -4.94411 8.56344 2.0511
      vertex -4.75 8.22724 2
    endloop
  endfacet
  facet normal 0.0615508 -0.115154 0.991439
    outer loop
      vertex -4.37344 8.86847 2.0511
      vertex -4.75 8.22724 2
      vertex -4.20174 8.52029 2
    endloop
  endfacet
  facet normal 0.180483 -0.337654 0.923805
    outer loop
      vertex -4.53346 9.19295 2.20096
      vertex -5.125 8.87676 2.20096
      vertex -4.94411 8.56344 2.0511
    endloop
  endfacet
  facet normal 0.180479 -0.337652 0.923806
    outer loop
      vertex -4.53346 9.19295 2.20096
      vertex -4.94411 8.56344 2.0511
      vertex -4.37344 8.86847 2.0511
    endloop
  endfacet
  facet normal 0.287065 -0.537058 0.793198
    outer loop
      vertex -4.67086 9.47156 2.43933
      vertex -5.28033 9.14579 2.43933
      vertex -5.125 8.87676 2.20096
    endloop
  endfacet
  facet normal 0.28707 -0.53706 0.793194
    outer loop
      vertex -4.67086 9.47156 2.43933
      vertex -5.125 8.87676 2.20096
      vertex -4.53346 9.19295 2.20096
    endloop
  endfacet
  facet normal 0.374068 -0.699827 0.608535
    outer loop
      vertex -4.77629 9.68535 2.75
      vertex -5.39951 9.35223 2.75
      vertex -5.28033 9.14579 2.43933
    endloop
  endfacet
  facet normal 0.374067 -0.699827 0.608536
    outer loop
      vertex -4.77629 9.68535 2.75
      vertex -5.28033 9.14579 2.43933
      vertex -4.67086 9.47156 2.43933
    endloop
  endfacet
  facet normal 0.435543 -0.814848 0.382525
    outer loop
      vertex -4.84257 9.81975 3.11177
      vertex -5.47444 9.48201 3.11177
      vertex -5.39951 9.35223 2.75
    endloop
  endfacet
  facet normal 0.435548 -0.814848 0.382518
    outer loop
      vertex -4.84257 9.81975 3.11177
      vertex -5.39951 9.35223 2.75
      vertex -4.77629 9.68535 2.75
    endloop
  endfacet
  facet normal 0.467369 -0.874381 0.130476
    outer loop
      vertex -4.86518 9.8656 3.5
      vertex -5.5 9.52628 3.5
      vertex -5.47444 9.48201 3.11177
    endloop
  endfacet
  facet normal 0.467365 -0.874382 0.130483
    outer loop
      vertex -4.86518 9.8656 3.5
      vertex -5.47444 9.48201 3.11177
      vertex -4.84257 9.81975 3.11177
    endloop
  endfacet
  facet normal 0.411574 -0.770012 0.487533
    outer loop
      vertex -4.88988 9.9157 3.59999
      vertex -5.52793 9.57466 3.59999
      vertex -5.5 9.52628 3.5
    endloop
  endfacet
  facet normal 0.41159 -0.770027 0.487495
    outer loop
      vertex -4.88988 9.9157 3.59999
      vertex -5.5 9.52628 3.5
      vertex -4.86518 9.8656 3.5
    endloop
  endfacet
  facet normal 0.00922992 -0.0172689 0.999808
    outer loop
      vertex -5.52761 9.57541 3.6
      vertex -5.52819 9.5751 3.6
      vertex -5.52793 9.57466 3.59999
    endloop
  endfacet
  facet normal 0.00916752 -0.0171513 0.999811
    outer loop
      vertex -5.52761 9.57541 3.6
      vertex -4.88988 9.9157 3.59999
      vertex -4.89011 9.91616 3.6
    endloop
  endfacet
  facet normal 0.00923038 -0.0172691 0.999808
    outer loop
      vertex -4.88988 9.9157 3.59999
      vertex -5.52761 9.57541 3.6
      vertex -5.52793 9.57466 3.59999
    endloop
  endfacet
  facet normal 0.335068 -0.626874 -0.70339
    outer loop
      vertex -3.5 6.06218 1
      vertex -3.99105 6.92177 0
      vertex -3.09602 6.27811 1
    endloop
  endfacet
  facet normal 0.335307 -0.626742 -0.703394
    outer loop
      vertex -3.99105 6.92177 0
      vertex -3.5 6.06218 1
      vertex -3.99505 6.91963 0
    endloop
  endfacet
  facet normal 0.335074 -0.626869 -0.703392
    outer loop
      vertex -3.09602 6.27811 1
      vertex -3.99105 6.92177 0
      vertex -3.53393 7.16611 0
    endloop
  endfacet
  facet normal 0.412709 -0.910863 0
    outer loop
      vertex -3.09602 6.27811 1
      vertex -2.67878 6.46716 1.2
      vertex -3.09602 6.27811 1.2
    endloop
  endfacet
  facet normal 0.412709 -0.910863 0
    outer loop
      vertex -2.67878 6.46716 1.2
      vertex -3.09602 6.27811 1
      vertex -2.67878 6.46716 1
    endloop
  endfacet
  facet normal 0.409177 -0.903086 0.130419
    outer loop
      vertex -2.68921 6.49233 1.40704
      vertex -3.10807 6.30255 1.40704
      vertex -3.09602 6.27811 1.2
    endloop
  endfacet
  facet normal 0.409185 -0.903085 0.130402
    outer loop
      vertex -2.68921 6.49233 1.40704
      vertex -3.09602 6.27811 1.2
      vertex -2.67878 6.46716 1.2
    endloop
  endfacet
  facet normal 0.381338 -0.841586 0.38251
    outer loop
      vertex -2.7198 6.56618 1.59999
      vertex -3.14342 6.37423 1.59999
      vertex -3.10807 6.30255 1.40704
    endloop
  endfacet
  facet normal 0.381308 -0.841578 0.382559
    outer loop
      vertex -2.7198 6.56618 1.59999
      vertex -3.10807 6.30255 1.40704
      vertex -2.68921 6.49233 1.40704
    endloop
  endfacet
  facet normal 0.327472 -0.722763 0.608585
    outer loop
      vertex -2.76845 6.68363 1.76567
      vertex -3.19965 6.48826 1.76567
      vertex -3.14342 6.37423 1.59999
    endloop
  endfacet
  facet normal 0.327505 -0.722781 0.608545
    outer loop
      vertex -2.76845 6.68363 1.76567
      vertex -3.14342 6.37423 1.59999
      vertex -2.7198 6.56618 1.59999
    endloop
  endfacet
  facet normal 0.251338 -0.554718 0.793169
    outer loop
      vertex -2.83185 6.8367 1.89281
      vertex -3.27293 6.63685 1.89281
      vertex -3.19965 6.48826 1.76567
    endloop
  endfacet
  facet normal 0.251332 -0.554712 0.793175
    outer loop
      vertex -2.83185 6.8367 1.89281
      vertex -3.19965 6.48826 1.76567
      vertex -2.76845 6.68363 1.76567
    endloop
  endfacet
  facet normal 0.158004 -0.348725 0.92381
    outer loop
      vertex -2.90569 7.01496 1.97273
      vertex -3.35827 6.8099 1.97273
      vertex -3.27293 6.63685 1.89281
    endloop
  endfacet
  facet normal 0.158005 -0.348726 0.92381
    outer loop
      vertex -2.90569 7.01496 1.97273
      vertex -3.27293 6.63685 1.89281
      vertex -2.83185 6.8367 1.89281
    endloop
  endfacet
  facet normal 0.053918 -0.119001 0.991429
    outer loop
      vertex -2.98493 7.20625 2
      vertex -3.44985 6.9956 2
      vertex -3.35827 6.8099 1.97273
    endloop
  endfacet
  facet normal 0.0539185 -0.119001 0.991429
    outer loop
      vertex -2.98493 7.20625 2
      vertex -3.35827 6.8099 1.97273
      vertex -2.90569 7.01496 1.97273
    endloop
  endfacet
  facet normal 0.0538886 -0.118932 0.991439
    outer loop
      vertex -3.78406 9.13552 2.0511
      vertex -4.37344 8.86847 2.0511
      vertex -4.20174 8.52029 2
    endloop
  endfacet
  facet normal 0.0538887 -0.118932 0.991439
    outer loop
      vertex -3.78406 9.13552 2.0511
      vertex -4.20174 8.52029 2
      vertex -3.63549 8.77686 2
    endloop
  endfacet
  facet normal 0.158003 -0.348736 0.923806
    outer loop
      vertex -3.9225 9.46976 2.20096
      vertex -4.53346 9.19295 2.20096
      vertex -4.37344 8.86847 2.0511
    endloop
  endfacet
  facet normal 0.158018 -0.348746 0.9238
    outer loop
      vertex -3.9225 9.46976 2.20096
      vertex -4.37344 8.86847 2.0511
      vertex -3.78406 9.13552 2.0511
    endloop
  endfacet
  facet normal 0.251326 -0.554687 0.793194
    outer loop
      vertex -4.04139 9.75677 2.43933
      vertex -4.67086 9.47156 2.43933
      vertex -4.53346 9.19295 2.20096
    endloop
  endfacet
  facet normal 0.25131 -0.554678 0.793206
    outer loop
      vertex -4.04139 9.75677 2.43933
      vertex -4.53346 9.19295 2.20096
      vertex -3.9225 9.46976 2.20096
    endloop
  endfacet
  facet normal 0.327496 -0.722793 0.608536
    outer loop
      vertex -4.13261 9.977 2.75
      vertex -4.77629 9.68535 2.75
      vertex -4.67086 9.47156 2.43933
    endloop
  endfacet
  facet normal 0.327494 -0.722792 0.608538
    outer loop
      vertex -4.13261 9.977 2.75
      vertex -4.67086 9.47156 2.43933
      vertex -4.04139 9.75677 2.43933
    endloop
  endfacet
  facet normal 0.381273 -0.841612 0.382518
    outer loop
      vertex -4.18996 10.1154 3.11177
      vertex -4.84257 9.81975 3.11177
      vertex -4.77629 9.68535 2.75
    endloop
  endfacet
  facet normal 0.381338 -0.841624 0.382427
    outer loop
      vertex -4.18996 10.1154 3.11177
      vertex -4.77629 9.68535 2.75
      vertex -4.13261 9.977 2.75
    endloop
  endfacet
  facet normal 0.409206 -0.903064 0.130484
    outer loop
      vertex -4.20952 10.1627 3.5
      vertex -4.86518 9.8656 3.5
      vertex -4.84257 9.81975 3.11177
    endloop
  endfacet
  facet normal 0.40912 -0.90308 0.130639
    outer loop
      vertex -4.20952 10.1627 3.5
      vertex -4.84257 9.81975 3.11177
      vertex -4.18996 10.1154 3.11177
    endloop
  endfacet
  facet normal 0.360365 -0.795288 0.487498
    outer loop
      vertex -4.2309 10.2143 3.59999
      vertex -4.88988 9.9157 3.59999
      vertex -4.86518 9.8656 3.5
    endloop
  endfacet
  facet normal 0.360375 -0.7953 0.487471
    outer loop
      vertex -4.2309 10.2143 3.59999
      vertex -4.86518 9.8656 3.5
      vertex -4.20952 10.1627 3.5
    endloop
  endfacet
  facet normal 0.00798429 -0.0177429 0.999811
    outer loop
      vertex -4.88951 9.91643 3.6
      vertex -4.89011 9.91616 3.6
      vertex -4.88988 9.9157 3.59999
    endloop
  endfacet
  facet normal 0.00773043 -0.0170589 0.999825
    outer loop
      vertex -4.88951 9.91643 3.6
      vertex -4.2309 10.2143 3.59999
      vertex -4.23109 10.2148 3.6
    endloop
  endfacet
  facet normal 0.00805625 -0.0177793 0.999809
    outer loop
      vertex -4.2309 10.2143 3.59999
      vertex -4.88951 9.91643 3.6
      vertex -4.88988 9.9157 3.59999
    endloop
  endfacet
  facet normal 0.293354 -0.647444 -0.703392
    outer loop
      vertex -3.09602 6.27811 1
      vertex -3.5298 7.16798 0
      vertex -2.67878 6.46716 1
    endloop
  endfacet
  facet normal 0.293188 -0.647522 -0.703389
    outer loop
      vertex -3.5298 7.16798 0
      vertex -3.09602 6.27811 1
      vertex -3.53393 7.16611 0
    endloop
  endfacet
  facet normal 0.293348 -0.647448 -0.70339
    outer loop
      vertex -2.67878 6.46716 1
      vertex -3.5298 7.16798 0
      vertex -3.05768 7.38189 0
    endloop
  endfacet
  facet normal 0.352248 -0.935907 0
    outer loop
      vertex -2.67878 6.46716 1
      vertex -2.25008 6.62851 1.2
      vertex -2.67878 6.46716 1.2
    endloop
  endfacet
  facet normal 0.352248 -0.935907 0
    outer loop
      vertex -2.25008 6.62851 1.2
      vertex -2.67878 6.46716 1
      vertex -2.25008 6.62851 1
    endloop
  endfacet
  facet normal 0.349262 -0.927907 0.130401
    outer loop
      vertex -2.25884 6.65432 1.40704
      vertex -2.68921 6.49233 1.40704
      vertex -2.67878 6.46716 1.2
    endloop
  endfacet
  facet normal 0.349238 -0.927909 0.130451
    outer loop
      vertex -2.25884 6.65432 1.40704
      vertex -2.67878 6.46716 1.2
      vertex -2.25008 6.62851 1.2
    endloop
  endfacet
  facet normal 0.325448 -0.864715 0.382559
    outer loop
      vertex -2.28453 6.73 1.59999
      vertex -2.7198 6.56618 1.59999
      vertex -2.68921 6.49233 1.40704
    endloop
  endfacet
  facet normal 0.325481 -0.864727 0.382504
    outer loop
      vertex -2.28453 6.73 1.59999
      vertex -2.68921 6.49233 1.40704
      vertex -2.25884 6.65432 1.40704
    endloop
  endfacet
  facet normal 0.279523 -0.742657 0.608546
    outer loop
      vertex -2.32539 6.85039 1.76567
      vertex -2.76845 6.68363 1.76567
      vertex -2.7198 6.56618 1.59999
    endloop
  endfacet
  facet normal 0.279505 -0.742645 0.608568
    outer loop
      vertex -2.32539 6.85039 1.76567
      vertex -2.7198 6.56618 1.59999
      vertex -2.28453 6.73 1.59999
    endloop
  endfacet
  facet normal 0.214526 -0.569957 0.793175
    outer loop
      vertex -2.37865 7.00728 1.89281
      vertex -2.83185 6.8367 1.89281
      vertex -2.76845 6.68363 1.76567
    endloop
  endfacet
  facet normal 0.21452 -0.569952 0.793181
    outer loop
      vertex -2.37865 7.00728 1.89281
      vertex -2.76845 6.68363 1.76567
      vertex -2.32539 6.85039 1.76567
    endloop
  endfacet
  facet normal 0.134859 -0.358313 0.92381
    outer loop
      vertex -2.44067 7.18998 1.97273
      vertex -2.90569 7.01496 1.97273
      vertex -2.83185 6.8367 1.89281
    endloop
  endfacet
  facet normal 0.13487 -0.358324 0.923804
    outer loop
      vertex -2.44067 7.18998 1.97273
      vertex -2.83185 6.8367 1.89281
      vertex -2.37865 7.00728 1.89281
    endloop
  endfacet
  facet normal 0.0460187 -0.122274 0.991429
    outer loop
      vertex -2.50722 7.38604 2
      vertex -2.98493 7.20625 2
      vertex -2.90569 7.01496 1.97273
    endloop
  endfacet
  facet normal 0.0460213 -0.122277 0.991429
    outer loop
      vertex -2.50722 7.38604 2
      vertex -2.90569 7.01496 1.97273
      vertex -2.44067 7.18998 1.97273
    endloop
  endfacet
  facet normal 0.0459935 -0.122203 0.991439
    outer loop
      vertex -3.17846 9.36345 2.0511
      vertex -3.78406 9.13552 2.0511
      vertex -3.63549 8.77686 2
    endloop
  endfacet
  facet normal 0.0459936 -0.122203 0.991439
    outer loop
      vertex -3.17846 9.36345 2.0511
      vertex -3.63549 8.77686 2
      vertex -3.05367 8.99584 2
    endloop
  endfacet
  facet normal 0.134868 -0.358334 0.9238
    outer loop
      vertex -3.29475 9.70603 2.20096
      vertex -3.9225 9.46976 2.20096
      vertex -3.78406 9.13552 2.0511
    endloop
  endfacet
  facet normal 0.134866 -0.358332 0.923802
    outer loop
      vertex -3.29475 9.70603 2.20096
      vertex -3.78406 9.13552 2.0511
      vertex -3.17846 9.36345 2.0511
    endloop
  endfacet
  facet normal 0.214504 -0.569924 0.793205
    outer loop
      vertex -3.39461 10.0002 2.43933
      vertex -4.04139 9.75677 2.43933
      vertex -3.9225 9.46976 2.20096
    endloop
  endfacet
  facet normal 0.214507 -0.569926 0.793203
    outer loop
      vertex -3.39461 10.0002 2.43933
      vertex -3.9225 9.46976 2.20096
      vertex -3.29475 9.70603 2.20096
    endloop
  endfacet
  facet normal 0.279494 -0.742674 0.608538
    outer loop
      vertex -3.47123 10.2259 2.75
      vertex -4.13261 9.977 2.75
      vertex -4.04139 9.75677 2.43933
    endloop
  endfacet
  facet normal 0.279528 -0.742691 0.608501
    outer loop
      vertex -3.47123 10.2259 2.75
      vertex -4.04139 9.75677 2.43933
      vertex -3.39461 10.0002 2.43933
    endloop
  endfacet
  facet normal 0.325496 -0.864757 0.382424
    outer loop
      vertex -3.5194 10.3678 3.11177
      vertex -4.18996 10.1154 3.11177
      vertex -4.13261 9.977 2.75
    endloop
  endfacet
  facet normal 0.325432 -0.86474 0.382516
    outer loop
      vertex -3.5194 10.3678 3.11177
      vertex -4.13261 9.977 2.75
      vertex -3.47123 10.2259 2.75
    endloop
  endfacet
  facet normal 0.34916 -0.927911 0.130644
    outer loop
      vertex -3.53583 10.4162 3.5
      vertex -4.20952 10.1627 3.5
      vertex -4.18996 10.1154 3.11177
    endloop
  endfacet
  facet normal 0.349263 -0.927899 0.13046
    outer loop
      vertex -3.53583 10.4162 3.5
      vertex -4.18996 10.1154 3.11177
      vertex -3.5194 10.3678 3.11177
    endloop
  endfacet
  facet normal 0.307515 -0.817196 0.487468
    outer loop
      vertex -3.55379 10.4691 3.59999
      vertex -4.2309 10.2143 3.59999
      vertex -4.20952 10.1627 3.5
    endloop
  endfacet
  facet normal 0.307485 -0.817158 0.48755
    outer loop
      vertex -3.55379 10.4691 3.59999
      vertex -4.20952 10.1627 3.5
      vertex -3.53583 10.4162 3.5
    endloop
  endfacet
  facet normal 0.00582988 -0.0177811 0.999825
    outer loop
      vertex -4.23048 10.215 3.6
      vertex -4.23109 10.2148 3.6
      vertex -4.2309 10.2143 3.59999
    endloop
  endfacet
  facet normal 0.00667172 -0.017728 0.999821
    outer loop
      vertex -4.23048 10.215 3.6
      vertex -3.55379 10.4691 3.59999
      vertex -3.55396 10.4696 3.6
    endloop
  endfacet
  facet normal 0.00694217 -0.0184482 0.999806
    outer loop
      vertex -3.55379 10.4691 3.59999
      vertex -4.23048 10.215 3.6
      vertex -4.2309 10.2143 3.59999
    endloop
  endfacet
  facet normal 0.250379 -0.665245 -0.703391
    outer loop
      vertex -2.67878 6.46716 1
      vertex -3.05344 7.38349 0
      vertex -2.25008 6.62851 1
    endloop
  endfacet
  facet normal 0.250951 -0.665021 -0.7034
    outer loop
      vertex -3.05344 7.38349 0
      vertex -2.67878 6.46716 1
      vertex -3.05768 7.38189 0
    endloop
  endfacet
  facet normal 0.250378 -0.665246 -0.703391
    outer loop
      vertex -2.25008 6.62851 1
      vertex -3.05344 7.38349 0
      vertex -2.56833 7.56607 0
    endloop
  endfacet
  facet normal 0.290281 -0.956942 0
    outer loop
      vertex -2.25008 6.62851 1
      vertex -1.81173 6.76148 1.2
      vertex -2.25008 6.62851 1.2
    endloop
  endfacet
  facet normal 0.290281 -0.956942 0
    outer loop
      vertex -1.81173 6.76148 1.2
      vertex -2.25008 6.62851 1
      vertex -1.81173 6.76148 1
    endloop
  endfacet
  facet normal 0.287789 -0.948768 0.130452
    outer loop
      vertex -1.81879 6.7878 1.40704
      vertex -2.25884 6.65432 1.40704
      vertex -2.25008 6.62851 1.2
    endloop
  endfacet
  facet normal 0.287801 -0.948767 0.130426
    outer loop
      vertex -1.81879 6.7878 1.40704
      vertex -2.25008 6.62851 1.2
      vertex -1.81173 6.76148 1.2
    endloop
  endfacet
  facet normal 0.268214 -0.884167 0.382504
    outer loop
      vertex -1.83947 6.86501 1.59999
      vertex -2.28453 6.73 1.59999
      vertex -2.25884 6.65432 1.40704
    endloop
  endfacet
  facet normal 0.268191 -0.884157 0.382544
    outer loop
      vertex -1.83947 6.86501 1.59999
      vertex -2.25884 6.65432 1.40704
      vertex -1.81879 6.7878 1.40704
    endloop
  endfacet
  facet normal 0.230342 -0.759332 0.60857
    outer loop
      vertex -1.87238 6.98781 1.76567
      vertex -2.32539 6.85039 1.76567
      vertex -2.28453 6.73 1.59999
    endloop
  endfacet
  facet normal 0.230346 -0.759335 0.608565
    outer loop
      vertex -1.87238 6.98781 1.76567
      vertex -2.28453 6.73 1.59999
      vertex -1.83947 6.86501 1.59999
    endloop
  endfacet
  facet normal 0.17677 -0.582766 0.793181
    outer loop
      vertex -1.91526 7.14784 1.89281
      vertex -2.37865 7.00728 1.89281
      vertex -2.32539 6.85039 1.76567
    endloop
  endfacet
  facet normal 0.176786 -0.582782 0.793166
    outer loop
      vertex -1.91526 7.14784 1.89281
      vertex -2.32539 6.85039 1.76567
      vertex -1.87238 6.98781 1.76567
    endloop
  endfacet
  facet normal 0.111145 -0.366378 0.923804
    outer loop
      vertex -1.9652 7.33422 1.97273
      vertex -2.44067 7.18998 1.97273
      vertex -2.37865 7.00728 1.89281
    endloop
  endfacet
  facet normal 0.111127 -0.366357 0.923815
    outer loop
      vertex -1.9652 7.33422 1.97273
      vertex -2.37865 7.00728 1.89281
      vertex -1.91526 7.14784 1.89281
    endloop
  endfacet
  facet normal 0.0379265 -0.125024 0.991429
    outer loop
      vertex -2.01878 7.53421 2
      vertex -2.50722 7.38604 2
      vertex -2.44067 7.18998 1.97273
    endloop
  endfacet
  facet normal 0.0379284 -0.125026 0.991428
    outer loop
      vertex -2.01878 7.53421 2
      vertex -2.44067 7.18998 1.97273
      vertex -1.9652 7.33422 1.97273
    endloop
  endfacet
  facet normal 0.0379025 -0.124949 0.991439
    outer loop
      vertex -2.55926 9.55128 2.0511
      vertex -3.17846 9.36345 2.0511
      vertex -3.05367 8.99584 2
    endloop
  endfacet
  facet normal 0.0379038 -0.124951 0.991439
    outer loop
      vertex -2.55926 9.55128 2.0511
      vertex -3.05367 8.99584 2
      vertex -2.45878 9.1763 2
    endloop
  endfacet
  facet normal 0.111144 -0.366385 0.923802
    outer loop
      vertex -2.65289 9.90074 2.20096
      vertex -3.29475 9.70603 2.20096
      vertex -3.17846 9.36345 2.0511
    endloop
  endfacet
  facet normal 0.111139 -0.36638 0.923804
    outer loop
      vertex -2.65289 9.90074 2.20096
      vertex -3.17846 9.36345 2.0511
      vertex -2.55926 9.55128 2.0511
    endloop
  endfacet
  facet normal 0.176766 -0.582738 0.793203
    outer loop
      vertex -2.7333 10.2008 2.43933
      vertex -3.39461 10.0002 2.43933
      vertex -3.29475 9.70603 2.20096
    endloop
  endfacet
  facet normal 0.176778 -0.582746 0.793194
    outer loop
      vertex -2.7333 10.2008 2.43933
      vertex -3.29475 9.70603 2.20096
      vertex -2.65289 9.90074 2.20096
    endloop
  endfacet
  facet normal 0.230423 -0.759362 0.608501
    outer loop
      vertex -2.79499 10.4311 2.75
      vertex -3.47123 10.2259 2.75
      vertex -3.39461 10.0002 2.43933
    endloop
  endfacet
  facet normal 0.230326 -0.759305 0.60861
    outer loop
      vertex -2.79499 10.4311 2.75
      vertex -3.39461 10.0002 2.43933
      vertex -2.7333 10.2008 2.43933
    endloop
  endfacet
  facet normal 0.268231 -0.884157 0.382515
    outer loop
      vertex -2.83378 10.5758 3.11177
      vertex -3.5194 10.3678 3.11177
      vertex -3.47123 10.2259 2.75
    endloop
  endfacet
  facet normal 0.268297 -0.884179 0.382419
    outer loop
      vertex -2.83378 10.5758 3.11177
      vertex -3.47123 10.2259 2.75
      vertex -2.79499 10.4311 2.75
    endloop
  endfacet
  facet normal 0.287865 -0.948743 0.130461
    outer loop
      vertex -2.84701 10.6252 3.5
      vertex -3.53583 10.4162 3.5
      vertex -3.5194 10.3678 3.11177
    endloop
  endfacet
  facet normal 0.287826 -0.948746 0.130531
    outer loop
      vertex -2.84701 10.6252 3.5
      vertex -3.5194 10.3678 3.11177
      vertex -2.83378 10.5758 3.11177
    endloop
  endfacet
  facet normal 0.253432 -0.835506 0.487548
    outer loop
      vertex -2.86147 10.6791 3.59999
      vertex -3.55379 10.4691 3.59999
      vertex -3.53583 10.4162 3.5
    endloop
  endfacet
  facet normal 0.253564 -0.835695 0.487154
    outer loop
      vertex -2.86147 10.6791 3.59999
      vertex -3.53583 10.4162 3.5
      vertex -2.84701 10.6252 3.5
    endloop
  endfacet
  facet normal 0.00572963 -0.0180483 0.999821
    outer loop
      vertex -3.55333 10.4698 3.6
      vertex -3.55396 10.4696 3.6
      vertex -3.55379 10.4691 3.59999
    endloop
  endfacet
  facet normal 0.00562151 -0.0185347 0.999812
    outer loop
      vertex -3.55333 10.4698 3.6
      vertex -2.86147 10.6791 3.59999
      vertex -2.8616 10.6796 3.6
    endloop
  endfacet
  facet normal 0.0054111 -0.0178391 0.999826
    outer loop
      vertex -2.86147 10.6791 3.59999
      vertex -3.55333 10.4698 3.6
      vertex -3.55379 10.4691 3.59999
    endloop
  endfacet
  facet normal 0.206332 -0.680195 -0.703393
    outer loop
      vertex -2.25008 6.62851 1
      vertex -2.564 7.56739 0
      vertex -1.81173 6.76148 1
    endloop
  endfacet
  facet normal 0.207266 -0.679897 -0.703407
    outer loop
      vertex -2.564 7.56739 0
      vertex -2.25008 6.62851 1
      vertex -2.56833 7.56607 0
    endloop
  endfacet
  facet normal 0.206331 -0.680195 -0.703393
    outer loop
      vertex -1.81173 6.76148 1
      vertex -2.564 7.56739 0
      vertex -2.06799 7.71785 0
    endloop
  endfacet
  facet normal 0.227085 -0.973875 0
    outer loop
      vertex -1.81173 6.76148 1
      vertex -1.36563 6.8655 1.2
      vertex -1.81173 6.76148 1.2
    endloop
  endfacet
  facet normal 0.227085 -0.973875 0
    outer loop
      vertex -1.36563 6.8655 1.2
      vertex -1.81173 6.76148 1
      vertex -1.36563 6.8655 1
    endloop
  endfacet
  facet normal 0.225154 -0.965554 0.130424
    outer loop
      vertex -1.37095 6.89223 1.40704
      vertex -1.81879 6.7878 1.40704
      vertex -1.81173 6.76148 1.2
    endloop
  endfacet
  facet normal 0.225144 -0.965554 0.130444
    outer loop
      vertex -1.37095 6.89223 1.40704
      vertex -1.81173 6.76148 1.2
      vertex -1.36563 6.8655 1.2
    endloop
  endfacet
  facet normal 0.209788 -0.899804 0.382546
    outer loop
      vertex -1.38654 6.97061 1.59999
      vertex -1.83947 6.86501 1.59999
      vertex -1.81879 6.7878 1.40704
    endloop
  endfacet
  facet normal 0.209826 -0.899824 0.382479
    outer loop
      vertex -1.38654 6.97061 1.59999
      vertex -1.81879 6.7878 1.40704
      vertex -1.37095 6.89223 1.40704
    endloop
  endfacet
  facet normal 0.180187 -0.772776 0.608564
    outer loop
      vertex -1.41134 7.09531 1.76567
      vertex -1.87238 6.98781 1.76567
      vertex -1.83947 6.86501 1.59999
    endloop
  endfacet
  facet normal 0.180168 -0.772759 0.60859
    outer loop
      vertex -1.41134 7.09531 1.76567
      vertex -1.83947 6.86501 1.59999
      vertex -1.38654 6.97061 1.59999
    endloop
  endfacet
  facet normal 0.138291 -0.593096 0.793166
    outer loop
      vertex -1.44367 7.2578 1.89281
      vertex -1.91526 7.14784 1.89281
      vertex -1.87238 6.98781 1.76567
    endloop
  endfacet
  facet normal 0.138291 -0.593096 0.793166
    outer loop
      vertex -1.44367 7.2578 1.89281
      vertex -1.87238 6.98781 1.76567
      vertex -1.41134 7.09531 1.76567
    endloop
  endfacet
  facet normal 0.0869286 -0.372841 0.923815
    outer loop
      vertex -1.48131 7.44704 1.97273
      vertex -1.9652 7.33422 1.97273
      vertex -1.91526 7.14784 1.89281
    endloop
  endfacet
  facet normal 0.0869374 -0.372852 0.923809
    outer loop
      vertex -1.48131 7.44704 1.97273
      vertex -1.91526 7.14784 1.89281
      vertex -1.44367 7.2578 1.89281
    endloop
  endfacet
  facet normal 0.0296674 -0.12724 0.991428
    outer loop
      vertex -1.5217 7.65011 2
      vertex -2.01878 7.53421 2
      vertex -1.9652 7.33422 1.97273
    endloop
  endfacet
  facet normal 0.0296656 -0.127237 0.991429
    outer loop
      vertex -1.5217 7.65011 2
      vertex -1.9652 7.33422 1.97273
      vertex -1.48131 7.44704 1.97273
    endloop
  endfacet
  facet normal 0.0296491 -0.127162 0.991439
    outer loop
      vertex -1.92909 9.69821 2.0511
      vertex -2.55926 9.55128 2.0511
      vertex -2.45878 9.1763 2
    endloop
  endfacet
  facet normal 0.0296493 -0.127163 0.991439
    outer loop
      vertex -1.92909 9.69821 2.0511
      vertex -2.45878 9.1763 2
      vertex -1.85336 9.31746 2
    endloop
  endfacet
  facet normal 0.0869143 -0.372871 0.923804
    outer loop
      vertex -1.99968 10.053 2.20096
      vertex -2.65289 9.90074 2.20096
      vertex -2.55926 9.55128 2.0511
    endloop
  endfacet
  facet normal 0.0869453 -0.372901 0.923789
    outer loop
      vertex -1.99968 10.053 2.20096
      vertex -2.55926 9.55128 2.0511
      vertex -1.92909 9.69821 2.0511
    endloop
  endfacet
  facet normal 0.138261 -0.593067 0.793193
    outer loop
      vertex -2.06028 10.3577 2.43933
      vertex -2.7333 10.2008 2.43933
      vertex -2.65289 9.90074 2.20096
    endloop
  endfacet
  facet normal 0.138236 -0.593046 0.793213
    outer loop
      vertex -2.06028 10.3577 2.43933
      vertex -2.65289 9.90074 2.20096
      vertex -1.99968 10.053 2.20096
    endloop
  endfacet
  facet normal 0.180106 -0.772758 0.60861
    outer loop
      vertex -2.10678 10.5915 2.75
      vertex -2.79499 10.4311 2.75
      vertex -2.7333 10.2008 2.43933
    endloop
  endfacet
  facet normal 0.180161 -0.772796 0.608546
    outer loop
      vertex -2.10678 10.5915 2.75
      vertex -2.7333 10.2008 2.43933
      vertex -2.06028 10.3577 2.43933
    endloop
  endfacet
  facet normal 0.209822 -0.899851 0.382418
    outer loop
      vertex -2.13602 10.7385 3.11177
      vertex -2.83378 10.5758 3.11177
      vertex -2.79499 10.4311 2.75
    endloop
  endfacet
  facet normal 0.209717 -0.899809 0.382575
    outer loop
      vertex -2.13602 10.7385 3.11177
      vertex -2.79499 10.4311 2.75
      vertex -2.10678 10.5915 2.75
    endloop
  endfacet
  facet normal 0.225062 -0.965561 0.130532
    outer loop
      vertex -2.14599 10.7886 3.5
      vertex -2.84701 10.6252 3.5
      vertex -2.83378 10.5758 3.11177
    endloop
  endfacet
  facet normal 0.225145 -0.965562 0.130385
    outer loop
      vertex -2.14599 10.7886 3.5
      vertex -2.83378 10.5758 3.11177
      vertex -2.13602 10.7385 3.11177
    endloop
  endfacet
  facet normal 0.198327 -0.850502 0.487147
    outer loop
      vertex -2.15689 10.8434 3.59999
      vertex -2.86147 10.6791 3.59999
      vertex -2.84701 10.6252 3.5
    endloop
  endfacet
  facet normal 0.198189 -0.850274 0.487602
    outer loop
      vertex -2.15689 10.8434 3.59999
      vertex -2.84701 10.6252 3.5
      vertex -2.14599 10.7886 3.5
    endloop
  endfacet
  facet normal 0.00577926 -0.0184936 0.999812
    outer loop
      vertex -2.86096 10.6798 3.6
      vertex -2.8616 10.6796 3.6
      vertex -2.86147 10.6791 3.59999
    endloop
  endfacet
  facet normal 0.0044536 -0.0191054 0.999808
    outer loop
      vertex -2.86096 10.6798 3.6
      vertex -2.15689 10.8434 3.59999
      vertex -2.15699 10.8439 3.6
    endloop
  endfacet
  facet normal 0.00401244 -0.0172068 0.999844
    outer loop
      vertex -2.15689 10.8434 3.59999
      vertex -2.86096 10.6798 3.6
      vertex -2.86147 10.6791 3.59999
    endloop
  endfacet
  facet normal 0.161412 -0.692231 -0.703394
    outer loop
      vertex -1.81173 6.76148 1
      vertex -2.06358 7.71888 0
      vertex -1.36563 6.8655 1
    endloop
  endfacet
  facet normal 0.161663 -0.692169 -0.703397
    outer loop
      vertex -2.06358 7.71888 0
      vertex -1.81173 6.76148 1
      vertex -2.06799 7.71785 0
    endloop
  endfacet
  facet normal 0.161406 -0.692234 -0.703392
    outer loop
      vertex -1.36563 6.8655 1
      vertex -2.06358 7.71888 0
      vertex -1.55879 7.83658 0
    endloop
  endfacet
  facet normal 0.162881 -0.986646 0
    outer loop
      vertex -1.36563 6.8655 1
      vertex -0.913683 6.94011 1.2
      vertex -1.36563 6.8655 1.2
    endloop
  endfacet
  facet normal 0.162881 -0.986646 0
    outer loop
      vertex -0.913683 6.94011 1.2
      vertex -1.36563 6.8655 1
      vertex -0.913683 6.94011 1
    endloop
  endfacet
  facet normal 0.161487 -0.978216 0.130443
    outer loop
      vertex -0.91724 6.96713 1.40704
      vertex -1.37095 6.89223 1.40704
      vertex -1.36563 6.8655 1.2
    endloop
  endfacet
  facet normal 0.16149 -0.978216 0.130438
    outer loop
      vertex -0.91724 6.96713 1.40704
      vertex -1.36563 6.8655 1.2
      vertex -0.913683 6.94011 1.2
    endloop
  endfacet
  facet normal 0.150511 -0.911623 0.38248
    outer loop
      vertex -0.927672 7.04637 1.59999
      vertex -1.38654 6.97061 1.59999
      vertex -1.37095 6.89223 1.40704
    endloop
  endfacet
  facet normal 0.150492 -0.911611 0.382514
    outer loop
      vertex -0.927672 7.04637 1.59999
      vertex -1.37095 6.89223 1.40704
      vertex -0.91724 6.96713 1.40704
    endloop
  endfacet
  facet normal 0.129248 -0.782887 0.608591
    outer loop
      vertex -0.944267 7.17242 1.76567
      vertex -1.41134 7.09531 1.76567
      vertex -1.38654 6.97061 1.59999
    endloop
  endfacet
  facet normal 0.129258 -0.782896 0.608577
    outer loop
      vertex -0.944267 7.17242 1.76567
      vertex -1.38654 6.97061 1.59999
      vertex -0.927672 7.04637 1.59999
    endloop
  endfacet
  facet normal 0.099215 -0.60087 0.793165
    outer loop
      vertex -0.965893 7.33669 1.89281
      vertex -1.44367 7.2578 1.89281
      vertex -1.41134 7.09531 1.76567
    endloop
  endfacet
  facet normal 0.0991946 -0.600844 0.793188
    outer loop
      vertex -0.965893 7.33669 1.89281
      vertex -1.41134 7.09531 1.76567
      vertex -0.944267 7.17242 1.76567
    endloop
  endfacet
  facet normal 0.0623667 -0.377739 0.923809
    outer loop
      vertex -0.991077 7.52798 1.97273
      vertex -1.48131 7.44704 1.97273
      vertex -1.44367 7.2578 1.89281
    endloop
  endfacet
  facet normal 0.0623735 -0.377749 0.923805
    outer loop
      vertex -0.991077 7.52798 1.97273
      vertex -1.44367 7.2578 1.89281
      vertex -0.965893 7.33669 1.89281
    endloop
  endfacet
  facet normal 0.0212836 -0.128904 0.991429
    outer loop
      vertex -1.0181 7.73326 2
      vertex -1.5217 7.65011 2
      vertex -1.48131 7.44704 1.97273
    endloop
  endfacet
  facet normal 0.0212825 -0.128903 0.991429
    outer loop
      vertex -1.0181 7.73326 2
      vertex -1.48131 7.44704 1.97273
      vertex -0.991077 7.52798 1.97273
    endloop
  endfacet
  facet normal 0.0212711 -0.128829 0.991439
    outer loop
      vertex -1.29067 9.80362 2.0511
      vertex -1.92909 9.69821 2.0511
      vertex -1.85336 9.31746 2
    endloop
  endfacet
  facet normal 0.0212705 -0.128828 0.991439
    outer loop
      vertex -1.29067 9.80362 2.0511
      vertex -1.85336 9.31746 2
      vertex -1.24 9.41873 2
    endloop
  endfacet
  facet normal 0.0623943 -0.377785 0.923788
    outer loop
      vertex -1.33789 10.1623 2.20096
      vertex -1.99968 10.053 2.20096
      vertex -1.92909 9.69821 2.0511
    endloop
  endfacet
  facet normal 0.0623724 -0.377761 0.9238
    outer loop
      vertex -1.33789 10.1623 2.20096
      vertex -1.92909 9.69821 2.0511
      vertex -1.29067 9.80362 2.0511
    endloop
  endfacet
  facet normal 0.099218 -0.600806 0.793213
    outer loop
      vertex -1.37844 10.4703 2.43933
      vertex -2.06028 10.3577 2.43933
      vertex -1.99968 10.053 2.20096
    endloop
  endfacet
  facet normal 0.09923 -0.600818 0.793203
    outer loop
      vertex -1.37844 10.4703 2.43933
      vertex -1.99968 10.053 2.20096
      vertex -1.33789 10.1623 2.20096
    endloop
  endfacet
  facet normal 0.129248 -0.782922 0.608546
    outer loop
      vertex -1.40956 10.7066 2.75
      vertex -2.10678 10.5915 2.75
      vertex -2.06028 10.3577 2.43933
    endloop
  endfacet
  facet normal 0.129299 -0.782962 0.608484
    outer loop
      vertex -1.40956 10.7066 2.75
      vertex -2.06028 10.3577 2.43933
      vertex -1.37844 10.4703 2.43933
    endloop
  endfacet
  facet normal 0.150491 -0.911587 0.382573
    outer loop
      vertex -1.42912 10.8552 3.11177
      vertex -2.13602 10.7385 3.11177
      vertex -2.10678 10.5915 2.75
    endloop
  endfacet
  facet normal 0.150488 -0.911585 0.382578
    outer loop
      vertex -1.42912 10.8552 3.11177
      vertex -2.10678 10.5915 2.75
      vertex -1.40956 10.7066 2.75
    endloop
  endfacet
  facet normal 0.161566 -0.978211 0.130384
    outer loop
      vertex -1.43579 10.9059 3.5
      vertex -2.14599 10.7886 3.5
      vertex -2.13602 10.7385 3.11177
    endloop
  endfacet
  facet normal 0.161489 -0.978205 0.130521
    outer loop
      vertex -1.43579 10.9059 3.5
      vertex -2.13602 10.7385 3.11177
      vertex -1.42912 10.8552 3.11177
    endloop
  endfacet
  facet normal 0.142277 -0.861395 0.487602
    outer loop
      vertex -1.44308 10.9613 3.59999
      vertex -2.15689 10.8434 3.59999
      vertex -2.14599 10.7886 3.5
    endloop
  endfacet
  facet normal 0.14227 -0.861383 0.487626
    outer loop
      vertex -1.44308 10.9613 3.59999
      vertex -2.14599 10.7886 3.5
      vertex -1.43579 10.9059 3.5
    endloop
  endfacet
  facet normal 0.00302972 -0.0193902 0.999807
    outer loop
      vertex -2.15635 10.844 3.6
      vertex -2.15699 10.8439 3.6
      vertex -2.15689 10.8434 3.59999
    endloop
  endfacet
  facet normal 0.00322813 -0.0195441 0.999804
    outer loop
      vertex -2.15635 10.844 3.6
      vertex -1.44308 10.9613 3.59999
      vertex -1.44315 10.9618 3.6
    endloop
  endfacet
  facet normal 0.00323287 -0.019573 0.999803
    outer loop
      vertex -1.44308 10.9613 3.59999
      vertex -2.15635 10.844 3.6
      vertex -2.15689 10.8434 3.59999
    endloop
  endfacet
  facet normal 0.115776 -0.701309 -0.703392
    outer loop
      vertex -1.36563 6.8655 1
      vertex -1.55432 7.83732 0
      vertex -0.913683 6.94011 1
    endloop
  endfacet
  facet normal 0.116091 -0.701253 -0.703397
    outer loop
      vertex -1.55432 7.83732 0
      vertex -1.36563 6.8655 1
      vertex -1.55879 7.83658 0
    endloop
  endfacet
  facet normal 0.115783 -0.701307 -0.703394
    outer loop
      vertex -0.913683 6.94011 1
      vertex -1.55432 7.83732 0
      vertex -1.04292 7.92175 0
    endloop
  endfacet
  facet normal 0.0980206 -0.995184 0
    outer loop
      vertex -0.913683 6.94011 1
      vertex -0.457822 6.98501 1.2
      vertex -0.913683 6.94011 1.2
    endloop
  endfacet
  facet normal 0.0980206 -0.995184 0
    outer loop
      vertex -0.457822 6.98501 1.2
      vertex -0.913683 6.94011 1
      vertex -0.457822 6.98501 1
    endloop
  endfacet
  facet normal 0.0971942 -0.986681 0.130438
    outer loop
      vertex -0.459604 7.01221 1.40704
      vertex -0.91724 6.96713 1.40704
      vertex -0.913683 6.94011 1.2
    endloop
  endfacet
  facet normal 0.0971829 -0.986679 0.130462
    outer loop
      vertex -0.459604 7.01221 1.40704
      vertex -0.913683 6.94011 1.2
      vertex -0.457822 6.98501 1.2
    endloop
  endfacet
  facet normal 0.0905711 -0.9195 0.382514
    outer loop
      vertex -0.464831 7.09196 1.59999
      vertex -0.927672 7.04637 1.59999
      vertex -0.91724 6.96713 1.40704
    endloop
  endfacet
  facet normal 0.0905769 -0.919504 0.382503
    outer loop
      vertex -0.464831 7.09196 1.59999
      vertex -0.91724 6.96713 1.40704
      vertex -0.459604 7.01221 1.40704
    endloop
  endfacet
  facet normal 0.0777738 -0.789674 0.608577
    outer loop
      vertex -0.473146 7.21882 1.76567
      vertex -0.944267 7.17242 1.76567
      vertex -0.927672 7.04637 1.59999
    endloop
  endfacet
  facet normal 0.0777843 -0.789686 0.608561
    outer loop
      vertex -0.473146 7.21882 1.76567
      vertex -0.927672 7.04637 1.59999
      vertex -0.464831 7.09196 1.59999
    endloop
  endfacet
  facet normal 0.0596851 -0.606046 0.793188
    outer loop
      vertex -0.483982 7.38415 1.89281
      vertex -0.965893 7.33669 1.89281
      vertex -0.944267 7.17242 1.76567
    endloop
  endfacet
  facet normal 0.0596891 -0.606051 0.793183
    outer loop
      vertex -0.483982 7.38415 1.89281
      vertex -0.944267 7.17242 1.76567
      vertex -0.473146 7.21882 1.76567
    endloop
  endfacet
  facet normal 0.0375261 -0.381021 0.923805
    outer loop
      vertex -0.496602 7.57668 1.97273
      vertex -0.991077 7.52798 1.97273
      vertex -0.965893 7.33669 1.89281
    endloop
  endfacet
  facet normal 0.0375236 -0.381016 0.923807
    outer loop
      vertex -0.496602 7.57668 1.97273
      vertex -0.965893 7.33669 1.89281
      vertex -0.483982 7.38415 1.89281
    endloop
  endfacet
  facet normal 0.0128059 -0.130019 0.991429
    outer loop
      vertex -0.510143 7.78329 2
      vertex -1.0181 7.73326 2
      vertex -0.991077 7.52798 1.97273
    endloop
  endfacet
  facet normal 0.0128052 -0.130017 0.991429
    outer loop
      vertex -0.510143 7.78329 2
      vertex -0.991077 7.52798 1.97273
      vertex -0.496602 7.57668 1.97273
    endloop
  endfacet
  facet normal 0.0127976 -0.129944 0.991439
    outer loop
      vertex -0.64672 9.86704 2.0511
      vertex -1.29067 9.80362 2.0511
      vertex -1.24 9.41873 2
    endloop
  endfacet
  facet normal 0.0127975 -0.129944 0.991439
    outer loop
      vertex -0.64672 9.86704 2.0511
      vertex -1.24 9.41873 2
      vertex -0.621329 9.47966 2
    endloop
  endfacet
  facet normal 0.0375601 -0.381028 0.9238
    outer loop
      vertex -0.670382 10.2281 2.20096
      vertex -1.33789 10.1623 2.20096
      vertex -1.29067 9.80362 2.0511
    endloop
  endfacet
  facet normal 0.037521 -0.380979 0.923822
    outer loop
      vertex -0.670382 10.2281 2.20096
      vertex -1.29067 9.80362 2.0511
      vertex -0.64672 9.86704 2.0511
    endloop
  endfacet
  facet normal 0.0596564 -0.606028 0.793203
    outer loop
      vertex -0.6907 10.538 2.43933
      vertex -1.37844 10.4703 2.43933
      vertex -1.33789 10.1623 2.20096
    endloop
  endfacet
  facet normal 0.05975 -0.606134 0.793115
    outer loop
      vertex -0.6907 10.538 2.43933
      vertex -1.33789 10.1623 2.20096
      vertex -0.670382 10.2281 2.20096
    endloop
  endfacet
  facet normal 0.0778207 -0.789741 0.608484
    outer loop
      vertex -0.706289 10.7759 2.75
      vertex -1.40956 10.7066 2.75
      vertex -1.37844 10.4703 2.43933
    endloop
  endfacet
  facet normal 0.0777332 -0.789663 0.608596
    outer loop
      vertex -0.706289 10.7759 2.75
      vertex -1.37844 10.4703 2.43933
      vertex -0.6907 10.538 2.43933
    endloop
  endfacet
  facet normal 0.0905256 -0.919478 0.382578
    outer loop
      vertex -0.716091 10.9254 3.11177
      vertex -1.42912 10.8552 3.11177
      vertex -1.40956 10.7066 2.75
    endloop
  endfacet
  facet normal 0.0906095 -0.919525 0.382445
    outer loop
      vertex -0.716091 10.9254 3.11177
      vertex -1.40956 10.7066 2.75
      vertex -0.706289 10.7759 2.75
    endloop
  endfacet
  facet normal 0.0971038 -0.986679 0.130521
    outer loop
      vertex -0.719434 10.9764 3.5
      vertex -1.43579 10.9059 3.5
      vertex -1.42912 10.8552 3.11177
    endloop
  endfacet
  facet normal 0.0971422 -0.986684 0.130453
    outer loop
      vertex -0.719434 10.9764 3.5
      vertex -1.42912 10.8552 3.11177
      vertex -0.716091 10.9254 3.11177
    endloop
  endfacet
  facet normal 0.0855583 -0.868849 0.487628
    outer loop
      vertex -0.723087 11.0322 3.59999
      vertex -1.44308 10.9613 3.59999
      vertex -1.43579 10.9059 3.5
    endloop
  endfacet
  facet normal 0.0854928 -0.868699 0.487906
    outer loop
      vertex -0.723087 11.0322 3.59999
      vertex -1.43579 10.9059 3.5
      vertex -0.719434 10.9764 3.5
    endloop
  endfacet
  facet normal 0.00296678 -0.0195807 0.999804
    outer loop
      vertex -1.44249 10.9619 3.6
      vertex -1.44315 10.9618 3.6
      vertex -1.44308 10.9613 3.59999
    endloop
  endfacet
  facet normal 0.00195492 -0.0198631 0.999801
    outer loop
      vertex -1.44249 10.9619 3.6
      vertex -0.723087 11.0322 3.59999
      vertex -0.723121 11.0327 3.6
    endloop
  endfacet
  facet normal 0.00181687 -0.0184504 0.999828
    outer loop
      vertex -0.723087 11.0322 3.59999
      vertex -1.44249 10.9619 3.6
      vertex -1.44308 10.9613 3.59999
    endloop
  endfacet
  facet normal 0.0690197 -0.707452 -0.703383
    outer loop
      vertex -1.03841 7.92219 0
      vertex -0.913683 6.94011 1
      vertex -1.04292 7.92175 0
    endloop
  endfacet
  facet normal 0.0696732 -0.707379 -0.703393
    outer loop
      vertex -0.913683 6.94011 1
      vertex -1.03841 7.92219 0
      vertex -0.457822 6.98501 1
    endloop
  endfacet
  facet normal 0.0696774 -0.707377 -0.703394
    outer loop
      vertex -0.457822 6.98501 1
      vertex -1.03841 7.92219 0
      vertex -0.522578 7.973 0
    endloop
  endfacet
  facet normal 0.0327244 -0.999464 0
    outer loop
      vertex -0.457822 6.98501 1
      vertex 0 7 1.2
      vertex -0.457822 6.98501 1.2
    endloop
  endfacet
  facet normal 0.0327244 -0.999464 0
    outer loop
      vertex 0 7 1.2
      vertex -0.457822 6.98501 1
      vertex 0 7 1
    endloop
  endfacet
  facet normal 0.0324268 -0.990923 0.130462
    outer loop
      vertex 0 7.02725 1.40704
      vertex -0.459604 7.01221 1.40704
      vertex -0.457822 6.98501 1.2
    endloop
  endfacet
  facet normal 0.0324449 -0.990927 0.130423
    outer loop
      vertex 0 7.02725 1.40704
      vertex -0.457822 6.98501 1.2
      vertex 0 7 1.2
    endloop
  endfacet
  facet normal 0.0302369 -0.923459 0.382503
    outer loop
      vertex 0 7.10718 1.59999
      vertex -0.464831 7.09196 1.59999
      vertex -0.459604 7.01221 1.40704
    endloop
  endfacet
  facet normal 0.0302186 -0.923445 0.382539
    outer loop
      vertex 0 7.10718 1.59999
      vertex -0.459604 7.01221 1.40704
      vertex 0 7.02725 1.40704
    endloop
  endfacet
  facet normal 0.0259642 -0.793082 0.608561
    outer loop
      vertex 0 7.23431 1.76567
      vertex -0.473146 7.21882 1.76567
      vertex -0.464831 7.09196 1.59999
    endloop
  endfacet
  facet normal 0.0259681 -0.793087 0.608554
    outer loop
      vertex 0 7.23431 1.76567
      vertex -0.464831 7.09196 1.59999
      vertex 0 7.10718 1.59999
    endloop
  endfacet
  facet normal 0.0199205 -0.608658 0.793183
    outer loop
      vertex 0 7.39999 1.89281
      vertex -0.483982 7.38415 1.89281
      vertex -0.473146 7.21882 1.76567
    endloop
  endfacet
  facet normal 0.0199268 -0.608668 0.793174
    outer loop
      vertex 0 7.39999 1.89281
      vertex -0.473146 7.21882 1.76567
      vertex 0 7.23431 1.76567
    endloop
  endfacet
  facet normal 0.0125291 -0.382655 0.923806
    outer loop
      vertex 0 7.59294 1.97273
      vertex -0.496602 7.57668 1.97273
      vertex -0.483982 7.38415 1.89281
    endloop
  endfacet
  facet normal 0.0125233 -0.382643 0.923811
    outer loop
      vertex 0 7.59294 1.97273
      vertex -0.483982 7.38415 1.89281
      vertex 0 7.39999 1.89281
    endloop
  endfacet
  facet normal 0.00427454 -0.130576 0.991429
    outer loop
      vertex 0 7.79999 2
      vertex -0.510143 7.78329 2
      vertex -0.496602 7.57668 1.97273
    endloop
  endfacet
  facet normal 0.00427547 -0.130578 0.991429
    outer loop
      vertex 0 7.79999 2
      vertex -0.496602 7.57668 1.97273
      vertex 0 7.59294 1.97273
    endloop
  endfacet
  facet normal 0.00427192 -0.130502 0.991439
    outer loop
      vertex 0 9.88821 2.0511
      vertex -0.64672 9.86704 2.0511
      vertex -0.621329 9.47966 2
    endloop
  endfacet
  facet normal 0.00427218 -0.130503 0.991439
    outer loop
      vertex 0 9.88821 2.0511
      vertex -0.621329 9.47966 2
      vertex 0 9.5 2
    endloop
  endfacet
  facet normal 0.0124994 -0.382618 0.923822
    outer loop
      vertex 0 10.25 2.20096
      vertex -0.670382 10.2281 2.20096
      vertex -0.64672 9.86704 2.0511
    endloop
  endfacet
  facet normal 0.0125261 -0.382657 0.923806
    outer loop
      vertex 0 10.25 2.20096
      vertex -0.64672 9.86704 2.0511
      vertex 0 9.88821 2.0511
    endloop
  endfacet
  facet normal 0.0200064 -0.608741 0.793117
    outer loop
      vertex 0 10.5607 2.43933
      vertex -0.6907 10.538 2.43933
      vertex -0.670382 10.2281 2.20096
    endloop
  endfacet
  facet normal 0.019881 -0.608579 0.793244
    outer loop
      vertex 0 10.5607 2.43933
      vertex -0.670382 10.2281 2.20096
      vertex 0 10.25 2.20096
    endloop
  endfacet
  facet normal 0.0259378 -0.793056 0.608596
    outer loop
      vertex 0 10.799 2.75
      vertex -0.706289 10.7759 2.75
      vertex -0.6907 10.538 2.43933
    endloop
  endfacet
  facet normal 0.0260683 -0.793189 0.608417
    outer loop
      vertex 0 10.799 2.75
      vertex -0.6907 10.538 2.43933
      vertex 0 10.5607 2.43933
    endloop
  endfacet
  facet normal 0.0303059 -0.923481 0.382446
    outer loop
      vertex 0 10.9489 3.11177
      vertex -0.716091 10.9254 3.11177
      vertex -0.706289 10.7759 2.75
    endloop
  endfacet
  facet normal 0.0302013 -0.923413 0.382618
    outer loop
      vertex 0 10.9489 3.11177
      vertex -0.706289 10.7759 2.75
      vertex 0 10.799 2.75
    endloop
  endfacet
  facet normal 0.0325058 -0.990922 0.130453
    outer loop
      vertex 0 11 3.5
      vertex -0.719434 10.9764 3.5
      vertex -0.716091 10.9254 3.11177
    endloop
  endfacet
  facet normal 0.0325192 -0.990924 0.130428
    outer loop
      vertex 0 11 3.5
      vertex -0.716091 10.9254 3.11177
      vertex 0 10.9489 3.11177
    endloop
  endfacet
  facet normal 0.0285948 -0.872427 0.487908
    outer loop
      vertex 0 11.0559 3.59999
      vertex -0.723087 11.0322 3.59999
      vertex -0.719434 10.9764 3.5
    endloop
  endfacet
  facet normal 0.0286211 -0.8725 0.487776
    outer loop
      vertex 0 11.0559 3.59999
      vertex -0.719434 10.9764 3.5
      vertex 0 11 3.5
    endloop
  endfacet
  facet normal 0 -0.019996 0.9998
    outer loop
      vertex -0.722466 11.0327 3.6
      vertex -0.723121 11.0327 3.6
      vertex -0.723087 11.0322 3.59999
    endloop
  endfacet
  facet normal 0.000655955 -0.019996 0.9998
    outer loop
      vertex -0.722466 11.0327 3.6
      vertex 0 11.0559 3.59999
      vertex 0 11.0564 3.6
    endloop
  endfacet
  facet normal 0.000683192 -0.0208442 0.999783
    outer loop
      vertex 0 11.0559 3.59999
      vertex -0.722466 11.0327 3.6
      vertex -0.723087 11.0322 3.59999
    endloop
  endfacet
  facet normal 0.0235182 -0.710407 -0.703398
    outer loop
      vertex -0.518047 7.97315 0
      vertex -0.457822 6.98501 1
      vertex -0.522578 7.973 0
    endloop
  endfacet
  facet normal 0.0232605 -0.710419 -0.703394
    outer loop
      vertex -0.457822 6.98501 1
      vertex -0.518047 7.97315 0
      vertex 0 7 1
    endloop
  endfacet
  facet normal 0.0232444 -0.710424 -0.70339
    outer loop
      vertex 0 7 1
      vertex -0.518047 7.97315 0
      vertex 0 7.9901 0
    endloop
  endfacet
  facet normal -0.0327244 -0.999464 0
    outer loop
      vertex 0 7 1
      vertex 0.457822 6.98501 1.2
      vertex 0 7 1.2
    endloop
  endfacet
  facet normal -0.0327244 -0.999464 -0
    outer loop
      vertex 0.457822 6.98501 1.2
      vertex 0 7 1
      vertex 0.457822 6.98501 1
    endloop
  endfacet
  facet normal -0.032427 -0.990928 0.130423
    outer loop
      vertex 0 7.02725 1.40704
      vertex 0 7 1.2
      vertex 0.459604 7.01221 1.40704
    endloop
  endfacet
  facet normal -0.0324448 -0.990922 0.130462
    outer loop
      vertex 0.459604 7.01221 1.40704
      vertex 0 7 1.2
      vertex 0.457822 6.98501 1.2
    endloop
  endfacet
  facet normal -0.0302364 -0.923444 0.382539
    outer loop
      vertex 0 7.10718 1.59999
      vertex 0 7.02725 1.40704
      vertex 0.464831 7.09196 1.59999
    endloop
  endfacet
  facet normal -0.0302191 -0.92346 0.382503
    outer loop
      vertex 0.464831 7.09196 1.59999
      vertex 0 7.02725 1.40704
      vertex 0.459604 7.01221 1.40704
    endloop
  endfacet
  facet normal -0.0259643 -0.793088 0.608554
    outer loop
      vertex 0 7.23431 1.76567
      vertex 0 7.10718 1.59999
      vertex 0.473146 7.21882 1.76567
    endloop
  endfacet
  facet normal -0.025968 -0.793082 0.608561
    outer loop
      vertex 0.473146 7.21882 1.76567
      vertex 0 7.10718 1.59999
      vertex 0.464831 7.09196 1.59999
    endloop
  endfacet
  facet normal -0.0199208 -0.608669 0.793174
    outer loop
      vertex 0 7.39999 1.89281
      vertex 0 7.23431 1.76567
      vertex 0.483982 7.38415 1.89281
    endloop
  endfacet
  facet normal -0.0199264 -0.608657 0.793183
    outer loop
      vertex 0.483982 7.38415 1.89281
      vertex 0 7.23431 1.76567
      vertex 0.473146 7.21882 1.76567
    endloop
  endfacet
  facet normal -0.0125287 -0.382643 0.923811
    outer loop
      vertex 0 7.59294 1.97273
      vertex 0 7.39999 1.89281
      vertex 0.496602 7.57668 1.97273
    endloop
  endfacet
  facet normal -0.0125237 -0.382655 0.923806
    outer loop
      vertex 0.496602 7.57668 1.97273
      vertex 0 7.39999 1.89281
      vertex 0.483982 7.38415 1.89281
    endloop
  endfacet
  facet normal -0.0042746 -0.130578 0.991429
    outer loop
      vertex 0 7.79999 2
      vertex 0 7.59294 1.97273
      vertex 0.510143 7.78329 2
    endloop
  endfacet
  facet normal -0.0042754 -0.130576 0.991429
    outer loop
      vertex 0.510143 7.78329 2
      vertex 0 7.59294 1.97273
      vertex 0.496602 7.57668 1.97273
    endloop
  endfacet
  facet normal -0.00427193 -0.130503 0.991439
    outer loop
      vertex 0 9.88821 2.0511
      vertex 0 9.5 2
      vertex 0.64672 9.86704 2.0511
    endloop
  endfacet
  facet normal -0.00427217 -0.130502 0.991439
    outer loop
      vertex 0.64672 9.86704 2.0511
      vertex 0 9.5 2
      vertex 0.621329 9.47966 2
    endloop
  endfacet
  facet normal -0.0125006 -0.382657 0.923806
    outer loop
      vertex 0 10.25 2.20096
      vertex 0 9.88821 2.0511
      vertex 0.670382 10.2281 2.20096
    endloop
  endfacet
  facet normal -0.0125247 -0.382617 0.923822
    outer loop
      vertex 0.670382 10.2281 2.20096
      vertex 0 9.88821 2.0511
      vertex 0.64672 9.86704 2.0511
    endloop
  endfacet
  facet normal -0.020001 -0.608578 0.793242
    outer loop
      vertex 0 10.5607 2.43933
      vertex 0 10.25 2.20096
      vertex 0.6907 10.538 2.43933
    endloop
  endfacet
  facet normal -0.0198865 -0.608747 0.793115
    outer loop
      vertex 0.6907 10.538 2.43933
      vertex 0 10.25 2.20096
      vertex 0.670382 10.2281 2.20096
    endloop
  endfacet
  facet normal -0.0259423 -0.793192 0.608419
    outer loop
      vertex 0 10.799 2.75
      vertex 0 10.5607 2.43933
      vertex 0.706289 10.7759 2.75
    endloop
  endfacet
  facet normal -0.0260638 -0.793051 0.608598
    outer loop
      vertex 0.706289 10.7759 2.75
      vertex 0 10.5607 2.43933
      vertex 0.6907 10.538 2.43933
    endloop
  endfacet
  facet normal -0.0303036 -0.92341 0.382617
    outer loop
      vertex 0 10.9489 3.11177
      vertex 0 10.799 2.75
      vertex 0.716091 10.9254 3.11177
    endloop
  endfacet
  facet normal -0.0302036 -0.923485 0.382445
    outer loop
      vertex 0.716091 10.9254 3.11177
      vertex 0 10.799 2.75
      vertex 0.706289 10.7759 2.75
    endloop
  endfacet
  facet normal -0.0325059 -0.990925 0.130428
    outer loop
      vertex 0 11 3.5
      vertex 0 10.9489 3.11177
      vertex 0.719434 10.9764 3.5
    endloop
  endfacet
  facet normal -0.0325191 -0.990921 0.130453
    outer loop
      vertex 0.719434 10.9764 3.5
      vertex 0 10.9489 3.11177
      vertex 0.716091 10.9254 3.11177
    endloop
  endfacet
  facet normal -0.0285972 -0.8725 0.487776
    outer loop
      vertex 0 11.0559 3.59999
      vertex 0 11 3.5
      vertex 0.723087 11.0322 3.59999
    endloop
  endfacet
  facet normal -0.0286187 -0.872426 0.487908
    outer loop
      vertex 0.723087 11.0322 3.59999
      vertex 0 11 3.5
      vertex 0.719434 10.9764 3.5
    endloop
  endfacet
  facet normal 0 -0.019996 0.9998
    outer loop
      vertex 0 11.0564 3.6
      vertex 0 11.0559 3.59999
      vertex 0.000654673 11.0564 3.6
    endloop
  endfacet
  facet normal -0.000654495 -0.0199515 0.999801
    outer loop
      vertex 0.000654673 11.0564 3.6
      vertex 0.723087 11.0322 3.59999
      vertex 0.723121 11.0327 3.6
    endloop
  endfacet
  facet normal -0.000628433 -0.0191735 0.999816
    outer loop
      vertex 0.723087 11.0322 3.59999
      vertex 0.000654673 11.0564 3.6
      vertex 0 11.0559 3.59999
    endloop
  endfacet
  facet normal -0.0219543 -0.710444 -0.703411
    outer loop
      vertex 0.00453042 7.98996 0
      vertex 0 7 1
      vertex 0 7.9901 0
    endloop
  endfacet
  facet normal -0.0232606 -0.71042 -0.703393
    outer loop
      vertex 0 7 1
      vertex 0.00453042 7.98996 0
      vertex 0.457822 6.98501 1
    endloop
  endfacet
  facet normal -0.0232579 -0.71042 -0.703394
    outer loop
      vertex 0.457822 6.98501 1
      vertex 0.00453042 7.98996 0
      vertex 0.522578 7.973 0
    endloop
  endfacet
  facet normal -0.0980206 -0.995184 0
    outer loop
      vertex 0.457822 6.98501 1
      vertex 0.913683 6.94011 1.2
      vertex 0.457822 6.98501 1.2
    endloop
  endfacet
  facet normal -0.0980206 -0.995184 -0
    outer loop
      vertex 0.913683 6.94011 1.2
      vertex 0.457822 6.98501 1
      vertex 0.913683 6.94011 1
    endloop
  endfacet
  facet normal -0.0971939 -0.986678 0.130462
    outer loop
      vertex 0.459604 7.01221 1.40704
      vertex 0.457822 6.98501 1.2
      vertex 0.91724 6.96713 1.40704
    endloop
  endfacet
  facet normal -0.0971832 -0.986682 0.130438
    outer loop
      vertex 0.91724 6.96713 1.40704
      vertex 0.457822 6.98501 1.2
      vertex 0.913683 6.94011 1.2
    endloop
  endfacet
  facet normal -0.0905715 -0.919504 0.382503
    outer loop
      vertex 0.464831 7.09196 1.59999
      vertex 0.459604 7.01221 1.40704
      vertex 0.927672 7.04637 1.59999
    endloop
  endfacet
  facet normal -0.0905764 -0.919499 0.382514
    outer loop
      vertex 0.927672 7.04637 1.59999
      vertex 0.459604 7.01221 1.40704
      vertex 0.91724 6.96713 1.40704
    endloop
  endfacet
  facet normal -0.077775 -0.789687 0.608561
    outer loop
      vertex 0.473146 7.21882 1.76567
      vertex 0.464831 7.09196 1.59999
      vertex 0.944267 7.17242 1.76567
    endloop
  endfacet
  facet normal -0.0777831 -0.789673 0.608577
    outer loop
      vertex 0.944267 7.17242 1.76567
      vertex 0.464831 7.09196 1.59999
      vertex 0.927672 7.04637 1.59999
    endloop
  endfacet
  facet normal -0.0596857 -0.606052 0.793183
    outer loop
      vertex 0.483982 7.38415 1.89281
      vertex 0.473146 7.21882 1.76567
      vertex 0.965893 7.33669 1.89281
    endloop
  endfacet
  facet normal -0.0596885 -0.606045 0.793188
    outer loop
      vertex 0.965893 7.33669 1.89281
      vertex 0.473146 7.21882 1.76567
      vertex 0.944267 7.17242 1.76567
    endloop
  endfacet
  facet normal -0.0375256 -0.381016 0.923807
    outer loop
      vertex 0.496602 7.57668 1.97273
      vertex 0.483982 7.38415 1.89281
      vertex 0.991077 7.52798 1.97273
    endloop
  endfacet
  facet normal -0.037524 -0.381021 0.923805
    outer loop
      vertex 0.991077 7.52798 1.97273
      vertex 0.483982 7.38415 1.89281
      vertex 0.965893 7.33669 1.89281
    endloop
  endfacet
  facet normal -0.0128057 -0.130017 0.991429
    outer loop
      vertex 0.510143 7.78329 2
      vertex 0.496602 7.57668 1.97273
      vertex 1.0181 7.73326 2
    endloop
  endfacet
  facet normal -0.0128053 -0.130019 0.991429
    outer loop
      vertex 1.0181 7.73326 2
      vertex 0.496602 7.57668 1.97273
      vertex 0.991077 7.52798 1.97273
    endloop
  endfacet
  facet normal -0.0127976 -0.129944 0.991439
    outer loop
      vertex 0.64672 9.86704 2.0511
      vertex 0.621329 9.47966 2
      vertex 1.29067 9.80362 2.0511
    endloop
  endfacet
  facet normal -0.0127976 -0.129944 0.991439
    outer loop
      vertex 1.29067 9.80362 2.0511
      vertex 0.621329 9.47966 2
      vertex 1.24 9.41873 2
    endloop
  endfacet
  facet normal -0.037555 -0.380976 0.923822
    outer loop
      vertex 0.670382 10.2281 2.20096
      vertex 0.64672 9.86704 2.0511
      vertex 1.33789 10.1623 2.20096
    endloop
  endfacet
  facet normal -0.0375263 -0.381032 0.9238
    outer loop
      vertex 1.33789 10.1623 2.20096
      vertex 0.64672 9.86704 2.0511
      vertex 1.29067 9.80362 2.0511
    endloop
  endfacet
  facet normal -0.0596675 -0.60614 0.793117
    outer loop
      vertex 0.6907 10.538 2.43933
      vertex 0.670382 10.2281 2.20096
      vertex 1.37844 10.4703 2.43933
    endloop
  endfacet
  facet normal -0.0597386 -0.606018 0.793204
    outer loop
      vertex 1.37844 10.4703 2.43933
      vertex 0.670382 10.2281 2.20096
      vertex 1.33789 10.1623 2.20096
    endloop
  endfacet
  facet normal -0.0778124 -0.789656 0.608595
    outer loop
      vertex 0.706289 10.7759 2.75
      vertex 0.6907 10.538 2.43933
      vertex 1.40956 10.7066 2.75
    endloop
  endfacet
  facet normal -0.0777417 -0.78975 0.608483
    outer loop
      vertex 1.40956 10.7066 2.75
      vertex 0.6907 10.538 2.43933
      vertex 1.37844 10.4703 2.43933
    endloop
  endfacet
  facet normal -0.0905309 -0.919532 0.382446
    outer loop
      vertex 0.716091 10.9254 3.11177
      vertex 0.706289 10.7759 2.75
      vertex 1.42912 10.8552 3.11177
    endloop
  endfacet
  facet normal -0.0906041 -0.91947 0.382578
    outer loop
      vertex 1.42912 10.8552 3.11177
      vertex 0.706289 10.7759 2.75
      vertex 1.40956 10.7066 2.75
    endloop
  endfacet
  facet normal -0.0971046 -0.986688 0.130453
    outer loop
      vertex 0.719434 10.9764 3.5
      vertex 0.716091 10.9254 3.11177
      vertex 1.43579 10.9059 3.5
    endloop
  endfacet
  facet normal -0.0971413 -0.986675 0.130521
    outer loop
      vertex 1.43579 10.9059 3.5
      vertex 0.716091 10.9254 3.11177
      vertex 1.42912 10.8552 3.11177
    endloop
  endfacet
  facet normal -0.0855431 -0.868695 0.487905
    outer loop
      vertex 0.723087 11.0322 3.59999
      vertex 0.719434 10.9764 3.5
      vertex 1.44308 10.9613 3.59999
    endloop
  endfacet
  facet normal -0.0855081 -0.868854 0.487628
    outer loop
      vertex 1.44308 10.9613 3.59999
      vertex 0.719434 10.9764 3.5
      vertex 1.43579 10.9059 3.5
    endloop
  endfacet
  facet normal -0.00303521 -0.0197896 0.9998
    outer loop
      vertex 0.723121 11.0327 3.6
      vertex 0.723087 11.0322 3.59999
      vertex 0.723773 11.0326 3.6
    endloop
  endfacet
  facet normal -0.00194124 -0.0197243 0.999804
    outer loop
      vertex 0.723773 11.0326 3.6
      vertex 1.44308 10.9613 3.59999
      vertex 1.44315 10.9618 3.6
    endloop
  endfacet
  facet normal -0.00210565 -0.021383 0.999769
    outer loop
      vertex 1.44308 10.9613 3.59999
      vertex 0.723773 11.0326 3.6
      vertex 0.723087 11.0322 3.59999
    endloop
  endfacet
  facet normal -0.070558 -0.707305 -0.703379
    outer loop
      vertex 0.527089 7.97255 0
      vertex 0.457822 6.98501 1
      vertex 0.522578 7.973 0
    endloop
  endfacet
  facet normal -0.0696733 -0.70738 -0.703392
    outer loop
      vertex 0.457822 6.98501 1
      vertex 0.527089 7.97255 0
      vertex 0.913683 6.94011 1
    endloop
  endfacet
  facet normal -0.0696639 -0.707378 -0.703394
    outer loop
      vertex 0.913683 6.94011 1
      vertex 0.527089 7.97255 0
      vertex 1.04292 7.92175 0
    endloop
  endfacet
  facet normal -0.162881 -0.986646 0
    outer loop
      vertex 0.913683 6.94011 1
      vertex 1.36563 6.8655 1.2
      vertex 0.913683 6.94011 1.2
    endloop
  endfacet
  facet normal -0.162881 -0.986646 -0
    outer loop
      vertex 1.36563 6.8655 1.2
      vertex 0.913683 6.94011 1
      vertex 1.36563 6.8655 1
    endloop
  endfacet
  facet normal -0.161487 -0.978217 0.130438
    outer loop
      vertex 0.91724 6.96713 1.40704
      vertex 0.913683 6.94011 1.2
      vertex 1.37095 6.89223 1.40704
    endloop
  endfacet
  facet normal -0.161489 -0.978216 0.130443
    outer loop
      vertex 1.37095 6.89223 1.40704
      vertex 0.913683 6.94011 1.2
      vertex 1.36563 6.8655 1.2
    endloop
  endfacet
  facet normal -0.150508 -0.911609 0.382514
    outer loop
      vertex 0.927672 7.04637 1.59999
      vertex 0.91724 6.96713 1.40704
      vertex 1.38654 6.97061 1.59999
    endloop
  endfacet
  facet normal -0.150494 -0.911625 0.382479
    outer loop
      vertex 1.38654 6.97061 1.59999
      vertex 0.91724 6.96713 1.40704
      vertex 1.37095 6.89223 1.40704
    endloop
  endfacet
  facet normal -0.12925 -0.782897 0.608577
    outer loop
      vertex 0.944267 7.17242 1.76567
      vertex 0.927672 7.04637 1.59999
      vertex 1.41134 7.09531 1.76567
    endloop
  endfacet
  facet normal -0.129256 -0.782886 0.608591
    outer loop
      vertex 1.41134 7.09531 1.76567
      vertex 0.927672 7.04637 1.59999
      vertex 1.38654 6.97061 1.59999
    endloop
  endfacet
  facet normal -0.0992104 -0.600842 0.793187
    outer loop
      vertex 0.965893 7.33669 1.89281
      vertex 0.944267 7.17242 1.76567
      vertex 1.44367 7.2578 1.89281
    endloop
  endfacet
  facet normal -0.0991993 -0.600873 0.793165
    outer loop
      vertex 1.44367 7.2578 1.89281
      vertex 0.944267 7.17242 1.76567
      vertex 1.41134 7.09531 1.76567
    endloop
  endfacet
  facet normal -0.0623685 -0.37775 0.923805
    outer loop
      vertex 0.991077 7.52798 1.97273
      vertex 0.965893 7.33669 1.89281
      vertex 1.48131 7.44704 1.97273
    endloop
  endfacet
  facet normal -0.0623717 -0.377738 0.923809
    outer loop
      vertex 1.48131 7.44704 1.97273
      vertex 0.965893 7.33669 1.89281
      vertex 1.44367 7.2578 1.89281
    endloop
  endfacet
  facet normal -0.0212833 -0.128903 0.991429
    outer loop
      vertex 1.0181 7.73326 2
      vertex 0.991077 7.52798 1.97273
      vertex 1.5217 7.65011 2
    endloop
  endfacet
  facet normal -0.0212828 -0.128905 0.991429
    outer loop
      vertex 1.5217 7.65011 2
      vertex 0.991077 7.52798 1.97273
      vertex 1.48131 7.44704 1.97273
    endloop
  endfacet
  facet normal -0.0212709 -0.128828 0.991439
    outer loop
      vertex 1.29067 9.80362 2.0511
      vertex 1.24 9.41873 2
      vertex 1.92909 9.69821 2.0511
    endloop
  endfacet
  facet normal -0.0212706 -0.128829 0.991439
    outer loop
      vertex 1.92909 9.69821 2.0511
      vertex 1.24 9.41873 2
      vertex 1.85336 9.31746 2
    endloop
  endfacet
  facet normal -0.06239 -0.377759 0.9238
    outer loop
      vertex 1.33789 10.1623 2.20096
      vertex 1.29067 9.80362 2.0511
      vertex 1.99968 10.053 2.20096
    endloop
  endfacet
  facet normal -0.062377 -0.377789 0.923788
    outer loop
      vertex 1.99968 10.053 2.20096
      vertex 1.29067 9.80362 2.0511
      vertex 1.92909 9.69821 2.0511
    endloop
  endfacet
  facet normal -0.0992202 -0.60082 0.793203
    outer loop
      vertex 1.37844 10.4703 2.43933
      vertex 1.33789 10.1623 2.20096
      vertex 2.06028 10.3577 2.43933
    endloop
  endfacet
  facet normal -0.0992277 -0.600804 0.793214
    outer loop
      vertex 2.06028 10.3577 2.43933
      vertex 1.33789 10.1623 2.20096
      vertex 1.99968 10.053 2.20096
    endloop
  endfacet
  facet normal -0.129256 -0.782968 0.608484
    outer loop
      vertex 1.40956 10.7066 2.75
      vertex 1.37844 10.4703 2.43933
      vertex 2.10678 10.5915 2.75
    endloop
  endfacet
  facet normal -0.129291 -0.782914 0.608547
    outer loop
      vertex 2.10678 10.5915 2.75
      vertex 1.37844 10.4703 2.43933
      vertex 2.06028 10.3577 2.43933
    endloop
  endfacet
  facet normal -0.150491 -0.911585 0.382578
    outer loop
      vertex 1.42912 10.8552 3.11177
      vertex 1.40956 10.7066 2.75
      vertex 2.13602 10.7385 3.11177
    endloop
  endfacet
  facet normal -0.150489 -0.911587 0.382573
    outer loop
      vertex 2.13602 10.7385 3.11177
      vertex 1.40956 10.7066 2.75
      vertex 2.10678 10.5915 2.75
    endloop
  endfacet
  facet normal -0.161563 -0.978193 0.130521
    outer loop
      vertex 1.43579 10.9059 3.5
      vertex 1.42912 10.8552 3.11177
      vertex 2.14599 10.7886 3.5
    endloop
  endfacet
  facet normal -0.161492 -0.978223 0.130384
    outer loop
      vertex 2.14599 10.7886 3.5
      vertex 1.42912 10.8552 3.11177
      vertex 2.13602 10.7385 3.11177
    endloop
  endfacet
  facet normal -0.142274 -0.861382 0.487626
    outer loop
      vertex 1.44308 10.9613 3.59999
      vertex 1.43579 10.9059 3.5
      vertex 2.15689 10.8434 3.59999
    endloop
  endfacet
  facet normal -0.142272 -0.861396 0.487602
    outer loop
      vertex 2.15689 10.8434 3.59999
      vertex 1.43579 10.9059 3.5
      vertex 2.14599 10.7886 3.5
    endloop
  endfacet
  facet normal -0.0030575 -0.019568 0.999804
    outer loop
      vertex 1.44315 10.9618 3.6
      vertex 1.44308 10.9613 3.59999
      vertex 1.44379 10.9617 3.6
    endloop
  endfacet
  facet normal -0.00319717 -0.0193567 0.999808
    outer loop
      vertex 1.44379 10.9617 3.6
      vertex 2.15689 10.8434 3.59999
      vertex 2.15699 10.8439 3.6
    endloop
  endfacet
  facet normal -0.00319249 -0.0193285 0.999808
    outer loop
      vertex 2.15689 10.8434 3.59999
      vertex 1.44379 10.9617 3.6
      vertex 1.44308 10.9613 3.59999
    endloop
  endfacet
  facet normal -0.115776 -0.701308 -0.703393
    outer loop
      vertex 0.913683 6.94011 1
      vertex 1.04739 7.92101 0
      vertex 1.36563 6.8655 1
    endloop
  endfacet
  facet normal -0.116092 -0.701261 -0.703389
    outer loop
      vertex 1.04739 7.92101 0
      vertex 0.913683 6.94011 1
      vertex 1.04292 7.92175 0
    endloop
  endfacet
  facet normal -0.115783 -0.701309 -0.703392
    outer loop
      vertex 1.36563 6.8655 1
      vertex 1.04739 7.92101 0
      vertex 1.55879 7.83658 0
    endloop
  endfacet
  facet normal -0.227085 -0.973875 0
    outer loop
      vertex 1.36563 6.8655 1
      vertex 1.81173 6.76148 1.2
      vertex 1.36563 6.8655 1.2
    endloop
  endfacet
  facet normal -0.227085 -0.973875 -0
    outer loop
      vertex 1.81173 6.76148 1.2
      vertex 1.36563 6.8655 1
      vertex 1.81173 6.76148 1
    endloop
  endfacet
  facet normal -0.225153 -0.965552 0.130443
    outer loop
      vertex 1.37095 6.89223 1.40704
      vertex 1.36563 6.8655 1.2
      vertex 1.81879 6.7878 1.40704
    endloop
  endfacet
  facet normal -0.225145 -0.965556 0.130424
    outer loop
      vertex 1.81879 6.7878 1.40704
      vertex 1.36563 6.8655 1.2
      vertex 1.81173 6.76148 1.2
    endloop
  endfacet
  facet normal -0.209794 -0.899831 0.38248
    outer loop
      vertex 1.38654 6.97061 1.59999
      vertex 1.37095 6.89223 1.40704
      vertex 1.83947 6.86501 1.59999
    endloop
  endfacet
  facet normal -0.20982 -0.899796 0.382547
    outer loop
      vertex 1.83947 6.86501 1.59999
      vertex 1.37095 6.89223 1.40704
      vertex 1.81879 6.7878 1.40704
    endloop
  endfacet
  facet normal -0.180182 -0.772756 0.60859
    outer loop
      vertex 1.41134 7.09531 1.76567
      vertex 1.38654 6.97061 1.59999
      vertex 1.87238 6.98781 1.76567
    endloop
  endfacet
  facet normal -0.180172 -0.77278 0.608564
    outer loop
      vertex 1.87238 6.98781 1.76567
      vertex 1.38654 6.97061 1.59999
      vertex 1.83947 6.86501 1.59999
    endloop
  endfacet
  facet normal -0.138291 -0.593096 0.793166
    outer loop
      vertex 1.44367 7.2578 1.89281
      vertex 1.41134 7.09531 1.76567
      vertex 1.91526 7.14784 1.89281
    endloop
  endfacet
  facet normal -0.138291 -0.593096 0.793166
    outer loop
      vertex 1.91526 7.14784 1.89281
      vertex 1.41134 7.09531 1.76567
      vertex 1.87238 6.98781 1.76567
    endloop
  endfacet
  facet normal -0.0869315 -0.372853 0.923809
    outer loop
      vertex 1.48131 7.44704 1.97273
      vertex 1.44367 7.2578 1.89281
      vertex 1.9652 7.33422 1.97273
    endloop
  endfacet
  facet normal -0.0869344 -0.372839 0.923815
    outer loop
      vertex 1.9652 7.33422 1.97273
      vertex 1.44367 7.2578 1.89281
      vertex 1.91526 7.14784 1.89281
    endloop
  endfacet
  facet normal -0.0296668 -0.127237 0.991429
    outer loop
      vertex 1.5217 7.65011 2
      vertex 1.48131 7.44704 1.97273
      vertex 2.01878 7.53421 2
    endloop
  endfacet
  facet normal -0.0296663 -0.12724 0.991428
    outer loop
      vertex 2.01878 7.53421 2
      vertex 1.48131 7.44704 1.97273
      vertex 1.9652 7.33422 1.97273
    endloop
  endfacet
  facet normal -0.0296492 -0.127163 0.991439
    outer loop
      vertex 1.92909 9.69821 2.0511
      vertex 1.85336 9.31746 2
      vertex 2.55926 9.55128 2.0511
    endloop
  endfacet
  facet normal -0.0296492 -0.127162 0.991439
    outer loop
      vertex 2.55926 9.55128 2.0511
      vertex 1.85336 9.31746 2
      vertex 2.45878 9.1763 2
    endloop
  endfacet
  facet normal -0.0869224 -0.372906 0.923789
    outer loop
      vertex 1.99968 10.053 2.20096
      vertex 1.92909 9.69821 2.0511
      vertex 2.65289 9.90074 2.20096
    endloop
  endfacet
  facet normal -0.0869369 -0.372865 0.923804
    outer loop
      vertex 2.65289 9.90074 2.20096
      vertex 1.92909 9.69821 2.0511
      vertex 2.55926 9.55128 2.0511
    endloop
  endfacet
  facet normal -0.138255 -0.593042 0.793213
    outer loop
      vertex 2.06028 10.3577 2.43933
      vertex 1.99968 10.053 2.20096
      vertex 2.7333 10.2008 2.43933
    endloop
  endfacet
  facet normal -0.138242 -0.593072 0.793193
    outer loop
      vertex 2.7333 10.2008 2.43933
      vertex 1.99968 10.053 2.20096
      vertex 2.65289 9.90074 2.20096
    endloop
  endfacet
  facet normal -0.180117 -0.772806 0.608547
    outer loop
      vertex 2.10678 10.5915 2.75
      vertex 2.06028 10.3577 2.43933
      vertex 2.79499 10.4311 2.75
    endloop
  endfacet
  facet normal -0.180149 -0.772748 0.608611
    outer loop
      vertex 2.79499 10.4311 2.75
      vertex 2.06028 10.3577 2.43933
      vertex 2.7333 10.2008 2.43933
    endloop
  endfacet
  facet normal -0.209808 -0.899788 0.382573
    outer loop
      vertex 2.13602 10.7385 3.11177
      vertex 2.10678 10.5915 2.75
      vertex 2.83378 10.5758 3.11177
    endloop
  endfacet
  facet normal -0.209732 -0.899872 0.382417
    outer loop
      vertex 2.83378 10.5758 3.11177
      vertex 2.10678 10.5915 2.75
      vertex 2.79499 10.4311 2.75
    endloop
  endfacet
  facet normal -0.225066 -0.96558 0.130385
    outer loop
      vertex 2.14599 10.7886 3.5
      vertex 2.13602 10.7385 3.11177
      vertex 2.84701 10.6252 3.5
    endloop
  endfacet
  facet normal -0.22514 -0.965543 0.130532
    outer loop
      vertex 2.84701 10.6252 3.5
      vertex 2.13602 10.7385 3.11177
      vertex 2.83378 10.5758 3.11177
    endloop
  endfacet
  facet normal -0.19827 -0.850256 0.4876
    outer loop
      vertex 2.15689 10.8434 3.59999
      vertex 2.14599 10.7886 3.5
      vertex 2.86147 10.6791 3.59999
    endloop
  endfacet
  facet normal -0.198247 -0.850521 0.487146
    outer loop
      vertex 2.86147 10.6791 3.59999
      vertex 2.14599 10.7886 3.5
      vertex 2.84701 10.6252 3.5
    endloop
  endfacet
  facet normal -0.00302972 -0.0193902 0.999807
    outer loop
      vertex 2.15699 10.8439 3.6
      vertex 2.15689 10.8434 3.59999
      vertex 2.15763 10.8438 3.6
    endloop
  endfacet
  facet normal -0.00439742 -0.0188529 0.999813
    outer loop
      vertex 2.15763 10.8438 3.6
      vertex 2.86147 10.6791 3.59999
      vertex 2.8616 10.6796 3.6
    endloop
  endfacet
  facet normal -0.00407208 -0.0174626 0.999839
    outer loop
      vertex 2.86147 10.6791 3.59999
      vertex 2.15763 10.8438 3.6
      vertex 2.15689 10.8434 3.59999
    endloop
  endfacet
  facet normal -0.161412 -0.692232 -0.703392
    outer loop
      vertex 1.36563 6.8655 1
      vertex 1.56321 7.83555 0
      vertex 1.81173 6.76148 1
    endloop
  endfacet
  facet normal -0.161317 -0.692253 -0.703393
    outer loop
      vertex 1.56321 7.83555 0
      vertex 1.36563 6.8655 1
      vertex 1.55879 7.83658 0
    endloop
  endfacet
  facet normal -0.161408 -0.692232 -0.703393
    outer loop
      vertex 1.81173 6.76148 1
      vertex 1.56321 7.83555 0
      vertex 2.06799 7.71785 0
    endloop
  endfacet
  facet normal -0.290281 -0.956942 0
    outer loop
      vertex 1.81173 6.76148 1
      vertex 2.25008 6.62851 1.2
      vertex 1.81173 6.76148 1.2
    endloop
  endfacet
  facet normal -0.290281 -0.956942 -0
    outer loop
      vertex 2.25008 6.62851 1.2
      vertex 1.81173 6.76148 1
      vertex 2.25008 6.62851 1
    endloop
  endfacet
  facet normal -0.28779 -0.948771 0.130426
    outer loop
      vertex 1.81879 6.7878 1.40704
      vertex 1.81173 6.76148 1.2
      vertex 2.25884 6.65432 1.40704
    endloop
  endfacet
  facet normal -0.2878 -0.948764 0.130452
    outer loop
      vertex 2.25884 6.65432 1.40704
      vertex 1.81173 6.76148 1.2
      vertex 2.25008 6.62851 1.2
    endloop
  endfacet
  facet normal -0.268209 -0.884151 0.382544
    outer loop
      vertex 1.83947 6.86501 1.59999
      vertex 1.81879 6.7878 1.40704
      vertex 2.28453 6.73 1.59999
    endloop
  endfacet
  facet normal -0.268195 -0.884173 0.382504
    outer loop
      vertex 2.28453 6.73 1.59999
      vertex 1.81879 6.7878 1.40704
      vertex 2.25884 6.65432 1.40704
    endloop
  endfacet
  facet normal -0.230344 -0.759336 0.608565
    outer loop
      vertex 1.87238 6.98781 1.76567
      vertex 1.83947 6.86501 1.59999
      vertex 2.32539 6.85039 1.76567
    endloop
  endfacet
  facet normal -0.230345 -0.759331 0.60857
    outer loop
      vertex 2.32539 6.85039 1.76567
      vertex 1.83947 6.86501 1.59999
      vertex 2.28453 6.73 1.59999
    endloop
  endfacet
  facet normal -0.176776 -0.582784 0.793166
    outer loop
      vertex 1.91526 7.14784 1.89281
      vertex 1.87238 6.98781 1.76567
      vertex 2.37865 7.00728 1.89281
    endloop
  endfacet
  facet normal -0.17678 -0.582763 0.793181
    outer loop
      vertex 2.37865 7.00728 1.89281
      vertex 1.87238 6.98781 1.76567
      vertex 2.32539 6.85039 1.76567
    endloop
  endfacet
  facet normal -0.111138 -0.366354 0.923814
    outer loop
      vertex 1.9652 7.33422 1.97273
      vertex 1.91526 7.14784 1.89281
      vertex 2.44067 7.18998 1.97273
    endloop
  endfacet
  facet normal -0.111134 -0.366381 0.923804
    outer loop
      vertex 2.44067 7.18998 1.97273
      vertex 1.91526 7.14784 1.89281
      vertex 2.37865 7.00728 1.89281
    endloop
  endfacet
  facet normal -0.0379273 -0.125027 0.991428
    outer loop
      vertex 2.01878 7.53421 2
      vertex 1.9652 7.33422 1.97273
      vertex 2.50722 7.38604 2
    endloop
  endfacet
  facet normal -0.0379276 -0.125024 0.991429
    outer loop
      vertex 2.50722 7.38604 2
      vertex 1.9652 7.33422 1.97273
      vertex 2.44067 7.18998 1.97273
    endloop
  endfacet
  facet normal -0.0379029 -0.124951 0.991439
    outer loop
      vertex 2.55926 9.55128 2.0511
      vertex 2.45878 9.1763 2
      vertex 3.17846 9.36345 2.0511
    endloop
  endfacet
  facet normal -0.0379034 -0.124949 0.991439
    outer loop
      vertex 3.17846 9.36345 2.0511
      vertex 2.45878 9.1763 2
      vertex 3.05367 8.99584 2
    endloop
  endfacet
  facet normal -0.111142 -0.36638 0.923804
    outer loop
      vertex 2.65289 9.90074 2.20096
      vertex 2.55926 9.55128 2.0511
      vertex 3.29475 9.70603 2.20096
    endloop
  endfacet
  facet normal -0.111141 -0.366386 0.923802
    outer loop
      vertex 3.29475 9.70603 2.20096
      vertex 2.55926 9.55128 2.0511
      vertex 3.17846 9.36345 2.0511
    endloop
  endfacet
  facet normal -0.176769 -0.582749 0.793194
    outer loop
      vertex 2.7333 10.2008 2.43933
      vertex 2.65289 9.90074 2.20096
      vertex 3.39461 10.0002 2.43933
    endloop
  endfacet
  facet normal -0.176774 -0.582735 0.793203
    outer loop
      vertex 3.39461 10.0002 2.43933
      vertex 2.65289 9.90074 2.20096
      vertex 3.29475 9.70603 2.20096
    endloop
  endfacet
  facet normal -0.230399 -0.759284 0.608608
    outer loop
      vertex 2.79499 10.4311 2.75
      vertex 2.7333 10.2008 2.43933
      vertex 3.47123 10.2259 2.75
    endloop
  endfacet
  facet normal -0.23035 -0.759386 0.6085
    outer loop
      vertex 3.47123 10.2259 2.75
      vertex 2.7333 10.2008 2.43933
      vertex 3.39461 10.0002 2.43933
    endloop
  endfacet
  facet normal -0.268243 -0.884195 0.38242
    outer loop
      vertex 2.83378 10.5758 3.11177
      vertex 2.79499 10.4311 2.75
      vertex 3.5194 10.3678 3.11177
    endloop
  endfacet
  facet normal -0.268286 -0.88414 0.382516
    outer loop
      vertex 3.5194 10.3678 3.11177
      vertex 2.79499 10.4311 2.75
      vertex 3.47123 10.2259 2.75
    endloop
  endfacet
  facet normal -0.287863 -0.948734 0.130531
    outer loop
      vertex 2.84701 10.6252 3.5
      vertex 2.83378 10.5758 3.11177
      vertex 3.53583 10.4162 3.5
    endloop
  endfacet
  facet normal -0.287828 -0.948754 0.130461
    outer loop
      vertex 3.53583 10.4162 3.5
      vertex 2.83378 10.5758 3.11177
      vertex 3.5194 10.3678 3.11177
    endloop
  endfacet
  facet normal -0.253496 -0.835715 0.487155
    outer loop
      vertex 2.86147 10.6791 3.59999
      vertex 2.84701 10.6252 3.5
      vertex 3.55379 10.4691 3.59999
    endloop
  endfacet
  facet normal -0.2535 -0.835484 0.487549
    outer loop
      vertex 3.55379 10.4691 3.59999
      vertex 2.84701 10.6252 3.5
      vertex 3.53583 10.4162 3.5
    endloop
  endfacet
  facet normal -0.0030482 -0.0192037 0.999811
    outer loop
      vertex 2.8616 10.6796 3.6
      vertex 2.86147 10.6791 3.59999
      vertex 2.86223 10.6795 3.6
    endloop
  endfacet
  facet normal -0.00550029 -0.0181263 0.999821
    outer loop
      vertex 2.86223 10.6795 3.6
      vertex 3.55379 10.4691 3.59999
      vertex 3.55396 10.4696 3.6
    endloop
  endfacet
  facet normal -0.00481003 -0.0158575 0.999863
    outer loop
      vertex 3.55379 10.4691 3.59999
      vertex 2.86223 10.6795 3.6
      vertex 2.86147 10.6791 3.59999
    endloop
  endfacet
  facet normal -0.206332 -0.680196 -0.703392
    outer loop
      vertex 1.81173 6.76148 1
      vertex 2.07233 7.71653 0
      vertex 2.25008 6.62851 1
    endloop
  endfacet
  facet normal -0.206836 -0.680051 -0.703384
    outer loop
      vertex 2.07233 7.71653 0
      vertex 1.81173 6.76148 1
      vertex 2.06799 7.71785 0
    endloop
  endfacet
  facet normal -0.206335 -0.680196 -0.703391
    outer loop
      vertex 2.25008 6.62851 1
      vertex 2.07233 7.71653 0
      vertex 2.56833 7.56607 0
    endloop
  endfacet
  facet normal -0.352248 -0.935907 0
    outer loop
      vertex 2.25008 6.62851 1
      vertex 2.67878 6.46716 1.2
      vertex 2.25008 6.62851 1.2
    endloop
  endfacet
  facet normal -0.352248 -0.935907 -0
    outer loop
      vertex 2.67878 6.46716 1.2
      vertex 2.25008 6.62851 1
      vertex 2.67878 6.46716 1
    endloop
  endfacet
  facet normal -0.349259 -0.927901 0.130451
    outer loop
      vertex 2.25884 6.65432 1.40704
      vertex 2.25008 6.62851 1.2
      vertex 2.68921 6.49233 1.40704
    endloop
  endfacet
  facet normal -0.34924 -0.927915 0.130401
    outer loop
      vertex 2.68921 6.49233 1.40704
      vertex 2.25008 6.62851 1.2
      vertex 2.67878 6.46716 1.2
    endloop
  endfacet
  facet normal -0.325456 -0.864736 0.382504
    outer loop
      vertex 2.28453 6.73 1.59999
      vertex 2.25884 6.65432 1.40704
      vertex 2.7198 6.56618 1.59999
    endloop
  endfacet
  facet normal -0.325473 -0.864706 0.382559
    outer loop
      vertex 2.7198 6.56618 1.59999
      vertex 2.25884 6.65432 1.40704
      vertex 2.68921 6.49233 1.40704
    endloop
  endfacet
  facet normal -0.279517 -0.742641 0.608568
    outer loop
      vertex 2.32539 6.85039 1.76567
      vertex 2.28453 6.73 1.59999
      vertex 2.76845 6.68363 1.76567
    endloop
  endfacet
  facet normal -0.279511 -0.742661 0.608545
    outer loop
      vertex 2.76845 6.68363 1.76567
      vertex 2.28453 6.73 1.59999
      vertex 2.7198 6.56618 1.59999
    endloop
  endfacet
  facet normal -0.214524 -0.56995 0.793181
    outer loop
      vertex 2.37865 7.00728 1.89281
      vertex 2.32539 6.85039 1.76567
      vertex 2.83185 6.8367 1.89281
    endloop
  endfacet
  facet normal -0.214522 -0.569959 0.793175
    outer loop
      vertex 2.83185 6.8367 1.89281
      vertex 2.32539 6.85039 1.76567
      vertex 2.76845 6.68363 1.76567
    endloop
  endfacet
  facet normal -0.134864 -0.358326 0.923804
    outer loop
      vertex 2.44067 7.18998 1.97273
      vertex 2.37865 7.00728 1.89281
      vertex 2.90569 7.01496 1.97273
    endloop
  endfacet
  facet normal -0.134865 -0.358311 0.92381
    outer loop
      vertex 2.90569 7.01496 1.97273
      vertex 2.37865 7.00728 1.89281
      vertex 2.83185 6.8367 1.89281
    endloop
  endfacet
  facet normal -0.0460199 -0.122277 0.991429
    outer loop
      vertex 2.50722 7.38604 2
      vertex 2.44067 7.18998 1.97273
      vertex 2.98493 7.20625 2
    endloop
  endfacet
  facet normal -0.0460201 -0.122273 0.991429
    outer loop
      vertex 2.98493 7.20625 2
      vertex 2.44067 7.18998 1.97273
      vertex 2.90569 7.01496 1.97273
    endloop
  endfacet
  facet normal -0.0459936 -0.122203 0.991439
    outer loop
      vertex 3.17846 9.36345 2.0511
      vertex 3.05367 8.99584 2
      vertex 3.78406 9.13552 2.0511
    endloop
  endfacet
  facet normal -0.0459936 -0.122203 0.991439
    outer loop
      vertex 3.78406 9.13552 2.0511
      vertex 3.05367 8.99584 2
      vertex 3.63549 8.77686 2
    endloop
  endfacet
  facet normal -0.134867 -0.358331 0.923802
    outer loop
      vertex 3.29475 9.70603 2.20096
      vertex 3.17846 9.36345 2.0511
      vertex 3.9225 9.46976 2.20096
    endloop
  endfacet
  facet normal -0.134867 -0.358335 0.9238
    outer loop
      vertex 3.9225 9.46976 2.20096
      vertex 3.17846 9.36345 2.0511
      vertex 3.78406 9.13552 2.0511
    endloop
  endfacet
  facet normal -0.214505 -0.569927 0.793203
    outer loop
      vertex 3.39461 10.0002 2.43933
      vertex 3.29475 9.70603 2.20096
      vertex 4.04139 9.75677 2.43933
    endloop
  endfacet
  facet normal -0.214506 -0.569924 0.793205
    outer loop
      vertex 4.04139 9.75677 2.43933
      vertex 3.29475 9.70603 2.20096
      vertex 3.9225 9.46976 2.20096
    endloop
  endfacet
  facet normal -0.279504 -0.7427 0.608501
    outer loop
      vertex 3.47123 10.2259 2.75
      vertex 3.39461 10.0002 2.43933
      vertex 4.13261 9.977 2.75
    endloop
  endfacet
  facet normal -0.279518 -0.742664 0.608538
    outer loop
      vertex 4.13261 9.977 2.75
      vertex 3.39461 10.0002 2.43933
      vertex 4.04139 9.75677 2.43933
    endloop
  endfacet
  facet normal -0.325483 -0.864721 0.382515
    outer loop
      vertex 3.5194 10.3678 3.11177
      vertex 3.47123 10.2259 2.75
      vertex 4.18996 10.1154 3.11177
    endloop
  endfacet
  facet normal -0.325445 -0.864776 0.382423
    outer loop
      vertex 4.18996 10.1154 3.11177
      vertex 3.47123 10.2259 2.75
      vertex 4.13261 9.977 2.75
    endloop
  endfacet
  facet normal -0.349168 -0.927934 0.130461
    outer loop
      vertex 3.53583 10.4162 3.5
      vertex 3.5194 10.3678 3.11177
      vertex 4.20952 10.1627 3.5
    endloop
  endfacet
  facet normal -0.349254 -0.927876 0.130644
    outer loop
      vertex 4.20952 10.1627 3.5
      vertex 3.5194 10.3678 3.11177
      vertex 4.18996 10.1154 3.11177
    endloop
  endfacet
  facet normal -0.307499 -0.817153 0.48755
    outer loop
      vertex 3.55379 10.4691 3.59999
      vertex 3.53583 10.4162 3.5
      vertex 4.2309 10.2143 3.59999
    endloop
  endfacet
  facet normal -0.307501 -0.817201 0.487468
    outer loop
      vertex 4.2309 10.2143 3.59999
      vertex 3.53583 10.4162 3.5
      vertex 4.20952 10.1627 3.5
    endloop
  endfacet
  facet normal -0.00589865 -0.0179909 0.999821
    outer loop
      vertex 3.55396 10.4696 3.6
      vertex 3.55379 10.4691 3.59999
      vertex 3.55457 10.4694 3.6
    endloop
  endfacet
  facet normal -0.00658389 -0.0174946 0.999825
    outer loop
      vertex 3.55457 10.4694 3.6
      vertex 4.2309 10.2143 3.59999
      vertex 4.23109 10.2148 3.6
    endloop
  endfacet
  facet normal -0.00633922 -0.016846 0.999838
    outer loop
      vertex 4.2309 10.2143 3.59999
      vertex 3.55457 10.4694 3.6
      vertex 3.55379 10.4691 3.59999
    endloop
  endfacet
  facet normal -0.250379 -0.665246 -0.703391
    outer loop
      vertex 2.25008 6.62851 1
      vertex 2.57258 7.56447 0
      vertex 2.67878 6.46716 1
    endloop
  endfacet
  facet normal -0.250438 -0.665225 -0.70339
    outer loop
      vertex 2.57258 7.56447 0
      vertex 2.25008 6.62851 1
      vertex 2.56833 7.56607 0
    endloop
  endfacet
  facet normal -0.250382 -0.665245 -0.70339
    outer loop
      vertex 2.67878 6.46716 1
      vertex 2.57258 7.56447 0
      vertex 3.05768 7.38189 0
    endloop
  endfacet
  facet normal -0.412709 -0.910863 0
    outer loop
      vertex 2.67878 6.46716 1
      vertex 3.09602 6.27811 1.2
      vertex 2.67878 6.46716 1.2
    endloop
  endfacet
  facet normal -0.412709 -0.910863 -0
    outer loop
      vertex 3.09602 6.27811 1.2
      vertex 2.67878 6.46716 1
      vertex 3.09602 6.27811 1
    endloop
  endfacet
  facet normal -0.409178 -0.903089 0.130402
    outer loop
      vertex 2.68921 6.49233 1.40704
      vertex 2.67878 6.46716 1.2
      vertex 3.10807 6.30255 1.40704
    endloop
  endfacet
  facet normal -0.409184 -0.903083 0.130419
    outer loop
      vertex 3.10807 6.30255 1.40704
      vertex 2.67878 6.46716 1.2
      vertex 3.09602 6.27811 1.2
    endloop
  endfacet
  facet normal -0.38133 -0.841568 0.382559
    outer loop
      vertex 2.7198 6.56618 1.59999
      vertex 2.68921 6.49233 1.40704
      vertex 3.14342 6.37423 1.59999
    endloop
  endfacet
  facet normal -0.381316 -0.841596 0.382509
    outer loop
      vertex 3.14342 6.37423 1.59999
      vertex 2.68921 6.49233 1.40704
      vertex 3.10807 6.30255 1.40704
    endloop
  endfacet
  facet normal -0.327485 -0.72279 0.608546
    outer loop
      vertex 2.76845 6.68363 1.76567
      vertex 2.7198 6.56618 1.59999
      vertex 3.19965 6.48826 1.76567
    endloop
  endfacet
  facet normal -0.327493 -0.722753 0.608586
    outer loop
      vertex 3.19965 6.48826 1.76567
      vertex 2.7198 6.56618 1.59999
      vertex 3.14342 6.37423 1.59999
    endloop
  endfacet
  facet normal -0.251335 -0.554711 0.793175
    outer loop
      vertex 2.83185 6.8367 1.89281
      vertex 2.76845 6.68363 1.76567
      vertex 3.27293 6.63685 1.89281
    endloop
  endfacet
  facet normal -0.251335 -0.554719 0.793169
    outer loop
      vertex 3.27293 6.63685 1.89281
      vertex 2.76845 6.68363 1.76567
      vertex 3.19965 6.48826 1.76567
    endloop
  endfacet
  facet normal -0.158005 -0.348726 0.92381
    outer loop
      vertex 2.90569 7.01496 1.97273
      vertex 2.83185 6.8367 1.89281
      vertex 3.35827 6.8099 1.97273
    endloop
  endfacet
  facet normal -0.158005 -0.348725 0.92381
    outer loop
      vertex 3.35827 6.8099 1.97273
      vertex 2.83185 6.8367 1.89281
      vertex 3.27293 6.63685 1.89281
    endloop
  endfacet
  facet normal -0.0539182 -0.119001 0.991429
    outer loop
      vertex 2.98493 7.20625 2
      vertex 2.90569 7.01496 1.97273
      vertex 3.44985 6.9956 2
    endloop
  endfacet
  facet normal -0.0539182 -0.119001 0.991429
    outer loop
      vertex 3.44985 6.9956 2
      vertex 2.90569 7.01496 1.97273
      vertex 3.35827 6.8099 1.97273
    endloop
  endfacet
  facet normal -0.0538887 -0.118932 0.991439
    outer loop
      vertex 3.78406 9.13552 2.0511
      vertex 3.63549 8.77686 2
      vertex 4.37344 8.86847 2.0511
    endloop
  endfacet
  facet normal -0.0538887 -0.118932 0.991439
    outer loop
      vertex 4.37344 8.86847 2.0511
      vertex 3.63549 8.77686 2
      vertex 4.20174 8.52029 2
    endloop
  endfacet
  facet normal -0.158009 -0.348749 0.9238
    outer loop
      vertex 3.9225 9.46976 2.20096
      vertex 3.78406 9.13552 2.0511
      vertex 4.53346 9.19295 2.20096
    endloop
  endfacet
  facet normal -0.158012 -0.348732 0.923806
    outer loop
      vertex 4.53346 9.19295 2.20096
      vertex 3.78406 9.13552 2.0511
      vertex 4.37344 8.86847 2.0511
    endloop
  endfacet
  facet normal -0.25132 -0.554674 0.793206
    outer loop
      vertex 4.04139 9.75677 2.43933
      vertex 3.9225 9.46976 2.20096
      vertex 4.67086 9.47156 2.43933
    endloop
  endfacet
  facet normal -0.251316 -0.554692 0.793194
    outer loop
      vertex 4.67086 9.47156 2.43933
      vertex 3.9225 9.46976 2.20096
      vertex 4.53346 9.19295 2.20096
    endloop
  endfacet
  facet normal -0.327495 -0.722792 0.608538
    outer loop
      vertex 4.13261 9.977 2.75
      vertex 4.04139 9.75677 2.43933
      vertex 4.77629 9.68535 2.75
    endloop
  endfacet
  facet normal -0.327495 -0.722794 0.608536
    outer loop
      vertex 4.77629 9.68535 2.75
      vertex 4.04139 9.75677 2.43933
      vertex 4.67086 9.47156 2.43933
    endloop
  endfacet
  facet normal -0.381289 -0.841646 0.382427
    outer loop
      vertex 4.18996 10.1154 3.11177
      vertex 4.13261 9.977 2.75
      vertex 4.84257 9.81975 3.11177
    endloop
  endfacet
  facet normal -0.381322 -0.84159 0.382518
    outer loop
      vertex 4.84257 9.81975 3.11177
      vertex 4.13261 9.977 2.75
      vertex 4.77629 9.68535 2.75
    endloop
  endfacet
  facet normal -0.409198 -0.903045 0.130639
    outer loop
      vertex 4.20952 10.1627 3.5
      vertex 4.18996 10.1154 3.11177
      vertex 4.86518 9.8656 3.5
    endloop
  endfacet
  facet normal -0.409128 -0.903099 0.130483
    outer loop
      vertex 4.86518 9.8656 3.5
      vertex 4.18996 10.1154 3.11177
      vertex 4.84257 9.81975 3.11177
    endloop
  endfacet
  facet normal -0.360371 -0.795302 0.487472
    outer loop
      vertex 4.2309 10.2143 3.59999
      vertex 4.20952 10.1627 3.5
      vertex 4.88988 9.9157 3.59999
    endloop
  endfacet
  facet normal -0.360369 -0.795286 0.487498
    outer loop
      vertex 4.88988 9.9157 3.59999
      vertex 4.20952 10.1627 3.5
      vertex 4.86518 9.8656 3.5
    endloop
  endfacet
  facet normal -0.00840188 -0.0168038 0.999824
    outer loop
      vertex 4.23109 10.2148 3.6
      vertex 4.2309 10.2143 3.59999
      vertex 4.23169 10.2145 3.6
    endloop
  endfacet
  facet normal -0.00802935 -0.0177203 0.999811
    outer loop
      vertex 4.23169 10.2145 3.6
      vertex 4.88988 9.9157 3.59999
      vertex 4.89011 9.91616 3.6
    endloop
  endfacet
  facet normal -0.0081194 -0.0179187 0.999806
    outer loop
      vertex 4.88988 9.9157 3.59999
      vertex 4.23169 10.2145 3.6
      vertex 4.2309 10.2143 3.59999
    endloop
  endfacet
  facet normal -0.293355 -0.647445 -0.70339
    outer loop
      vertex 2.67878 6.46716 1
      vertex 3.06181 7.38002 0
      vertex 3.09602 6.27811 1
    endloop
  endfacet
  facet normal -0.293186 -0.647518 -0.703393
    outer loop
      vertex 3.06181 7.38002 0
      vertex 2.67878 6.46716 1
      vertex 3.05768 7.38189 0
    endloop
  endfacet
  facet normal -0.293348 -0.647446 -0.703392
    outer loop
      vertex 3.09602 6.27811 1
      vertex 3.06181 7.38002 0
      vertex 3.53393 7.16611 0
    endloop
  endfacet
  facet normal -0.471394 -0.881923 0
    outer loop
      vertex 3.09602 6.27811 1
      vertex 3.5 6.06218 1.2
      vertex 3.09602 6.27811 1.2
    endloop
  endfacet
  facet normal -0.471394 -0.881923 -0
    outer loop
      vertex 3.5 6.06218 1.2
      vertex 3.09602 6.27811 1
      vertex 3.5 6.06218 1
    endloop
  endfacet
  facet normal -0.46736 -0.874394 0.130419
    outer loop
      vertex 3.10807 6.30255 1.40704
      vertex 3.09602 6.27811 1.2
      vertex 3.51363 6.08578 1.40704
    endloop
  endfacet
  facet normal -0.467366 -0.874388 0.130437
    outer loop
      vertex 3.51363 6.08578 1.40704
      vertex 3.09602 6.27811 1.2
      vertex 3.5 6.06218 1.2
    endloop
  endfacet
  facet normal -0.435532 -0.814861 0.38251
    outer loop
      vertex 3.14342 6.37423 1.59999
      vertex 3.10807 6.30255 1.40704
      vertex 3.55359 6.155 1.59999
    endloop
  endfacet
  facet normal -0.435535 -0.814852 0.382524
    outer loop
      vertex 3.55359 6.155 1.59999
      vertex 3.10807 6.30255 1.40704
      vertex 3.51363 6.08578 1.40704
    endloop
  endfacet
  facet normal -0.374043 -0.699797 0.608585
    outer loop
      vertex 3.19965 6.48826 1.76567
      vertex 3.14342 6.37423 1.59999
      vertex 3.61716 6.2651 1.76567
    endloop
  endfacet
  facet normal -0.374041 -0.699814 0.608567
    outer loop
      vertex 3.61716 6.2651 1.76567
      vertex 3.14342 6.37423 1.59999
      vertex 3.55359 6.155 1.59999
    endloop
  endfacet
  facet normal -0.287077 -0.537093 0.79317
    outer loop
      vertex 3.27293 6.63685 1.89281
      vertex 3.19965 6.48826 1.76567
      vertex 3.7 6.40858 1.89281
    endloop
  endfacet
  facet normal -0.287077 -0.537093 0.79317
    outer loop
      vertex 3.7 6.40858 1.89281
      vertex 3.19965 6.48826 1.76567
      vertex 3.61716 6.2651 1.76567
    endloop
  endfacet
  facet normal -0.180473 -0.337645 0.92381
    outer loop
      vertex 3.35827 6.8099 1.97273
      vertex 3.27293 6.63685 1.89281
      vertex 3.79647 6.57568 1.97273
    endloop
  endfacet
  facet normal -0.180473 -0.337646 0.92381
    outer loop
      vertex 3.79647 6.57568 1.97273
      vertex 3.27293 6.63685 1.89281
      vertex 3.7 6.40858 1.89281
    endloop
  endfacet
  facet normal -0.061587 -0.115219 0.991429
    outer loop
      vertex 3.44985 6.9956 2
      vertex 3.35827 6.8099 1.97273
      vertex 3.89999 6.75499 2
    endloop
  endfacet
  facet normal -0.0615875 -0.115223 0.991429
    outer loop
      vertex 3.89999 6.75499 2
      vertex 3.35827 6.8099 1.97273
      vertex 3.79647 6.57568 1.97273
    endloop
  endfacet
  facet normal -0.061551 -0.115154 0.991439
    outer loop
      vertex 4.37344 8.86847 2.0511
      vertex 4.20174 8.52029 2
      vertex 4.94411 8.56344 2.0511
    endloop
  endfacet
  facet normal -0.061551 -0.115154 0.991439
    outer loop
      vertex 4.94411 8.56344 2.0511
      vertex 4.20174 8.52029 2
      vertex 4.75 8.22724 2
    endloop
  endfacet
  facet normal -0.180481 -0.337651 0.923806
    outer loop
      vertex 4.53346 9.19295 2.20096
      vertex 4.37344 8.86847 2.0511
      vertex 5.125 8.87676 2.20096
    endloop
  endfacet
  facet normal -0.180481 -0.337655 0.923805
    outer loop
      vertex 5.125 8.87676 2.20096
      vertex 4.37344 8.86847 2.0511
      vertex 4.94411 8.56344 2.0511
    endloop
  endfacet
  facet normal -0.287067 -0.537062 0.793194
    outer loop
      vertex 4.67086 9.47156 2.43933
      vertex 4.53346 9.19295 2.20096
      vertex 5.28033 9.14579 2.43933
    endloop
  endfacet
  facet normal -0.287068 -0.537057 0.793198
    outer loop
      vertex 5.28033 9.14579 2.43933
      vertex 4.53346 9.19295 2.20096
      vertex 5.125 8.87676 2.20096
    endloop
  endfacet
  facet normal -0.374067 -0.699827 0.608536
    outer loop
      vertex 4.77629 9.68535 2.75
      vertex 4.67086 9.47156 2.43933
      vertex 5.39951 9.35223 2.75
    endloop
  endfacet
  facet normal -0.374067 -0.699827 0.608535
    outer loop
      vertex 5.39951 9.35223 2.75
      vertex 4.67086 9.47156 2.43933
      vertex 5.28033 9.14579 2.43933
    endloop
  endfacet
  facet normal -0.435544 -0.81485 0.382519
    outer loop
      vertex 4.84257 9.81975 3.11177
      vertex 4.77629 9.68535 2.75
      vertex 5.47444 9.48201 3.11177
    endloop
  endfacet
  facet normal -0.435547 -0.814846 0.382525
    outer loop
      vertex 5.47444 9.48201 3.11177
      vertex 4.77629 9.68535 2.75
      vertex 5.39951 9.35223 2.75
    endloop
  endfacet
  facet normal -0.467368 -0.87438 0.130483
    outer loop
      vertex 4.86518 9.8656 3.5
      vertex 4.84257 9.81975 3.11177
      vertex 5.5 9.52628 3.5
    endloop
  endfacet
  facet normal -0.467365 -0.874383 0.130476
    outer loop
      vertex 5.5 9.52628 3.5
      vertex 4.84257 9.81975 3.11177
      vertex 5.47444 9.48201 3.11177
    endloop
  endfacet
  facet normal -0.411584 -0.77003 0.487495
    outer loop
      vertex 4.88988 9.9157 3.59999
      vertex 4.86518 9.8656 3.5
      vertex 5.52793 9.57466 3.59999
    endloop
  endfacet
  facet normal -0.41158 -0.770009 0.487533
    outer loop
      vertex 5.52793 9.57466 3.59999
      vertex 4.86518 9.8656 3.5
      vertex 5.5 9.52628 3.5
    endloop
  endfacet
  facet normal -0.00916715 -0.0171514 0.999811
    outer loop
      vertex 4.89011 9.91616 3.6
      vertex 4.88988 9.9157 3.59999
      vertex 4.89069 9.91585 3.6
    endloop
  endfacet
  facet normal -0.00923027 -0.0172687 0.999808
    outer loop
      vertex 4.89069 9.91585 3.6
      vertex 5.52793 9.57466 3.59999
      vertex 5.52819 9.5751 3.6
    endloop
  endfacet
  facet normal -0.00916724 -0.0171509 0.999811
    outer loop
      vertex 5.52793 9.57466 3.59999
      vertex 4.89069 9.91585 3.6
      vertex 4.88988 9.9157 3.59999
    endloop
  endfacet
  facet normal -0.335068 -0.626873 -0.703392
    outer loop
      vertex 3.09602 6.27811 1
      vertex 3.53793 7.16397 0
      vertex 3.5 6.06218 1
    endloop
  endfacet
  facet normal -0.33531 -0.626748 -0.703388
    outer loop
      vertex 3.53793 7.16397 0
      vertex 3.09602 6.27811 1
      vertex 3.53393 7.16611 0
    endloop
  endfacet
  facet normal -0.335075 -0.626871 -0.70339
    outer loop
      vertex 3.99505 6.91963 0
      vertex 3.5 6.06218 1
      vertex 3.53793 7.16397 0
    endloop
  endfacet
  facet normal -0.528069 -0.849202 0
    outer loop
      vertex 3.5 6.06218 1
      vertex 3.88899 5.82029 1.2
      vertex 3.5 6.06218 1.2
    endloop
  endfacet
  facet normal -0.528069 -0.849202 -0
    outer loop
      vertex 3.88899 5.82029 1.2
      vertex 3.5 6.06218 1
      vertex 3.88899 5.82029 1
    endloop
  endfacet
  facet normal -0.523559 -0.841945 0.130439
    outer loop
      vertex 3.51363 6.08578 1.40704
      vertex 3.5 6.06218 1.2
      vertex 3.90413 5.84295 1.40704
    endloop
  endfacet
  facet normal -0.523557 -0.841947 0.130435
    outer loop
      vertex 3.90413 5.84295 1.40704
      vertex 3.5 6.06218 1.2
      vertex 3.88899 5.82029 1.2
    endloop
  endfacet
  facet normal -0.487912 -0.784613 0.382523
    outer loop
      vertex 3.55359 6.155 1.59999
      vertex 3.51363 6.08578 1.40704
      vertex 3.94854 5.9094 1.59999
    endloop
  endfacet
  facet normal -0.48791 -0.784619 0.382514
    outer loop
      vertex 3.94854 5.9094 1.59999
      vertex 3.51363 6.08578 1.40704
      vertex 3.90413 5.84295 1.40704
    endloop
  endfacet
  facet normal -0.419028 -0.673841 0.608567
    outer loop
      vertex 3.61716 6.2651 1.76567
      vertex 3.55359 6.155 1.59999
      vertex 4.01917 6.01511 1.76567
    endloop
  endfacet
  facet normal -0.419028 -0.67384 0.608568
    outer loop
      vertex 4.01917 6.01511 1.76567
      vertex 3.55359 6.155 1.59999
      vertex 3.94854 5.9094 1.59999
    endloop
  endfacet
  facet normal -0.321591 -0.517166 0.79317
    outer loop
      vertex 3.7 6.40858 1.89281
      vertex 3.61716 6.2651 1.76567
      vertex 4.11122 6.15287 1.89281
    endloop
  endfacet
  facet normal -0.32159 -0.51715 0.793181
    outer loop
      vertex 4.11122 6.15287 1.89281
      vertex 3.61716 6.2651 1.76567
      vertex 4.01917 6.01511 1.76567
    endloop
  endfacet
  facet normal -0.202172 -0.325119 0.92381
    outer loop
      vertex 3.79647 6.57568 1.97273
      vertex 3.7 6.40858 1.89281
      vertex 4.21841 6.3133 1.97273
    endloop
  endfacet
  facet normal -0.202173 -0.325125 0.923807
    outer loop
      vertex 4.21841 6.3133 1.97273
      vertex 3.7 6.40858 1.89281
      vertex 4.11122 6.15287 1.89281
    endloop
  endfacet
  facet normal -0.0689929 -0.110948 0.991429
    outer loop
      vertex 3.89999 6.75499 2
      vertex 3.79647 6.57568 1.97273
      vertex 4.33344 6.48545 2
    endloop
  endfacet
  facet normal -0.0689931 -0.11095 0.991428
    outer loop
      vertex 4.33344 6.48545 2
      vertex 3.79647 6.57568 1.97273
      vertex 4.21841 6.3133 1.97273
    endloop
  endfacet
  facet normal -0.0689501 -0.110882 0.991439
    outer loop
      vertex 4.94411 8.56344 2.0511
      vertex 4.75 8.22724 2
      vertex 5.4936 8.22175 2.0511
    endloop
  endfacet
  facet normal -0.0689501 -0.110881 0.991439
    outer loop
      vertex 5.4936 8.22175 2.0511
      vertex 4.75 8.22724 2
      vertex 5.27792 7.89896 2
    endloop
  endfacet
  facet normal -0.202181 -0.325127 0.923805
    outer loop
      vertex 5.125 8.87676 2.20096
      vertex 4.94411 8.56344 2.0511
      vertex 5.69459 8.52256 2.20096
    endloop
  endfacet
  facet normal -0.202181 -0.325137 0.923801
    outer loop
      vertex 5.69459 8.52256 2.20096
      vertex 4.94411 8.56344 2.0511
      vertex 5.4936 8.22175 2.0511
    endloop
  endfacet
  facet normal -0.321576 -0.517132 0.793198
    outer loop
      vertex 5.28033 9.14579 2.43933
      vertex 5.125 8.87676 2.20096
      vertex 5.86718 8.78086 2.43933
    endloop
  endfacet
  facet normal -0.321577 -0.517128 0.7932
    outer loop
      vertex 5.86718 8.78086 2.43933
      vertex 5.125 8.87676 2.20096
      vertex 5.69459 8.52256 2.20096
    endloop
  endfacet
  facet normal -0.419034 -0.673866 0.608535
    outer loop
      vertex 5.39951 9.35223 2.75
      vertex 5.28033 9.14579 2.43933
      vertex 5.99962 8.97906 2.75
    endloop
  endfacet
  facet normal -0.419036 -0.673858 0.608542
    outer loop
      vertex 5.99962 8.97906 2.75
      vertex 5.28033 9.14579 2.43933
      vertex 5.86718 8.78086 2.43933
    endloop
  endfacet
  facet normal -0.487909 -0.784614 0.382525
    outer loop
      vertex 5.47444 9.48201 3.11177
      vertex 5.39951 9.35223 2.75
      vertex 6.08287 9.10366 3.11177
    endloop
  endfacet
  facet normal -0.487906 -0.784622 0.382514
    outer loop
      vertex 6.08287 9.10366 3.11177
      vertex 5.39951 9.35223 2.75
      vertex 5.99962 8.97906 2.75
    endloop
  endfacet
  facet normal -0.523561 -0.841938 0.130476
    outer loop
      vertex 5.5 9.52628 3.5
      vertex 5.47444 9.48201 3.11177
      vertex 6.11127 9.14616 3.5
    endloop
  endfacet
  facet normal -0.523558 -0.841941 0.130468
    outer loop
      vertex 6.11127 9.14616 3.5
      vertex 5.47444 9.48201 3.11177
      vertex 6.08287 9.10366 3.11177
    endloop
  endfacet
  facet normal -0.461062 -0.74144 0.487532
    outer loop
      vertex 5.52793 9.57466 3.59999
      vertex 5.5 9.52628 3.5
      vertex 6.14231 9.19261 3.59999
    endloop
  endfacet
  facet normal -0.461059 -0.741428 0.487555
    outer loop
      vertex 6.14231 9.19261 3.59999
      vertex 5.5 9.52628 3.5
      vertex 6.11127 9.14616 3.5
    endloop
  endfacet
  facet normal -0.0101534 -0.0167232 0.999809
    outer loop
      vertex 5.52819 9.5751 3.6
      vertex 5.52793 9.57466 3.59999
      vertex 5.52875 9.57476 3.6
    endloop
  endfacet
  facet normal -0.0102916 -0.0165499 0.99981
    outer loop
      vertex 5.52875 9.57476 3.6
      vertex 6.14231 9.19261 3.59999
      vertex 6.14259 9.19304 3.6
    endloop
  endfacet
  facet normal -0.0101937 -0.0163927 0.999814
    outer loop
      vertex 6.14231 9.19261 3.59999
      vertex 5.52875 9.57476 3.6
      vertex 5.52793 9.57466 3.59999
    endloop
  endfacet
  facet normal -0.375353 -0.603615 -0.703391
    outer loop
      vertex 3.5 6.06218 1
      vertex 3.9989 6.91724 0
      vertex 3.88899 5.82029 1
    endloop
  endfacet
  facet normal -0.374886 -0.603896 -0.703398
    outer loop
      vertex 3.9989 6.91724 0
      vertex 3.5 6.06218 1
      vertex 3.99505 6.91963 0
    endloop
  endfacet
  facet normal -0.375353 -0.603615 -0.703391
    outer loop
      vertex 4.43906 6.64353 0
      vertex 3.88899 5.82029 1
      vertex 3.9989 6.91724 0
    endloop
  endfacet
  facet normal -0.582485 -0.812842 0
    outer loop
      vertex 3.88899 5.82029 1
      vertex 4.26133 5.55347 1.2
      vertex 3.88899 5.82029 1.2
    endloop
  endfacet
  facet normal -0.582485 -0.812842 -0
    outer loop
      vertex 4.26133 5.55347 1.2
      vertex 3.88899 5.82029 1
      vertex 4.26133 5.55347 1
    endloop
  endfacet
  facet normal -0.57751 -0.805897 0.130434
    outer loop
      vertex 3.90413 5.84295 1.40704
      vertex 3.88899 5.82029 1.2
      vertex 4.27792 5.57509 1.40704
    endloop
  endfacet
  facet normal -0.577509 -0.805898 0.130431
    outer loop
      vertex 4.27792 5.57509 1.40704
      vertex 3.88899 5.82029 1.2
      vertex 4.26133 5.55347 1.2
    endloop
  endfacet
  facet normal -0.53818 -0.751028 0.382516
    outer loop
      vertex 3.94854 5.9094 1.59999
      vertex 3.90413 5.84295 1.40704
      vertex 4.32658 5.6385 1.59999
    endloop
  endfacet
  facet normal -0.538183 -0.751017 0.382534
    outer loop
      vertex 4.32658 5.6385 1.59999
      vertex 3.90413 5.84295 1.40704
      vertex 4.27792 5.57509 1.40704
    endloop
  endfacet
  facet normal -0.462193 -0.644998 0.608568
    outer loop
      vertex 4.01917 6.01511 1.76567
      vertex 3.94854 5.9094 1.59999
      vertex 4.40397 5.73937 1.76567
    endloop
  endfacet
  facet normal -0.462193 -0.644989 0.608578
    outer loop
      vertex 4.40397 5.73937 1.76567
      vertex 3.94854 5.9094 1.59999
      vertex 4.32658 5.6385 1.59999
    endloop
  endfacet
  facet normal -0.354724 -0.495011 0.793181
    outer loop
      vertex 4.11122 6.15287 1.89281
      vertex 4.01917 6.01511 1.76567
      vertex 4.50483 5.87081 1.89281
    endloop
  endfacet
  facet normal -0.354725 -0.495025 0.793171
    outer loop
      vertex 4.50483 5.87081 1.89281
      vertex 4.01917 6.01511 1.76567
      vertex 4.40397 5.73937 1.76567
    endloop
  endfacet
  facet normal -0.223008 -0.311204 0.923807
    outer loop
      vertex 4.21841 6.3133 1.97273
      vertex 4.11122 6.15287 1.89281
      vertex 4.62229 6.02388 1.97273
    endloop
  endfacet
  facet normal -0.223008 -0.311204 0.923807
    outer loop
      vertex 4.62229 6.02388 1.97273
      vertex 4.11122 6.15287 1.89281
      vertex 4.50483 5.87081 1.89281
    endloop
  endfacet
  facet normal -0.0761006 -0.1062 0.991428
    outer loop
      vertex 4.33344 6.48545 2
      vertex 4.21841 6.3133 1.97273
      vertex 4.74833 6.18815 2
    endloop
  endfacet
  facet normal -0.0760994 -0.106195 0.991429
    outer loop
      vertex 4.74833 6.18815 2
      vertex 4.21841 6.3133 1.97273
      vertex 4.62229 6.02388 1.97273
    endloop
  endfacet
  facet normal -0.076055 -0.106134 0.991439
    outer loop
      vertex 5.4936 8.22175 2.0511
      vertex 5.27792 7.89896 2
      vertex 6.01956 7.84485 2.0511
    endloop
  endfacet
  facet normal -0.0760551 -0.106135 0.991439
    outer loop
      vertex 6.01956 7.84485 2.0511
      vertex 5.27792 7.89896 2
      vertex 5.78323 7.53686 2
    endloop
  endfacet
  facet normal -0.223014 -0.311217 0.923801
    outer loop
      vertex 5.69459 8.52256 2.20096
      vertex 5.4936 8.22175 2.0511
      vertex 6.2398 8.13187 2.20096
    endloop
  endfacet
  facet normal -0.223014 -0.311213 0.923802
    outer loop
      vertex 6.2398 8.13187 2.20096
      vertex 5.4936 8.22175 2.0511
      vertex 6.01956 7.84485 2.0511
    endloop
  endfacet
  facet normal -0.354702 -0.494995 0.7932
    outer loop
      vertex 5.86718 8.78086 2.43933
      vertex 5.69459 8.52256 2.20096
      vertex 6.42892 8.37833 2.43933
    endloop
  endfacet
  facet normal -0.354702 -0.494988 0.793204
    outer loop
      vertex 6.42892 8.37833 2.43933
      vertex 5.69459 8.52256 2.20096
      vertex 6.2398 8.13187 2.20096
    endloop
  endfacet
  facet normal -0.462211 -0.645009 0.608543
    outer loop
      vertex 5.99962 8.97906 2.75
      vertex 5.86718 8.78086 2.43933
      vertex 6.57403 8.56744 2.75
    endloop
  endfacet
  facet normal -0.462209 -0.645024 0.608529
    outer loop
      vertex 6.57403 8.56744 2.75
      vertex 5.86718 8.78086 2.43933
      vertex 6.42892 8.37833 2.43933
    endloop
  endfacet
  facet normal -0.538176 -0.751033 0.382513
    outer loop
      vertex 6.08287 9.10366 3.11177
      vertex 5.99962 8.97906 2.75
      vertex 6.66526 8.68633 3.11177
    endloop
  endfacet
  facet normal -0.53818 -0.751022 0.382528
    outer loop
      vertex 6.66526 8.68633 3.11177
      vertex 5.99962 8.97906 2.75
      vertex 6.57403 8.56744 2.75
    endloop
  endfacet
  facet normal -0.577493 -0.805903 0.130468
    outer loop
      vertex 6.11127 9.14616 3.5
      vertex 6.08287 9.10366 3.11177
      vertex 6.69637 8.72689 3.5
    endloop
  endfacet
  facet normal -0.577494 -0.805902 0.130472
    outer loop
      vertex 6.69637 8.72689 3.5
      vertex 6.08287 9.10366 3.11177
      vertex 6.66526 8.68633 3.11177
    endloop
  endfacet
  facet normal -0.508561 -0.709687 0.487556
    outer loop
      vertex 6.14231 9.19261 3.59999
      vertex 6.11127 9.14616 3.5
      vertex 6.73038 8.7712 3.59999
    endloop
  endfacet
  facet normal -0.508572 -0.709723 0.487492
    outer loop
      vertex 6.73038 8.7712 3.59999
      vertex 6.11127 9.14616 3.5
      vertex 6.69637 8.72689 3.5
    endloop
  endfacet
  facet normal -0.0112205 -0.015945 0.99981
    outer loop
      vertex 6.14259 9.19304 3.6
      vertex 6.14231 9.19261 3.59999
      vertex 6.14313 9.19266 3.6
    endloop
  endfacet
  facet normal -0.0112068 -0.015639 0.999815
    outer loop
      vertex 6.14313 9.19266 3.6
      vertex 6.73038 8.7712 3.59999
      vertex 6.7307 8.77161 3.6
    endloop
  endfacet
  facet normal -0.0112367 -0.0156806 0.999814
    outer loop
      vertex 6.73038 8.7712 3.59999
      vertex 6.14313 9.19266 3.6
      vertex 6.14231 9.19261 3.59999
    endloop
  endfacet
  facet normal -0.414032 -0.57777 -0.703392
    outer loop
      vertex 3.88899 5.82029 1
      vertex 4.44275 6.64089 0
      vertex 4.26133 5.55347 1
    endloop
  endfacet
  facet normal -0.413586 -0.57808 -0.703399
    outer loop
      vertex 4.44275 6.64089 0
      vertex 3.88899 5.82029 1
      vertex 4.43906 6.64353 0
    endloop
  endfacet
  facet normal -0.414022 -0.577774 -0.703394
    outer loop
      vertex 4.86407 6.33898 0
      vertex 4.26133 5.55347 1
      vertex 4.44275 6.64089 0
    endloop
  endfacet
  facet normal -0.634388 -0.773015 0
    outer loop
      vertex 4.26133 5.55347 1
      vertex 4.61542 5.26288 1.2
      vertex 4.26133 5.55347 1.2
    endloop
  endfacet
  facet normal -0.634388 -0.773015 -0
    outer loop
      vertex 4.61542 5.26288 1.2
      vertex 4.26133 5.55347 1
      vertex 4.61542 5.26288 1
    endloop
  endfacet
  facet normal -0.628965 -0.766414 0.130431
    outer loop
      vertex 4.27792 5.57509 1.40704
      vertex 4.26133 5.55347 1.2
      vertex 4.63339 5.28337 1.40704
    endloop
  endfacet
  facet normal -0.628968 -0.76641 0.13044
    outer loop
      vertex 4.63339 5.28337 1.40704
      vertex 4.26133 5.55347 1.2
      vertex 4.61542 5.26288 1.2
    endloop
  endfacet
  facet normal -0.586139 -0.714218 0.382535
    outer loop
      vertex 4.32658 5.6385 1.59999
      vertex 4.27792 5.57509 1.40704
      vertex 4.68609 5.34346 1.59999
    endloop
  endfacet
  facet normal -0.586138 -0.714227 0.382521
    outer loop
      vertex 4.68609 5.34346 1.59999
      vertex 4.27792 5.57509 1.40704
      vertex 4.63339 5.28337 1.40704
    endloop
  endfacet
  facet normal -0.503399 -0.613372 0.608576
    outer loop
      vertex 4.40397 5.73937 1.76567
      vertex 4.32658 5.6385 1.59999
      vertex 4.76991 5.43904 1.76567
    endloop
  endfacet
  facet normal -0.503401 -0.6134 0.608546
    outer loop
      vertex 4.76991 5.43904 1.76567
      vertex 4.32658 5.6385 1.59999
      vertex 4.68609 5.34346 1.59999
    endloop
  endfacet
  facet normal -0.386348 -0.47076 0.793171
    outer loop
      vertex 4.50483 5.87081 1.89281
      vertex 4.40397 5.73937 1.76567
      vertex 4.87915 5.56361 1.89281
    endloop
  endfacet
  facet normal -0.386345 -0.470745 0.793181
    outer loop
      vertex 4.87915 5.56361 1.89281
      vertex 4.40397 5.73937 1.76567
      vertex 4.76991 5.43904 1.76567
    endloop
  endfacet
  facet normal -0.24288 -0.295956 0.923807
    outer loop
      vertex 4.62229 6.02388 1.97273
      vertex 4.50483 5.87081 1.89281
      vertex 5.00637 5.70868 1.97273
    endloop
  endfacet
  facet normal -0.242876 -0.295942 0.923812
    outer loop
      vertex 5.00637 5.70868 1.97273
      vertex 4.50483 5.87081 1.89281
      vertex 4.87915 5.56361 1.89281
    endloop
  endfacet
  facet normal -0.082882 -0.100991 0.991429
    outer loop
      vertex 4.74833 6.18815 2
      vertex 4.62229 6.02388 1.97273
      vertex 5.14289 5.86434 2
    endloop
  endfacet
  facet normal -0.0828834 -0.100996 0.991428
    outer loop
      vertex 5.14289 5.86434 2
      vertex 4.62229 6.02388 1.97273
      vertex 5.00637 5.70868 1.97273
    endloop
  endfacet
  facet normal -0.0828343 -0.100933 0.991439
    outer loop
      vertex 6.01956 7.84485 2.0511
      vertex 5.78323 7.53686 2
      vertex 6.51975 7.43435 2.0511
    endloop
  endfacet
  facet normal -0.0828344 -0.100933 0.991439
    outer loop
      vertex 6.51975 7.43435 2.0511
      vertex 5.78323 7.53686 2
      vertex 6.26378 7.14248 2
    endloop
  endfacet
  facet normal -0.242888 -0.295963 0.923803
    outer loop
      vertex 6.2398 8.13187 2.20096
      vertex 6.01956 7.84485 2.0511
      vertex 6.75829 7.70636 2.20096
    endloop
  endfacet
  facet normal -0.242888 -0.295956 0.923805
    outer loop
      vertex 6.75829 7.70636 2.20096
      vertex 6.01956 7.84485 2.0511
      vertex 6.51975 7.43435 2.0511
    endloop
  endfacet
  facet normal -0.386319 -0.470727 0.793204
    outer loop
      vertex 6.42892 8.37833 2.43933
      vertex 6.2398 8.13187 2.20096
      vertex 6.96312 7.93992 2.43933
    endloop
  endfacet
  facet normal -0.38632 -0.470736 0.793199
    outer loop
      vertex 6.96312 7.93992 2.43933
      vertex 6.2398 8.13187 2.20096
      vertex 6.75829 7.70636 2.20096
    endloop
  endfacet
  facet normal -0.503409 -0.613411 0.608529
    outer loop
      vertex 6.57403 8.56744 2.75
      vertex 6.42892 8.37833 2.43933
      vertex 7.12029 8.11914 2.75
    endloop
  endfacet
  facet normal -0.503409 -0.613401 0.608538
    outer loop
      vertex 7.12029 8.11914 2.75
      vertex 6.42892 8.37833 2.43933
      vertex 6.96312 7.93992 2.43933
    endloop
  endfacet
  facet normal -0.58614 -0.714221 0.382528
    outer loop
      vertex 6.66526 8.68633 3.11177
      vertex 6.57403 8.56744 2.75
      vertex 7.2191 8.23181 3.11177
    endloop
  endfacet
  facet normal -0.58614 -0.71422 0.38253
    outer loop
      vertex 7.2191 8.23181 3.11177
      vertex 6.57403 8.56744 2.75
      vertex 7.12029 8.11914 2.75
    endloop
  endfacet
  facet normal -0.62897 -0.766403 0.130471
    outer loop
      vertex 6.69637 8.72689 3.5
      vertex 6.66526 8.68633 3.11177
      vertex 7.2528 8.27024 3.5
    endloop
  endfacet
  facet normal -0.628967 -0.766407 0.130462
    outer loop
      vertex 7.2528 8.27024 3.5
      vertex 6.66526 8.68633 3.11177
      vertex 7.2191 8.23181 3.11177
    endloop
  endfacet
  facet normal -0.553896 -0.674943 0.487496
    outer loop
      vertex 6.73038 8.7712 3.59999
      vertex 6.69637 8.72689 3.5
      vertex 7.28964 8.31224 3.59999
    endloop
  endfacet
  facet normal -0.553882 -0.674907 0.48756
    outer loop
      vertex 7.28964 8.31224 3.59999
      vertex 6.69637 8.72689 3.5
      vertex 7.2528 8.27024 3.5
    endloop
  endfacet
  facet normal -0.0121929 -0.0148694 0.999815
    outer loop
      vertex 6.7307 8.77161 3.6
      vertex 6.73038 8.7712 3.59999
      vertex 6.7312 8.7712 3.6
    endloop
  endfacet
  facet normal -0.0124504 -0.0151709 0.999807
    outer loop
      vertex 6.7312 8.7712 3.6
      vertex 7.28964 8.31224 3.59999
      vertex 7.28998 8.31262 3.6
    endloop
  endfacet
  facet normal -0.0121929 -0.0148575 0.999815
    outer loop
      vertex 7.28964 8.31224 3.59999
      vertex 6.7312 8.7712 3.6
      vertex 6.73038 8.7712 3.59999
    endloop
  endfacet
  facet normal -0.450924 -0.54946 -0.703392
    outer loop
      vertex 4.26133 5.55347 1
      vertex 4.86757 6.3361 0
      vertex 4.61542 5.26288 1
    endloop
  endfacet
  facet normal -0.45165 -0.548881 -0.703379
    outer loop
      vertex 4.86757 6.3361 0
      vertex 4.26133 5.55347 1
      vertex 4.86407 6.33898 0
    endloop
  endfacet
  facet normal -0.450927 -0.549459 -0.703391
    outer loop
      vertex 5.26824 6.00728 0
      vertex 4.61542 5.26288 1
      vertex 4.86757 6.3361 0
    endloop
  endfacet
  facet normal -0.683587 -0.729869 0
    outer loop
      vertex 4.61542 5.26288 1
      vertex 4.94975 4.94975 1.2
      vertex 4.61542 5.26288 1.2
    endloop
  endfacet
  facet normal -0.683587 -0.729869 -0
    outer loop
      vertex 4.94975 4.94975 1.2
      vertex 4.61542 5.26288 1
      vertex 4.94975 4.94975 1
    endloop
  endfacet
  facet normal -0.67775 -0.72363 0.13044
    outer loop
      vertex 4.63339 5.28337 1.40704
      vertex 4.61542 5.26288 1.2
      vertex 4.96902 4.96902 1.40704
    endloop
  endfacet
  facet normal -0.677748 -0.723634 0.130432
    outer loop
      vertex 4.96902 4.96902 1.40704
      vertex 4.61542 5.26288 1.2
      vertex 4.94975 4.94975 1.2
    endloop
  endfacet
  facet normal -0.631613 -0.674346 0.382521
    outer loop
      vertex 4.68609 5.34346 1.59999
      vertex 4.63339 5.28337 1.40704
      vertex 5.02553 5.02553 1.59999
    endloop
  endfacet
  facet normal -0.631611 -0.674368 0.382487
    outer loop
      vertex 5.02553 5.02553 1.59999
      vertex 4.63339 5.28337 1.40704
      vertex 4.96902 4.96902 1.40704
    endloop
  endfacet
  facet normal -0.542439 -0.579165 0.608546
    outer loop
      vertex 4.76991 5.43904 1.76567
      vertex 4.68609 5.34346 1.59999
      vertex 5.11543 5.11543 1.76567
    endloop
  endfacet
  facet normal -0.542435 -0.579135 0.608578
    outer loop
      vertex 5.11543 5.11543 1.76567
      vertex 4.68609 5.34346 1.59999
      vertex 5.02553 5.02553 1.59999
    endloop
  endfacet
  facet normal -0.416303 -0.444473 0.793181
    outer loop
      vertex 4.87915 5.56361 1.89281
      vertex 4.76991 5.43904 1.76567
      vertex 5.23258 5.23258 1.89281
    endloop
  endfacet
  facet normal -0.416308 -0.444495 0.793166
    outer loop
      vertex 5.23258 5.23258 1.89281
      vertex 4.76991 5.43904 1.76567
      vertex 5.11543 5.11543 1.76567
    endloop
  endfacet
  facet normal -0.261711 -0.279425 0.923812
    outer loop
      vertex 5.00637 5.70868 1.97273
      vertex 4.87915 5.56361 1.89281
      vertex 5.36902 5.36902 1.97273
    endloop
  endfacet
  facet normal -0.261709 -0.279418 0.923815
    outer loop
      vertex 5.36902 5.36902 1.97273
      vertex 4.87915 5.56361 1.89281
      vertex 5.23258 5.23258 1.89281
    endloop
  endfacet
  facet normal -0.0893132 -0.0953566 0.991428
    outer loop
      vertex 5.14289 5.86434 2
      vertex 5.00637 5.70868 1.97273
      vertex 5.51542 5.51542 2
    endloop
  endfacet
  facet normal -0.0893143 -0.0953595 0.991428
    outer loop
      vertex 5.51542 5.51542 2
      vertex 5.00637 5.70868 1.97273
      vertex 5.36902 5.36902 1.97273
    endloop
  endfacet
  facet normal -0.0892581 -0.0952997 0.991439
    outer loop
      vertex 6.51975 7.43435 2.0511
      vertex 6.26378 7.14248 2
      vertex 6.99202 6.99202 2.0511
    endloop
  endfacet
  facet normal -0.0892578 -0.0952984 0.991439
    outer loop
      vertex 6.99202 6.99202 2.0511
      vertex 6.26378 7.14248 2
      vertex 6.71751 6.71751 2
    endloop
  endfacet
  facet normal -0.261725 -0.279437 0.923805
    outer loop
      vertex 6.75829 7.70636 2.20096
      vertex 6.51975 7.43435 2.0511
      vertex 7.24784 7.24784 2.20096
    endloop
  endfacet
  facet normal -0.261725 -0.279441 0.923803
    outer loop
      vertex 7.24784 7.24784 2.20096
      vertex 6.51975 7.43435 2.0511
      vertex 6.99202 6.99202 2.0511
    endloop
  endfacet
  facet normal -0.41628 -0.444461 0.793199
    outer loop
      vertex 6.96312 7.93992 2.43933
      vertex 6.75829 7.70636 2.20096
      vertex 7.46751 7.46751 2.43933
    endloop
  endfacet
  facet normal -0.416279 -0.44445 0.793206
    outer loop
      vertex 7.46751 7.46751 2.43933
      vertex 6.75829 7.70636 2.20096
      vertex 7.24784 7.24784 2.20096
    endloop
  endfacet
  facet normal -0.542453 -0.57916 0.608538
    outer loop
      vertex 7.12029 8.11914 2.75
      vertex 6.96312 7.93992 2.43933
      vertex 7.63606 7.63606 2.75
    endloop
  endfacet
  facet normal -0.542453 -0.579174 0.608524
    outer loop
      vertex 7.63606 7.63606 2.75
      vertex 6.96312 7.93992 2.43933
      vertex 7.46751 7.46751 2.43933
    endloop
  endfacet
  facet normal -0.631602 -0.674351 0.38253
    outer loop
      vertex 7.2191 8.23181 3.11177
      vertex 7.12029 8.11914 2.75
      vertex 7.74203 7.74203 3.11177
    endloop
  endfacet
  facet normal -0.631604 -0.674344 0.382539
    outer loop
      vertex 7.74203 7.74203 3.11177
      vertex 7.12029 8.11914 2.75
      vertex 7.63606 7.63606 2.75
    endloop
  endfacet
  facet normal -0.677755 -0.723621 0.130462
    outer loop
      vertex 7.2528 8.27024 3.5
      vertex 7.2191 8.23181 3.11177
      vertex 7.77817 7.77817 3.5
    endloop
  endfacet
  facet normal -0.677753 -0.723625 0.130453
    outer loop
      vertex 7.77817 7.77817 3.5
      vertex 7.2191 8.23181 3.11177
      vertex 7.74203 7.74203 3.11177
    endloop
  endfacet
  facet normal -0.596847 -0.637226 0.487562
    outer loop
      vertex 7.28964 8.31224 3.59999
      vertex 7.2528 8.27024 3.5
      vertex 7.81767 7.81767 3.59999
    endloop
  endfacet
  facet normal -0.596857 -0.637248 0.48752
    outer loop
      vertex 7.81767 7.81767 3.59999
      vertex 7.2528 8.27024 3.5
      vertex 7.77817 7.77817 3.5
    endloop
  endfacet
  facet normal -0.0134039 -0.0143178 0.999808
    outer loop
      vertex 7.28998 8.31262 3.6
      vertex 7.28964 8.31224 3.59999
      vertex 7.29045 8.31218 3.6
    endloop
  endfacet
  facet normal -0.0130687 -0.0139534 0.999817
    outer loop
      vertex 7.29045 8.31218 3.6
      vertex 7.81767 7.81767 3.59999
      vertex 7.81804 7.81804 3.6
    endloop
  endfacet
  facet normal -0.0134033 -0.0143101 0.999808
    outer loop
      vertex 7.81767 7.81767 3.59999
      vertex 7.29045 8.31218 3.6
      vertex 7.28964 8.31224 3.59999
    endloop
  endfacet
  facet normal -0.485895 -0.518793 -0.703392
    outer loop
      vertex 4.94975 4.94975 1
      vertex 5.26824 6.00728 0
      vertex 5.64986 5.64986 0
    endloop
  endfacet
  facet normal -0.485896 -0.518793 -0.703392
    outer loop
      vertex 5.26824 6.00728 0
      vertex 4.94975 4.94975 1
      vertex 4.61542 5.26288 1
    endloop
  endfacet
  facet normal -0.729869 -0.683587 0
    outer loop
      vertex 5.26288 4.61542 1
      vertex 4.94975 4.94975 1.2
      vertex 4.94975 4.94975 1
    endloop
  endfacet
  facet normal -0.729869 -0.683587 0
    outer loop
      vertex 4.94975 4.94975 1.2
      vertex 5.26288 4.61542 1
      vertex 5.26288 4.61542 1.2
    endloop
  endfacet
  facet normal -0.723631 -0.67775 0.130432
    outer loop
      vertex 4.96902 4.96902 1.40704
      vertex 4.94975 4.94975 1.2
      vertex 5.28337 4.63339 1.40704
    endloop
  endfacet
  facet normal -0.723633 -0.677747 0.13044
    outer loop
      vertex 5.28337 4.63339 1.40704
      vertex 4.94975 4.94975 1.2
      vertex 5.26288 4.61542 1.2
    endloop
  endfacet
  facet normal -0.674356 -0.631623 0.382487
    outer loop
      vertex 5.02553 5.02553 1.59999
      vertex 4.96902 4.96902 1.40704
      vertex 5.34346 4.68609 1.59999
    endloop
  endfacet
  facet normal -0.674357 -0.631601 0.382521
    outer loop
      vertex 5.34346 4.68609 1.59999
      vertex 4.96902 4.96902 1.40704
      vertex 5.28337 4.63339 1.40704
    endloop
  endfacet
  facet normal -0.579147 -0.542422 0.608577
    outer loop
      vertex 5.11543 5.11543 1.76567
      vertex 5.02553 5.02553 1.59999
      vertex 5.43904 4.76991 1.76567
    endloop
  endfacet
  facet normal -0.579153 -0.542452 0.608545
    outer loop
      vertex 5.43904 4.76991 1.76567
      vertex 5.02553 5.02553 1.59999
      vertex 5.34346 4.68609 1.59999
    endloop
  endfacet
  facet normal -0.444487 -0.416316 0.793166
    outer loop
      vertex 5.23258 5.23258 1.89281
      vertex 5.11543 5.11543 1.76567
      vertex 5.56361 4.87915 1.89281
    endloop
  endfacet
  facet normal -0.44448 -0.416295 0.793181
    outer loop
      vertex 5.56361 4.87915 1.89281
      vertex 5.11543 5.11543 1.76567
      vertex 5.43904 4.76991 1.76567
    endloop
  endfacet
  facet normal -0.27942 -0.261706 0.923815
    outer loop
      vertex 5.36902 5.36902 1.97273
      vertex 5.23258 5.23258 1.89281
      vertex 5.70868 5.00637 1.97273
    endloop
  endfacet
  facet normal -0.279423 -0.261713 0.923812
    outer loop
      vertex 5.70868 5.00637 1.97273
      vertex 5.23258 5.23258 1.89281
      vertex 5.56361 4.87915 1.89281
    endloop
  endfacet
  facet normal -0.0953587 -0.0893151 0.991428
    outer loop
      vertex 5.51542 5.51542 2
      vertex 5.36902 5.36902 1.97273
      vertex 5.86434 5.14289 2
    endloop
  endfacet
  facet normal -0.0953574 -0.0893123 0.991428
    outer loop
      vertex 5.86434 5.14289 2
      vertex 5.36902 5.36902 1.97273
      vertex 5.70868 5.00637 1.97273
    endloop
  endfacet
  facet normal -0.0952989 -0.0892573 0.991439
    outer loop
      vertex 6.99202 6.99202 2.0511
      vertex 6.71751 6.71751 2
      vertex 7.43435 6.51975 2.0511
    endloop
  endfacet
  facet normal -0.0952992 -0.0892586 0.991439
    outer loop
      vertex 7.43435 6.51975 2.0511
      vertex 6.71751 6.71751 2
      vertex 7.14248 6.26378 2
    endloop
  endfacet
  facet normal -0.279439 -0.261727 0.923803
    outer loop
      vertex 7.24784 7.24784 2.20096
      vertex 6.99202 6.99202 2.0511
      vertex 7.70636 6.75829 2.20096
    endloop
  endfacet
  facet normal -0.279438 -0.261723 0.923805
    outer loop
      vertex 7.70636 6.75829 2.20096
      vertex 6.99202 6.99202 2.0511
      vertex 7.43435 6.51975 2.0511
    endloop
  endfacet
  facet normal -0.444455 -0.416275 0.793206
    outer loop
      vertex 7.46751 7.46751 2.43933
      vertex 7.24784 7.24784 2.20096
      vertex 7.93992 6.96312 2.43933
    endloop
  endfacet
  facet normal -0.444457 -0.416285 0.793199
    outer loop
      vertex 7.93992 6.96312 2.43933
      vertex 7.24784 7.24784 2.20096
      vertex 7.70636 6.75829 2.20096
    endloop
  endfacet
  facet normal -0.579168 -0.54246 0.608525
    outer loop
      vertex 7.63606 7.63606 2.75
      vertex 7.46751 7.46751 2.43933
      vertex 8.11914 7.12029 2.75
    endloop
  endfacet
  facet normal -0.579167 -0.542446 0.608538
    outer loop
      vertex 8.11914 7.12029 2.75
      vertex 7.46751 7.46751 2.43933
      vertex 7.93992 6.96312 2.43933
    endloop
  endfacet
  facet normal -0.674348 -0.631599 0.382539
    outer loop
      vertex 7.74203 7.74203 3.11177
      vertex 7.63606 7.63606 2.75
      vertex 8.23181 7.2191 3.11177
    endloop
  endfacet
  facet normal -0.674347 -0.631607 0.38253
    outer loop
      vertex 8.23181 7.2191 3.11177
      vertex 7.63606 7.63606 2.75
      vertex 8.11914 7.12029 2.75
    endloop
  endfacet
  facet normal -0.723622 -0.677756 0.130453
    outer loop
      vertex 7.77817 7.77817 3.5
      vertex 7.74203 7.74203 3.11177
      vertex 8.27024 7.2528 3.5
    endloop
  endfacet
  facet normal -0.723624 -0.677752 0.130462
    outer loop
      vertex 8.27024 7.2528 3.5
      vertex 7.74203 7.74203 3.11177
      vertex 8.23181 7.2191 3.11177
    endloop
  endfacet
  facet normal -0.637243 -0.596863 0.487521
    outer loop
      vertex 7.81767 7.81767 3.59999
      vertex 7.77817 7.77817 3.5
      vertex 8.31224 7.28964 3.59999
    endloop
  endfacet
  facet normal -0.637231 -0.596841 0.487562
    outer loop
      vertex 8.31224 7.28964 3.59999
      vertex 7.77817 7.77817 3.5
      vertex 8.27024 7.2528 3.5
    endloop
  endfacet
  facet normal -0.0139469 -0.0130752 0.999817
    outer loop
      vertex 7.81804 7.81804 3.6
      vertex 7.81767 7.81767 3.59999
      vertex 7.81849 7.81756 3.6
    endloop
  endfacet
  facet normal -0.0143148 -0.0134072 0.999808
    outer loop
      vertex 7.81849 7.81756 3.6
      vertex 8.31224 7.28964 3.59999
      vertex 8.31262 7.28998 3.6
    endloop
  endfacet
  facet normal -0.013945 -0.0130614 0.999817
    outer loop
      vertex 8.31224 7.28964 3.59999
      vertex 7.81849 7.81756 3.6
      vertex 7.81767 7.81767 3.59999
    endloop
  endfacet
  facet normal -0.518793 -0.485895 -0.703392
    outer loop
      vertex 5.26288 4.61542 1
      vertex 5.64986 5.64986 0
      vertex 6.00728 5.26824 0
    endloop
  endfacet
  facet normal -0.518792 -0.485895 -0.703392
    outer loop
      vertex 5.64986 5.64986 0
      vertex 5.26288 4.61542 1
      vertex 4.94975 4.94975 1
    endloop
  endfacet
  facet normal -0.773015 -0.634388 0
    outer loop
      vertex 5.55347 4.26133 1
      vertex 5.26288 4.61542 1.2
      vertex 5.26288 4.61542 1
    endloop
  endfacet
  facet normal -0.773015 -0.634388 0
    outer loop
      vertex 5.26288 4.61542 1.2
      vertex 5.55347 4.26133 1
      vertex 5.55347 4.26133 1.2
    endloop
  endfacet
  facet normal -0.766413 -0.628965 0.13044
    outer loop
      vertex 5.28337 4.63339 1.40704
      vertex 5.26288 4.61542 1.2
      vertex 5.57509 4.27792 1.40704
    endloop
  endfacet
  facet normal -0.766411 -0.628969 0.130431
    outer loop
      vertex 5.57509 4.27792 1.40704
      vertex 5.26288 4.61542 1.2
      vertex 5.55347 4.26133 1.2
    endloop
  endfacet
  facet normal -0.714223 -0.586143 0.382521
    outer loop
      vertex 5.34346 4.68609 1.59999
      vertex 5.28337 4.63339 1.40704
      vertex 5.6385 4.32658 1.59999
    endloop
  endfacet
  facet normal -0.714223 -0.586134 0.382535
    outer loop
      vertex 5.6385 4.32658 1.59999
      vertex 5.28337 4.63339 1.40704
      vertex 5.57509 4.27792 1.40704
    endloop
  endfacet
  facet normal -0.613389 -0.503414 0.608546
    outer loop
      vertex 5.43904 4.76991 1.76567
      vertex 5.34346 4.68609 1.59999
      vertex 5.73937 4.40397 1.76567
    endloop
  endfacet
  facet normal -0.613382 -0.503386 0.608576
    outer loop
      vertex 5.73937 4.40397 1.76567
      vertex 5.34346 4.68609 1.59999
      vertex 5.6385 4.32658 1.59999
    endloop
  endfacet
  facet normal -0.47075 -0.386339 0.793181
    outer loop
      vertex 5.56361 4.87915 1.89281
      vertex 5.43904 4.76991 1.76567
      vertex 5.87081 4.50483 1.89281
    endloop
  endfacet
  facet normal -0.470756 -0.386353 0.793171
    outer loop
      vertex 5.87081 4.50483 1.89281
      vertex 5.43904 4.76991 1.76567
      vertex 5.73937 4.40397 1.76567
    endloop
  endfacet
  facet normal -0.295946 -0.242872 0.923812
    outer loop
      vertex 5.70868 5.00637 1.97273
      vertex 5.56361 4.87915 1.89281
      vertex 6.02388 4.62229 1.97273
    endloop
  endfacet
  facet normal -0.295952 -0.242885 0.923807
    outer loop
      vertex 6.02388 4.62229 1.97273
      vertex 5.56361 4.87915 1.89281
      vertex 5.87081 4.50483 1.89281
    endloop
  endfacet
  facet normal -0.100995 -0.0828848 0.991428
    outer loop
      vertex 5.86434 5.14289 2
      vertex 5.70868 5.00637 1.97273
      vertex 6.18815 4.74833 2
    endloop
  endfacet
  facet normal -0.100992 -0.0828806 0.991429
    outer loop
      vertex 6.18815 4.74833 2
      vertex 5.70868 5.00637 1.97273
      vertex 6.02388 4.62229 1.97273
    endloop
  endfacet
  facet normal -0.100933 -0.0828346 0.991439
    outer loop
      vertex 7.43435 6.51975 2.0511
      vertex 7.14248 6.26378 2
      vertex 7.84485 6.01956 2.0511
    endloop
  endfacet
  facet normal -0.100933 -0.0828341 0.991439
    outer loop
      vertex 7.84485 6.01956 2.0511
      vertex 7.14248 6.26378 2
      vertex 7.53686 5.78323 2
    endloop
  endfacet
  facet normal -0.295959 -0.242885 0.923805
    outer loop
      vertex 7.70636 6.75829 2.20096
      vertex 7.43435 6.51975 2.0511
      vertex 8.13187 6.2398 2.20096
    endloop
  endfacet
  facet normal -0.295961 -0.242891 0.923802
    outer loop
      vertex 8.13187 6.2398 2.20096
      vertex 7.43435 6.51975 2.0511
      vertex 7.84485 6.01956 2.0511
    endloop
  endfacet
  facet normal -0.470733 -0.386323 0.793199
    outer loop
      vertex 7.93992 6.96312 2.43933
      vertex 7.70636 6.75829 2.20096
      vertex 8.37833 6.42892 2.43933
    endloop
  endfacet
  facet normal -0.470731 -0.386315 0.793205
    outer loop
      vertex 8.37833 6.42892 2.43933
      vertex 7.70636 6.75829 2.20096
      vertex 8.13187 6.2398 2.20096
    endloop
  endfacet
  facet normal -0.613405 -0.503404 0.608538
    outer loop
      vertex 8.11914 7.12029 2.75
      vertex 7.93992 6.96312 2.43933
      vertex 8.56744 6.57403 2.75
    endloop
  endfacet
  facet normal -0.613406 -0.503414 0.608529
    outer loop
      vertex 8.56744 6.57403 2.75
      vertex 7.93992 6.96312 2.43933
      vertex 8.37833 6.42892 2.43933
    endloop
  endfacet
  facet normal -0.714221 -0.58614 0.38253
    outer loop
      vertex 8.23181 7.2191 3.11177
      vertex 8.11914 7.12029 2.75
      vertex 8.68633 6.66526 3.11177
    endloop
  endfacet
  facet normal -0.714221 -0.586141 0.382528
    outer loop
      vertex 8.68633 6.66526 3.11177
      vertex 8.11914 7.12029 2.75
      vertex 8.56744 6.57403 2.75
    endloop
  endfacet
  facet normal -0.766404 -0.628971 0.130462
    outer loop
      vertex 8.27024 7.2528 3.5
      vertex 8.23181 7.2191 3.11177
      vertex 8.72689 6.69637 3.5
    endloop
  endfacet
  facet normal -0.766406 -0.628967 0.130471
    outer loop
      vertex 8.72689 6.69637 3.5
      vertex 8.23181 7.2191 3.11177
      vertex 8.68633 6.66526 3.11177
    endloop
  endfacet
  facet normal -0.674915 -0.553873 0.48756
    outer loop
      vertex 8.31224 7.28964 3.59999
      vertex 8.27024 7.2528 3.5
      vertex 8.7712 6.73038 3.59999
    endloop
  endfacet
  facet normal -0.674935 -0.553905 0.487496
    outer loop
      vertex 8.7712 6.73038 3.59999
      vertex 8.27024 7.2528 3.5
      vertex 8.72689 6.69637 3.5
    endloop
  endfacet
  facet normal -0.0151486 -0.0124753 0.999807
    outer loop
      vertex 8.31262 7.28998 3.6
      vertex 8.31224 7.28964 3.59999
      vertex 8.31304 7.28947 3.6
    endloop
  endfacet
  facet normal -0.0148646 -0.012199 0.999815
    outer loop
      vertex 8.31304 7.28947 3.6
      vertex 8.7712 6.73038 3.59999
      vertex 8.77161 6.7307 3.6
    endloop
  endfacet
  facet normal -0.0151374 -0.0124226 0.999808
    outer loop
      vertex 8.7712 6.73038 3.59999
      vertex 8.31304 7.28947 3.6
      vertex 8.31224 7.28964 3.59999
    endloop
  endfacet
  facet normal -0.549462 -0.450925 -0.703391
    outer loop
      vertex 5.26288 4.61542 1
      vertex 6.01015 5.26474 0
      vertex 5.55347 4.26133 1
    endloop
  endfacet
  facet normal -0.549644 -0.450708 -0.703387
    outer loop
      vertex 6.01015 5.26474 0
      vertex 5.26288 4.61542 1
      vertex 6.00728 5.26824 0
    endloop
  endfacet
  facet normal -0.54945 -0.450934 -0.703394
    outer loop
      vertex 6.33898 4.86407 0
      vertex 5.55347 4.26133 1
      vertex 6.01015 5.26474 0
    endloop
  endfacet
  facet normal -0.812842 -0.582485 0
    outer loop
      vertex 5.82029 3.88899 1
      vertex 5.55347 4.26133 1.2
      vertex 5.55347 4.26133 1
    endloop
  endfacet
  facet normal -0.812842 -0.582485 0
    outer loop
      vertex 5.55347 4.26133 1.2
      vertex 5.82029 3.88899 1
      vertex 5.82029 3.88899 1.2
    endloop
  endfacet
  facet normal -0.805897 -0.57751 0.130431
    outer loop
      vertex 5.57509 4.27792 1.40704
      vertex 5.55347 4.26133 1.2
      vertex 5.84295 3.90413 1.40704
    endloop
  endfacet
  facet normal -0.805897 -0.577509 0.130434
    outer loop
      vertex 5.84295 3.90413 1.40704
      vertex 5.55347 4.26133 1.2
      vertex 5.82029 3.88899 1.2
    endloop
  endfacet
  facet normal -0.751022 -0.538176 0.382534
    outer loop
      vertex 5.6385 4.32658 1.59999
      vertex 5.57509 4.27792 1.40704
      vertex 5.9094 3.94854 1.59999
    endloop
  endfacet
  facet normal -0.751023 -0.538187 0.382516
    outer loop
      vertex 5.9094 3.94854 1.59999
      vertex 5.57509 4.27792 1.40704
      vertex 5.84295 3.90413 1.40704
    endloop
  endfacet
  facet normal -0.644992 -0.462189 0.608578
    outer loop
      vertex 5.73937 4.40397 1.76567
      vertex 5.6385 4.32658 1.59999
      vertex 6.01511 4.01917 1.76567
    endloop
  endfacet
  facet normal -0.644995 -0.462198 0.608568
    outer loop
      vertex 6.01511 4.01917 1.76567
      vertex 5.6385 4.32658 1.59999
      vertex 5.9094 3.94854 1.59999
    endloop
  endfacet
  facet normal -0.495021 -0.354731 0.793171
    outer loop
      vertex 5.87081 4.50483 1.89281
      vertex 5.73937 4.40397 1.76567
      vertex 6.15287 4.11122 1.89281
    endloop
  endfacet
  facet normal -0.495015 -0.354718 0.793181
    outer loop
      vertex 6.15287 4.11122 1.89281
      vertex 5.73937 4.40397 1.76567
      vertex 6.01511 4.01917 1.76567
    endloop
  endfacet
  facet normal -0.311204 -0.223009 0.923807
    outer loop
      vertex 6.02388 4.62229 1.97273
      vertex 5.87081 4.50483 1.89281
      vertex 6.3133 4.21841 1.97273
    endloop
  endfacet
  facet normal -0.311204 -0.223008 0.923807
    outer loop
      vertex 6.3133 4.21841 1.97273
      vertex 5.87081 4.50483 1.89281
      vertex 6.15287 4.11122 1.89281
    endloop
  endfacet
  facet normal -0.106197 -0.0760978 0.991429
    outer loop
      vertex 6.18815 4.74833 2
      vertex 6.02388 4.62229 1.97273
      vertex 6.48545 4.33344 2
    endloop
  endfacet
  facet normal -0.106199 -0.0761023 0.991428
    outer loop
      vertex 6.48545 4.33344 2
      vertex 6.02388 4.62229 1.97273
      vertex 6.3133 4.21841 1.97273
    endloop
  endfacet
  facet normal -0.106134 -0.0760554 0.991439
    outer loop
      vertex 7.84485 6.01956 2.0511
      vertex 7.53686 5.78323 2
      vertex 8.22175 5.4936 2.0511
    endloop
  endfacet
  facet normal -0.106134 -0.0760547 0.991439
    outer loop
      vertex 8.22175 5.4936 2.0511
      vertex 7.53686 5.78323 2
      vertex 7.89896 5.27792 2
    endloop
  endfacet
  facet normal -0.311215 -0.223012 0.923802
    outer loop
      vertex 8.13187 6.2398 2.20096
      vertex 7.84485 6.01956 2.0511
      vertex 8.52256 5.69459 2.20096
    endloop
  endfacet
  facet normal -0.311216 -0.223016 0.923801
    outer loop
      vertex 8.52256 5.69459 2.20096
      vertex 7.84485 6.01956 2.0511
      vertex 8.22175 5.4936 2.0511
    endloop
  endfacet
  facet normal -0.494991 -0.354699 0.793204
    outer loop
      vertex 8.37833 6.42892 2.43933
      vertex 8.13187 6.2398 2.20096
      vertex 8.78086 5.86718 2.43933
    endloop
  endfacet
  facet normal -0.494993 -0.354705 0.7932
    outer loop
      vertex 8.78086 5.86718 2.43933
      vertex 8.13187 6.2398 2.20096
      vertex 8.52256 5.69459 2.20096
    endloop
  endfacet
  facet normal -0.645018 -0.462217 0.608529
    outer loop
      vertex 8.56744 6.57403 2.75
      vertex 8.37833 6.42892 2.43933
      vertex 8.97906 5.99962 2.75
    endloop
  endfacet
  facet normal -0.645015 -0.462203 0.608543
    outer loop
      vertex 8.97906 5.99962 2.75
      vertex 8.37833 6.42892 2.43933
      vertex 8.78086 5.86718 2.43933
    endloop
  endfacet
  facet normal -0.751028 -0.538173 0.382528
    outer loop
      vertex 8.68633 6.66526 3.11177
      vertex 8.56744 6.57403 2.75
      vertex 9.10366 6.08287 3.11177
    endloop
  endfacet
  facet normal -0.751027 -0.538183 0.382513
    outer loop
      vertex 9.10366 6.08287 3.11177
      vertex 8.56744 6.57403 2.75
      vertex 8.97906 5.99962 2.75
    endloop
  endfacet
  facet normal -0.805903 -0.577493 0.130472
    outer loop
      vertex 8.72689 6.69637 3.5
      vertex 8.68633 6.66526 3.11177
      vertex 9.14616 6.11127 3.5
    endloop
  endfacet
  facet normal -0.805902 -0.577495 0.130468
    outer loop
      vertex 9.14616 6.11127 3.5
      vertex 8.68633 6.66526 3.11177
      vertex 9.10366 6.08287 3.11177
    endloop
  endfacet
  facet normal -0.709716 -0.508581 0.487492
    outer loop
      vertex 8.7712 6.73038 3.59999
      vertex 8.72689 6.69637 3.5
      vertex 9.19261 6.14231 3.59999
    endloop
  endfacet
  facet normal -0.709694 -0.508551 0.487556
    outer loop
      vertex 9.19261 6.14231 3.59999
      vertex 8.72689 6.69637 3.5
      vertex 9.14616 6.11127 3.5
    endloop
  endfacet
  facet normal -0.015595 -0.0112631 0.999815
    outer loop
      vertex 8.77161 6.7307 3.6
      vertex 8.7712 6.73038 3.59999
      vertex 8.772 6.73016 3.6
    endloop
  endfacet
  facet normal -0.0158538 -0.0113605 0.99981
    outer loop
      vertex 8.772 6.73016 3.6
      vertex 9.19261 6.14231 3.59999
      vertex 9.19304 6.14259 3.6
    endloop
  endfacet
  facet normal -0.015565 -0.0111539 0.999817
    outer loop
      vertex 9.19261 6.14231 3.59999
      vertex 8.772 6.73016 3.6
      vertex 8.7712 6.73038 3.59999
    endloop
  endfacet
  facet normal -0.577768 -0.414031 -0.703393
    outer loop
      vertex 5.55347 4.26133 1
      vertex 6.34162 4.86038 0
      vertex 5.82029 3.88899 1
    endloop
  endfacet
  facet normal -0.578091 -0.413594 -0.703386
    outer loop
      vertex 6.34162 4.86038 0
      vertex 5.55347 4.26133 1
      vertex 6.33898 4.86407 0
    endloop
  endfacet
  facet normal -0.577777 -0.414024 -0.703391
    outer loop
      vertex 6.64353 4.43906 0
      vertex 5.82029 3.88899 1
      vertex 6.34162 4.86038 0
    endloop
  endfacet
  facet normal -0.849202 -0.528069 0
    outer loop
      vertex 6.06218 3.5 1
      vertex 5.82029 3.88899 1.2
      vertex 5.82029 3.88899 1
    endloop
  endfacet
  facet normal -0.849202 -0.528069 0
    outer loop
      vertex 5.82029 3.88899 1.2
      vertex 6.06218 3.5 1
      vertex 6.06218 3.5 1.2
    endloop
  endfacet
  facet normal -0.841946 -0.523559 0.130435
    outer loop
      vertex 5.84295 3.90413 1.40704
      vertex 5.82029 3.88899 1.2
      vertex 6.08578 3.51363 1.40704
    endloop
  endfacet
  facet normal -0.841946 -0.523557 0.130439
    outer loop
      vertex 6.08578 3.51363 1.40704
      vertex 5.82029 3.88899 1.2
      vertex 6.06218 3.5 1.2
    endloop
  endfacet
  facet normal -0.784616 -0.487914 0.382514
    outer loop
      vertex 5.9094 3.94854 1.59999
      vertex 5.84295 3.90413 1.40704
      vertex 6.155 3.55359 1.59999
    endloop
  endfacet
  facet normal -0.784615 -0.487908 0.382523
    outer loop
      vertex 6.155 3.55359 1.59999
      vertex 5.84295 3.90413 1.40704
      vertex 6.08578 3.51363 1.40704
    endloop
  endfacet
  facet normal -0.67384 -0.419028 0.608568
    outer loop
      vertex 6.01511 4.01917 1.76567
      vertex 5.9094 3.94854 1.59999
      vertex 6.2651 3.61716 1.76567
    endloop
  endfacet
  facet normal -0.67384 -0.419028 0.608567
    outer loop
      vertex 6.2651 3.61716 1.76567
      vertex 5.9094 3.94854 1.59999
      vertex 6.155 3.55359 1.59999
    endloop
  endfacet
  facet normal -0.517154 -0.321584 0.79318
    outer loop
      vertex 6.15287 4.11122 1.89281
      vertex 6.01511 4.01917 1.76567
      vertex 6.40858 3.7 1.89281
    endloop
  endfacet
  facet normal -0.517162 -0.321598 0.79317
    outer loop
      vertex 6.40858 3.7 1.89281
      vertex 6.01511 4.01917 1.76567
      vertex 6.2651 3.61716 1.76567
    endloop
  endfacet
  facet normal -0.325123 -0.202175 0.923807
    outer loop
      vertex 6.3133 4.21841 1.97273
      vertex 6.15287 4.11122 1.89281
      vertex 6.57568 3.79647 1.97273
    endloop
  endfacet
  facet normal -0.32512 -0.20217 0.92381
    outer loop
      vertex 6.57568 3.79647 1.97273
      vertex 6.15287 4.11122 1.89281
      vertex 6.40858 3.7 1.89281
    endloop
  endfacet
  facet normal -0.110949 -0.0689936 0.991428
    outer loop
      vertex 6.48545 4.33344 2
      vertex 6.3133 4.21841 1.97273
      vertex 6.75499 3.89999 2
    endloop
  endfacet
  facet normal -0.110948 -0.0689924 0.991429
    outer loop
      vertex 6.75499 3.89999 2
      vertex 6.3133 4.21841 1.97273
      vertex 6.57568 3.79647 1.97273
    endloop
  endfacet
  facet normal -0.110882 -0.0689496 0.991439
    outer loop
      vertex 8.22175 5.4936 2.0511
      vertex 7.89896 5.27792 2
      vertex 8.56344 4.94411 2.0511
    endloop
  endfacet
  facet normal -0.110882 -0.0689505 0.991439
    outer loop
      vertex 8.56344 4.94411 2.0511
      vertex 7.89896 5.27792 2
      vertex 8.22724 4.75 2
    endloop
  endfacet
  facet normal -0.325134 -0.202185 0.923801
    outer loop
      vertex 8.52256 5.69459 2.20096
      vertex 8.22175 5.4936 2.0511
      vertex 8.87676 5.125 2.20096
    endloop
  endfacet
  facet normal -0.32513 -0.202176 0.923805
    outer loop
      vertex 8.87676 5.125 2.20096
      vertex 8.22175 5.4936 2.0511
      vertex 8.56344 4.94411 2.0511
    endloop
  endfacet
  facet normal -0.51713 -0.321575 0.7932
    outer loop
      vertex 8.78086 5.86718 2.43933
      vertex 8.52256 5.69459 2.20096
      vertex 9.14579 5.28033 2.43933
    endloop
  endfacet
  facet normal -0.517131 -0.321578 0.793198
    outer loop
      vertex 9.14579 5.28033 2.43933
      vertex 8.52256 5.69459 2.20096
      vertex 8.87676 5.125 2.20096
    endloop
  endfacet
  facet normal -0.673861 -0.419031 0.608542
    outer loop
      vertex 8.97906 5.99962 2.75
      vertex 8.78086 5.86718 2.43933
      vertex 9.35223 5.39951 2.75
    endloop
  endfacet
  facet normal -0.673863 -0.419039 0.608535
    outer loop
      vertex 9.35223 5.39951 2.75
      vertex 8.78086 5.86718 2.43933
      vertex 9.14579 5.28033 2.43933
    endloop
  endfacet
  facet normal -0.784618 -0.487912 0.382514
    outer loop
      vertex 9.10366 6.08287 3.11177
      vertex 8.97906 5.99962 2.75
      vertex 9.48201 5.47444 3.11177
    endloop
  endfacet
  facet normal -0.784617 -0.487903 0.382526
    outer loop
      vertex 9.48201 5.47444 3.11177
      vertex 8.97906 5.99962 2.75
      vertex 9.35223 5.39951 2.75
    endloop
  endfacet
  facet normal -0.841939 -0.523562 0.130468
    outer loop
      vertex 9.14616 6.11127 3.5
      vertex 9.10366 6.08287 3.11177
      vertex 9.52628 5.5 3.5
    endloop
  endfacet
  facet normal -0.84194 -0.523558 0.130476
    outer loop
      vertex 9.52628 5.5 3.5
      vertex 9.10366 6.08287 3.11177
      vertex 9.48201 5.47444 3.11177
    endloop
  endfacet
  facet normal -0.74143 -0.461056 0.487555
    outer loop
      vertex 9.19261 6.14231 3.59999
      vertex 9.14616 6.11127 3.5
      vertex 9.57466 5.52793 3.59999
    endloop
  endfacet
  facet normal -0.741438 -0.461066 0.487532
    outer loop
      vertex 9.57466 5.52793 3.59999
      vertex 9.14616 6.11127 3.5
      vertex 9.52628 5.5 3.5
    endloop
  endfacet
  facet normal -0.0164393 -0.0104614 0.99981
    outer loop
      vertex 9.19304 6.14259 3.6
      vertex 9.19261 6.14231 3.59999
      vertex 9.19339 6.14204 3.6
    endloop
  endfacet
  facet normal -0.0166171 -0.010333 0.999809
    outer loop
      vertex 9.19339 6.14204 3.6
      vertex 9.57466 5.52793 3.59999
      vertex 9.5751 5.52819 3.6
    endloop
  endfacet
  facet normal -0.0163341 -0.0101573 0.999815
    outer loop
      vertex 9.57466 5.52793 3.59999
      vertex 9.19339 6.14204 3.6
      vertex 9.19261 6.14231 3.59999
    endloop
  endfacet
  facet normal -0.603616 -0.375354 -0.70339
    outer loop
      vertex 5.82029 3.88899 1
      vertex 6.64592 4.43521 0
      vertex 6.06218 3.5 1
    endloop
  endfacet
  facet normal -0.60391 -0.374895 -0.703382
    outer loop
      vertex 6.64592 4.43521 0
      vertex 5.82029 3.88899 1
      vertex 6.64353 4.43906 0
    endloop
  endfacet
  facet normal -0.603616 -0.375354 -0.70339
    outer loop
      vertex 6.91963 3.99505 0
      vertex 6.06218 3.5 1
      vertex 6.64592 4.43521 0
    endloop
  endfacet
  facet normal -0.881923 -0.471394 0
    outer loop
      vertex 6.27811 3.09602 1
      vertex 6.06218 3.5 1.2
      vertex 6.06218 3.5 1
    endloop
  endfacet
  facet normal -0.881923 -0.471394 0
    outer loop
      vertex 6.06218 3.5 1.2
      vertex 6.27811 3.09602 1
      vertex 6.27811 3.09602 1.2
    endloop
  endfacet
  facet normal -0.874392 -0.467359 0.130437
    outer loop
      vertex 6.08578 3.51363 1.40704
      vertex 6.06218 3.5 1.2
      vertex 6.30255 3.10807 1.40704
    endloop
  endfacet
  facet normal -0.87439 -0.467367 0.130419
    outer loop
      vertex 6.30255 3.10807 1.40704
      vertex 6.06218 3.5 1.2
      vertex 6.27811 3.09602 1.2
    endloop
  endfacet
  facet normal -0.814856 -0.435529 0.382524
    outer loop
      vertex 6.155 3.55359 1.59999
      vertex 6.08578 3.51363 1.40704
      vertex 6.37423 3.14342 1.59999
    endloop
  endfacet
  facet normal -0.814858 -0.435538 0.38251
    outer loop
      vertex 6.37423 3.14342 1.59999
      vertex 6.08578 3.51363 1.40704
      vertex 6.30255 3.10807 1.40704
    endloop
  endfacet
  facet normal -0.699809 -0.37405 0.608567
    outer loop
      vertex 6.2651 3.61716 1.76567
      vertex 6.155 3.55359 1.59999
      vertex 6.48826 3.19965 1.76567
    endloop
  endfacet
  facet normal -0.699802 -0.374034 0.608585
    outer loop
      vertex 6.48826 3.19965 1.76567
      vertex 6.155 3.55359 1.59999
      vertex 6.37423 3.14342 1.59999
    endloop
  endfacet
  facet normal -0.537093 -0.287077 0.79317
    outer loop
      vertex 6.40858 3.7 1.89281
      vertex 6.2651 3.61716 1.76567
      vertex 6.63685 3.27293 1.89281
    endloop
  endfacet
  facet normal -0.537093 -0.287077 0.79317
    outer loop
      vertex 6.63685 3.27293 1.89281
      vertex 6.2651 3.61716 1.76567
      vertex 6.48826 3.19965 1.76567
    endloop
  endfacet
  facet normal -0.337646 -0.180473 0.92381
    outer loop
      vertex 6.57568 3.79647 1.97273
      vertex 6.40858 3.7 1.89281
      vertex 6.8099 3.35827 1.97273
    endloop
  endfacet
  facet normal -0.337645 -0.180472 0.92381
    outer loop
      vertex 6.8099 3.35827 1.97273
      vertex 6.40858 3.7 1.89281
      vertex 6.63685 3.27293 1.89281
    endloop
  endfacet
  facet normal -0.115223 -0.0615891 0.991429
    outer loop
      vertex 6.75499 3.89999 2
      vertex 6.57568 3.79647 1.97273
      vertex 6.9956 3.44985 2
    endloop
  endfacet
  facet normal -0.11522 -0.0615854 0.991429
    outer loop
      vertex 6.9956 3.44985 2
      vertex 6.57568 3.79647 1.97273
      vertex 6.8099 3.35827 1.97273
    endloop
  endfacet
  facet normal -0.115154 -0.0615513 0.991439
    outer loop
      vertex 8.56344 4.94411 2.0511
      vertex 8.22724 4.75 2
      vertex 8.86847 4.37344 2.0511
    endloop
  endfacet
  facet normal -0.115154 -0.0615508 0.991439
    outer loop
      vertex 8.86847 4.37344 2.0511
      vertex 8.22724 4.75 2
      vertex 8.52029 4.20174 2
    endloop
  endfacet
  facet normal -0.337654 -0.180483 0.923805
    outer loop
      vertex 8.87676 5.125 2.20096
      vertex 8.56344 4.94411 2.0511
      vertex 9.19295 4.53346 2.20096
    endloop
  endfacet
  facet normal -0.337652 -0.180479 0.923806
    outer loop
      vertex 9.19295 4.53346 2.20096
      vertex 8.56344 4.94411 2.0511
      vertex 8.86847 4.37344 2.0511
    endloop
  endfacet
  facet normal -0.537058 -0.287065 0.793198
    outer loop
      vertex 9.14579 5.28033 2.43933
      vertex 8.87676 5.125 2.20096
      vertex 9.47156 4.67086 2.43933
    endloop
  endfacet
  facet normal -0.53706 -0.28707 0.793194
    outer loop
      vertex 9.47156 4.67086 2.43933
      vertex 8.87676 5.125 2.20096
      vertex 9.19295 4.53346 2.20096
    endloop
  endfacet
  facet normal -0.699827 -0.374068 0.608535
    outer loop
      vertex 9.35223 5.39951 2.75
      vertex 9.14579 5.28033 2.43933
      vertex 9.68535 4.77629 2.75
    endloop
  endfacet
  facet normal -0.699827 -0.374067 0.608536
    outer loop
      vertex 9.68535 4.77629 2.75
      vertex 9.14579 5.28033 2.43933
      vertex 9.47156 4.67086 2.43933
    endloop
  endfacet
  facet normal -0.814848 -0.435543 0.382525
    outer loop
      vertex 9.48201 5.47444 3.11177
      vertex 9.35223 5.39951 2.75
      vertex 9.81975 4.84257 3.11177
    endloop
  endfacet
  facet normal -0.814848 -0.435548 0.382518
    outer loop
      vertex 9.81975 4.84257 3.11177
      vertex 9.35223 5.39951 2.75
      vertex 9.68535 4.77629 2.75
    endloop
  endfacet
  facet normal -0.874381 -0.467369 0.130476
    outer loop
      vertex 9.52628 5.5 3.5
      vertex 9.48201 5.47444 3.11177
      vertex 9.8656 4.86518 3.5
    endloop
  endfacet
  facet normal -0.874382 -0.467365 0.130483
    outer loop
      vertex 9.8656 4.86518 3.5
      vertex 9.48201 5.47444 3.11177
      vertex 9.81975 4.84257 3.11177
    endloop
  endfacet
  facet normal -0.770012 -0.411574 0.487533
    outer loop
      vertex 9.57466 5.52793 3.59999
      vertex 9.52628 5.5 3.5
      vertex 9.9157 4.88988 3.59999
    endloop
  endfacet
  facet normal -0.770027 -0.41159 0.487495
    outer loop
      vertex 9.9157 4.88988 3.59999
      vertex 9.52628 5.5 3.5
      vertex 9.8656 4.86518 3.5
    endloop
  endfacet
  facet normal -0.0172689 -0.00922992 0.999808
    outer loop
      vertex 9.5751 5.52819 3.6
      vertex 9.57466 5.52793 3.59999
      vertex 9.57541 5.52761 3.6
    endloop
  endfacet
  facet normal -0.0171513 -0.00916752 0.999811
    outer loop
      vertex 9.57541 5.52761 3.6
      vertex 9.9157 4.88988 3.59999
      vertex 9.91616 4.89011 3.6
    endloop
  endfacet
  facet normal -0.0172691 -0.00923038 0.999808
    outer loop
      vertex 9.9157 4.88988 3.59999
      vertex 9.57541 5.52761 3.6
      vertex 9.57466 5.52793 3.59999
    endloop
  endfacet
  facet normal -0.626874 -0.335068 -0.70339
    outer loop
      vertex 6.06218 3.5 1
      vertex 6.92177 3.99105 0
      vertex 6.27811 3.09602 1
    endloop
  endfacet
  facet normal -0.626742 -0.335307 -0.703394
    outer loop
      vertex 6.92177 3.99105 0
      vertex 6.06218 3.5 1
      vertex 6.91963 3.99505 0
    endloop
  endfacet
  facet normal -0.626869 -0.335074 -0.703392
    outer loop
      vertex 7.16611 3.53393 0
      vertex 6.27811 3.09602 1
      vertex 6.92177 3.99105 0
    endloop
  endfacet
  facet normal -0.910863 -0.412709 0
    outer loop
      vertex 6.46716 2.67878 1
      vertex 6.27811 3.09602 1.2
      vertex 6.27811 3.09602 1
    endloop
  endfacet
  facet normal -0.910863 -0.412709 0
    outer loop
      vertex 6.27811 3.09602 1.2
      vertex 6.46716 2.67878 1
      vertex 6.46716 2.67878 1.2
    endloop
  endfacet
  facet normal -0.903086 -0.409177 0.130419
    outer loop
      vertex 6.30255 3.10807 1.40704
      vertex 6.27811 3.09602 1.2
      vertex 6.49233 2.68921 1.40704
    endloop
  endfacet
  facet normal -0.903085 -0.409185 0.130402
    outer loop
      vertex 6.49233 2.68921 1.40704
      vertex 6.27811 3.09602 1.2
      vertex 6.46716 2.67878 1.2
    endloop
  endfacet
  facet normal -0.841586 -0.381338 0.38251
    outer loop
      vertex 6.37423 3.14342 1.59999
      vertex 6.30255 3.10807 1.40704
      vertex 6.56618 2.7198 1.59999
    endloop
  endfacet
  facet normal -0.841578 -0.381308 0.382559
    outer loop
      vertex 6.56618 2.7198 1.59999
      vertex 6.30255 3.10807 1.40704
      vertex 6.49233 2.68921 1.40704
    endloop
  endfacet
  facet normal -0.722763 -0.327472 0.608585
    outer loop
      vertex 6.48826 3.19965 1.76567
      vertex 6.37423 3.14342 1.59999
      vertex 6.68363 2.76845 1.76567
    endloop
  endfacet
  facet normal -0.722781 -0.327505 0.608545
    outer loop
      vertex 6.68363 2.76845 1.76567
      vertex 6.37423 3.14342 1.59999
      vertex 6.56618 2.7198 1.59999
    endloop
  endfacet
  facet normal -0.554718 -0.251338 0.793169
    outer loop
      vertex 6.63685 3.27293 1.89281
      vertex 6.48826 3.19965 1.76567
      vertex 6.8367 2.83185 1.89281
    endloop
  endfacet
  facet normal -0.554712 -0.251332 0.793175
    outer loop
      vertex 6.8367 2.83185 1.89281
      vertex 6.48826 3.19965 1.76567
      vertex 6.68363 2.76845 1.76567
    endloop
  endfacet
  facet normal -0.348725 -0.158004 0.92381
    outer loop
      vertex 6.8099 3.35827 1.97273
      vertex 6.63685 3.27293 1.89281
      vertex 7.01496 2.90569 1.97273
    endloop
  endfacet
  facet normal -0.348726 -0.158005 0.92381
    outer loop
      vertex 7.01496 2.90569 1.97273
      vertex 6.63685 3.27293 1.89281
      vertex 6.8367 2.83185 1.89281
    endloop
  endfacet
  facet normal -0.119001 -0.053918 0.991429
    outer loop
      vertex 6.9956 3.44985 2
      vertex 6.8099 3.35827 1.97273
      vertex 7.20625 2.98493 2
    endloop
  endfacet
  facet normal -0.119001 -0.0539185 0.991429
    outer loop
      vertex 7.20625 2.98493 2
      vertex 6.8099 3.35827 1.97273
      vertex 7.01496 2.90569 1.97273
    endloop
  endfacet
  facet normal -0.118748 -0.0538025 0.991466
    outer loop
      vertex 8.86847 4.37344 2.0511
      vertex 9.0097 4.03593 2.0497
      vertex 9.0194 4.04032 2.0511
    endloop
  endfacet
  facet normal -0.118933 -0.0538796 0.991439
    outer loop
      vertex 8.86847 4.37344 2.0511
      vertex 8.87253 3.9626 2.02926
      vertex 9.0097 4.03593 2.0497
    endloop
  endfacet
  facet normal -0.118937 -0.0538796 0.991439
    outer loop
      vertex 8.87253 3.9626 2.02926
      vertex 8.86847 4.37344 2.0511
      vertex 8.52029 4.20174 2
    endloop
  endfacet
  facet normal -0.11895 -0.0538958 0.991436
    outer loop
      vertex 8.75 3.89711 2.011
      vertex 8.52029 4.20174 2
      vertex 8.67847 3.85263 2
    endloop
  endfacet
  facet normal -0.118945 -0.0538915 0.991437
    outer loop
      vertex 8.52029 4.20174 2
      vertex 8.75 3.89711 2.011
      vertex 8.87253 3.9626 2.02926
    endloop
  endfacet
  facet normal -0.348704 -0.15799 0.923821
    outer loop
      vertex 9.19295 4.53346 2.20096
      vertex 9.27792 4.15746 2.16873
      vertex 9.35087 4.18491 2.20096
    endloop
  endfacet
  facet normal -0.348752 -0.157999 0.923801
    outer loop
      vertex 9.19295 4.53346 2.20096
      vertex 9.20221 4.12315 2.13428
      vertex 9.27792 4.15746 2.16873
    endloop
  endfacet
  facet normal -0.348738 -0.157999 0.923806
    outer loop
      vertex 9.20221 4.12315 2.13428
      vertex 9.19295 4.53346 2.20096
      vertex 8.86847 4.37344 2.0511
    endloop
  endfacet
  facet normal -0.348744 -0.158009 0.923802
    outer loop
      vertex 9.20221 4.12315 2.13428
      vertex 8.86847 4.37344 2.0511
      vertex 9.0194 4.04032 2.0511
    endloop
  endfacet
  facet normal -0.554657 -0.251318 0.793218
    outer loop
      vertex 9.47156 4.67086 2.43933
      vertex 9.55352 4.26118 2.36684
      vertex 9.64466 4.28883 2.43933
    endloop
  endfacet
  facet normal -0.554677 -0.25132 0.793204
    outer loop
      vertex 9.47156 4.67086 2.43933
      vertex 9.51957 4.2484 2.33905
      vertex 9.55352 4.26118 2.36684
    endloop
  endfacet
  facet normal -0.554691 -0.251319 0.793194
    outer loop
      vertex 9.51957 4.2484 2.33905
      vertex 9.47156 4.67086 2.43933
      vertex 9.19295 4.53346 2.20096
    endloop
  endfacet
  facet normal -0.55469 -0.251317 0.793195
    outer loop
      vertex 9.51957 4.2484 2.33905
      vertex 9.19295 4.53346 2.20096
      vertex 9.35087 4.18491 2.20096
    endloop
  endfacet
  facet normal -0.722795 -0.327493 0.608536
    outer loop
      vertex 9.83531 4.34667 2.69691
      vertex 9.68535 4.77629 2.75
      vertex 9.47156 4.67086 2.43933
    endloop
  endfacet
  facet normal -0.722791 -0.327492 0.608541
    outer loop
      vertex 9.68535 4.77629 2.75
      vertex 9.83531 4.34667 2.69691
      vertex 9.87574 4.35609 2.75
    endloop
  endfacet
  facet normal -0.722798 -0.327504 0.608527
    outer loop
      vertex 9.83531 4.34667 2.69691
      vertex 9.47156 4.67086 2.43933
      vertex 9.78914 4.33266 2.63453
    endloop
  endfacet
  facet normal -0.722798 -0.327504 0.608526
    outer loop
      vertex 9.78914 4.33266 2.63453
      vertex 9.47156 4.67086 2.43933
      vertex 9.64466 4.28883 2.43933
    endloop
  endfacet
  facet normal -0.841589 -0.381324 0.382518
    outer loop
      vertex 9.97637 4.37956 2.99479
      vertex 9.81975 4.84257 3.11177
      vertex 9.68535 4.77629 2.75
    endloop
  endfacet
  facet normal -0.841471 -0.381344 0.382757
    outer loop
      vertex 9.81975 4.84257 3.11177
      vertex 9.97637 4.37956 2.99479
      vertex 10.0245 4.39077 3.11177
    endloop
  endfacet
  facet normal -0.841588 -0.381318 0.382526
    outer loop
      vertex 9.97637 4.37956 2.99479
      vertex 9.68535 4.77629 2.75
      vertex 9.87574 4.35609 2.75
    endloop
  endfacet
  facet normal -0.903077 -0.409177 0.130483
    outer loop
      vertex 10.06 4.39906 3.38376
      vertex 9.8656 4.86518 3.5
      vertex 9.81975 4.84257 3.11177
    endloop
  endfacet
  facet normal -0.903063 -0.409188 0.13055
    outer loop
      vertex 9.8656 4.86518 3.5
      vertex 10.06 4.39906 3.38376
      vertex 10.0752 4.4026 3.5
    endloop
  endfacet
  facet normal -0.903062 -0.409256 0.130341
    outer loop
      vertex 10.06 4.39906 3.38376
      vertex 9.81975 4.84257 3.11177
      vertex 10.0245 4.39077 3.11177
    endloop
  endfacet
  facet normal -0.795281 -0.36038 0.487498
    outer loop
      vertex 9.8656 4.86518 3.5
      vertex 10.1309 4.41498 3.59999
      vertex 9.9157 4.88988 3.59999
    endloop
  endfacet
  facet normal -0.795001 -0.360062 0.488188
    outer loop
      vertex 9.8656 4.86518 3.5
      vertex 10.1221 4.41353 3.58459
      vertex 10.1309 4.41498 3.59999
    endloop
  endfacet
  facet normal -0.794828 -0.359886 0.488601
    outer loop
      vertex 10.1221 4.41353 3.58459
      vertex 9.8656 4.86518 3.5
      vertex 10.1148 4.41184 3.57147
    endloop
  endfacet
  facet normal -0.795391 -0.3604 0.487304
    outer loop
      vertex 10.1148 4.41184 3.57147
      vertex 9.8656 4.86518 3.5
      vertex 10.0752 4.4026 3.5
    endloop
  endfacet
  facet normal -0.0177429 -0.00798429 0.999811
    outer loop
      vertex 9.91616 4.89011 3.6
      vertex 9.9157 4.88988 3.59999
      vertex 9.91643 4.88951 3.6
    endloop
  endfacet
  facet normal -0.018488 -0.00837697 0.999794
    outer loop
      vertex 9.91643 4.88951 3.6
      vertex 10.1309 4.41498 3.59999
      vertex 10.1314 4.41507 3.6
    endloop
  endfacet
  facet normal -0.0177796 -0.00805679 0.999809
    outer loop
      vertex 10.1309 4.41498 3.59999
      vertex 9.91643 4.88951 3.6
      vertex 9.9157 4.88988 3.59999
    endloop
  endfacet
  facet normal -0.647444 -0.293354 -0.703392
    outer loop
      vertex 6.27811 3.09602 1
      vertex 7.16798 3.5298 0
      vertex 6.46716 2.67878 1
    endloop
  endfacet
  facet normal -0.647522 -0.293188 -0.703389
    outer loop
      vertex 7.16798 3.5298 0
      vertex 6.27811 3.09602 1
      vertex 7.16611 3.53393 0
    endloop
  endfacet
  facet normal -0.647448 -0.293348 -0.70339
    outer loop
      vertex 7.38189 3.05768 0
      vertex 6.46716 2.67878 1
      vertex 7.16798 3.5298 0
    endloop
  endfacet
  facet normal -0.935907 -0.352248 0
    outer loop
      vertex 6.62851 2.25008 1
      vertex 6.46716 2.67878 1.2
      vertex 6.46716 2.67878 1
    endloop
  endfacet
  facet normal -0.935907 -0.352248 0
    outer loop
      vertex 6.46716 2.67878 1.2
      vertex 6.62851 2.25008 1
      vertex 6.62851 2.25008 1.2
    endloop
  endfacet
  facet normal -0.927907 -0.349262 0.130401
    outer loop
      vertex 6.49233 2.68921 1.40704
      vertex 6.46716 2.67878 1.2
      vertex 6.65432 2.25884 1.40704
    endloop
  endfacet
  facet normal -0.927909 -0.349238 0.130451
    outer loop
      vertex 6.65432 2.25884 1.40704
      vertex 6.46716 2.67878 1.2
      vertex 6.62851 2.25008 1.2
    endloop
  endfacet
  facet normal -0.864715 -0.325448 0.382559
    outer loop
      vertex 6.56618 2.7198 1.59999
      vertex 6.49233 2.68921 1.40704
      vertex 6.73 2.28453 1.59999
    endloop
  endfacet
  facet normal -0.864727 -0.325481 0.382504
    outer loop
      vertex 6.73 2.28453 1.59999
      vertex 6.49233 2.68921 1.40704
      vertex 6.65432 2.25884 1.40704
    endloop
  endfacet
  facet normal -0.742657 -0.279523 0.608546
    outer loop
      vertex 6.68363 2.76845 1.76567
      vertex 6.56618 2.7198 1.59999
      vertex 6.85039 2.32539 1.76567
    endloop
  endfacet
  facet normal -0.742645 -0.279505 0.608568
    outer loop
      vertex 6.85039 2.32539 1.76567
      vertex 6.56618 2.7198 1.59999
      vertex 6.73 2.28453 1.59999
    endloop
  endfacet
  facet normal -0.569957 -0.214526 0.793175
    outer loop
      vertex 6.8367 2.83185 1.89281
      vertex 6.68363 2.76845 1.76567
      vertex 7.00728 2.37865 1.89281
    endloop
  endfacet
  facet normal -0.569952 -0.21452 0.793181
    outer loop
      vertex 7.00728 2.37865 1.89281
      vertex 6.68363 2.76845 1.76567
      vertex 6.85039 2.32539 1.76567
    endloop
  endfacet
  facet normal -0.358313 -0.134859 0.92381
    outer loop
      vertex 7.01496 2.90569 1.97273
      vertex 6.8367 2.83185 1.89281
      vertex 7.18998 2.44067 1.97273
    endloop
  endfacet
  facet normal -0.358324 -0.13487 0.923804
    outer loop
      vertex 7.18998 2.44067 1.97273
      vertex 6.8367 2.83185 1.89281
      vertex 7.00728 2.37865 1.89281
    endloop
  endfacet
  facet normal -0.122274 -0.0460187 0.991429
    outer loop
      vertex 7.20625 2.98493 2
      vertex 7.01496 2.90569 1.97273
      vertex 7.38604 2.50722 2
    endloop
  endfacet
  facet normal -0.122277 -0.0460213 0.991429
    outer loop
      vertex 7.38604 2.50722 2
      vertex 7.01496 2.90569 1.97273
      vertex 7.18998 2.44067 1.97273
    endloop
  endfacet
  facet normal -0.665245 -0.250379 -0.703391
    outer loop
      vertex 6.46716 2.67878 1
      vertex 7.38349 3.05344 0
      vertex 6.62851 2.25008 1
    endloop
  endfacet
  facet normal -0.665021 -0.250951 -0.7034
    outer loop
      vertex 7.38349 3.05344 0
      vertex 6.46716 2.67878 1
      vertex 7.38189 3.05768 0
    endloop
  endfacet
  facet normal -0.665246 -0.250378 -0.703391
    outer loop
      vertex 7.56607 2.56833 0
      vertex 6.62851 2.25008 1
      vertex 7.38349 3.05344 0
    endloop
  endfacet
  facet normal -0.956942 -0.290281 0
    outer loop
      vertex 6.76148 1.81173 1
      vertex 6.62851 2.25008 1.2
      vertex 6.62851 2.25008 1
    endloop
  endfacet
  facet normal -0.956942 -0.290281 0
    outer loop
      vertex 6.62851 2.25008 1.2
      vertex 6.76148 1.81173 1
      vertex 6.76148 1.81173 1.2
    endloop
  endfacet
  facet normal -0.948768 -0.287789 0.130452
    outer loop
      vertex 6.65432 2.25884 1.40704
      vertex 6.62851 2.25008 1.2
      vertex 6.7878 1.81879 1.40704
    endloop
  endfacet
  facet normal -0.948767 -0.287801 0.130426
    outer loop
      vertex 6.7878 1.81879 1.40704
      vertex 6.62851 2.25008 1.2
      vertex 6.76148 1.81173 1.2
    endloop
  endfacet
  facet normal -0.884167 -0.268214 0.382504
    outer loop
      vertex 6.73 2.28453 1.59999
      vertex 6.65432 2.25884 1.40704
      vertex 6.86501 1.83947 1.59999
    endloop
  endfacet
  facet normal -0.884157 -0.268191 0.382544
    outer loop
      vertex 6.86501 1.83947 1.59999
      vertex 6.65432 2.25884 1.40704
      vertex 6.7878 1.81879 1.40704
    endloop
  endfacet
  facet normal -0.759332 -0.230342 0.60857
    outer loop
      vertex 6.85039 2.32539 1.76567
      vertex 6.73 2.28453 1.59999
      vertex 6.98781 1.87238 1.76567
    endloop
  endfacet
  facet normal -0.759335 -0.230346 0.608565
    outer loop
      vertex 6.98781 1.87238 1.76567
      vertex 6.73 2.28453 1.59999
      vertex 6.86501 1.83947 1.59999
    endloop
  endfacet
  facet normal -0.582766 -0.17677 0.793181
    outer loop
      vertex 7.00728 2.37865 1.89281
      vertex 6.85039 2.32539 1.76567
      vertex 7.14784 1.91526 1.89281
    endloop
  endfacet
  facet normal -0.582782 -0.176786 0.793166
    outer loop
      vertex 7.14784 1.91526 1.89281
      vertex 6.85039 2.32539 1.76567
      vertex 6.98781 1.87238 1.76567
    endloop
  endfacet
  facet normal -0.366378 -0.111145 0.923804
    outer loop
      vertex 7.18998 2.44067 1.97273
      vertex 7.00728 2.37865 1.89281
      vertex 7.33422 1.9652 1.97273
    endloop
  endfacet
  facet normal -0.366357 -0.111127 0.923815
    outer loop
      vertex 7.33422 1.9652 1.97273
      vertex 7.00728 2.37865 1.89281
      vertex 7.14784 1.91526 1.89281
    endloop
  endfacet
  facet normal -0.125024 -0.0379265 0.991429
    outer loop
      vertex 7.38604 2.50722 2
      vertex 7.18998 2.44067 1.97273
      vertex 7.53421 2.01878 2
    endloop
  endfacet
  facet normal -0.125026 -0.0379284 0.991428
    outer loop
      vertex 7.53421 2.01878 2
      vertex 7.18998 2.44067 1.97273
      vertex 7.33422 1.9652 1.97273
    endloop
  endfacet
  facet normal -0.680195 -0.206332 -0.703393
    outer loop
      vertex 6.62851 2.25008 1
      vertex 7.56739 2.564 0
      vertex 6.76148 1.81173 1
    endloop
  endfacet
  facet normal -0.679897 -0.207266 -0.703407
    outer loop
      vertex 7.56739 2.564 0
      vertex 6.62851 2.25008 1
      vertex 7.56607 2.56833 0
    endloop
  endfacet
  facet normal -0.680195 -0.206331 -0.703393
    outer loop
      vertex 7.71785 2.06799 0
      vertex 6.76148 1.81173 1
      vertex 7.56739 2.564 0
    endloop
  endfacet
  facet normal -0.973875 -0.227085 0
    outer loop
      vertex 6.8655 1.36563 1
      vertex 6.76148 1.81173 1.2
      vertex 6.76148 1.81173 1
    endloop
  endfacet
  facet normal -0.973875 -0.227085 0
    outer loop
      vertex 6.76148 1.81173 1.2
      vertex 6.8655 1.36563 1
      vertex 6.8655 1.36563 1.2
    endloop
  endfacet
  facet normal -0.965554 -0.225154 0.130424
    outer loop
      vertex 6.7878 1.81879 1.40704
      vertex 6.76148 1.81173 1.2
      vertex 6.89223 1.37095 1.40704
    endloop
  endfacet
  facet normal -0.965554 -0.225144 0.130444
    outer loop
      vertex 6.89223 1.37095 1.40704
      vertex 6.76148 1.81173 1.2
      vertex 6.8655 1.36563 1.2
    endloop
  endfacet
  facet normal -0.899804 -0.209788 0.382546
    outer loop
      vertex 6.86501 1.83947 1.59999
      vertex 6.7878 1.81879 1.40704
      vertex 6.97061 1.38654 1.59999
    endloop
  endfacet
  facet normal -0.899824 -0.209826 0.382479
    outer loop
      vertex 6.97061 1.38654 1.59999
      vertex 6.7878 1.81879 1.40704
      vertex 6.89223 1.37095 1.40704
    endloop
  endfacet
  facet normal -0.772776 -0.180187 0.608564
    outer loop
      vertex 6.98781 1.87238 1.76567
      vertex 6.86501 1.83947 1.59999
      vertex 7.09531 1.41134 1.76567
    endloop
  endfacet
  facet normal -0.772759 -0.180168 0.60859
    outer loop
      vertex 7.09531 1.41134 1.76567
      vertex 6.86501 1.83947 1.59999
      vertex 6.97061 1.38654 1.59999
    endloop
  endfacet
  facet normal -0.593096 -0.138291 0.793166
    outer loop
      vertex 7.14784 1.91526 1.89281
      vertex 6.98781 1.87238 1.76567
      vertex 7.2578 1.44367 1.89281
    endloop
  endfacet
  facet normal -0.593096 -0.138291 0.793166
    outer loop
      vertex 7.2578 1.44367 1.89281
      vertex 6.98781 1.87238 1.76567
      vertex 7.09531 1.41134 1.76567
    endloop
  endfacet
  facet normal -0.372841 -0.0869286 0.923815
    outer loop
      vertex 7.33422 1.9652 1.97273
      vertex 7.14784 1.91526 1.89281
      vertex 7.44704 1.48131 1.97273
    endloop
  endfacet
  facet normal -0.372852 -0.0869374 0.923809
    outer loop
      vertex 7.44704 1.48131 1.97273
      vertex 7.14784 1.91526 1.89281
      vertex 7.2578 1.44367 1.89281
    endloop
  endfacet
  facet normal -0.12724 -0.0296674 0.991428
    outer loop
      vertex 7.53421 2.01878 2
      vertex 7.33422 1.9652 1.97273
      vertex 7.65011 1.5217 2
    endloop
  endfacet
  facet normal -0.127237 -0.0296656 0.991429
    outer loop
      vertex 7.65011 1.5217 2
      vertex 7.33422 1.9652 1.97273
      vertex 7.44704 1.48131 1.97273
    endloop
  endfacet
  facet normal -0.692231 -0.161412 -0.703394
    outer loop
      vertex 6.76148 1.81173 1
      vertex 7.71888 2.06358 0
      vertex 6.8655 1.36563 1
    endloop
  endfacet
  facet normal -0.692169 -0.161663 -0.703397
    outer loop
      vertex 7.71888 2.06358 0
      vertex 6.76148 1.81173 1
      vertex 7.71785 2.06799 0
    endloop
  endfacet
  facet normal -0.692234 -0.161406 -0.703392
    outer loop
      vertex 7.83658 1.55879 0
      vertex 6.8655 1.36563 1
      vertex 7.71888 2.06358 0
    endloop
  endfacet
  facet normal -0.986646 -0.162881 0
    outer loop
      vertex 6.94011 0.913683 1
      vertex 6.8655 1.36563 1.2
      vertex 6.8655 1.36563 1
    endloop
  endfacet
  facet normal -0.986646 -0.162881 0
    outer loop
      vertex 6.8655 1.36563 1.2
      vertex 6.94011 0.913683 1
      vertex 6.94011 0.913683 1.2
    endloop
  endfacet
  facet normal -0.978216 -0.161487 0.130443
    outer loop
      vertex 6.89223 1.37095 1.40704
      vertex 6.8655 1.36563 1.2
      vertex 6.96713 0.91724 1.40704
    endloop
  endfacet
  facet normal -0.978216 -0.16149 0.130438
    outer loop
      vertex 6.96713 0.91724 1.40704
      vertex 6.8655 1.36563 1.2
      vertex 6.94011 0.913683 1.2
    endloop
  endfacet
  facet normal -0.911623 -0.150511 0.38248
    outer loop
      vertex 6.97061 1.38654 1.59999
      vertex 6.89223 1.37095 1.40704
      vertex 7.04637 0.927672 1.59999
    endloop
  endfacet
  facet normal -0.911611 -0.150492 0.382514
    outer loop
      vertex 7.04637 0.927672 1.59999
      vertex 6.89223 1.37095 1.40704
      vertex 6.96713 0.91724 1.40704
    endloop
  endfacet
  facet normal -0.782887 -0.129248 0.608591
    outer loop
      vertex 7.09531 1.41134 1.76567
      vertex 6.97061 1.38654 1.59999
      vertex 7.17242 0.944267 1.76567
    endloop
  endfacet
  facet normal -0.782896 -0.129258 0.608577
    outer loop
      vertex 7.17242 0.944267 1.76567
      vertex 6.97061 1.38654 1.59999
      vertex 7.04637 0.927672 1.59999
    endloop
  endfacet
  facet normal -0.60087 -0.099215 0.793165
    outer loop
      vertex 7.2578 1.44367 1.89281
      vertex 7.09531 1.41134 1.76567
      vertex 7.33669 0.965893 1.89281
    endloop
  endfacet
  facet normal -0.600844 -0.0991946 0.793188
    outer loop
      vertex 7.33669 0.965893 1.89281
      vertex 7.09531 1.41134 1.76567
      vertex 7.17242 0.944267 1.76567
    endloop
  endfacet
  facet normal -0.377739 -0.0623667 0.923809
    outer loop
      vertex 7.44704 1.48131 1.97273
      vertex 7.2578 1.44367 1.89281
      vertex 7.52798 0.991077 1.97273
    endloop
  endfacet
  facet normal -0.377749 -0.0623735 0.923805
    outer loop
      vertex 7.52798 0.991077 1.97273
      vertex 7.2578 1.44367 1.89281
      vertex 7.33669 0.965893 1.89281
    endloop
  endfacet
  facet normal -0.128904 -0.0212836 0.991429
    outer loop
      vertex 7.65011 1.5217 2
      vertex 7.44704 1.48131 1.97273
      vertex 7.73326 1.0181 2
    endloop
  endfacet
  facet normal -0.128903 -0.0212825 0.991429
    outer loop
      vertex 7.73326 1.0181 2
      vertex 7.44704 1.48131 1.97273
      vertex 7.52798 0.991077 1.97273
    endloop
  endfacet
  facet normal -0.701309 -0.115776 -0.703392
    outer loop
      vertex 6.8655 1.36563 1
      vertex 7.83732 1.55432 0
      vertex 6.94011 0.913683 1
    endloop
  endfacet
  facet normal -0.701253 -0.116091 -0.703397
    outer loop
      vertex 7.83732 1.55432 0
      vertex 6.8655 1.36563 1
      vertex 7.83658 1.55879 0
    endloop
  endfacet
  facet normal -0.701307 -0.115783 -0.703394
    outer loop
      vertex 7.92175 1.04292 0
      vertex 6.94011 0.913683 1
      vertex 7.83732 1.55432 0
    endloop
  endfacet
  facet normal -0.995184 -0.0980206 0
    outer loop
      vertex 6.98501 0.457822 1
      vertex 6.94011 0.913683 1.2
      vertex 6.94011 0.913683 1
    endloop
  endfacet
  facet normal -0.995184 -0.0980206 0
    outer loop
      vertex 6.94011 0.913683 1.2
      vertex 6.98501 0.457822 1
      vertex 6.98501 0.457822 1.2
    endloop
  endfacet
  facet normal -0.986681 -0.0971942 0.130438
    outer loop
      vertex 6.96713 0.91724 1.40704
      vertex 6.94011 0.913683 1.2
      vertex 7.01221 0.459604 1.40704
    endloop
  endfacet
  facet normal -0.986679 -0.0971829 0.130462
    outer loop
      vertex 7.01221 0.459604 1.40704
      vertex 6.94011 0.913683 1.2
      vertex 6.98501 0.457822 1.2
    endloop
  endfacet
  facet normal -0.9195 -0.0905711 0.382514
    outer loop
      vertex 7.04637 0.927672 1.59999
      vertex 6.96713 0.91724 1.40704
      vertex 7.09196 0.464831 1.59999
    endloop
  endfacet
  facet normal -0.919504 -0.0905769 0.382503
    outer loop
      vertex 7.09196 0.464831 1.59999
      vertex 6.96713 0.91724 1.40704
      vertex 7.01221 0.459604 1.40704
    endloop
  endfacet
  facet normal -0.789674 -0.0777738 0.608577
    outer loop
      vertex 7.17242 0.944267 1.76567
      vertex 7.04637 0.927672 1.59999
      vertex 7.21882 0.473146 1.76567
    endloop
  endfacet
  facet normal -0.789686 -0.0777843 0.608561
    outer loop
      vertex 7.21882 0.473146 1.76567
      vertex 7.04637 0.927672 1.59999
      vertex 7.09196 0.464831 1.59999
    endloop
  endfacet
  facet normal -0.606046 -0.0596851 0.793188
    outer loop
      vertex 7.33669 0.965893 1.89281
      vertex 7.17242 0.944267 1.76567
      vertex 7.38415 0.483982 1.89281
    endloop
  endfacet
  facet normal -0.606051 -0.0596891 0.793183
    outer loop
      vertex 7.38415 0.483982 1.89281
      vertex 7.17242 0.944267 1.76567
      vertex 7.21882 0.473146 1.76567
    endloop
  endfacet
  facet normal -0.381021 -0.0375261 0.923805
    outer loop
      vertex 7.52798 0.991077 1.97273
      vertex 7.33669 0.965893 1.89281
      vertex 7.57668 0.496602 1.97273
    endloop
  endfacet
  facet normal -0.381016 -0.0375236 0.923807
    outer loop
      vertex 7.57668 0.496602 1.97273
      vertex 7.33669 0.965893 1.89281
      vertex 7.38415 0.483982 1.89281
    endloop
  endfacet
  facet normal -0.130019 -0.0128059 0.991429
    outer loop
      vertex 7.73326 1.0181 2
      vertex 7.52798 0.991077 1.97273
      vertex 7.78329 0.510143 2
    endloop
  endfacet
  facet normal -0.130017 -0.0128052 0.991429
    outer loop
      vertex 7.78329 0.510143 2
      vertex 7.52798 0.991077 1.97273
      vertex 7.57668 0.496602 1.97273
    endloop
  endfacet
  facet normal -0.707452 -0.0690197 -0.703383
    outer loop
      vertex 7.92219 1.03841 0
      vertex 6.94011 0.913683 1
      vertex 7.92175 1.04292 0
    endloop
  endfacet
  facet normal -0.707379 -0.0696732 -0.703393
    outer loop
      vertex 6.94011 0.913683 1
      vertex 7.92219 1.03841 0
      vertex 6.98501 0.457822 1
    endloop
  endfacet
  facet normal -0.707377 -0.0696774 -0.703394
    outer loop
      vertex 7.973 0.522578 0
      vertex 6.98501 0.457822 1
      vertex 7.92219 1.03841 0
    endloop
  endfacet
  facet normal -0.999464 -0.0327244 0
    outer loop
      vertex 7 0 1
      vertex 6.98501 0.457822 1.2
      vertex 6.98501 0.457822 1
    endloop
  endfacet
  facet normal -0.999464 -0.0327244 0
    outer loop
      vertex 6.98501 0.457822 1.2
      vertex 7 0 1
      vertex 7 0 1.2
    endloop
  endfacet
  facet normal -0.990923 -0.0324268 0.130462
    outer loop
      vertex 7.01221 0.459604 1.40704
      vertex 6.98501 0.457822 1.2
      vertex 7.02725 0 1.40704
    endloop
  endfacet
  facet normal -0.990927 -0.0324449 0.130423
    outer loop
      vertex 7.02725 0 1.40704
      vertex 6.98501 0.457822 1.2
      vertex 7 0 1.2
    endloop
  endfacet
  facet normal -0.923459 -0.0302369 0.382503
    outer loop
      vertex 7.09196 0.464831 1.59999
      vertex 7.01221 0.459604 1.40704
      vertex 7.10718 0 1.59999
    endloop
  endfacet
  facet normal -0.923445 -0.0302186 0.382539
    outer loop
      vertex 7.10718 0 1.59999
      vertex 7.01221 0.459604 1.40704
      vertex 7.02725 0 1.40704
    endloop
  endfacet
  facet normal -0.793082 -0.0259642 0.608561
    outer loop
      vertex 7.21882 0.473146 1.76567
      vertex 7.09196 0.464831 1.59999
      vertex 7.23431 0 1.76567
    endloop
  endfacet
  facet normal -0.793087 -0.0259681 0.608554
    outer loop
      vertex 7.23431 0 1.76567
      vertex 7.09196 0.464831 1.59999
      vertex 7.10718 0 1.59999
    endloop
  endfacet
  facet normal -0.608658 -0.0199205 0.793183
    outer loop
      vertex 7.38415 0.483982 1.89281
      vertex 7.21882 0.473146 1.76567
      vertex 7.39999 0 1.89281
    endloop
  endfacet
  facet normal -0.608668 -0.0199268 0.793174
    outer loop
      vertex 7.39999 0 1.89281
      vertex 7.21882 0.473146 1.76567
      vertex 7.23431 0 1.76567
    endloop
  endfacet
  facet normal -0.382655 -0.0125291 0.923806
    outer loop
      vertex 7.57668 0.496602 1.97273
      vertex 7.38415 0.483982 1.89281
      vertex 7.59294 0 1.97273
    endloop
  endfacet
  facet normal -0.382643 -0.0125233 0.923811
    outer loop
      vertex 7.59294 0 1.97273
      vertex 7.38415 0.483982 1.89281
      vertex 7.39999 0 1.89281
    endloop
  endfacet
  facet normal -0.130576 -0.00427454 0.991429
    outer loop
      vertex 7.78329 0.510143 2
      vertex 7.57668 0.496602 1.97273
      vertex 7.79999 0 2
    endloop
  endfacet
  facet normal -0.130578 -0.00427547 0.991429
    outer loop
      vertex 7.79999 0 2
      vertex 7.57668 0.496602 1.97273
      vertex 7.59294 0 1.97273
    endloop
  endfacet
  facet normal -0.710407 -0.0235182 -0.703398
    outer loop
      vertex 7.97315 0.518047 0
      vertex 6.98501 0.457822 1
      vertex 7.973 0.522578 0
    endloop
  endfacet
  facet normal -0.710419 -0.0232605 -0.703394
    outer loop
      vertex 6.98501 0.457822 1
      vertex 7.97315 0.518047 0
      vertex 7 0 1
    endloop
  endfacet
  facet normal -0.710424 -0.0232444 -0.70339
    outer loop
      vertex 7.9901 0 0
      vertex 7 0 1
      vertex 7.97315 0.518047 0
    endloop
  endfacet
  facet normal -0.999464 0.0327244 0
    outer loop
      vertex 6.98501 -0.457822 1
      vertex 7 0 1.2
      vertex 7 0 1
    endloop
  endfacet
  facet normal -0.999464 0.0327244 0
    outer loop
      vertex 7 0 1.2
      vertex 6.98501 -0.457822 1
      vertex 6.98501 -0.457822 1.2
    endloop
  endfacet
  facet normal -0.990928 0.032427 0.130423
    outer loop
      vertex 7.02725 0 1.40704
      vertex 7 0 1.2
      vertex 7.01221 -0.459604 1.40704
    endloop
  endfacet
  facet normal -0.990922 0.0324448 0.130462
    outer loop
      vertex 7 0 1.2
      vertex 6.98501 -0.457822 1.2
      vertex 7.01221 -0.459604 1.40704
    endloop
  endfacet
  facet normal -0.923444 0.0302364 0.382539
    outer loop
      vertex 7.10718 0 1.59999
      vertex 7.02725 0 1.40704
      vertex 7.09196 -0.464831 1.59999
    endloop
  endfacet
  facet normal -0.92346 0.0302191 0.382503
    outer loop
      vertex 7.02725 0 1.40704
      vertex 7.01221 -0.459604 1.40704
      vertex 7.09196 -0.464831 1.59999
    endloop
  endfacet
  facet normal -0.793088 0.0259643 0.608554
    outer loop
      vertex 7.23431 0 1.76567
      vertex 7.10718 0 1.59999
      vertex 7.21882 -0.473146 1.76567
    endloop
  endfacet
  facet normal -0.793082 0.025968 0.608561
    outer loop
      vertex 7.10718 0 1.59999
      vertex 7.09196 -0.464831 1.59999
      vertex 7.21882 -0.473146 1.76567
    endloop
  endfacet
  facet normal -0.608669 0.0199208 0.793174
    outer loop
      vertex 7.39999 0 1.89281
      vertex 7.23431 0 1.76567
      vertex 7.38415 -0.483982 1.89281
    endloop
  endfacet
  facet normal -0.608657 0.0199264 0.793183
    outer loop
      vertex 7.23431 0 1.76567
      vertex 7.21882 -0.473146 1.76567
      vertex 7.38415 -0.483982 1.89281
    endloop
  endfacet
  facet normal -0.382643 0.0125287 0.923811
    outer loop
      vertex 7.59294 0 1.97273
      vertex 7.39999 0 1.89281
      vertex 7.57668 -0.496602 1.97273
    endloop
  endfacet
  facet normal -0.382655 0.0125237 0.923806
    outer loop
      vertex 7.39999 0 1.89281
      vertex 7.38415 -0.483982 1.89281
      vertex 7.57668 -0.496602 1.97273
    endloop
  endfacet
  facet normal -0.130578 0.0042746 0.991429
    outer loop
      vertex 7.79999 0 2
      vertex 7.59294 0 1.97273
      vertex 7.78329 -0.510143 2
    endloop
  endfacet
  facet normal -0.130576 0.0042754 0.991429
    outer loop
      vertex 7.59294 0 1.97273
      vertex 7.57668 -0.496602 1.97273
      vertex 7.78329 -0.510143 2
    endloop
  endfacet
  facet normal -0.710444 0.0219543 -0.703411
    outer loop
      vertex 7.98996 -0.00453042 0
      vertex 7 0 1
      vertex 7.9901 0 0
    endloop
  endfacet
  facet normal -0.71042 0.0232606 -0.703393
    outer loop
      vertex 7 0 1
      vertex 7.98996 -0.00453042 0
      vertex 6.98501 -0.457822 1
    endloop
  endfacet
  facet normal -0.71042 0.0232579 -0.703394
    outer loop
      vertex 7.973 -0.522578 0
      vertex 6.98501 -0.457822 1
      vertex 7.98996 -0.00453042 0
    endloop
  endfacet
  facet normal -0.995184 0.0980206 0
    outer loop
      vertex 6.94011 -0.913683 1
      vertex 6.98501 -0.457822 1.2
      vertex 6.98501 -0.457822 1
    endloop
  endfacet
  facet normal -0.995184 0.0980206 0
    outer loop
      vertex 6.98501 -0.457822 1.2
      vertex 6.94011 -0.913683 1
      vertex 6.94011 -0.913683 1.2
    endloop
  endfacet
  facet normal -0.986678 0.0971939 0.130462
    outer loop
      vertex 6.98501 -0.457822 1.2
      vertex 6.96713 -0.91724 1.40704
      vertex 7.01221 -0.459604 1.40704
    endloop
  endfacet
  facet normal -0.986682 0.0971832 0.130438
    outer loop
      vertex 6.98501 -0.457822 1.2
      vertex 6.94011 -0.913683 1.2
      vertex 6.96713 -0.91724 1.40704
    endloop
  endfacet
  facet normal -0.919504 0.0905715 0.382503
    outer loop
      vertex 7.09196 -0.464831 1.59999
      vertex 7.01221 -0.459604 1.40704
      vertex 7.04637 -0.927672 1.59999
    endloop
  endfacet
  facet normal -0.919499 0.0905764 0.382514
    outer loop
      vertex 7.01221 -0.459604 1.40704
      vertex 6.96713 -0.91724 1.40704
      vertex 7.04637 -0.927672 1.59999
    endloop
  endfacet
  facet normal -0.789687 0.077775 0.608561
    outer loop
      vertex 7.21882 -0.473146 1.76567
      vertex 7.09196 -0.464831 1.59999
      vertex 7.17242 -0.944267 1.76567
    endloop
  endfacet
  facet normal -0.789673 0.0777831 0.608577
    outer loop
      vertex 7.09196 -0.464831 1.59999
      vertex 7.04637 -0.927672 1.59999
      vertex 7.17242 -0.944267 1.76567
    endloop
  endfacet
  facet normal -0.606052 0.0596857 0.793183
    outer loop
      vertex 7.38415 -0.483982 1.89281
      vertex 7.21882 -0.473146 1.76567
      vertex 7.33669 -0.965893 1.89281
    endloop
  endfacet
  facet normal -0.606045 0.0596885 0.793188
    outer loop
      vertex 7.21882 -0.473146 1.76567
      vertex 7.17242 -0.944267 1.76567
      vertex 7.33669 -0.965893 1.89281
    endloop
  endfacet
  facet normal -0.381016 0.0375256 0.923807
    outer loop
      vertex 7.57668 -0.496602 1.97273
      vertex 7.38415 -0.483982 1.89281
      vertex 7.52798 -0.991077 1.97273
    endloop
  endfacet
  facet normal -0.381021 0.037524 0.923805
    outer loop
      vertex 7.38415 -0.483982 1.89281
      vertex 7.33669 -0.965893 1.89281
      vertex 7.52798 -0.991077 1.97273
    endloop
  endfacet
  facet normal -0.130017 0.0128057 0.991429
    outer loop
      vertex 7.78329 -0.510143 2
      vertex 7.57668 -0.496602 1.97273
      vertex 7.73326 -1.0181 2
    endloop
  endfacet
  facet normal -0.130019 0.0128053 0.991429
    outer loop
      vertex 7.57668 -0.496602 1.97273
      vertex 7.52798 -0.991077 1.97273
      vertex 7.73326 -1.0181 2
    endloop
  endfacet
  facet normal -0.707305 0.070558 -0.703379
    outer loop
      vertex 7.97255 -0.527089 0
      vertex 6.98501 -0.457822 1
      vertex 7.973 -0.522578 0
    endloop
  endfacet
  facet normal -0.70738 0.0696733 -0.703392
    outer loop
      vertex 6.98501 -0.457822 1
      vertex 7.97255 -0.527089 0
      vertex 6.94011 -0.913683 1
    endloop
  endfacet
  facet normal -0.707378 0.0696639 -0.703394
    outer loop
      vertex 7.92175 -1.04292 0
      vertex 6.94011 -0.913683 1
      vertex 7.97255 -0.527089 0
    endloop
  endfacet
  facet normal -0.986646 0.162881 0
    outer loop
      vertex 6.8655 -1.36563 1
      vertex 6.94011 -0.913683 1.2
      vertex 6.94011 -0.913683 1
    endloop
  endfacet
  facet normal -0.986646 0.162881 0
    outer loop
      vertex 6.94011 -0.913683 1.2
      vertex 6.8655 -1.36563 1
      vertex 6.8655 -1.36563 1.2
    endloop
  endfacet
  facet normal -0.978217 0.161487 0.130438
    outer loop
      vertex 6.94011 -0.913683 1.2
      vertex 6.89223 -1.37095 1.40704
      vertex 6.96713 -0.91724 1.40704
    endloop
  endfacet
  facet normal -0.978216 0.161489 0.130443
    outer loop
      vertex 6.94011 -0.913683 1.2
      vertex 6.8655 -1.36563 1.2
      vertex 6.89223 -1.37095 1.40704
    endloop
  endfacet
  facet normal -0.911609 0.150508 0.382514
    outer loop
      vertex 7.04637 -0.927672 1.59999
      vertex 6.96713 -0.91724 1.40704
      vertex 6.97061 -1.38654 1.59999
    endloop
  endfacet
  facet normal -0.911625 0.150494 0.382479
    outer loop
      vertex 6.96713 -0.91724 1.40704
      vertex 6.89223 -1.37095 1.40704
      vertex 6.97061 -1.38654 1.59999
    endloop
  endfacet
  facet normal -0.782897 0.12925 0.608577
    outer loop
      vertex 7.17242 -0.944267 1.76567
      vertex 7.04637 -0.927672 1.59999
      vertex 7.09531 -1.41134 1.76567
    endloop
  endfacet
  facet normal -0.782886 0.129256 0.608591
    outer loop
      vertex 7.04637 -0.927672 1.59999
      vertex 6.97061 -1.38654 1.59999
      vertex 7.09531 -1.41134 1.76567
    endloop
  endfacet
  facet normal -0.600842 0.0992104 0.793187
    outer loop
      vertex 7.33669 -0.965893 1.89281
      vertex 7.17242 -0.944267 1.76567
      vertex 7.2578 -1.44367 1.89281
    endloop
  endfacet
  facet normal -0.600873 0.0991993 0.793165
    outer loop
      vertex 7.17242 -0.944267 1.76567
      vertex 7.09531 -1.41134 1.76567
      vertex 7.2578 -1.44367 1.89281
    endloop
  endfacet
  facet normal -0.37775 0.0623685 0.923805
    outer loop
      vertex 7.52798 -0.991077 1.97273
      vertex 7.33669 -0.965893 1.89281
      vertex 7.44704 -1.48131 1.97273
    endloop
  endfacet
  facet normal -0.377738 0.0623717 0.923809
    outer loop
      vertex 7.33669 -0.965893 1.89281
      vertex 7.2578 -1.44367 1.89281
      vertex 7.44704 -1.48131 1.97273
    endloop
  endfacet
  facet normal -0.128903 0.0212833 0.991429
    outer loop
      vertex 7.73326 -1.0181 2
      vertex 7.52798 -0.991077 1.97273
      vertex 7.65011 -1.5217 2
    endloop
  endfacet
  facet normal -0.128905 0.0212828 0.991429
    outer loop
      vertex 7.52798 -0.991077 1.97273
      vertex 7.44704 -1.48131 1.97273
      vertex 7.65011 -1.5217 2
    endloop
  endfacet
  facet normal -0.701261 0.116092 -0.703389
    outer loop
      vertex 7.92101 -1.04739 0
      vertex 6.94011 -0.913683 1
      vertex 7.92175 -1.04292 0
    endloop
  endfacet
  facet normal -0.701308 0.115776 -0.703393
    outer loop
      vertex 6.94011 -0.913683 1
      vertex 7.92101 -1.04739 0
      vertex 6.8655 -1.36563 1
    endloop
  endfacet
  facet normal -0.701309 0.115783 -0.703392
    outer loop
      vertex 7.83658 -1.55879 0
      vertex 6.8655 -1.36563 1
      vertex 7.92101 -1.04739 0
    endloop
  endfacet
  facet normal -0.973875 0.227085 0
    outer loop
      vertex 6.76148 -1.81173 1
      vertex 6.8655 -1.36563 1.2
      vertex 6.8655 -1.36563 1
    endloop
  endfacet
  facet normal -0.973875 0.227085 0
    outer loop
      vertex 6.8655 -1.36563 1.2
      vertex 6.76148 -1.81173 1
      vertex 6.76148 -1.81173 1.2
    endloop
  endfacet
  facet normal -0.965552 0.225153 0.130443
    outer loop
      vertex 6.8655 -1.36563 1.2
      vertex 6.7878 -1.81879 1.40704
      vertex 6.89223 -1.37095 1.40704
    endloop
  endfacet
  facet normal -0.965556 0.225145 0.130424
    outer loop
      vertex 6.8655 -1.36563 1.2
      vertex 6.76148 -1.81173 1.2
      vertex 6.7878 -1.81879 1.40704
    endloop
  endfacet
  facet normal -0.899831 0.209794 0.38248
    outer loop
      vertex 6.89223 -1.37095 1.40704
      vertex 6.86501 -1.83947 1.59999
      vertex 6.97061 -1.38654 1.59999
    endloop
  endfacet
  facet normal -0.899796 0.20982 0.382547
    outer loop
      vertex 6.89223 -1.37095 1.40704
      vertex 6.7878 -1.81879 1.40704
      vertex 6.86501 -1.83947 1.59999
    endloop
  endfacet
  facet normal -0.772756 0.180182 0.60859
    outer loop
      vertex 7.09531 -1.41134 1.76567
      vertex 6.97061 -1.38654 1.59999
      vertex 6.98781 -1.87238 1.76567
    endloop
  endfacet
  facet normal -0.77278 0.180172 0.608564
    outer loop
      vertex 6.97061 -1.38654 1.59999
      vertex 6.86501 -1.83947 1.59999
      vertex 6.98781 -1.87238 1.76567
    endloop
  endfacet
  facet normal -0.593096 0.138291 0.793166
    outer loop
      vertex 7.2578 -1.44367 1.89281
      vertex 7.09531 -1.41134 1.76567
      vertex 7.14784 -1.91526 1.89281
    endloop
  endfacet
  facet normal -0.593096 0.138291 0.793166
    outer loop
      vertex 7.09531 -1.41134 1.76567
      vertex 6.98781 -1.87238 1.76567
      vertex 7.14784 -1.91526 1.89281
    endloop
  endfacet
  facet normal -0.372853 0.0869315 0.923809
    outer loop
      vertex 7.44704 -1.48131 1.97273
      vertex 7.2578 -1.44367 1.89281
      vertex 7.33422 -1.9652 1.97273
    endloop
  endfacet
  facet normal -0.372839 0.0869344 0.923815
    outer loop
      vertex 7.2578 -1.44367 1.89281
      vertex 7.14784 -1.91526 1.89281
      vertex 7.33422 -1.9652 1.97273
    endloop
  endfacet
  facet normal -0.127237 0.0296668 0.991429
    outer loop
      vertex 7.65011 -1.5217 2
      vertex 7.44704 -1.48131 1.97273
      vertex 7.53421 -2.01878 2
    endloop
  endfacet
  facet normal -0.12724 0.0296663 0.991428
    outer loop
      vertex 7.44704 -1.48131 1.97273
      vertex 7.33422 -1.9652 1.97273
      vertex 7.53421 -2.01878 2
    endloop
  endfacet
  facet normal -0.692253 0.161317 -0.703393
    outer loop
      vertex 7.83555 -1.56321 0
      vertex 6.8655 -1.36563 1
      vertex 7.83658 -1.55879 0
    endloop
  endfacet
  facet normal -0.692232 0.161412 -0.703392
    outer loop
      vertex 6.8655 -1.36563 1
      vertex 7.83555 -1.56321 0
      vertex 6.76148 -1.81173 1
    endloop
  endfacet
  facet normal -0.692232 0.161408 -0.703393
    outer loop
      vertex 7.71785 -2.06799 0
      vertex 6.76148 -1.81173 1
      vertex 7.83555 -1.56321 0
    endloop
  endfacet
  facet normal -0.956942 0.290281 0
    outer loop
      vertex 6.62851 -2.25008 1
      vertex 6.76148 -1.81173 1.2
      vertex 6.76148 -1.81173 1
    endloop
  endfacet
  facet normal -0.956942 0.290281 0
    outer loop
      vertex 6.76148 -1.81173 1.2
      vertex 6.62851 -2.25008 1
      vertex 6.62851 -2.25008 1.2
    endloop
  endfacet
  facet normal -0.948771 0.28779 0.130426
    outer loop
      vertex 6.76148 -1.81173 1.2
      vertex 6.65432 -2.25884 1.40704
      vertex 6.7878 -1.81879 1.40704
    endloop
  endfacet
  facet normal -0.948764 0.2878 0.130452
    outer loop
      vertex 6.76148 -1.81173 1.2
      vertex 6.62851 -2.25008 1.2
      vertex 6.65432 -2.25884 1.40704
    endloop
  endfacet
  facet normal -0.884151 0.268209 0.382544
    outer loop
      vertex 6.7878 -1.81879 1.40704
      vertex 6.73 -2.28453 1.59999
      vertex 6.86501 -1.83947 1.59999
    endloop
  endfacet
  facet normal -0.884173 0.268195 0.382504
    outer loop
      vertex 6.7878 -1.81879 1.40704
      vertex 6.65432 -2.25884 1.40704
      vertex 6.73 -2.28453 1.59999
    endloop
  endfacet
  facet normal -0.759336 0.230344 0.608565
    outer loop
      vertex 6.86501 -1.83947 1.59999
      vertex 6.85039 -2.32539 1.76567
      vertex 6.98781 -1.87238 1.76567
    endloop
  endfacet
  facet normal -0.759331 0.230345 0.60857
    outer loop
      vertex 6.86501 -1.83947 1.59999
      vertex 6.73 -2.28453 1.59999
      vertex 6.85039 -2.32539 1.76567
    endloop
  endfacet
  facet normal -0.582784 0.176776 0.793166
    outer loop
      vertex 7.14784 -1.91526 1.89281
      vertex 6.98781 -1.87238 1.76567
      vertex 7.00728 -2.37865 1.89281
    endloop
  endfacet
  facet normal -0.582763 0.17678 0.793181
    outer loop
      vertex 6.98781 -1.87238 1.76567
      vertex 6.85039 -2.32539 1.76567
      vertex 7.00728 -2.37865 1.89281
    endloop
  endfacet
  facet normal -0.366354 0.111138 0.923814
    outer loop
      vertex 7.33422 -1.9652 1.97273
      vertex 7.14784 -1.91526 1.89281
      vertex 7.18998 -2.44067 1.97273
    endloop
  endfacet
  facet normal -0.366381 0.111134 0.923804
    outer loop
      vertex 7.14784 -1.91526 1.89281
      vertex 7.00728 -2.37865 1.89281
      vertex 7.18998 -2.44067 1.97273
    endloop
  endfacet
  facet normal -0.125027 0.0379273 0.991428
    outer loop
      vertex 7.53421 -2.01878 2
      vertex 7.33422 -1.9652 1.97273
      vertex 7.38604 -2.50722 2
    endloop
  endfacet
  facet normal -0.125024 0.0379276 0.991429
    outer loop
      vertex 7.33422 -1.9652 1.97273
      vertex 7.18998 -2.44067 1.97273
      vertex 7.38604 -2.50722 2
    endloop
  endfacet
  facet normal -0.680051 0.206836 -0.703384
    outer loop
      vertex 7.71653 -2.07233 0
      vertex 6.76148 -1.81173 1
      vertex 7.71785 -2.06799 0
    endloop
  endfacet
  facet normal -0.680196 0.206332 -0.703392
    outer loop
      vertex 6.76148 -1.81173 1
      vertex 7.71653 -2.07233 0
      vertex 6.62851 -2.25008 1
    endloop
  endfacet
  facet normal -0.680196 0.206335 -0.703391
    outer loop
      vertex 7.56607 -2.56833 0
      vertex 6.62851 -2.25008 1
      vertex 7.71653 -2.07233 0
    endloop
  endfacet
  facet normal -0.935907 0.352248 0
    outer loop
      vertex 6.46716 -2.67878 1
      vertex 6.62851 -2.25008 1.2
      vertex 6.62851 -2.25008 1
    endloop
  endfacet
  facet normal -0.935907 0.352248 0
    outer loop
      vertex 6.62851 -2.25008 1.2
      vertex 6.46716 -2.67878 1
      vertex 6.46716 -2.67878 1.2
    endloop
  endfacet
  facet normal -0.927901 0.349259 0.130451
    outer loop
      vertex 6.62851 -2.25008 1.2
      vertex 6.49233 -2.68921 1.40704
      vertex 6.65432 -2.25884 1.40704
    endloop
  endfacet
  facet normal -0.927915 0.34924 0.130401
    outer loop
      vertex 6.62851 -2.25008 1.2
      vertex 6.46716 -2.67878 1.2
      vertex 6.49233 -2.68921 1.40704
    endloop
  endfacet
  facet normal -0.864736 0.325456 0.382504
    outer loop
      vertex 6.65432 -2.25884 1.40704
      vertex 6.56618 -2.7198 1.59999
      vertex 6.73 -2.28453 1.59999
    endloop
  endfacet
  facet normal -0.864706 0.325473 0.382559
    outer loop
      vertex 6.65432 -2.25884 1.40704
      vertex 6.49233 -2.68921 1.40704
      vertex 6.56618 -2.7198 1.59999
    endloop
  endfacet
  facet normal -0.742641 0.279517 0.608568
    outer loop
      vertex 6.73 -2.28453 1.59999
      vertex 6.68363 -2.76845 1.76567
      vertex 6.85039 -2.32539 1.76567
    endloop
  endfacet
  facet normal -0.742661 0.279511 0.608545
    outer loop
      vertex 6.73 -2.28453 1.59999
      vertex 6.56618 -2.7198 1.59999
      vertex 6.68363 -2.76845 1.76567
    endloop
  endfacet
  facet normal -0.56995 0.214524 0.793181
    outer loop
      vertex 6.85039 -2.32539 1.76567
      vertex 6.8367 -2.83185 1.89281
      vertex 7.00728 -2.37865 1.89281
    endloop
  endfacet
  facet normal -0.569959 0.214522 0.793175
    outer loop
      vertex 6.85039 -2.32539 1.76567
      vertex 6.68363 -2.76845 1.76567
      vertex 6.8367 -2.83185 1.89281
    endloop
  endfacet
  facet normal -0.358326 0.134864 0.923804
    outer loop
      vertex 7.18998 -2.44067 1.97273
      vertex 7.00728 -2.37865 1.89281
      vertex 7.01496 -2.90569 1.97273
    endloop
  endfacet
  facet normal -0.358311 0.134865 0.92381
    outer loop
      vertex 7.00728 -2.37865 1.89281
      vertex 6.8367 -2.83185 1.89281
      vertex 7.01496 -2.90569 1.97273
    endloop
  endfacet
  facet normal -0.122277 0.0460199 0.991429
    outer loop
      vertex 7.38604 -2.50722 2
      vertex 7.18998 -2.44067 1.97273
      vertex 7.20625 -2.98493 2
    endloop
  endfacet
  facet normal -0.122273 0.0460201 0.991429
    outer loop
      vertex 7.18998 -2.44067 1.97273
      vertex 7.01496 -2.90569 1.97273
      vertex 7.20625 -2.98493 2
    endloop
  endfacet
  facet normal -0.665225 0.250438 -0.70339
    outer loop
      vertex 7.56447 -2.57258 0
      vertex 6.62851 -2.25008 1
      vertex 7.56607 -2.56833 0
    endloop
  endfacet
  facet normal -0.665246 0.250379 -0.703391
    outer loop
      vertex 6.62851 -2.25008 1
      vertex 7.56447 -2.57258 0
      vertex 6.46716 -2.67878 1
    endloop
  endfacet
  facet normal -0.665245 0.250382 -0.70339
    outer loop
      vertex 7.38189 -3.05768 0
      vertex 6.46716 -2.67878 1
      vertex 7.56447 -2.57258 0
    endloop
  endfacet
  facet normal -0.910863 0.412709 0
    outer loop
      vertex 6.27811 -3.09602 1
      vertex 6.46716 -2.67878 1.2
      vertex 6.46716 -2.67878 1
    endloop
  endfacet
  facet normal -0.910863 0.412709 0
    outer loop
      vertex 6.46716 -2.67878 1.2
      vertex 6.27811 -3.09602 1
      vertex 6.27811 -3.09602 1.2
    endloop
  endfacet
  facet normal -0.903089 0.409178 0.130402
    outer loop
      vertex 6.46716 -2.67878 1.2
      vertex 6.30255 -3.10807 1.40704
      vertex 6.49233 -2.68921 1.40704
    endloop
  endfacet
  facet normal -0.903083 0.409184 0.130419
    outer loop
      vertex 6.46716 -2.67878 1.2
      vertex 6.27811 -3.09602 1.2
      vertex 6.30255 -3.10807 1.40704
    endloop
  endfacet
  facet normal -0.841568 0.38133 0.382559
    outer loop
      vertex 6.49233 -2.68921 1.40704
      vertex 6.37423 -3.14342 1.59999
      vertex 6.56618 -2.7198 1.59999
    endloop
  endfacet
  facet normal -0.841596 0.381316 0.382509
    outer loop
      vertex 6.49233 -2.68921 1.40704
      vertex 6.30255 -3.10807 1.40704
      vertex 6.37423 -3.14342 1.59999
    endloop
  endfacet
  facet normal -0.72279 0.327485 0.608546
    outer loop
      vertex 6.56618 -2.7198 1.59999
      vertex 6.48826 -3.19965 1.76567
      vertex 6.68363 -2.76845 1.76567
    endloop
  endfacet
  facet normal -0.722753 0.327493 0.608586
    outer loop
      vertex 6.56618 -2.7198 1.59999
      vertex 6.37423 -3.14342 1.59999
      vertex 6.48826 -3.19965 1.76567
    endloop
  endfacet
  facet normal -0.554711 0.251335 0.793175
    outer loop
      vertex 6.68363 -2.76845 1.76567
      vertex 6.63685 -3.27293 1.89281
      vertex 6.8367 -2.83185 1.89281
    endloop
  endfacet
  facet normal -0.554719 0.251335 0.793169
    outer loop
      vertex 6.68363 -2.76845 1.76567
      vertex 6.48826 -3.19965 1.76567
      vertex 6.63685 -3.27293 1.89281
    endloop
  endfacet
  facet normal -0.348726 0.158005 0.92381
    outer loop
      vertex 6.8367 -2.83185 1.89281
      vertex 6.8099 -3.35827 1.97273
      vertex 7.01496 -2.90569 1.97273
    endloop
  endfacet
  facet normal -0.348725 0.158005 0.92381
    outer loop
      vertex 6.8367 -2.83185 1.89281
      vertex 6.63685 -3.27293 1.89281
      vertex 6.8099 -3.35827 1.97273
    endloop
  endfacet
  facet normal -0.119001 0.0539182 0.991429
    outer loop
      vertex 7.01496 -2.90569 1.97273
      vertex 6.9956 -3.44985 2
      vertex 7.20625 -2.98493 2
    endloop
  endfacet
  facet normal -0.119001 0.0539182 0.991429
    outer loop
      vertex 7.01496 -2.90569 1.97273
      vertex 6.8099 -3.35827 1.97273
      vertex 6.9956 -3.44985 2
    endloop
  endfacet
  facet normal -0.118748 0.0538025 0.991466
    outer loop
      vertex 9.0097 -4.03593 2.0497
      vertex 8.86847 -4.37344 2.0511
      vertex 9.0194 -4.04032 2.0511
    endloop
  endfacet
  facet normal -0.11894 0.0538827 0.991438
    outer loop
      vertex 8.86847 -4.37344 2.0511
      vertex 9.0097 -4.03593 2.0497
      vertex 8.81355 -3.93108 2.02047
    endloop
  endfacet
  facet normal -0.118937 0.0538855 0.991439
    outer loop
      vertex 8.52029 -4.20174 2
      vertex 8.81355 -3.93108 2.02047
      vertex 8.75 -3.89711 2.011
    endloop
  endfacet
  facet normal -0.11895 0.0538958 0.991436
    outer loop
      vertex 8.52029 -4.20174 2
      vertex 8.75 -3.89711 2.011
      vertex 8.67847 -3.85263 2
    endloop
  endfacet
  facet normal -0.118935 0.0538834 0.991439
    outer loop
      vertex 8.81355 -3.93108 2.02047
      vertex 8.52029 -4.20174 2
      vertex 8.86847 -4.37344 2.0511
    endloop
  endfacet
  facet normal -0.348704 0.15799 0.923821
    outer loop
      vertex 9.27792 -4.15746 2.16873
      vertex 9.19295 -4.53346 2.20096
      vertex 9.35087 -4.18491 2.20096
    endloop
  endfacet
  facet normal -0.348762 0.158001 0.923797
    outer loop
      vertex 9.19295 -4.53346 2.20096
      vertex 9.27792 -4.15746 2.16873
      vertex 9.16004 -4.10404 2.11509
    endloop
  endfacet
  facet normal -0.348736 0.158005 0.923806
    outer loop
      vertex 8.86847 -4.37344 2.0511
      vertex 9.16004 -4.10404 2.11509
      vertex 9.0194 -4.04032 2.0511
    endloop
  endfacet
  facet normal -0.348736 0.158005 0.923806
    outer loop
      vertex 9.16004 -4.10404 2.11509
      vertex 8.86847 -4.37344 2.0511
      vertex 9.19295 -4.53346 2.20096
    endloop
  endfacet
  facet normal -0.554657 0.251318 0.793218
    outer loop
      vertex 9.55352 -4.26118 2.36684
      vertex 9.47156 -4.67086 2.43933
      vertex 9.64466 -4.28883 2.43933
    endloop
  endfacet
  facet normal -0.55466 0.251318 0.793216
    outer loop
      vertex 9.47156 -4.67086 2.43933
      vertex 9.55352 -4.26118 2.36684
      vertex 9.4705 -4.22994 2.29889
    endloop
  endfacet
  facet normal -0.554704 0.251324 0.793183
    outer loop
      vertex 9.19295 -4.53346 2.20096
      vertex 9.4705 -4.22994 2.29889
      vertex 9.35087 -4.18491 2.20096
    endloop
  endfacet
  facet normal -0.554695 0.251311 0.793194
    outer loop
      vertex 9.4705 -4.22994 2.29889
      vertex 9.19295 -4.53346 2.20096
      vertex 9.47156 -4.67086 2.43933
    endloop
  endfacet
  facet normal -0.722791 0.327492 0.608541
    outer loop
      vertex 9.83531 -4.34667 2.69691
      vertex 9.68535 -4.77629 2.75
      vertex 9.87574 -4.35609 2.75
    endloop
  endfacet
  facet normal -0.7228 0.327494 0.608529
    outer loop
      vertex 9.68535 -4.77629 2.75
      vertex 9.83531 -4.34667 2.69691
      vertex 9.7302 -4.31478 2.5549
    endloop
  endfacet
  facet normal -0.7228 0.327505 0.608523
    outer loop
      vertex 9.47156 -4.67086 2.43933
      vertex 9.7302 -4.31478 2.5549
      vertex 9.64466 -4.28883 2.43933
    endloop
  endfacet
  facet normal -0.722793 0.327496 0.608536
    outer loop
      vertex 9.7302 -4.31478 2.5549
      vertex 9.47156 -4.67086 2.43933
      vertex 9.68535 -4.77629 2.75
    endloop
  endfacet
  facet normal -0.841518 0.381365 0.382633
    outer loop
      vertex 9.92496 -4.36757 2.86973
      vertex 9.81975 -4.84257 3.11177
      vertex 10.0245 -4.39077 3.11177
    endloop
  endfacet
  facet normal -0.841586 0.381317 0.382531
    outer loop
      vertex 9.68535 -4.77629 2.75
      vertex 9.92496 -4.36757 2.86973
      vertex 9.87574 -4.35609 2.75
    endloop
  endfacet
  facet normal -0.841589 0.381323 0.382518
    outer loop
      vertex 9.92496 -4.36757 2.86973
      vertex 9.68535 -4.77629 2.75
      vertex 9.81975 -4.84257 3.11177
    endloop
  endfacet
  facet normal -0.903061 0.409187 0.130561
    outer loop
      vertex 10.0398 -4.39435 3.22929
      vertex 9.8656 -4.86518 3.5
      vertex 10.0752 -4.4026 3.5
    endloop
  endfacet
  facet normal -0.903098 0.409272 0.130042
    outer loop
      vertex 9.81975 -4.84257 3.11177
      vertex 10.0398 -4.39435 3.22929
      vertex 10.0245 -4.39077 3.11177
    endloop
  endfacet
  facet normal -0.903088 0.409152 0.130483
    outer loop
      vertex 10.0398 -4.39435 3.22929
      vertex 9.81975 -4.84257 3.11177
      vertex 9.8656 -4.86518 3.5
    endloop
  endfacet
  facet normal -0.79494 0.360225 0.488169
    outer loop
      vertex 10.1221 -4.41353 3.58459
      vertex 9.9157 -4.88988 3.59999
      vertex 10.1309 -4.41498 3.59999
    endloop
  endfacet
  facet normal -0.795067 0.360273 0.487926
    outer loop
      vertex 9.9157 -4.88988 3.59999
      vertex 10.1221 -4.41353 3.58459
      vertex 10.0912 -4.40634 3.52893
    endloop
  endfacet
  facet normal -0.795706 0.360543 0.486683
    outer loop
      vertex 9.8656 -4.86518 3.5
      vertex 10.0912 -4.40634 3.52893
      vertex 10.0752 -4.4026 3.5
    endloop
  endfacet
  facet normal -0.795318 0.360301 0.487497
    outer loop
      vertex 10.0912 -4.40634 3.52893
      vertex 9.8656 -4.86518 3.5
      vertex 9.9157 -4.88988 3.59999
    endloop
  endfacet
  facet normal -0.018488 0.00837691 0.999794
    outer loop
      vertex 10.1309 -4.41498 3.59999
      vertex 9.91616 -4.89011 3.6
      vertex 10.1314 -4.41507 3.6
    endloop
  endfacet
  facet normal -0.0177201 0.00802983 0.999811
    outer loop
      vertex 9.91616 -4.89011 3.6
      vertex 10.1309 -4.41498 3.59999
      vertex 9.9157 -4.88988 3.59999
    endloop
  endfacet
  facet normal -0.647518 0.293186 -0.703393
    outer loop
      vertex 7.38002 -3.06181 0
      vertex 6.46716 -2.67878 1
      vertex 7.38189 -3.05768 0
    endloop
  endfacet
  facet normal -0.647445 0.293355 -0.70339
    outer loop
      vertex 6.46716 -2.67878 1
      vertex 7.38002 -3.06181 0
      vertex 6.27811 -3.09602 1
    endloop
  endfacet
  facet normal -0.647446 0.293348 -0.703392
    outer loop
      vertex 7.16611 -3.53393 0
      vertex 6.27811 -3.09602 1
      vertex 7.38002 -3.06181 0
    endloop
  endfacet
  facet normal -0.881923 0.471394 0
    outer loop
      vertex 6.06218 -3.5 1
      vertex 6.27811 -3.09602 1.2
      vertex 6.27811 -3.09602 1
    endloop
  endfacet
  facet normal -0.881923 0.471394 0
    outer loop
      vertex 6.27811 -3.09602 1.2
      vertex 6.06218 -3.5 1
      vertex 6.06218 -3.5 1.2
    endloop
  endfacet
  facet normal -0.874394 0.46736 0.130419
    outer loop
      vertex 6.27811 -3.09602 1.2
      vertex 6.08578 -3.51363 1.40704
      vertex 6.30255 -3.10807 1.40704
    endloop
  endfacet
  facet normal -0.874388 0.467366 0.130437
    outer loop
      vertex 6.27811 -3.09602 1.2
      vertex 6.06218 -3.5 1.2
      vertex 6.08578 -3.51363 1.40704
    endloop
  endfacet
  facet normal -0.814861 0.435532 0.38251
    outer loop
      vertex 6.30255 -3.10807 1.40704
      vertex 6.155 -3.55359 1.59999
      vertex 6.37423 -3.14342 1.59999
    endloop
  endfacet
  facet normal -0.814852 0.435535 0.382524
    outer loop
      vertex 6.30255 -3.10807 1.40704
      vertex 6.08578 -3.51363 1.40704
      vertex 6.155 -3.55359 1.59999
    endloop
  endfacet
  facet normal -0.699797 0.374043 0.608585
    outer loop
      vertex 6.37423 -3.14342 1.59999
      vertex 6.2651 -3.61716 1.76567
      vertex 6.48826 -3.19965 1.76567
    endloop
  endfacet
  facet normal -0.699814 0.374041 0.608567
    outer loop
      vertex 6.37423 -3.14342 1.59999
      vertex 6.155 -3.55359 1.59999
      vertex 6.2651 -3.61716 1.76567
    endloop
  endfacet
  facet normal -0.537093 0.287077 0.79317
    outer loop
      vertex 6.48826 -3.19965 1.76567
      vertex 6.40858 -3.7 1.89281
      vertex 6.63685 -3.27293 1.89281
    endloop
  endfacet
  facet normal -0.537093 0.287077 0.79317
    outer loop
      vertex 6.48826 -3.19965 1.76567
      vertex 6.2651 -3.61716 1.76567
      vertex 6.40858 -3.7 1.89281
    endloop
  endfacet
  facet normal -0.337645 0.180473 0.92381
    outer loop
      vertex 6.63685 -3.27293 1.89281
      vertex 6.57568 -3.79647 1.97273
      vertex 6.8099 -3.35827 1.97273
    endloop
  endfacet
  facet normal -0.337646 0.180473 0.92381
    outer loop
      vertex 6.63685 -3.27293 1.89281
      vertex 6.40858 -3.7 1.89281
      vertex 6.57568 -3.79647 1.97273
    endloop
  endfacet
  facet normal -0.115219 0.061587 0.991429
    outer loop
      vertex 6.8099 -3.35827 1.97273
      vertex 6.75499 -3.89999 2
      vertex 6.9956 -3.44985 2
    endloop
  endfacet
  facet normal -0.115223 0.0615875 0.991429
    outer loop
      vertex 6.8099 -3.35827 1.97273
      vertex 6.57568 -3.79647 1.97273
      vertex 6.75499 -3.89999 2
    endloop
  endfacet
  facet normal -0.115154 0.061551 0.991439
    outer loop
      vertex 8.86847 -4.37344 2.0511
      vertex 8.52029 -4.20174 2
      vertex 8.56344 -4.94411 2.0511
    endloop
  endfacet
  facet normal -0.115154 0.061551 0.991439
    outer loop
      vertex 8.52029 -4.20174 2
      vertex 8.22724 -4.75 2
      vertex 8.56344 -4.94411 2.0511
    endloop
  endfacet
  facet normal -0.337651 0.180481 0.923806
    outer loop
      vertex 9.19295 -4.53346 2.20096
      vertex 8.86847 -4.37344 2.0511
      vertex 8.87676 -5.125 2.20096
    endloop
  endfacet
  facet normal -0.337655 0.180481 0.923805
    outer loop
      vertex 8.86847 -4.37344 2.0511
      vertex 8.56344 -4.94411 2.0511
      vertex 8.87676 -5.125 2.20096
    endloop
  endfacet
  facet normal -0.537062 0.287067 0.793194
    outer loop
      vertex 9.19295 -4.53346 2.20096
      vertex 9.14579 -5.28033 2.43933
      vertex 9.47156 -4.67086 2.43933
    endloop
  endfacet
  facet normal -0.537057 0.287068 0.793198
    outer loop
      vertex 9.19295 -4.53346 2.20096
      vertex 8.87676 -5.125 2.20096
      vertex 9.14579 -5.28033 2.43933
    endloop
  endfacet
  facet normal -0.699827 0.374067 0.608536
    outer loop
      vertex 9.47156 -4.67086 2.43933
      vertex 9.35223 -5.39951 2.75
      vertex 9.68535 -4.77629 2.75
    endloop
  endfacet
  facet normal -0.699827 0.374067 0.608535
    outer loop
      vertex 9.47156 -4.67086 2.43933
      vertex 9.14579 -5.28033 2.43933
      vertex 9.35223 -5.39951 2.75
    endloop
  endfacet
  facet normal -0.81485 0.435544 0.382519
    outer loop
      vertex 9.68535 -4.77629 2.75
      vertex 9.48201 -5.47444 3.11177
      vertex 9.81975 -4.84257 3.11177
    endloop
  endfacet
  facet normal -0.814846 0.435547 0.382525
    outer loop
      vertex 9.68535 -4.77629 2.75
      vertex 9.35223 -5.39951 2.75
      vertex 9.48201 -5.47444 3.11177
    endloop
  endfacet
  facet normal -0.87438 0.467368 0.130483
    outer loop
      vertex 9.81975 -4.84257 3.11177
      vertex 9.52628 -5.5 3.5
      vertex 9.8656 -4.86518 3.5
    endloop
  endfacet
  facet normal -0.874383 0.467365 0.130476
    outer loop
      vertex 9.81975 -4.84257 3.11177
      vertex 9.48201 -5.47444 3.11177
      vertex 9.52628 -5.5 3.5
    endloop
  endfacet
  facet normal -0.77003 0.411584 0.487495
    outer loop
      vertex 9.8656 -4.86518 3.5
      vertex 9.57466 -5.52793 3.59999
      vertex 9.9157 -4.88988 3.59999
    endloop
  endfacet
  facet normal -0.770009 0.41158 0.487533
    outer loop
      vertex 9.8656 -4.86518 3.5
      vertex 9.52628 -5.5 3.5
      vertex 9.57466 -5.52793 3.59999
    endloop
  endfacet
  facet normal -0.0171514 0.00916715 0.999811
    outer loop
      vertex 9.91616 -4.89011 3.6
      vertex 9.9157 -4.88988 3.59999
      vertex 9.91585 -4.89069 3.6
    endloop
  endfacet
  facet normal -0.0171509 0.00916724 0.999811
    outer loop
      vertex 9.57466 -5.52793 3.59999
      vertex 9.91585 -4.89069 3.6
      vertex 9.9157 -4.88988 3.59999
    endloop
  endfacet
  facet normal -0.0172687 0.00923027 0.999808
    outer loop
      vertex 9.91585 -4.89069 3.6
      vertex 9.57466 -5.52793 3.59999
      vertex 9.5751 -5.52819 3.6
    endloop
  endfacet
  facet normal -0.626748 0.33531 -0.703388
    outer loop
      vertex 7.16397 -3.53793 0
      vertex 6.27811 -3.09602 1
      vertex 7.16611 -3.53393 0
    endloop
  endfacet
  facet normal -0.626873 0.335068 -0.703392
    outer loop
      vertex 6.27811 -3.09602 1
      vertex 7.16397 -3.53793 0
      vertex 6.06218 -3.5 1
    endloop
  endfacet
  facet normal -0.626871 0.335075 -0.70339
    outer loop
      vertex 6.91963 -3.99505 0
      vertex 6.06218 -3.5 1
      vertex 7.16397 -3.53793 0
    endloop
  endfacet
  facet normal -0.849202 0.528069 0
    outer loop
      vertex 5.82029 -3.88899 1
      vertex 6.06218 -3.5 1.2
      vertex 6.06218 -3.5 1
    endloop
  endfacet
  facet normal -0.849202 0.528069 0
    outer loop
      vertex 6.06218 -3.5 1.2
      vertex 5.82029 -3.88899 1
      vertex 5.82029 -3.88899 1.2
    endloop
  endfacet
  facet normal -0.841945 0.523559 0.130439
    outer loop
      vertex 6.06218 -3.5 1.2
      vertex 5.84295 -3.90413 1.40704
      vertex 6.08578 -3.51363 1.40704
    endloop
  endfacet
  facet normal -0.841947 0.523557 0.130435
    outer loop
      vertex 6.06218 -3.5 1.2
      vertex 5.82029 -3.88899 1.2
      vertex 5.84295 -3.90413 1.40704
    endloop
  endfacet
  facet normal -0.784613 0.487912 0.382523
    outer loop
      vertex 6.08578 -3.51363 1.40704
      vertex 5.9094 -3.94854 1.59999
      vertex 6.155 -3.55359 1.59999
    endloop
  endfacet
  facet normal -0.784619 0.48791 0.382514
    outer loop
      vertex 6.08578 -3.51363 1.40704
      vertex 5.84295 -3.90413 1.40704
      vertex 5.9094 -3.94854 1.59999
    endloop
  endfacet
  facet normal -0.673841 0.419028 0.608567
    outer loop
      vertex 6.155 -3.55359 1.59999
      vertex 6.01511 -4.01917 1.76567
      vertex 6.2651 -3.61716 1.76567
    endloop
  endfacet
  facet normal -0.67384 0.419028 0.608568
    outer loop
      vertex 6.155 -3.55359 1.59999
      vertex 5.9094 -3.94854 1.59999
      vertex 6.01511 -4.01917 1.76567
    endloop
  endfacet
  facet normal -0.517166 0.321591 0.79317
    outer loop
      vertex 6.2651 -3.61716 1.76567
      vertex 6.15287 -4.11122 1.89281
      vertex 6.40858 -3.7 1.89281
    endloop
  endfacet
  facet normal -0.51715 0.32159 0.793181
    outer loop
      vertex 6.2651 -3.61716 1.76567
      vertex 6.01511 -4.01917 1.76567
      vertex 6.15287 -4.11122 1.89281
    endloop
  endfacet
  facet normal -0.325119 0.202172 0.92381
    outer loop
      vertex 6.40858 -3.7 1.89281
      vertex 6.3133 -4.21841 1.97273
      vertex 6.57568 -3.79647 1.97273
    endloop
  endfacet
  facet normal -0.325125 0.202173 0.923807
    outer loop
      vertex 6.40858 -3.7 1.89281
      vertex 6.15287 -4.11122 1.89281
      vertex 6.3133 -4.21841 1.97273
    endloop
  endfacet
  facet normal -0.110948 0.0689929 0.991429
    outer loop
      vertex 6.57568 -3.79647 1.97273
      vertex 6.48545 -4.33344 2
      vertex 6.75499 -3.89999 2
    endloop
  endfacet
  facet normal -0.11095 0.0689931 0.991428
    outer loop
      vertex 6.57568 -3.79647 1.97273
      vertex 6.3133 -4.21841 1.97273
      vertex 6.48545 -4.33344 2
    endloop
  endfacet
  facet normal -0.110882 0.0689501 0.991439
    outer loop
      vertex 8.22724 -4.75 2
      vertex 8.22175 -5.4936 2.0511
      vertex 8.56344 -4.94411 2.0511
    endloop
  endfacet
  facet normal -0.110881 0.0689501 0.991439
    outer loop
      vertex 8.22724 -4.75 2
      vertex 7.89896 -5.27792 2
      vertex 8.22175 -5.4936 2.0511
    endloop
  endfacet
  facet normal -0.325127 0.202181 0.923805
    outer loop
      vertex 8.56344 -4.94411 2.0511
      vertex 8.52256 -5.69459 2.20096
      vertex 8.87676 -5.125 2.20096
    endloop
  endfacet
  facet normal -0.325137 0.202181 0.923801
    outer loop
      vertex 8.56344 -4.94411 2.0511
      vertex 8.22175 -5.4936 2.0511
      vertex 8.52256 -5.69459 2.20096
    endloop
  endfacet
  facet normal -0.517132 0.321576 0.793198
    outer loop
      vertex 8.87676 -5.125 2.20096
      vertex 8.78086 -5.86718 2.43933
      vertex 9.14579 -5.28033 2.43933
    endloop
  endfacet
  facet normal -0.517128 0.321577 0.7932
    outer loop
      vertex 8.87676 -5.125 2.20096
      vertex 8.52256 -5.69459 2.20096
      vertex 8.78086 -5.86718 2.43933
    endloop
  endfacet
  facet normal -0.673866 0.419034 0.608535
    outer loop
      vertex 9.14579 -5.28033 2.43933
      vertex 8.97906 -5.99962 2.75
      vertex 9.35223 -5.39951 2.75
    endloop
  endfacet
  facet normal -0.673858 0.419036 0.608542
    outer loop
      vertex 9.14579 -5.28033 2.43933
      vertex 8.78086 -5.86718 2.43933
      vertex 8.97906 -5.99962 2.75
    endloop
  endfacet
  facet normal -0.784614 0.487909 0.382525
    outer loop
      vertex 9.35223 -5.39951 2.75
      vertex 9.10366 -6.08287 3.11177
      vertex 9.48201 -5.47444 3.11177
    endloop
  endfacet
  facet normal -0.784622 0.487906 0.382514
    outer loop
      vertex 9.35223 -5.39951 2.75
      vertex 8.97906 -5.99962 2.75
      vertex 9.10366 -6.08287 3.11177
    endloop
  endfacet
  facet normal -0.841938 0.523561 0.130476
    outer loop
      vertex 9.48201 -5.47444 3.11177
      vertex 9.14616 -6.11127 3.5
      vertex 9.52628 -5.5 3.5
    endloop
  endfacet
  facet normal -0.841941 0.523558 0.130468
    outer loop
      vertex 9.48201 -5.47444 3.11177
      vertex 9.10366 -6.08287 3.11177
      vertex 9.14616 -6.11127 3.5
    endloop
  endfacet
  facet normal -0.74144 0.461062 0.487532
    outer loop
      vertex 9.52628 -5.5 3.5
      vertex 9.19261 -6.14231 3.59999
      vertex 9.57466 -5.52793 3.59999
    endloop
  endfacet
  facet normal -0.741428 0.461059 0.487555
    outer loop
      vertex 9.52628 -5.5 3.5
      vertex 9.14616 -6.11127 3.5
      vertex 9.19261 -6.14231 3.59999
    endloop
  endfacet
  facet normal -0.0167232 0.0101534 0.999809
    outer loop
      vertex 9.5751 -5.52819 3.6
      vertex 9.57466 -5.52793 3.59999
      vertex 9.57476 -5.52875 3.6
    endloop
  endfacet
  facet normal -0.0163927 0.0101937 0.999814
    outer loop
      vertex 9.19261 -6.14231 3.59999
      vertex 9.57476 -5.52875 3.6
      vertex 9.57466 -5.52793 3.59999
    endloop
  endfacet
  facet normal -0.0165499 0.0102916 0.99981
    outer loop
      vertex 9.57476 -5.52875 3.6
      vertex 9.19261 -6.14231 3.59999
      vertex 9.19304 -6.14259 3.6
    endloop
  endfacet
  facet normal -0.603896 0.374886 -0.703398
    outer loop
      vertex 6.91724 -3.9989 0
      vertex 6.06218 -3.5 1
      vertex 6.91963 -3.99505 0
    endloop
  endfacet
  facet normal -0.603615 0.375353 -0.703391
    outer loop
      vertex 6.06218 -3.5 1
      vertex 6.91724 -3.9989 0
      vertex 5.82029 -3.88899 1
    endloop
  endfacet
  facet normal -0.603615 0.375353 -0.703391
    outer loop
      vertex 6.64353 -4.43906 0
      vertex 5.82029 -3.88899 1
      vertex 6.91724 -3.9989 0
    endloop
  endfacet
  facet normal -0.812842 0.582485 0
    outer loop
      vertex 5.55347 -4.26133 1
      vertex 5.82029 -3.88899 1.2
      vertex 5.82029 -3.88899 1
    endloop
  endfacet
  facet normal -0.812842 0.582485 0
    outer loop
      vertex 5.82029 -3.88899 1.2
      vertex 5.55347 -4.26133 1
      vertex 5.55347 -4.26133 1.2
    endloop
  endfacet
  facet normal -0.805897 0.57751 0.130434
    outer loop
      vertex 5.82029 -3.88899 1.2
      vertex 5.57509 -4.27792 1.40704
      vertex 5.84295 -3.90413 1.40704
    endloop
  endfacet
  facet normal -0.805898 0.577509 0.130431
    outer loop
      vertex 5.82029 -3.88899 1.2
      vertex 5.55347 -4.26133 1.2
      vertex 5.57509 -4.27792 1.40704
    endloop
  endfacet
  facet normal -0.751028 0.53818 0.382516
    outer loop
      vertex 5.84295 -3.90413 1.40704
      vertex 5.6385 -4.32658 1.59999
      vertex 5.9094 -3.94854 1.59999
    endloop
  endfacet
  facet normal -0.751017 0.538183 0.382534
    outer loop
      vertex 5.84295 -3.90413 1.40704
      vertex 5.57509 -4.27792 1.40704
      vertex 5.6385 -4.32658 1.59999
    endloop
  endfacet
  facet normal -0.644998 0.462193 0.608568
    outer loop
      vertex 5.9094 -3.94854 1.59999
      vertex 5.73937 -4.40397 1.76567
      vertex 6.01511 -4.01917 1.76567
    endloop
  endfacet
  facet normal -0.644989 0.462193 0.608578
    outer loop
      vertex 5.9094 -3.94854 1.59999
      vertex 5.6385 -4.32658 1.59999
      vertex 5.73937 -4.40397 1.76567
    endloop
  endfacet
  facet normal -0.495011 0.354724 0.793181
    outer loop
      vertex 6.01511 -4.01917 1.76567
      vertex 5.87081 -4.50483 1.89281
      vertex 6.15287 -4.11122 1.89281
    endloop
  endfacet
  facet normal -0.495025 0.354725 0.793171
    outer loop
      vertex 6.01511 -4.01917 1.76567
      vertex 5.73937 -4.40397 1.76567
      vertex 5.87081 -4.50483 1.89281
    endloop
  endfacet
  facet normal -0.311204 0.223008 0.923807
    outer loop
      vertex 6.15287 -4.11122 1.89281
      vertex 6.02388 -4.62229 1.97273
      vertex 6.3133 -4.21841 1.97273
    endloop
  endfacet
  facet normal -0.311204 0.223008 0.923807
    outer loop
      vertex 6.15287 -4.11122 1.89281
      vertex 5.87081 -4.50483 1.89281
      vertex 6.02388 -4.62229 1.97273
    endloop
  endfacet
  facet normal -0.1062 0.0761006 0.991428
    outer loop
      vertex 6.3133 -4.21841 1.97273
      vertex 6.18815 -4.74833 2
      vertex 6.48545 -4.33344 2
    endloop
  endfacet
  facet normal -0.106195 0.0760994 0.991429
    outer loop
      vertex 6.3133 -4.21841 1.97273
      vertex 6.02388 -4.62229 1.97273
      vertex 6.18815 -4.74833 2
    endloop
  endfacet
  facet normal -0.106134 0.076055 0.991439
    outer loop
      vertex 7.89896 -5.27792 2
      vertex 7.84485 -6.01956 2.0511
      vertex 8.22175 -5.4936 2.0511
    endloop
  endfacet
  facet normal -0.106135 0.0760551 0.991439
    outer loop
      vertex 7.89896 -5.27792 2
      vertex 7.53686 -5.78323 2
      vertex 7.84485 -6.01956 2.0511
    endloop
  endfacet
  facet normal -0.311217 0.223014 0.923801
    outer loop
      vertex 8.22175 -5.4936 2.0511
      vertex 8.13187 -6.2398 2.20096
      vertex 8.52256 -5.69459 2.20096
    endloop
  endfacet
  facet normal -0.311213 0.223014 0.923802
    outer loop
      vertex 8.22175 -5.4936 2.0511
      vertex 7.84485 -6.01956 2.0511
      vertex 8.13187 -6.2398 2.20096
    endloop
  endfacet
  facet normal -0.494995 0.354702 0.7932
    outer loop
      vertex 8.52256 -5.69459 2.20096
      vertex 8.37833 -6.42892 2.43933
      vertex 8.78086 -5.86718 2.43933
    endloop
  endfacet
  facet normal -0.494988 0.354702 0.793204
    outer loop
      vertex 8.52256 -5.69459 2.20096
      vertex 8.13187 -6.2398 2.20096
      vertex 8.37833 -6.42892 2.43933
    endloop
  endfacet
  facet normal -0.645009 0.462211 0.608543
    outer loop
      vertex 8.78086 -5.86718 2.43933
      vertex 8.56744 -6.57403 2.75
      vertex 8.97906 -5.99962 2.75
    endloop
  endfacet
  facet normal -0.645024 0.462209 0.608529
    outer loop
      vertex 8.78086 -5.86718 2.43933
      vertex 8.37833 -6.42892 2.43933
      vertex 8.56744 -6.57403 2.75
    endloop
  endfacet
  facet normal -0.751033 0.538176 0.382513
    outer loop
      vertex 8.97906 -5.99962 2.75
      vertex 8.68633 -6.66526 3.11177
      vertex 9.10366 -6.08287 3.11177
    endloop
  endfacet
  facet normal -0.751022 0.53818 0.382528
    outer loop
      vertex 8.97906 -5.99962 2.75
      vertex 8.56744 -6.57403 2.75
      vertex 8.68633 -6.66526 3.11177
    endloop
  endfacet
  facet normal -0.805903 0.577493 0.130468
    outer loop
      vertex 9.10366 -6.08287 3.11177
      vertex 8.72689 -6.69637 3.5
      vertex 9.14616 -6.11127 3.5
    endloop
  endfacet
  facet normal -0.805902 0.577494 0.130472
    outer loop
      vertex 9.10366 -6.08287 3.11177
      vertex 8.68633 -6.66526 3.11177
      vertex 8.72689 -6.69637 3.5
    endloop
  endfacet
  facet normal -0.709687 0.508561 0.487556
    outer loop
      vertex 9.14616 -6.11127 3.5
      vertex 8.7712 -6.73038 3.59999
      vertex 9.19261 -6.14231 3.59999
    endloop
  endfacet
  facet normal -0.709723 0.508572 0.487492
    outer loop
      vertex 9.14616 -6.11127 3.5
      vertex 8.72689 -6.69637 3.5
      vertex 8.7712 -6.73038 3.59999
    endloop
  endfacet
  facet normal -0.015945 0.0112205 0.99981
    outer loop
      vertex 9.19304 -6.14259 3.6
      vertex 9.19261 -6.14231 3.59999
      vertex 9.19266 -6.14313 3.6
    endloop
  endfacet
  facet normal -0.0156806 0.0112367 0.999814
    outer loop
      vertex 8.7712 -6.73038 3.59999
      vertex 9.19266 -6.14313 3.6
      vertex 9.19261 -6.14231 3.59999
    endloop
  endfacet
  facet normal -0.015639 0.0112068 0.999815
    outer loop
      vertex 9.19266 -6.14313 3.6
      vertex 8.7712 -6.73038 3.59999
      vertex 8.77161 -6.7307 3.6
    endloop
  endfacet
  facet normal -0.57808 0.413586 -0.703399
    outer loop
      vertex 6.64089 -4.44275 0
      vertex 5.82029 -3.88899 1
      vertex 6.64353 -4.43906 0
    endloop
  endfacet
  facet normal -0.57777 0.414032 -0.703392
    outer loop
      vertex 5.82029 -3.88899 1
      vertex 6.64089 -4.44275 0
      vertex 5.55347 -4.26133 1
    endloop
  endfacet
  facet normal -0.577774 0.414022 -0.703394
    outer loop
      vertex 6.33898 -4.86407 0
      vertex 5.55347 -4.26133 1
      vertex 6.64089 -4.44275 0
    endloop
  endfacet
  facet normal -0.773015 0.634388 0
    outer loop
      vertex 5.26288 -4.61542 1
      vertex 5.55347 -4.26133 1.2
      vertex 5.55347 -4.26133 1
    endloop
  endfacet
  facet normal -0.773015 0.634388 0
    outer loop
      vertex 5.55347 -4.26133 1.2
      vertex 5.26288 -4.61542 1
      vertex 5.26288 -4.61542 1.2
    endloop
  endfacet
  facet normal -0.766414 0.628965 0.130431
    outer loop
      vertex 5.55347 -4.26133 1.2
      vertex 5.28337 -4.63339 1.40704
      vertex 5.57509 -4.27792 1.40704
    endloop
  endfacet
  facet normal -0.76641 0.628968 0.13044
    outer loop
      vertex 5.55347 -4.26133 1.2
      vertex 5.26288 -4.61542 1.2
      vertex 5.28337 -4.63339 1.40704
    endloop
  endfacet
  facet normal -0.714218 0.586139 0.382535
    outer loop
      vertex 5.57509 -4.27792 1.40704
      vertex 5.34346 -4.68609 1.59999
      vertex 5.6385 -4.32658 1.59999
    endloop
  endfacet
  facet normal -0.714227 0.586138 0.382521
    outer loop
      vertex 5.57509 -4.27792 1.40704
      vertex 5.28337 -4.63339 1.40704
      vertex 5.34346 -4.68609 1.59999
    endloop
  endfacet
  facet normal -0.613372 0.503399 0.608576
    outer loop
      vertex 5.6385 -4.32658 1.59999
      vertex 5.43904 -4.76991 1.76567
      vertex 5.73937 -4.40397 1.76567
    endloop
  endfacet
  facet normal -0.6134 0.503401 0.608546
    outer loop
      vertex 5.6385 -4.32658 1.59999
      vertex 5.34346 -4.68609 1.59999
      vertex 5.43904 -4.76991 1.76567
    endloop
  endfacet
  facet normal -0.47076 0.386348 0.793171
    outer loop
      vertex 5.73937 -4.40397 1.76567
      vertex 5.56361 -4.87915 1.89281
      vertex 5.87081 -4.50483 1.89281
    endloop
  endfacet
  facet normal -0.470745 0.386345 0.793181
    outer loop
      vertex 5.73937 -4.40397 1.76567
      vertex 5.43904 -4.76991 1.76567
      vertex 5.56361 -4.87915 1.89281
    endloop
  endfacet
  facet normal -0.295956 0.24288 0.923807
    outer loop
      vertex 5.87081 -4.50483 1.89281
      vertex 5.70868 -5.00637 1.97273
      vertex 6.02388 -4.62229 1.97273
    endloop
  endfacet
  facet normal -0.295942 0.242876 0.923812
    outer loop
      vertex 5.87081 -4.50483 1.89281
      vertex 5.56361 -4.87915 1.89281
      vertex 5.70868 -5.00637 1.97273
    endloop
  endfacet
  facet normal -0.100991 0.082882 0.991429
    outer loop
      vertex 6.02388 -4.62229 1.97273
      vertex 5.86434 -5.14289 2
      vertex 6.18815 -4.74833 2
    endloop
  endfacet
  facet normal -0.100996 0.0828834 0.991428
    outer loop
      vertex 6.02388 -4.62229 1.97273
      vertex 5.70868 -5.00637 1.97273
      vertex 5.86434 -5.14289 2
    endloop
  endfacet
  facet normal -0.100933 0.0828343 0.991439
    outer loop
      vertex 7.53686 -5.78323 2
      vertex 7.43435 -6.51975 2.0511
      vertex 7.84485 -6.01956 2.0511
    endloop
  endfacet
  facet normal -0.100933 0.0828344 0.991439
    outer loop
      vertex 7.53686 -5.78323 2
      vertex 7.14248 -6.26378 2
      vertex 7.43435 -6.51975 2.0511
    endloop
  endfacet
  facet normal -0.295963 0.242888 0.923803
    outer loop
      vertex 7.84485 -6.01956 2.0511
      vertex 7.70636 -6.75829 2.20096
      vertex 8.13187 -6.2398 2.20096
    endloop
  endfacet
  facet normal -0.295956 0.242888 0.923805
    outer loop
      vertex 7.84485 -6.01956 2.0511
      vertex 7.43435 -6.51975 2.0511
      vertex 7.70636 -6.75829 2.20096
    endloop
  endfacet
  facet normal -0.470727 0.386319 0.793204
    outer loop
      vertex 8.13187 -6.2398 2.20096
      vertex 7.93992 -6.96312 2.43933
      vertex 8.37833 -6.42892 2.43933
    endloop
  endfacet
  facet normal -0.470736 0.38632 0.793199
    outer loop
      vertex 8.13187 -6.2398 2.20096
      vertex 7.70636 -6.75829 2.20096
      vertex 7.93992 -6.96312 2.43933
    endloop
  endfacet
  facet normal -0.613411 0.503409 0.608529
    outer loop
      vertex 8.37833 -6.42892 2.43933
      vertex 8.11914 -7.12029 2.75
      vertex 8.56744 -6.57403 2.75
    endloop
  endfacet
  facet normal -0.613401 0.503409 0.608538
    outer loop
      vertex 8.37833 -6.42892 2.43933
      vertex 7.93992 -6.96312 2.43933
      vertex 8.11914 -7.12029 2.75
    endloop
  endfacet
  facet normal -0.714221 0.58614 0.382528
    outer loop
      vertex 8.56744 -6.57403 2.75
      vertex 8.23181 -7.2191 3.11177
      vertex 8.68633 -6.66526 3.11177
    endloop
  endfacet
  facet normal -0.71422 0.58614 0.38253
    outer loop
      vertex 8.56744 -6.57403 2.75
      vertex 8.11914 -7.12029 2.75
      vertex 8.23181 -7.2191 3.11177
    endloop
  endfacet
  facet normal -0.766403 0.62897 0.130471
    outer loop
      vertex 8.68633 -6.66526 3.11177
      vertex 8.27024 -7.2528 3.5
      vertex 8.72689 -6.69637 3.5
    endloop
  endfacet
  facet normal -0.766407 0.628967 0.130462
    outer loop
      vertex 8.68633 -6.66526 3.11177
      vertex 8.23181 -7.2191 3.11177
      vertex 8.27024 -7.2528 3.5
    endloop
  endfacet
  facet normal -0.674943 0.553896 0.487496
    outer loop
      vertex 8.72689 -6.69637 3.5
      vertex 8.31224 -7.28964 3.59999
      vertex 8.7712 -6.73038 3.59999
    endloop
  endfacet
  facet normal -0.674907 0.553882 0.48756
    outer loop
      vertex 8.72689 -6.69637 3.5
      vertex 8.27024 -7.2528 3.5
      vertex 8.31224 -7.28964 3.59999
    endloop
  endfacet
  facet normal -0.0148694 0.0121929 0.999815
    outer loop
      vertex 8.7712 -6.73038 3.59999
      vertex 8.7712 -6.7312 3.6
      vertex 8.77161 -6.7307 3.6
    endloop
  endfacet
  facet normal -0.0148575 0.0121929 0.999815
    outer loop
      vertex 8.31224 -7.28964 3.59999
      vertex 8.7712 -6.7312 3.6
      vertex 8.7712 -6.73038 3.59999
    endloop
  endfacet
  facet normal -0.0151709 0.0124504 0.999807
    outer loop
      vertex 8.7712 -6.7312 3.6
      vertex 8.31224 -7.28964 3.59999
      vertex 8.31262 -7.28998 3.6
    endloop
  endfacet
  facet normal -0.548881 0.45165 -0.703379
    outer loop
      vertex 6.3361 -4.86757 0
      vertex 5.55347 -4.26133 1
      vertex 6.33898 -4.86407 0
    endloop
  endfacet
  facet normal -0.54946 0.450924 -0.703392
    outer loop
      vertex 5.55347 -4.26133 1
      vertex 6.3361 -4.86757 0
      vertex 5.26288 -4.61542 1
    endloop
  endfacet
  facet normal -0.549459 0.450927 -0.703391
    outer loop
      vertex 6.00728 -5.26824 0
      vertex 5.26288 -4.61542 1
      vertex 6.3361 -4.86757 0
    endloop
  endfacet
  facet normal -0.729869 0.683587 0
    outer loop
      vertex 4.94975 -4.94975 1
      vertex 5.26288 -4.61542 1.2
      vertex 5.26288 -4.61542 1
    endloop
  endfacet
  facet normal -0.729869 0.683587 0
    outer loop
      vertex 5.26288 -4.61542 1.2
      vertex 4.94975 -4.94975 1
      vertex 4.94975 -4.94975 1.2
    endloop
  endfacet
  facet normal -0.72363 0.67775 0.13044
    outer loop
      vertex 5.26288 -4.61542 1.2
      vertex 4.96902 -4.96902 1.40704
      vertex 5.28337 -4.63339 1.40704
    endloop
  endfacet
  facet normal -0.723634 0.677748 0.130432
    outer loop
      vertex 5.26288 -4.61542 1.2
      vertex 4.94975 -4.94975 1.2
      vertex 4.96902 -4.96902 1.40704
    endloop
  endfacet
  facet normal -0.674346 0.631613 0.382521
    outer loop
      vertex 5.28337 -4.63339 1.40704
      vertex 5.02553 -5.02553 1.59999
      vertex 5.34346 -4.68609 1.59999
    endloop
  endfacet
  facet normal -0.674368 0.631611 0.382487
    outer loop
      vertex 5.28337 -4.63339 1.40704
      vertex 4.96902 -4.96902 1.40704
      vertex 5.02553 -5.02553 1.59999
    endloop
  endfacet
  facet normal -0.579165 0.542439 0.608546
    outer loop
      vertex 5.34346 -4.68609 1.59999
      vertex 5.11543 -5.11543 1.76567
      vertex 5.43904 -4.76991 1.76567
    endloop
  endfacet
  facet normal -0.579135 0.542435 0.608578
    outer loop
      vertex 5.34346 -4.68609 1.59999
      vertex 5.02553 -5.02553 1.59999
      vertex 5.11543 -5.11543 1.76567
    endloop
  endfacet
  facet normal -0.444473 0.416303 0.793181
    outer loop
      vertex 5.43904 -4.76991 1.76567
      vertex 5.23258 -5.23258 1.89281
      vertex 5.56361 -4.87915 1.89281
    endloop
  endfacet
  facet normal -0.444495 0.416308 0.793166
    outer loop
      vertex 5.43904 -4.76991 1.76567
      vertex 5.11543 -5.11543 1.76567
      vertex 5.23258 -5.23258 1.89281
    endloop
  endfacet
  facet normal -0.279425 0.261711 0.923812
    outer loop
      vertex 5.56361 -4.87915 1.89281
      vertex 5.36902 -5.36902 1.97273
      vertex 5.70868 -5.00637 1.97273
    endloop
  endfacet
  facet normal -0.279418 0.261709 0.923815
    outer loop
      vertex 5.56361 -4.87915 1.89281
      vertex 5.23258 -5.23258 1.89281
      vertex 5.36902 -5.36902 1.97273
    endloop
  endfacet
  facet normal -0.0953566 0.0893132 0.991428
    outer loop
      vertex 5.70868 -5.00637 1.97273
      vertex 5.51542 -5.51542 2
      vertex 5.86434 -5.14289 2
    endloop
  endfacet
  facet normal -0.0953595 0.0893143 0.991428
    outer loop
      vertex 5.70868 -5.00637 1.97273
      vertex 5.36902 -5.36902 1.97273
      vertex 5.51542 -5.51542 2
    endloop
  endfacet
  facet normal -0.0952997 0.0892581 0.991439
    outer loop
      vertex 7.14248 -6.26378 2
      vertex 6.99202 -6.99202 2.0511
      vertex 7.43435 -6.51975 2.0511
    endloop
  endfacet
  facet normal -0.0952984 0.0892578 0.991439
    outer loop
      vertex 7.14248 -6.26378 2
      vertex 6.71751 -6.71751 2
      vertex 6.99202 -6.99202 2.0511
    endloop
  endfacet
  facet normal -0.279437 0.261725 0.923805
    outer loop
      vertex 7.43435 -6.51975 2.0511
      vertex 7.24784 -7.24784 2.20096
      vertex 7.70636 -6.75829 2.20096
    endloop
  endfacet
  facet normal -0.279441 0.261725 0.923803
    outer loop
      vertex 7.43435 -6.51975 2.0511
      vertex 6.99202 -6.99202 2.0511
      vertex 7.24784 -7.24784 2.20096
    endloop
  endfacet
  facet normal -0.444461 0.41628 0.793199
    outer loop
      vertex 7.70636 -6.75829 2.20096
      vertex 7.46751 -7.46751 2.43933
      vertex 7.93992 -6.96312 2.43933
    endloop
  endfacet
  facet normal -0.44445 0.416279 0.793206
    outer loop
      vertex 7.70636 -6.75829 2.20096
      vertex 7.24784 -7.24784 2.20096
      vertex 7.46751 -7.46751 2.43933
    endloop
  endfacet
  facet normal -0.57916 0.542453 0.608538
    outer loop
      vertex 7.93992 -6.96312 2.43933
      vertex 7.63606 -7.63606 2.75
      vertex 8.11914 -7.12029 2.75
    endloop
  endfacet
  facet normal -0.579174 0.542453 0.608524
    outer loop
      vertex 7.93992 -6.96312 2.43933
      vertex 7.46751 -7.46751 2.43933
      vertex 7.63606 -7.63606 2.75
    endloop
  endfacet
  facet normal -0.674351 0.631602 0.38253
    outer loop
      vertex 8.11914 -7.12029 2.75
      vertex 7.74203 -7.74203 3.11177
      vertex 8.23181 -7.2191 3.11177
    endloop
  endfacet
  facet normal -0.674344 0.631604 0.382539
    outer loop
      vertex 8.11914 -7.12029 2.75
      vertex 7.63606 -7.63606 2.75
      vertex 7.74203 -7.74203 3.11177
    endloop
  endfacet
  facet normal -0.723621 0.677755 0.130462
    outer loop
      vertex 8.23181 -7.2191 3.11177
      vertex 7.77817 -7.77817 3.5
      vertex 8.27024 -7.2528 3.5
    endloop
  endfacet
  facet normal -0.723625 0.677753 0.130453
    outer loop
      vertex 8.23181 -7.2191 3.11177
      vertex 7.74203 -7.74203 3.11177
      vertex 7.77817 -7.77817 3.5
    endloop
  endfacet
  facet normal -0.637226 0.596847 0.487562
    outer loop
      vertex 8.27024 -7.2528 3.5
      vertex 7.81767 -7.81767 3.59999
      vertex 8.31224 -7.28964 3.59999
    endloop
  endfacet
  facet normal -0.637248 0.596857 0.48752
    outer loop
      vertex 8.27024 -7.2528 3.5
      vertex 7.77817 -7.77817 3.5
      vertex 7.81767 -7.81767 3.59999
    endloop
  endfacet
  facet normal -0.0143178 0.0134039 0.999808
    outer loop
      vertex 8.31224 -7.28964 3.59999
      vertex 8.31218 -7.29045 3.6
      vertex 8.31262 -7.28998 3.6
    endloop
  endfacet
  facet normal -0.0143101 0.0134033 0.999808
    outer loop
      vertex 7.81767 -7.81767 3.59999
      vertex 8.31218 -7.29045 3.6
      vertex 8.31224 -7.28964 3.59999
    endloop
  endfacet
  facet normal -0.0139534 0.0130687 0.999817
    outer loop
      vertex 8.31218 -7.29045 3.6
      vertex 7.81767 -7.81767 3.59999
      vertex 7.81804 -7.81804 3.6
    endloop
  endfacet
  facet normal -0.518793 0.485895 -0.703392
    outer loop
      vertex 5.64986 -5.64986 0
      vertex 5.26288 -4.61542 1
      vertex 6.00728 -5.26824 0
    endloop
  endfacet
  facet normal -0.518792 0.485895 -0.703392
    outer loop
      vertex 5.26288 -4.61542 1
      vertex 5.64986 -5.64986 0
      vertex 4.94975 -4.94975 1
    endloop
  endfacet
  facet normal -0.683587 0.729869 0
    outer loop
      vertex 4.94975 -4.94975 1
      vertex 4.61542 -5.26288 1.2
      vertex 4.94975 -4.94975 1.2
    endloop
  endfacet
  facet normal -0.683587 0.729869 0
    outer loop
      vertex 4.61542 -5.26288 1.2
      vertex 4.94975 -4.94975 1
      vertex 4.61542 -5.26288 1
    endloop
  endfacet
  facet normal -0.67775 0.723631 0.130432
    outer loop
      vertex 4.94975 -4.94975 1.2
      vertex 4.63339 -5.28337 1.40704
      vertex 4.96902 -4.96902 1.40704
    endloop
  endfacet
  facet normal -0.677747 0.723633 0.13044
    outer loop
      vertex 4.94975 -4.94975 1.2
      vertex 4.61542 -5.26288 1.2
      vertex 4.63339 -5.28337 1.40704
    endloop
  endfacet
  facet normal -0.631623 0.674356 0.382487
    outer loop
      vertex 4.96902 -4.96902 1.40704
      vertex 4.68609 -5.34346 1.59999
      vertex 5.02553 -5.02553 1.59999
    endloop
  endfacet
  facet normal -0.631601 0.674357 0.382521
    outer loop
      vertex 4.96902 -4.96902 1.40704
      vertex 4.63339 -5.28337 1.40704
      vertex 4.68609 -5.34346 1.59999
    endloop
  endfacet
  facet normal -0.542422 0.579147 0.608577
    outer loop
      vertex 5.02553 -5.02553 1.59999
      vertex 4.76991 -5.43904 1.76567
      vertex 5.11543 -5.11543 1.76567
    endloop
  endfacet
  facet normal -0.542452 0.579153 0.608545
    outer loop
      vertex 5.02553 -5.02553 1.59999
      vertex 4.68609 -5.34346 1.59999
      vertex 4.76991 -5.43904 1.76567
    endloop
  endfacet
  facet normal -0.416316 0.444487 0.793166
    outer loop
      vertex 5.11543 -5.11543 1.76567
      vertex 4.87915 -5.56361 1.89281
      vertex 5.23258 -5.23258 1.89281
    endloop
  endfacet
  facet normal -0.416295 0.44448 0.793181
    outer loop
      vertex 5.11543 -5.11543 1.76567
      vertex 4.76991 -5.43904 1.76567
      vertex 4.87915 -5.56361 1.89281
    endloop
  endfacet
  facet normal -0.261706 0.27942 0.923815
    outer loop
      vertex 5.23258 -5.23258 1.89281
      vertex 5.00637 -5.70868 1.97273
      vertex 5.36902 -5.36902 1.97273
    endloop
  endfacet
  facet normal -0.261713 0.279423 0.923812
    outer loop
      vertex 5.23258 -5.23258 1.89281
      vertex 4.87915 -5.56361 1.89281
      vertex 5.00637 -5.70868 1.97273
    endloop
  endfacet
  facet normal -0.0893151 0.0953587 0.991428
    outer loop
      vertex 5.36902 -5.36902 1.97273
      vertex 5.14289 -5.86434 2
      vertex 5.51542 -5.51542 2
    endloop
  endfacet
  facet normal -0.0893123 0.0953574 0.991428
    outer loop
      vertex 5.36902 -5.36902 1.97273
      vertex 5.00637 -5.70868 1.97273
      vertex 5.14289 -5.86434 2
    endloop
  endfacet
  facet normal -0.0892573 0.0952989 0.991439
    outer loop
      vertex 6.71751 -6.71751 2
      vertex 6.51975 -7.43435 2.0511
      vertex 6.99202 -6.99202 2.0511
    endloop
  endfacet
  facet normal -0.0892586 0.0952992 0.991439
    outer loop
      vertex 6.71751 -6.71751 2
      vertex 6.26378 -7.14248 2
      vertex 6.51975 -7.43435 2.0511
    endloop
  endfacet
  facet normal -0.261727 0.279439 0.923803
    outer loop
      vertex 6.99202 -6.99202 2.0511
      vertex 6.75829 -7.70636 2.20096
      vertex 7.24784 -7.24784 2.20096
    endloop
  endfacet
  facet normal -0.261723 0.279438 0.923805
    outer loop
      vertex 6.99202 -6.99202 2.0511
      vertex 6.51975 -7.43435 2.0511
      vertex 6.75829 -7.70636 2.20096
    endloop
  endfacet
  facet normal -0.416275 0.444455 0.793206
    outer loop
      vertex 7.24784 -7.24784 2.20096
      vertex 6.96312 -7.93992 2.43933
      vertex 7.46751 -7.46751 2.43933
    endloop
  endfacet
  facet normal -0.416285 0.444457 0.793199
    outer loop
      vertex 7.24784 -7.24784 2.20096
      vertex 6.75829 -7.70636 2.20096
      vertex 6.96312 -7.93992 2.43933
    endloop
  endfacet
  facet normal -0.54246 0.579168 0.608525
    outer loop
      vertex 7.46751 -7.46751 2.43933
      vertex 7.12029 -8.11914 2.75
      vertex 7.63606 -7.63606 2.75
    endloop
  endfacet
  facet normal -0.542446 0.579167 0.608538
    outer loop
      vertex 7.46751 -7.46751 2.43933
      vertex 6.96312 -7.93992 2.43933
      vertex 7.12029 -8.11914 2.75
    endloop
  endfacet
  facet normal -0.631599 0.674348 0.382539
    outer loop
      vertex 7.63606 -7.63606 2.75
      vertex 7.2191 -8.23181 3.11177
      vertex 7.74203 -7.74203 3.11177
    endloop
  endfacet
  facet normal -0.631607 0.674347 0.38253
    outer loop
      vertex 7.63606 -7.63606 2.75
      vertex 7.12029 -8.11914 2.75
      vertex 7.2191 -8.23181 3.11177
    endloop
  endfacet
  facet normal -0.677756 0.723622 0.130453
    outer loop
      vertex 7.74203 -7.74203 3.11177
      vertex 7.2528 -8.27024 3.5
      vertex 7.77817 -7.77817 3.5
    endloop
  endfacet
  facet normal -0.677752 0.723624 0.130462
    outer loop
      vertex 7.74203 -7.74203 3.11177
      vertex 7.2191 -8.23181 3.11177
      vertex 7.2528 -8.27024 3.5
    endloop
  endfacet
  facet normal -0.596863 0.637243 0.487521
    outer loop
      vertex 7.77817 -7.77817 3.5
      vertex 7.28964 -8.31224 3.59999
      vertex 7.81767 -7.81767 3.59999
    endloop
  endfacet
  facet normal -0.596841 0.637231 0.487562
    outer loop
      vertex 7.77817 -7.77817 3.5
      vertex 7.2528 -8.27024 3.5
      vertex 7.28964 -8.31224 3.59999
    endloop
  endfacet
  facet normal -0.0130752 0.0139469 0.999817
    outer loop
      vertex 7.81767 -7.81767 3.59999
      vertex 7.81756 -7.81849 3.6
      vertex 7.81804 -7.81804 3.6
    endloop
  endfacet
  facet normal -0.0130614 0.013945 0.999817
    outer loop
      vertex 7.28964 -8.31224 3.59999
      vertex 7.81756 -7.81849 3.6
      vertex 7.81767 -7.81767 3.59999
    endloop
  endfacet
  facet normal -0.0134072 0.0143148 0.999808
    outer loop
      vertex 7.81756 -7.81849 3.6
      vertex 7.28964 -8.31224 3.59999
      vertex 7.28998 -8.31262 3.6
    endloop
  endfacet
  facet normal -0.485895 0.518793 -0.703392
    outer loop
      vertex 5.26824 -6.00728 0
      vertex 4.94975 -4.94975 1
      vertex 5.64986 -5.64986 0
    endloop
  endfacet
  facet normal -0.485896 0.518793 -0.703392
    outer loop
      vertex 4.94975 -4.94975 1
      vertex 5.26824 -6.00728 0
      vertex 4.61542 -5.26288 1
    endloop
  endfacet
  facet normal -0.634388 0.773015 0
    outer loop
      vertex 4.61542 -5.26288 1
      vertex 4.26133 -5.55347 1.2
      vertex 4.61542 -5.26288 1.2
    endloop
  endfacet
  facet normal -0.634388 0.773015 0
    outer loop
      vertex 4.26133 -5.55347 1.2
      vertex 4.61542 -5.26288 1
      vertex 4.26133 -5.55347 1
    endloop
  endfacet
  facet normal -0.628965 0.766413 0.13044
    outer loop
      vertex 4.61542 -5.26288 1.2
      vertex 4.27792 -5.57509 1.40704
      vertex 4.63339 -5.28337 1.40704
    endloop
  endfacet
  facet normal -0.628969 0.766411 0.130431
    outer loop
      vertex 4.61542 -5.26288 1.2
      vertex 4.26133 -5.55347 1.2
      vertex 4.27792 -5.57509 1.40704
    endloop
  endfacet
  facet normal -0.586143 0.714223 0.382521
    outer loop
      vertex 4.63339 -5.28337 1.40704
      vertex 4.32658 -5.6385 1.59999
      vertex 4.68609 -5.34346 1.59999
    endloop
  endfacet
  facet normal -0.586134 0.714223 0.382535
    outer loop
      vertex 4.63339 -5.28337 1.40704
      vertex 4.27792 -5.57509 1.40704
      vertex 4.32658 -5.6385 1.59999
    endloop
  endfacet
  facet normal -0.503414 0.613389 0.608546
    outer loop
      vertex 4.68609 -5.34346 1.59999
      vertex 4.40397 -5.73937 1.76567
      vertex 4.76991 -5.43904 1.76567
    endloop
  endfacet
  facet normal -0.503386 0.613382 0.608576
    outer loop
      vertex 4.68609 -5.34346 1.59999
      vertex 4.32658 -5.6385 1.59999
      vertex 4.40397 -5.73937 1.76567
    endloop
  endfacet
  facet normal -0.386339 0.47075 0.793181
    outer loop
      vertex 4.76991 -5.43904 1.76567
      vertex 4.50483 -5.87081 1.89281
      vertex 4.87915 -5.56361 1.89281
    endloop
  endfacet
  facet normal -0.386353 0.470756 0.793171
    outer loop
      vertex 4.76991 -5.43904 1.76567
      vertex 4.40397 -5.73937 1.76567
      vertex 4.50483 -5.87081 1.89281
    endloop
  endfacet
  facet normal -0.242872 0.295946 0.923812
    outer loop
      vertex 4.87915 -5.56361 1.89281
      vertex 4.62229 -6.02388 1.97273
      vertex 5.00637 -5.70868 1.97273
    endloop
  endfacet
  facet normal -0.242885 0.295952 0.923807
    outer loop
      vertex 4.87915 -5.56361 1.89281
      vertex 4.50483 -5.87081 1.89281
      vertex 4.62229 -6.02388 1.97273
    endloop
  endfacet
  facet normal -0.0828848 0.100995 0.991428
    outer loop
      vertex 5.00637 -5.70868 1.97273
      vertex 4.74833 -6.18815 2
      vertex 5.14289 -5.86434 2
    endloop
  endfacet
  facet normal -0.0828806 0.100992 0.991429
    outer loop
      vertex 5.00637 -5.70868 1.97273
      vertex 4.62229 -6.02388 1.97273
      vertex 4.74833 -6.18815 2
    endloop
  endfacet
  facet normal -0.0828346 0.100933 0.991439
    outer loop
      vertex 6.26378 -7.14248 2
      vertex 6.01956 -7.84485 2.0511
      vertex 6.51975 -7.43435 2.0511
    endloop
  endfacet
  facet normal -0.0828341 0.100933 0.991439
    outer loop
      vertex 6.26378 -7.14248 2
      vertex 5.78323 -7.53686 2
      vertex 6.01956 -7.84485 2.0511
    endloop
  endfacet
  facet normal -0.242885 0.295959 0.923805
    outer loop
      vertex 6.51975 -7.43435 2.0511
      vertex 6.2398 -8.13187 2.20096
      vertex 6.75829 -7.70636 2.20096
    endloop
  endfacet
  facet normal -0.242891 0.295961 0.923802
    outer loop
      vertex 6.51975 -7.43435 2.0511
      vertex 6.01956 -7.84485 2.0511
      vertex 6.2398 -8.13187 2.20096
    endloop
  endfacet
  facet normal -0.386323 0.470733 0.793199
    outer loop
      vertex 6.75829 -7.70636 2.20096
      vertex 6.42892 -8.37833 2.43933
      vertex 6.96312 -7.93992 2.43933
    endloop
  endfacet
  facet normal -0.386315 0.470731 0.793205
    outer loop
      vertex 6.75829 -7.70636 2.20096
      vertex 6.2398 -8.13187 2.20096
      vertex 6.42892 -8.37833 2.43933
    endloop
  endfacet
  facet normal -0.503404 0.613405 0.608538
    outer loop
      vertex 6.96312 -7.93992 2.43933
      vertex 6.57403 -8.56744 2.75
      vertex 7.12029 -8.11914 2.75
    endloop
  endfacet
  facet normal -0.503414 0.613406 0.608529
    outer loop
      vertex 6.96312 -7.93992 2.43933
      vertex 6.42892 -8.37833 2.43933
      vertex 6.57403 -8.56744 2.75
    endloop
  endfacet
  facet normal -0.58614 0.714221 0.38253
    outer loop
      vertex 7.12029 -8.11914 2.75
      vertex 6.66526 -8.68633 3.11177
      vertex 7.2191 -8.23181 3.11177
    endloop
  endfacet
  facet normal -0.586141 0.714221 0.382528
    outer loop
      vertex 7.12029 -8.11914 2.75
      vertex 6.57403 -8.56744 2.75
      vertex 6.66526 -8.68633 3.11177
    endloop
  endfacet
  facet normal -0.628971 0.766404 0.130462
    outer loop
      vertex 7.2191 -8.23181 3.11177
      vertex 6.69637 -8.72689 3.5
      vertex 7.2528 -8.27024 3.5
    endloop
  endfacet
  facet normal -0.628967 0.766406 0.130471
    outer loop
      vertex 7.2191 -8.23181 3.11177
      vertex 6.66526 -8.68633 3.11177
      vertex 6.69637 -8.72689 3.5
    endloop
  endfacet
  facet normal -0.553873 0.674915 0.48756
    outer loop
      vertex 7.2528 -8.27024 3.5
      vertex 6.73038 -8.7712 3.59999
      vertex 7.28964 -8.31224 3.59999
    endloop
  endfacet
  facet normal -0.553905 0.674935 0.487496
    outer loop
      vertex 7.2528 -8.27024 3.5
      vertex 6.69637 -8.72689 3.5
      vertex 6.73038 -8.7712 3.59999
    endloop
  endfacet
  facet normal -0.0124753 0.0151486 0.999807
    outer loop
      vertex 7.28964 -8.31224 3.59999
      vertex 7.28947 -8.31304 3.6
      vertex 7.28998 -8.31262 3.6
    endloop
  endfacet
  facet normal -0.0124226 0.0151374 0.999808
    outer loop
      vertex 6.73038 -8.7712 3.59999
      vertex 7.28947 -8.31304 3.6
      vertex 7.28964 -8.31224 3.59999
    endloop
  endfacet
  facet normal -0.012199 0.0148646 0.999815
    outer loop
      vertex 7.28947 -8.31304 3.6
      vertex 6.73038 -8.7712 3.59999
      vertex 6.7307 -8.77161 3.6
    endloop
  endfacet
  facet normal -0.450708 0.549644 -0.703387
    outer loop
      vertex 5.26474 -6.01015 0
      vertex 4.61542 -5.26288 1
      vertex 5.26824 -6.00728 0
    endloop
  endfacet
  facet normal -0.450925 0.549462 -0.703391
    outer loop
      vertex 4.61542 -5.26288 1
      vertex 5.26474 -6.01015 0
      vertex 4.26133 -5.55347 1
    endloop
  endfacet
  facet normal -0.450934 0.54945 -0.703394
    outer loop
      vertex 4.86407 -6.33898 0
      vertex 4.26133 -5.55347 1
      vertex 5.26474 -6.01015 0
    endloop
  endfacet
  facet normal -0.582485 0.812842 0
    outer loop
      vertex 4.26133 -5.55347 1
      vertex 3.88899 -5.82029 1.2
      vertex 4.26133 -5.55347 1.2
    endloop
  endfacet
  facet normal -0.582485 0.812842 0
    outer loop
      vertex 3.88899 -5.82029 1.2
      vertex 4.26133 -5.55347 1
      vertex 3.88899 -5.82029 1
    endloop
  endfacet
  facet normal -0.57751 0.805897 0.130431
    outer loop
      vertex 4.26133 -5.55347 1.2
      vertex 3.90413 -5.84295 1.40704
      vertex 4.27792 -5.57509 1.40704
    endloop
  endfacet
  facet normal -0.577509 0.805897 0.130434
    outer loop
      vertex 4.26133 -5.55347 1.2
      vertex 3.88899 -5.82029 1.2
      vertex 3.90413 -5.84295 1.40704
    endloop
  endfacet
  facet normal -0.538176 0.751022 0.382534
    outer loop
      vertex 4.27792 -5.57509 1.40704
      vertex 3.94854 -5.9094 1.59999
      vertex 4.32658 -5.6385 1.59999
    endloop
  endfacet
  facet normal -0.538187 0.751023 0.382516
    outer loop
      vertex 4.27792 -5.57509 1.40704
      vertex 3.90413 -5.84295 1.40704
      vertex 3.94854 -5.9094 1.59999
    endloop
  endfacet
  facet normal -0.462189 0.644992 0.608578
    outer loop
      vertex 4.32658 -5.6385 1.59999
      vertex 4.01917 -6.01511 1.76567
      vertex 4.40397 -5.73937 1.76567
    endloop
  endfacet
  facet normal -0.462198 0.644995 0.608568
    outer loop
      vertex 4.32658 -5.6385 1.59999
      vertex 3.94854 -5.9094 1.59999
      vertex 4.01917 -6.01511 1.76567
    endloop
  endfacet
  facet normal -0.354731 0.495021 0.793171
    outer loop
      vertex 4.40397 -5.73937 1.76567
      vertex 4.11122 -6.15287 1.89281
      vertex 4.50483 -5.87081 1.89281
    endloop
  endfacet
  facet normal -0.354718 0.495015 0.793181
    outer loop
      vertex 4.40397 -5.73937 1.76567
      vertex 4.01917 -6.01511 1.76567
      vertex 4.11122 -6.15287 1.89281
    endloop
  endfacet
  facet normal -0.223009 0.311204 0.923807
    outer loop
      vertex 4.50483 -5.87081 1.89281
      vertex 4.21841 -6.3133 1.97273
      vertex 4.62229 -6.02388 1.97273
    endloop
  endfacet
  facet normal -0.223008 0.311204 0.923807
    outer loop
      vertex 4.50483 -5.87081 1.89281
      vertex 4.11122 -6.15287 1.89281
      vertex 4.21841 -6.3133 1.97273
    endloop
  endfacet
  facet normal -0.0760978 0.106197 0.991429
    outer loop
      vertex 4.62229 -6.02388 1.97273
      vertex 4.33344 -6.48545 2
      vertex 4.74833 -6.18815 2
    endloop
  endfacet
  facet normal -0.0761023 0.106199 0.991428
    outer loop
      vertex 4.62229 -6.02388 1.97273
      vertex 4.21841 -6.3133 1.97273
      vertex 4.33344 -6.48545 2
    endloop
  endfacet
  facet normal -0.0760554 0.106134 0.991439
    outer loop
      vertex 5.78323 -7.53686 2
      vertex 5.4936 -8.22175 2.0511
      vertex 6.01956 -7.84485 2.0511
    endloop
  endfacet
  facet normal -0.0760547 0.106134 0.991439
    outer loop
      vertex 5.78323 -7.53686 2
      vertex 5.27792 -7.89896 2
      vertex 5.4936 -8.22175 2.0511
    endloop
  endfacet
  facet normal -0.223012 0.311215 0.923802
    outer loop
      vertex 6.01956 -7.84485 2.0511
      vertex 5.69459 -8.52256 2.20096
      vertex 6.2398 -8.13187 2.20096
    endloop
  endfacet
  facet normal -0.223016 0.311216 0.923801
    outer loop
      vertex 6.01956 -7.84485 2.0511
      vertex 5.4936 -8.22175 2.0511
      vertex 5.69459 -8.52256 2.20096
    endloop
  endfacet
  facet normal -0.354699 0.494991 0.793204
    outer loop
      vertex 6.2398 -8.13187 2.20096
      vertex 5.86718 -8.78086 2.43933
      vertex 6.42892 -8.37833 2.43933
    endloop
  endfacet
  facet normal -0.354705 0.494993 0.7932
    outer loop
      vertex 6.2398 -8.13187 2.20096
      vertex 5.69459 -8.52256 2.20096
      vertex 5.86718 -8.78086 2.43933
    endloop
  endfacet
  facet normal -0.462217 0.645018 0.608529
    outer loop
      vertex 6.42892 -8.37833 2.43933
      vertex 5.99962 -8.97906 2.75
      vertex 6.57403 -8.56744 2.75
    endloop
  endfacet
  facet normal -0.462203 0.645015 0.608543
    outer loop
      vertex 6.42892 -8.37833 2.43933
      vertex 5.86718 -8.78086 2.43933
      vertex 5.99962 -8.97906 2.75
    endloop
  endfacet
  facet normal -0.538173 0.751028 0.382528
    outer loop
      vertex 6.57403 -8.56744 2.75
      vertex 6.08287 -9.10366 3.11177
      vertex 6.66526 -8.68633 3.11177
    endloop
  endfacet
  facet normal -0.538183 0.751027 0.382513
    outer loop
      vertex 6.57403 -8.56744 2.75
      vertex 5.99962 -8.97906 2.75
      vertex 6.08287 -9.10366 3.11177
    endloop
  endfacet
  facet normal -0.577493 0.805903 0.130472
    outer loop
      vertex 6.66526 -8.68633 3.11177
      vertex 6.11127 -9.14616 3.5
      vertex 6.69637 -8.72689 3.5
    endloop
  endfacet
  facet normal -0.577495 0.805902 0.130468
    outer loop
      vertex 6.66526 -8.68633 3.11177
      vertex 6.08287 -9.10366 3.11177
      vertex 6.11127 -9.14616 3.5
    endloop
  endfacet
  facet normal -0.508581 0.709716 0.487492
    outer loop
      vertex 6.69637 -8.72689 3.5
      vertex 6.14231 -9.19261 3.59999
      vertex 6.73038 -8.7712 3.59999
    endloop
  endfacet
  facet normal -0.508551 0.709694 0.487556
    outer loop
      vertex 6.69637 -8.72689 3.5
      vertex 6.11127 -9.14616 3.5
      vertex 6.14231 -9.19261 3.59999
    endloop
  endfacet
  facet normal -0.0112631 0.015595 0.999815
    outer loop
      vertex 6.73038 -8.7712 3.59999
      vertex 6.73016 -8.772 3.6
      vertex 6.7307 -8.77161 3.6
    endloop
  endfacet
  facet normal -0.0111539 0.015565 0.999817
    outer loop
      vertex 6.14231 -9.19261 3.59999
      vertex 6.73016 -8.772 3.6
      vertex 6.73038 -8.7712 3.59999
    endloop
  endfacet
  facet normal -0.0113605 0.0158538 0.99981
    outer loop
      vertex 6.73016 -8.772 3.6
      vertex 6.14231 -9.19261 3.59999
      vertex 6.14259 -9.19304 3.6
    endloop
  endfacet
  facet normal -0.413594 0.578091 -0.703386
    outer loop
      vertex 4.86038 -6.34162 0
      vertex 4.26133 -5.55347 1
      vertex 4.86407 -6.33898 0
    endloop
  endfacet
  facet normal -0.414031 0.577768 -0.703393
    outer loop
      vertex 4.26133 -5.55347 1
      vertex 4.86038 -6.34162 0
      vertex 3.88899 -5.82029 1
    endloop
  endfacet
  facet normal -0.414024 0.577777 -0.703391
    outer loop
      vertex 4.43906 -6.64353 0
      vertex 3.88899 -5.82029 1
      vertex 4.86038 -6.34162 0
    endloop
  endfacet
  facet normal -0.528069 0.849202 0
    outer loop
      vertex 3.88899 -5.82029 1
      vertex 3.5 -6.06218 1.2
      vertex 3.88899 -5.82029 1.2
    endloop
  endfacet
  facet normal -0.528069 0.849202 0
    outer loop
      vertex 3.5 -6.06218 1.2
      vertex 3.88899 -5.82029 1
      vertex 3.5 -6.06218 1
    endloop
  endfacet
  facet normal -0.523559 0.841946 0.130435
    outer loop
      vertex 3.88899 -5.82029 1.2
      vertex 3.51363 -6.08578 1.40704
      vertex 3.90413 -5.84295 1.40704
    endloop
  endfacet
  facet normal -0.523557 0.841946 0.130439
    outer loop
      vertex 3.88899 -5.82029 1.2
      vertex 3.5 -6.06218 1.2
      vertex 3.51363 -6.08578 1.40704
    endloop
  endfacet
  facet normal -0.487914 0.784616 0.382514
    outer loop
      vertex 3.90413 -5.84295 1.40704
      vertex 3.55359 -6.155 1.59999
      vertex 3.94854 -5.9094 1.59999
    endloop
  endfacet
  facet normal -0.487908 0.784615 0.382523
    outer loop
      vertex 3.90413 -5.84295 1.40704
      vertex 3.51363 -6.08578 1.40704
      vertex 3.55359 -6.155 1.59999
    endloop
  endfacet
  facet normal -0.419028 0.67384 0.608568
    outer loop
      vertex 3.94854 -5.9094 1.59999
      vertex 3.61716 -6.2651 1.76567
      vertex 4.01917 -6.01511 1.76567
    endloop
  endfacet
  facet normal -0.419028 0.67384 0.608567
    outer loop
      vertex 3.94854 -5.9094 1.59999
      vertex 3.55359 -6.155 1.59999
      vertex 3.61716 -6.2651 1.76567
    endloop
  endfacet
  facet normal -0.321584 0.517154 0.79318
    outer loop
      vertex 4.01917 -6.01511 1.76567
      vertex 3.7 -6.40858 1.89281
      vertex 4.11122 -6.15287 1.89281
    endloop
  endfacet
  facet normal -0.321598 0.517162 0.79317
    outer loop
      vertex 4.01917 -6.01511 1.76567
      vertex 3.61716 -6.2651 1.76567
      vertex 3.7 -6.40858 1.89281
    endloop
  endfacet
  facet normal -0.202175 0.325123 0.923807
    outer loop
      vertex 4.11122 -6.15287 1.89281
      vertex 3.79647 -6.57568 1.97273
      vertex 4.21841 -6.3133 1.97273
    endloop
  endfacet
  facet normal -0.20217 0.32512 0.92381
    outer loop
      vertex 4.11122 -6.15287 1.89281
      vertex 3.7 -6.40858 1.89281
      vertex 3.79647 -6.57568 1.97273
    endloop
  endfacet
  facet normal -0.0689936 0.110949 0.991428
    outer loop
      vertex 4.21841 -6.3133 1.97273
      vertex 3.89999 -6.75499 2
      vertex 4.33344 -6.48545 2
    endloop
  endfacet
  facet normal -0.0689924 0.110948 0.991429
    outer loop
      vertex 4.21841 -6.3133 1.97273
      vertex 3.79647 -6.57568 1.97273
      vertex 3.89999 -6.75499 2
    endloop
  endfacet
  facet normal -0.0689496 0.110882 0.991439
    outer loop
      vertex 5.27792 -7.89896 2
      vertex 4.94411 -8.56344 2.0511
      vertex 5.4936 -8.22175 2.0511
    endloop
  endfacet
  facet normal -0.0689505 0.110882 0.991439
    outer loop
      vertex 5.27792 -7.89896 2
      vertex 4.75 -8.22724 2
      vertex 4.94411 -8.56344 2.0511
    endloop
  endfacet
  facet normal -0.202185 0.325134 0.923801
    outer loop
      vertex 5.4936 -8.22175 2.0511
      vertex 5.125 -8.87676 2.20096
      vertex 5.69459 -8.52256 2.20096
    endloop
  endfacet
  facet normal -0.202176 0.32513 0.923805
    outer loop
      vertex 5.4936 -8.22175 2.0511
      vertex 4.94411 -8.56344 2.0511
      vertex 5.125 -8.87676 2.20096
    endloop
  endfacet
  facet normal -0.321575 0.51713 0.7932
    outer loop
      vertex 5.69459 -8.52256 2.20096
      vertex 5.28033 -9.14579 2.43933
      vertex 5.86718 -8.78086 2.43933
    endloop
  endfacet
  facet normal -0.321578 0.517131 0.793198
    outer loop
      vertex 5.69459 -8.52256 2.20096
      vertex 5.125 -8.87676 2.20096
      vertex 5.28033 -9.14579 2.43933
    endloop
  endfacet
  facet normal -0.419031 0.673861 0.608542
    outer loop
      vertex 5.86718 -8.78086 2.43933
      vertex 5.39951 -9.35223 2.75
      vertex 5.99962 -8.97906 2.75
    endloop
  endfacet
  facet normal -0.419039 0.673863 0.608535
    outer loop
      vertex 5.86718 -8.78086 2.43933
      vertex 5.28033 -9.14579 2.43933
      vertex 5.39951 -9.35223 2.75
    endloop
  endfacet
  facet normal -0.487912 0.784618 0.382514
    outer loop
      vertex 5.99962 -8.97906 2.75
      vertex 5.47444 -9.48201 3.11177
      vertex 6.08287 -9.10366 3.11177
    endloop
  endfacet
  facet normal -0.487903 0.784617 0.382526
    outer loop
      vertex 5.99962 -8.97906 2.75
      vertex 5.39951 -9.35223 2.75
      vertex 5.47444 -9.48201 3.11177
    endloop
  endfacet
  facet normal -0.523562 0.841939 0.130468
    outer loop
      vertex 6.08287 -9.10366 3.11177
      vertex 5.5 -9.52628 3.5
      vertex 6.11127 -9.14616 3.5
    endloop
  endfacet
  facet normal -0.523558 0.84194 0.130476
    outer loop
      vertex 6.08287 -9.10366 3.11177
      vertex 5.47444 -9.48201 3.11177
      vertex 5.5 -9.52628 3.5
    endloop
  endfacet
  facet normal -0.461056 0.74143 0.487555
    outer loop
      vertex 6.11127 -9.14616 3.5
      vertex 5.52793 -9.57466 3.59999
      vertex 6.14231 -9.19261 3.59999
    endloop
  endfacet
  facet normal -0.461066 0.741438 0.487532
    outer loop
      vertex 6.11127 -9.14616 3.5
      vertex 5.5 -9.52628 3.5
      vertex 5.52793 -9.57466 3.59999
    endloop
  endfacet
  facet normal -0.0104614 0.0164393 0.99981
    outer loop
      vertex 6.14231 -9.19261 3.59999
      vertex 6.14204 -9.19339 3.6
      vertex 6.14259 -9.19304 3.6
    endloop
  endfacet
  facet normal -0.0101573 0.0163341 0.999815
    outer loop
      vertex 5.52793 -9.57466 3.59999
      vertex 6.14204 -9.19339 3.6
      vertex 6.14231 -9.19261 3.59999
    endloop
  endfacet
  facet normal -0.010333 0.0166171 0.999809
    outer loop
      vertex 6.14204 -9.19339 3.6
      vertex 5.52793 -9.57466 3.59999
      vertex 5.52819 -9.5751 3.6
    endloop
  endfacet
  facet normal -0.374895 0.60391 -0.703382
    outer loop
      vertex 4.43521 -6.64592 0
      vertex 3.88899 -5.82029 1
      vertex 4.43906 -6.64353 0
    endloop
  endfacet
  facet normal -0.375354 0.603616 -0.70339
    outer loop
      vertex 3.88899 -5.82029 1
      vertex 4.43521 -6.64592 0
      vertex 3.5 -6.06218 1
    endloop
  endfacet
  facet normal -0.375354 0.603616 -0.70339
    outer loop
      vertex 3.99505 -6.91963 0
      vertex 3.5 -6.06218 1
      vertex 4.43521 -6.64592 0
    endloop
  endfacet
  facet normal -0.471394 0.881923 0
    outer loop
      vertex 3.5 -6.06218 1
      vertex 3.09602 -6.27811 1.2
      vertex 3.5 -6.06218 1.2
    endloop
  endfacet
  facet normal -0.471394 0.881923 0
    outer loop
      vertex 3.09602 -6.27811 1.2
      vertex 3.5 -6.06218 1
      vertex 3.09602 -6.27811 1
    endloop
  endfacet
  facet normal -0.467359 0.874392 0.130437
    outer loop
      vertex 3.5 -6.06218 1.2
      vertex 3.10807 -6.30255 1.40704
      vertex 3.51363 -6.08578 1.40704
    endloop
  endfacet
  facet normal -0.467367 0.87439 0.130419
    outer loop
      vertex 3.5 -6.06218 1.2
      vertex 3.09602 -6.27811 1.2
      vertex 3.10807 -6.30255 1.40704
    endloop
  endfacet
  facet normal -0.435529 0.814856 0.382524
    outer loop
      vertex 3.51363 -6.08578 1.40704
      vertex 3.14342 -6.37423 1.59999
      vertex 3.55359 -6.155 1.59999
    endloop
  endfacet
  facet normal -0.435538 0.814858 0.38251
    outer loop
      vertex 3.51363 -6.08578 1.40704
      vertex 3.10807 -6.30255 1.40704
      vertex 3.14342 -6.37423 1.59999
    endloop
  endfacet
  facet normal -0.37405 0.699809 0.608567
    outer loop
      vertex 3.55359 -6.155 1.59999
      vertex 3.19965 -6.48826 1.76567
      vertex 3.61716 -6.2651 1.76567
    endloop
  endfacet
  facet normal -0.374034 0.699802 0.608585
    outer loop
      vertex 3.55359 -6.155 1.59999
      vertex 3.14342 -6.37423 1.59999
      vertex 3.19965 -6.48826 1.76567
    endloop
  endfacet
  facet normal -0.287077 0.537093 0.79317
    outer loop
      vertex 3.61716 -6.2651 1.76567
      vertex 3.27293 -6.63685 1.89281
      vertex 3.7 -6.40858 1.89281
    endloop
  endfacet
  facet normal -0.287077 0.537093 0.79317
    outer loop
      vertex 3.61716 -6.2651 1.76567
      vertex 3.19965 -6.48826 1.76567
      vertex 3.27293 -6.63685 1.89281
    endloop
  endfacet
  facet normal -0.180473 0.337646 0.92381
    outer loop
      vertex 3.7 -6.40858 1.89281
      vertex 3.35827 -6.8099 1.97273
      vertex 3.79647 -6.57568 1.97273
    endloop
  endfacet
  facet normal -0.180472 0.337645 0.92381
    outer loop
      vertex 3.7 -6.40858 1.89281
      vertex 3.27293 -6.63685 1.89281
      vertex 3.35827 -6.8099 1.97273
    endloop
  endfacet
  facet normal -0.0615891 0.115223 0.991429
    outer loop
      vertex 3.79647 -6.57568 1.97273
      vertex 3.44985 -6.9956 2
      vertex 3.89999 -6.75499 2
    endloop
  endfacet
  facet normal -0.0615854 0.11522 0.991429
    outer loop
      vertex 3.79647 -6.57568 1.97273
      vertex 3.35827 -6.8099 1.97273
      vertex 3.44985 -6.9956 2
    endloop
  endfacet
  facet normal -0.0615513 0.115154 0.991439
    outer loop
      vertex 4.75 -8.22724 2
      vertex 4.37344 -8.86847 2.0511
      vertex 4.94411 -8.56344 2.0511
    endloop
  endfacet
  facet normal -0.0615508 0.115154 0.991439
    outer loop
      vertex 4.75 -8.22724 2
      vertex 4.20174 -8.52029 2
      vertex 4.37344 -8.86847 2.0511
    endloop
  endfacet
  facet normal -0.180483 0.337654 0.923805
    outer loop
      vertex 4.94411 -8.56344 2.0511
      vertex 4.53346 -9.19295 2.20096
      vertex 5.125 -8.87676 2.20096
    endloop
  endfacet
  facet normal -0.180479 0.337652 0.923806
    outer loop
      vertex 4.94411 -8.56344 2.0511
      vertex 4.37344 -8.86847 2.0511
      vertex 4.53346 -9.19295 2.20096
    endloop
  endfacet
  facet normal -0.287065 0.537058 0.793198
    outer loop
      vertex 5.125 -8.87676 2.20096
      vertex 4.67086 -9.47156 2.43933
      vertex 5.28033 -9.14579 2.43933
    endloop
  endfacet
  facet normal -0.28707 0.53706 0.793194
    outer loop
      vertex 5.125 -8.87676 2.20096
      vertex 4.53346 -9.19295 2.20096
      vertex 4.67086 -9.47156 2.43933
    endloop
  endfacet
  facet normal -0.374068 0.699827 0.608535
    outer loop
      vertex 5.28033 -9.14579 2.43933
      vertex 4.77629 -9.68535 2.75
      vertex 5.39951 -9.35223 2.75
    endloop
  endfacet
  facet normal -0.374067 0.699827 0.608536
    outer loop
      vertex 5.28033 -9.14579 2.43933
      vertex 4.67086 -9.47156 2.43933
      vertex 4.77629 -9.68535 2.75
    endloop
  endfacet
  facet normal -0.435543 0.814848 0.382525
    outer loop
      vertex 5.39951 -9.35223 2.75
      vertex 4.84257 -9.81975 3.11177
      vertex 5.47444 -9.48201 3.11177
    endloop
  endfacet
  facet normal -0.435548 0.814848 0.382518
    outer loop
      vertex 5.39951 -9.35223 2.75
      vertex 4.77629 -9.68535 2.75
      vertex 4.84257 -9.81975 3.11177
    endloop
  endfacet
  facet normal -0.467369 0.874381 0.130476
    outer loop
      vertex 5.47444 -9.48201 3.11177
      vertex 4.86518 -9.8656 3.5
      vertex 5.5 -9.52628 3.5
    endloop
  endfacet
  facet normal -0.467365 0.874382 0.130483
    outer loop
      vertex 5.47444 -9.48201 3.11177
      vertex 4.84257 -9.81975 3.11177
      vertex 4.86518 -9.8656 3.5
    endloop
  endfacet
  facet normal -0.411574 0.770012 0.487533
    outer loop
      vertex 5.5 -9.52628 3.5
      vertex 4.88988 -9.9157 3.59999
      vertex 5.52793 -9.57466 3.59999
    endloop
  endfacet
  facet normal -0.41159 0.770027 0.487495
    outer loop
      vertex 5.5 -9.52628 3.5
      vertex 4.86518 -9.8656 3.5
      vertex 4.88988 -9.9157 3.59999
    endloop
  endfacet
  facet normal -0.00922992 0.0172689 0.999808
    outer loop
      vertex 5.52793 -9.57466 3.59999
      vertex 5.52761 -9.57541 3.6
      vertex 5.52819 -9.5751 3.6
    endloop
  endfacet
  facet normal -0.00923038 0.0172691 0.999808
    outer loop
      vertex 4.88988 -9.9157 3.59999
      vertex 5.52761 -9.57541 3.6
      vertex 5.52793 -9.57466 3.59999
    endloop
  endfacet
  facet normal -0.00916752 0.0171513 0.999811
    outer loop
      vertex 5.52761 -9.57541 3.6
      vertex 4.88988 -9.9157 3.59999
      vertex 4.89011 -9.91616 3.6
    endloop
  endfacet
  facet normal -0.335307 0.626742 -0.703394
    outer loop
      vertex 3.99105 -6.92177 0
      vertex 3.5 -6.06218 1
      vertex 3.99505 -6.91963 0
    endloop
  endfacet
  facet normal -0.335068 0.626874 -0.70339
    outer loop
      vertex 3.5 -6.06218 1
      vertex 3.99105 -6.92177 0
      vertex 3.09602 -6.27811 1
    endloop
  endfacet
  facet normal -0.335074 0.626869 -0.703392
    outer loop
      vertex 3.53393 -7.16611 0
      vertex 3.09602 -6.27811 1
      vertex 3.99105 -6.92177 0
    endloop
  endfacet
  facet normal -0.412709 0.910863 0
    outer loop
      vertex 3.09602 -6.27811 1
      vertex 2.67878 -6.46716 1.2
      vertex 3.09602 -6.27811 1.2
    endloop
  endfacet
  facet normal -0.412709 0.910863 0
    outer loop
      vertex 2.67878 -6.46716 1.2
      vertex 3.09602 -6.27811 1
      vertex 2.67878 -6.46716 1
    endloop
  endfacet
  facet normal -0.409177 0.903086 0.130419
    outer loop
      vertex 3.09602 -6.27811 1.2
      vertex 2.68921 -6.49233 1.40704
      vertex 3.10807 -6.30255 1.40704
    endloop
  endfacet
  facet normal -0.409185 0.903085 0.130402
    outer loop
      vertex 3.09602 -6.27811 1.2
      vertex 2.67878 -6.46716 1.2
      vertex 2.68921 -6.49233 1.40704
    endloop
  endfacet
  facet normal -0.381338 0.841586 0.38251
    outer loop
      vertex 3.10807 -6.30255 1.40704
      vertex 2.7198 -6.56618 1.59999
      vertex 3.14342 -6.37423 1.59999
    endloop
  endfacet
  facet normal -0.381308 0.841578 0.382559
    outer loop
      vertex 3.10807 -6.30255 1.40704
      vertex 2.68921 -6.49233 1.40704
      vertex 2.7198 -6.56618 1.59999
    endloop
  endfacet
  facet normal -0.327472 0.722763 0.608585
    outer loop
      vertex 3.14342 -6.37423 1.59999
      vertex 2.76845 -6.68363 1.76567
      vertex 3.19965 -6.48826 1.76567
    endloop
  endfacet
  facet normal -0.327505 0.722781 0.608545
    outer loop
      vertex 3.14342 -6.37423 1.59999
      vertex 2.7198 -6.56618 1.59999
      vertex 2.76845 -6.68363 1.76567
    endloop
  endfacet
  facet normal -0.251338 0.554718 0.793169
    outer loop
      vertex 3.19965 -6.48826 1.76567
      vertex 2.83185 -6.8367 1.89281
      vertex 3.27293 -6.63685 1.89281
    endloop
  endfacet
  facet normal -0.251332 0.554712 0.793175
    outer loop
      vertex 3.19965 -6.48826 1.76567
      vertex 2.76845 -6.68363 1.76567
      vertex 2.83185 -6.8367 1.89281
    endloop
  endfacet
  facet normal -0.158004 0.348725 0.92381
    outer loop
      vertex 3.27293 -6.63685 1.89281
      vertex 2.90569 -7.01496 1.97273
      vertex 3.35827 -6.8099 1.97273
    endloop
  endfacet
  facet normal -0.158005 0.348726 0.92381
    outer loop
      vertex 3.27293 -6.63685 1.89281
      vertex 2.83185 -6.8367 1.89281
      vertex 2.90569 -7.01496 1.97273
    endloop
  endfacet
  facet normal -0.053918 0.119001 0.991429
    outer loop
      vertex 3.35827 -6.8099 1.97273
      vertex 2.98493 -7.20625 2
      vertex 3.44985 -6.9956 2
    endloop
  endfacet
  facet normal -0.0539185 0.119001 0.991429
    outer loop
      vertex 3.35827 -6.8099 1.97273
      vertex 2.90569 -7.01496 1.97273
      vertex 2.98493 -7.20625 2
    endloop
  endfacet
  facet normal -0.0538886 0.118932 0.991439
    outer loop
      vertex 4.20174 -8.52029 2
      vertex 3.78406 -9.13552 2.0511
      vertex 4.37344 -8.86847 2.0511
    endloop
  endfacet
  facet normal -0.0538887 0.118932 0.991439
    outer loop
      vertex 4.20174 -8.52029 2
      vertex 3.63549 -8.77686 2
      vertex 3.78406 -9.13552 2.0511
    endloop
  endfacet
  facet normal -0.158003 0.348736 0.923806
    outer loop
      vertex 4.37344 -8.86847 2.0511
      vertex 3.9225 -9.46976 2.20096
      vertex 4.53346 -9.19295 2.20096
    endloop
  endfacet
  facet normal -0.158018 0.348746 0.9238
    outer loop
      vertex 4.37344 -8.86847 2.0511
      vertex 3.78406 -9.13552 2.0511
      vertex 3.9225 -9.46976 2.20096
    endloop
  endfacet
  facet normal -0.251326 0.554687 0.793194
    outer loop
      vertex 4.53346 -9.19295 2.20096
      vertex 4.04139 -9.75677 2.43933
      vertex 4.67086 -9.47156 2.43933
    endloop
  endfacet
  facet normal -0.25131 0.554678 0.793206
    outer loop
      vertex 4.53346 -9.19295 2.20096
      vertex 3.9225 -9.46976 2.20096
      vertex 4.04139 -9.75677 2.43933
    endloop
  endfacet
  facet normal -0.327496 0.722793 0.608536
    outer loop
      vertex 4.67086 -9.47156 2.43933
      vertex 4.13261 -9.977 2.75
      vertex 4.77629 -9.68535 2.75
    endloop
  endfacet
  facet normal -0.327494 0.722792 0.608538
    outer loop
      vertex 4.67086 -9.47156 2.43933
      vertex 4.04139 -9.75677 2.43933
      vertex 4.13261 -9.977 2.75
    endloop
  endfacet
  facet normal -0.381273 0.841612 0.382518
    outer loop
      vertex 4.77629 -9.68535 2.75
      vertex 4.18996 -10.1154 3.11177
      vertex 4.84257 -9.81975 3.11177
    endloop
  endfacet
  facet normal -0.381338 0.841624 0.382427
    outer loop
      vertex 4.77629 -9.68535 2.75
      vertex 4.13261 -9.977 2.75
      vertex 4.18996 -10.1154 3.11177
    endloop
  endfacet
  facet normal -0.409206 0.903064 0.130484
    outer loop
      vertex 4.84257 -9.81975 3.11177
      vertex 4.20952 -10.1627 3.5
      vertex 4.86518 -9.8656 3.5
    endloop
  endfacet
  facet normal -0.40912 0.90308 0.130639
    outer loop
      vertex 4.84257 -9.81975 3.11177
      vertex 4.18996 -10.1154 3.11177
      vertex 4.20952 -10.1627 3.5
    endloop
  endfacet
  facet normal -0.360365 0.795288 0.487498
    outer loop
      vertex 4.86518 -9.8656 3.5
      vertex 4.2309 -10.2143 3.59999
      vertex 4.88988 -9.9157 3.59999
    endloop
  endfacet
  facet normal -0.360375 0.7953 0.487471
    outer loop
      vertex 4.86518 -9.8656 3.5
      vertex 4.20952 -10.1627 3.5
      vertex 4.2309 -10.2143 3.59999
    endloop
  endfacet
  facet normal -0.00798429 0.0177429 0.999811
    outer loop
      vertex 4.88988 -9.9157 3.59999
      vertex 4.88951 -9.91643 3.6
      vertex 4.89011 -9.91616 3.6
    endloop
  endfacet
  facet normal -0.00805625 0.0177793 0.999809
    outer loop
      vertex 4.2309 -10.2143 3.59999
      vertex 4.88951 -9.91643 3.6
      vertex 4.88988 -9.9157 3.59999
    endloop
  endfacet
  facet normal -0.00773043 0.0170589 0.999825
    outer loop
      vertex 4.88951 -9.91643 3.6
      vertex 4.2309 -10.2143 3.59999
      vertex 4.23109 -10.2148 3.6
    endloop
  endfacet
  facet normal -0.293188 0.647522 -0.703389
    outer loop
      vertex 3.5298 -7.16798 0
      vertex 3.09602 -6.27811 1
      vertex 3.53393 -7.16611 0
    endloop
  endfacet
  facet normal -0.293354 0.647444 -0.703392
    outer loop
      vertex 3.09602 -6.27811 1
      vertex 3.5298 -7.16798 0
      vertex 2.67878 -6.46716 1
    endloop
  endfacet
  facet normal -0.293348 0.647448 -0.70339
    outer loop
      vertex 3.05768 -7.38189 0
      vertex 2.67878 -6.46716 1
      vertex 3.5298 -7.16798 0
    endloop
  endfacet
  facet normal -0.352248 0.935907 0
    outer loop
      vertex 2.67878 -6.46716 1
      vertex 2.25008 -6.62851 1.2
      vertex 2.67878 -6.46716 1.2
    endloop
  endfacet
  facet normal -0.352248 0.935907 0
    outer loop
      vertex 2.25008 -6.62851 1.2
      vertex 2.67878 -6.46716 1
      vertex 2.25008 -6.62851 1
    endloop
  endfacet
  facet normal -0.349262 0.927907 0.130401
    outer loop
      vertex 2.67878 -6.46716 1.2
      vertex 2.25884 -6.65432 1.40704
      vertex 2.68921 -6.49233 1.40704
    endloop
  endfacet
  facet normal -0.349238 0.927909 0.130451
    outer loop
      vertex 2.67878 -6.46716 1.2
      vertex 2.25008 -6.62851 1.2
      vertex 2.25884 -6.65432 1.40704
    endloop
  endfacet
  facet normal -0.325448 0.864715 0.382559
    outer loop
      vertex 2.68921 -6.49233 1.40704
      vertex 2.28453 -6.73 1.59999
      vertex 2.7198 -6.56618 1.59999
    endloop
  endfacet
  facet normal -0.325481 0.864727 0.382504
    outer loop
      vertex 2.68921 -6.49233 1.40704
      vertex 2.25884 -6.65432 1.40704
      vertex 2.28453 -6.73 1.59999
    endloop
  endfacet
  facet normal -0.279523 0.742657 0.608546
    outer loop
      vertex 2.7198 -6.56618 1.59999
      vertex 2.32539 -6.85039 1.76567
      vertex 2.76845 -6.68363 1.76567
    endloop
  endfacet
  facet normal -0.279505 0.742645 0.608568
    outer loop
      vertex 2.7198 -6.56618 1.59999
      vertex 2.28453 -6.73 1.59999
      vertex 2.32539 -6.85039 1.76567
    endloop
  endfacet
  facet normal -0.214526 0.569957 0.793175
    outer loop
      vertex 2.76845 -6.68363 1.76567
      vertex 2.37865 -7.00728 1.89281
      vertex 2.83185 -6.8367 1.89281
    endloop
  endfacet
  facet normal -0.21452 0.569952 0.793181
    outer loop
      vertex 2.76845 -6.68363 1.76567
      vertex 2.32539 -6.85039 1.76567
      vertex 2.37865 -7.00728 1.89281
    endloop
  endfacet
  facet normal -0.134859 0.358313 0.92381
    outer loop
      vertex 2.83185 -6.8367 1.89281
      vertex 2.44067 -7.18998 1.97273
      vertex 2.90569 -7.01496 1.97273
    endloop
  endfacet
  facet normal -0.13487 0.358324 0.923804
    outer loop
      vertex 2.83185 -6.8367 1.89281
      vertex 2.37865 -7.00728 1.89281
      vertex 2.44067 -7.18998 1.97273
    endloop
  endfacet
  facet normal -0.0460187 0.122274 0.991429
    outer loop
      vertex 2.90569 -7.01496 1.97273
      vertex 2.50722 -7.38604 2
      vertex 2.98493 -7.20625 2
    endloop
  endfacet
  facet normal -0.0460213 0.122277 0.991429
    outer loop
      vertex 2.90569 -7.01496 1.97273
      vertex 2.44067 -7.18998 1.97273
      vertex 2.50722 -7.38604 2
    endloop
  endfacet
  facet normal -0.0459935 0.122203 0.991439
    outer loop
      vertex 3.63549 -8.77686 2
      vertex 3.17846 -9.36345 2.0511
      vertex 3.78406 -9.13552 2.0511
    endloop
  endfacet
  facet normal -0.0459936 0.122203 0.991439
    outer loop
      vertex 3.63549 -8.77686 2
      vertex 3.05367 -8.99584 2
      vertex 3.17846 -9.36345 2.0511
    endloop
  endfacet
  facet normal -0.134868 0.358334 0.9238
    outer loop
      vertex 3.78406 -9.13552 2.0511
      vertex 3.29475 -9.70603 2.20096
      vertex 3.9225 -9.46976 2.20096
    endloop
  endfacet
  facet normal -0.134866 0.358332 0.923802
    outer loop
      vertex 3.78406 -9.13552 2.0511
      vertex 3.17846 -9.36345 2.0511
      vertex 3.29475 -9.70603 2.20096
    endloop
  endfacet
  facet normal -0.214504 0.569924 0.793205
    outer loop
      vertex 3.9225 -9.46976 2.20096
      vertex 3.39461 -10.0002 2.43933
      vertex 4.04139 -9.75677 2.43933
    endloop
  endfacet
  facet normal -0.214507 0.569926 0.793203
    outer loop
      vertex 3.9225 -9.46976 2.20096
      vertex 3.29475 -9.70603 2.20096
      vertex 3.39461 -10.0002 2.43933
    endloop
  endfacet
  facet normal -0.279494 0.742674 0.608538
    outer loop
      vertex 4.04139 -9.75677 2.43933
      vertex 3.47123 -10.2259 2.75
      vertex 4.13261 -9.977 2.75
    endloop
  endfacet
  facet normal -0.279528 0.742691 0.608501
    outer loop
      vertex 4.04139 -9.75677 2.43933
      vertex 3.39461 -10.0002 2.43933
      vertex 3.47123 -10.2259 2.75
    endloop
  endfacet
  facet normal -0.325496 0.864757 0.382424
    outer loop
      vertex 4.13261 -9.977 2.75
      vertex 3.5194 -10.3678 3.11177
      vertex 4.18996 -10.1154 3.11177
    endloop
  endfacet
  facet normal -0.325432 0.86474 0.382516
    outer loop
      vertex 4.13261 -9.977 2.75
      vertex 3.47123 -10.2259 2.75
      vertex 3.5194 -10.3678 3.11177
    endloop
  endfacet
  facet normal -0.34916 0.927911 0.130644
    outer loop
      vertex 4.18996 -10.1154 3.11177
      vertex 3.53583 -10.4162 3.5
      vertex 4.20952 -10.1627 3.5
    endloop
  endfacet
  facet normal -0.349263 0.927899 0.13046
    outer loop
      vertex 4.18996 -10.1154 3.11177
      vertex 3.5194 -10.3678 3.11177
      vertex 3.53583 -10.4162 3.5
    endloop
  endfacet
  facet normal -0.307515 0.817196 0.487468
    outer loop
      vertex 4.20952 -10.1627 3.5
      vertex 3.55379 -10.4691 3.59999
      vertex 4.2309 -10.2143 3.59999
    endloop
  endfacet
  facet normal -0.307485 0.817158 0.48755
    outer loop
      vertex 4.20952 -10.1627 3.5
      vertex 3.53583 -10.4162 3.5
      vertex 3.55379 -10.4691 3.59999
    endloop
  endfacet
  facet normal -0.00582988 0.0177811 0.999825
    outer loop
      vertex 4.2309 -10.2143 3.59999
      vertex 4.23048 -10.215 3.6
      vertex 4.23109 -10.2148 3.6
    endloop
  endfacet
  facet normal -0.00694217 0.0184482 0.999806
    outer loop
      vertex 3.55379 -10.4691 3.59999
      vertex 4.23048 -10.215 3.6
      vertex 4.2309 -10.2143 3.59999
    endloop
  endfacet
  facet normal -0.00667172 0.017728 0.999821
    outer loop
      vertex 4.23048 -10.215 3.6
      vertex 3.55379 -10.4691 3.59999
      vertex 3.55396 -10.4696 3.6
    endloop
  endfacet
  facet normal -0.250951 0.665021 -0.7034
    outer loop
      vertex 3.05344 -7.38349 0
      vertex 2.67878 -6.46716 1
      vertex 3.05768 -7.38189 0
    endloop
  endfacet
  facet normal -0.250379 0.665245 -0.703391
    outer loop
      vertex 2.67878 -6.46716 1
      vertex 3.05344 -7.38349 0
      vertex 2.25008 -6.62851 1
    endloop
  endfacet
  facet normal -0.250378 0.665246 -0.703391
    outer loop
      vertex 2.56833 -7.56607 0
      vertex 2.25008 -6.62851 1
      vertex 3.05344 -7.38349 0
    endloop
  endfacet
  facet normal -0.290281 0.956942 0
    outer loop
      vertex 2.25008 -6.62851 1
      vertex 1.81173 -6.76148 1.2
      vertex 2.25008 -6.62851 1.2
    endloop
  endfacet
  facet normal -0.290281 0.956942 0
    outer loop
      vertex 1.81173 -6.76148 1.2
      vertex 2.25008 -6.62851 1
      vertex 1.81173 -6.76148 1
    endloop
  endfacet
  facet normal -0.287789 0.948768 0.130452
    outer loop
      vertex 2.25008 -6.62851 1.2
      vertex 1.81879 -6.7878 1.40704
      vertex 2.25884 -6.65432 1.40704
    endloop
  endfacet
  facet normal -0.287801 0.948767 0.130426
    outer loop
      vertex 2.25008 -6.62851 1.2
      vertex 1.81173 -6.76148 1.2
      vertex 1.81879 -6.7878 1.40704
    endloop
  endfacet
  facet normal -0.268214 0.884167 0.382504
    outer loop
      vertex 2.25884 -6.65432 1.40704
      vertex 1.83947 -6.86501 1.59999
      vertex 2.28453 -6.73 1.59999
    endloop
  endfacet
  facet normal -0.268191 0.884157 0.382544
    outer loop
      vertex 2.25884 -6.65432 1.40704
      vertex 1.81879 -6.7878 1.40704
      vertex 1.83947 -6.86501 1.59999
    endloop
  endfacet
  facet normal -0.230342 0.759332 0.60857
    outer loop
      vertex 2.28453 -6.73 1.59999
      vertex 1.87238 -6.98781 1.76567
      vertex 2.32539 -6.85039 1.76567
    endloop
  endfacet
  facet normal -0.230346 0.759335 0.608565
    outer loop
      vertex 2.28453 -6.73 1.59999
      vertex 1.83947 -6.86501 1.59999
      vertex 1.87238 -6.98781 1.76567
    endloop
  endfacet
  facet normal -0.17677 0.582766 0.793181
    outer loop
      vertex 2.32539 -6.85039 1.76567
      vertex 1.91526 -7.14784 1.89281
      vertex 2.37865 -7.00728 1.89281
    endloop
  endfacet
  facet normal -0.176786 0.582782 0.793166
    outer loop
      vertex 2.32539 -6.85039 1.76567
      vertex 1.87238 -6.98781 1.76567
      vertex 1.91526 -7.14784 1.89281
    endloop
  endfacet
  facet normal -0.111145 0.366378 0.923804
    outer loop
      vertex 2.37865 -7.00728 1.89281
      vertex 1.9652 -7.33422 1.97273
      vertex 2.44067 -7.18998 1.97273
    endloop
  endfacet
  facet normal -0.111127 0.366357 0.923815
    outer loop
      vertex 2.37865 -7.00728 1.89281
      vertex 1.91526 -7.14784 1.89281
      vertex 1.9652 -7.33422 1.97273
    endloop
  endfacet
  facet normal -0.0379265 0.125024 0.991429
    outer loop
      vertex 2.44067 -7.18998 1.97273
      vertex 2.01878 -7.53421 2
      vertex 2.50722 -7.38604 2
    endloop
  endfacet
  facet normal -0.0379284 0.125026 0.991428
    outer loop
      vertex 2.44067 -7.18998 1.97273
      vertex 1.9652 -7.33422 1.97273
      vertex 2.01878 -7.53421 2
    endloop
  endfacet
  facet normal -0.0379025 0.124949 0.991439
    outer loop
      vertex 3.05367 -8.99584 2
      vertex 2.55926 -9.55128 2.0511
      vertex 3.17846 -9.36345 2.0511
    endloop
  endfacet
  facet normal -0.0379038 0.124951 0.991439
    outer loop
      vertex 3.05367 -8.99584 2
      vertex 2.45878 -9.1763 2
      vertex 2.55926 -9.55128 2.0511
    endloop
  endfacet
  facet normal -0.111144 0.366385 0.923802
    outer loop
      vertex 3.17846 -9.36345 2.0511
      vertex 2.65289 -9.90074 2.20096
      vertex 3.29475 -9.70603 2.20096
    endloop
  endfacet
  facet normal -0.111139 0.36638 0.923804
    outer loop
      vertex 3.17846 -9.36345 2.0511
      vertex 2.55926 -9.55128 2.0511
      vertex 2.65289 -9.90074 2.20096
    endloop
  endfacet
  facet normal -0.176766 0.582738 0.793203
    outer loop
      vertex 3.29475 -9.70603 2.20096
      vertex 2.7333 -10.2008 2.43933
      vertex 3.39461 -10.0002 2.43933
    endloop
  endfacet
  facet normal -0.176778 0.582746 0.793194
    outer loop
      vertex 3.29475 -9.70603 2.20096
      vertex 2.65289 -9.90074 2.20096
      vertex 2.7333 -10.2008 2.43933
    endloop
  endfacet
  facet normal -0.230423 0.759362 0.608501
    outer loop
      vertex 3.39461 -10.0002 2.43933
      vertex 2.79499 -10.4311 2.75
      vertex 3.47123 -10.2259 2.75
    endloop
  endfacet
  facet normal -0.230326 0.759305 0.60861
    outer loop
      vertex 3.39461 -10.0002 2.43933
      vertex 2.7333 -10.2008 2.43933
      vertex 2.79499 -10.4311 2.75
    endloop
  endfacet
  facet normal -0.268231 0.884157 0.382515
    outer loop
      vertex 3.47123 -10.2259 2.75
      vertex 2.83378 -10.5758 3.11177
      vertex 3.5194 -10.3678 3.11177
    endloop
  endfacet
  facet normal -0.268297 0.884179 0.382419
    outer loop
      vertex 3.47123 -10.2259 2.75
      vertex 2.79499 -10.4311 2.75
      vertex 2.83378 -10.5758 3.11177
    endloop
  endfacet
  facet normal -0.287865 0.948743 0.130461
    outer loop
      vertex 3.5194 -10.3678 3.11177
      vertex 2.84701 -10.6252 3.5
      vertex 3.53583 -10.4162 3.5
    endloop
  endfacet
  facet normal -0.287826 0.948746 0.130531
    outer loop
      vertex 3.5194 -10.3678 3.11177
      vertex 2.83378 -10.5758 3.11177
      vertex 2.84701 -10.6252 3.5
    endloop
  endfacet
  facet normal -0.253432 0.835506 0.487548
    outer loop
      vertex 3.53583 -10.4162 3.5
      vertex 2.86147 -10.6791 3.59999
      vertex 3.55379 -10.4691 3.59999
    endloop
  endfacet
  facet normal -0.253564 0.835695 0.487154
    outer loop
      vertex 3.53583 -10.4162 3.5
      vertex 2.84701 -10.6252 3.5
      vertex 2.86147 -10.6791 3.59999
    endloop
  endfacet
  facet normal -0.00572963 0.0180483 0.999821
    outer loop
      vertex 3.55379 -10.4691 3.59999
      vertex 3.55333 -10.4698 3.6
      vertex 3.55396 -10.4696 3.6
    endloop
  endfacet
  facet normal -0.0054111 0.0178391 0.999826
    outer loop
      vertex 2.86147 -10.6791 3.59999
      vertex 3.55333 -10.4698 3.6
      vertex 3.55379 -10.4691 3.59999
    endloop
  endfacet
  facet normal -0.00562151 0.0185347 0.999812
    outer loop
      vertex 3.55333 -10.4698 3.6
      vertex 2.86147 -10.6791 3.59999
      vertex 2.8616 -10.6796 3.6
    endloop
  endfacet
  facet normal -0.207266 0.679897 -0.703407
    outer loop
      vertex 2.564 -7.56739 0
      vertex 2.25008 -6.62851 1
      vertex 2.56833 -7.56607 0
    endloop
  endfacet
  facet normal -0.206332 0.680195 -0.703393
    outer loop
      vertex 2.25008 -6.62851 1
      vertex 2.564 -7.56739 0
      vertex 1.81173 -6.76148 1
    endloop
  endfacet
  facet normal -0.206331 0.680195 -0.703393
    outer loop
      vertex 2.06799 -7.71785 0
      vertex 1.81173 -6.76148 1
      vertex 2.564 -7.56739 0
    endloop
  endfacet
  facet normal -0.227085 0.973875 0
    outer loop
      vertex 1.81173 -6.76148 1
      vertex 1.36563 -6.8655 1.2
      vertex 1.81173 -6.76148 1.2
    endloop
  endfacet
  facet normal -0.227085 0.973875 0
    outer loop
      vertex 1.36563 -6.8655 1.2
      vertex 1.81173 -6.76148 1
      vertex 1.36563 -6.8655 1
    endloop
  endfacet
  facet normal -0.225154 0.965554 0.130424
    outer loop
      vertex 1.81173 -6.76148 1.2
      vertex 1.37095 -6.89223 1.40704
      vertex 1.81879 -6.7878 1.40704
    endloop
  endfacet
  facet normal -0.225144 0.965554 0.130444
    outer loop
      vertex 1.81173 -6.76148 1.2
      vertex 1.36563 -6.8655 1.2
      vertex 1.37095 -6.89223 1.40704
    endloop
  endfacet
  facet normal -0.209788 0.899804 0.382546
    outer loop
      vertex 1.81879 -6.7878 1.40704
      vertex 1.38654 -6.97061 1.59999
      vertex 1.83947 -6.86501 1.59999
    endloop
  endfacet
  facet normal -0.209826 0.899824 0.382479
    outer loop
      vertex 1.81879 -6.7878 1.40704
      vertex 1.37095 -6.89223 1.40704
      vertex 1.38654 -6.97061 1.59999
    endloop
  endfacet
  facet normal -0.180187 0.772776 0.608564
    outer loop
      vertex 1.83947 -6.86501 1.59999
      vertex 1.41134 -7.09531 1.76567
      vertex 1.87238 -6.98781 1.76567
    endloop
  endfacet
  facet normal -0.180168 0.772759 0.60859
    outer loop
      vertex 1.83947 -6.86501 1.59999
      vertex 1.38654 -6.97061 1.59999
      vertex 1.41134 -7.09531 1.76567
    endloop
  endfacet
  facet normal -0.138291 0.593096 0.793166
    outer loop
      vertex 1.87238 -6.98781 1.76567
      vertex 1.44367 -7.2578 1.89281
      vertex 1.91526 -7.14784 1.89281
    endloop
  endfacet
  facet normal -0.138291 0.593096 0.793166
    outer loop
      vertex 1.87238 -6.98781 1.76567
      vertex 1.41134 -7.09531 1.76567
      vertex 1.44367 -7.2578 1.89281
    endloop
  endfacet
  facet normal -0.0869286 0.372841 0.923815
    outer loop
      vertex 1.91526 -7.14784 1.89281
      vertex 1.48131 -7.44704 1.97273
      vertex 1.9652 -7.33422 1.97273
    endloop
  endfacet
  facet normal -0.0869374 0.372852 0.923809
    outer loop
      vertex 1.91526 -7.14784 1.89281
      vertex 1.44367 -7.2578 1.89281
      vertex 1.48131 -7.44704 1.97273
    endloop
  endfacet
  facet normal -0.0296674 0.12724 0.991428
    outer loop
      vertex 1.9652 -7.33422 1.97273
      vertex 1.5217 -7.65011 2
      vertex 2.01878 -7.53421 2
    endloop
  endfacet
  facet normal -0.0296656 0.127237 0.991429
    outer loop
      vertex 1.9652 -7.33422 1.97273
      vertex 1.48131 -7.44704 1.97273
      vertex 1.5217 -7.65011 2
    endloop
  endfacet
  facet normal -0.0296491 0.127162 0.991439
    outer loop
      vertex 2.45878 -9.1763 2
      vertex 1.92909 -9.69821 2.0511
      vertex 2.55926 -9.55128 2.0511
    endloop
  endfacet
  facet normal -0.0296493 0.127163 0.991439
    outer loop
      vertex 2.45878 -9.1763 2
      vertex 1.85336 -9.31746 2
      vertex 1.92909 -9.69821 2.0511
    endloop
  endfacet
  facet normal -0.0869143 0.372871 0.923804
    outer loop
      vertex 2.55926 -9.55128 2.0511
      vertex 1.99968 -10.053 2.20096
      vertex 2.65289 -9.90074 2.20096
    endloop
  endfacet
  facet normal -0.0869453 0.372901 0.923789
    outer loop
      vertex 2.55926 -9.55128 2.0511
      vertex 1.92909 -9.69821 2.0511
      vertex 1.99968 -10.053 2.20096
    endloop
  endfacet
  facet normal -0.138261 0.593067 0.793193
    outer loop
      vertex 2.65289 -9.90074 2.20096
      vertex 2.06028 -10.3577 2.43933
      vertex 2.7333 -10.2008 2.43933
    endloop
  endfacet
  facet normal -0.138236 0.593046 0.793213
    outer loop
      vertex 2.65289 -9.90074 2.20096
      vertex 1.99968 -10.053 2.20096
      vertex 2.06028 -10.3577 2.43933
    endloop
  endfacet
  facet normal -0.180106 0.772758 0.60861
    outer loop
      vertex 2.7333 -10.2008 2.43933
      vertex 2.10678 -10.5915 2.75
      vertex 2.79499 -10.4311 2.75
    endloop
  endfacet
  facet normal -0.180161 0.772796 0.608546
    outer loop
      vertex 2.7333 -10.2008 2.43933
      vertex 2.06028 -10.3577 2.43933
      vertex 2.10678 -10.5915 2.75
    endloop
  endfacet
  facet normal -0.209822 0.899851 0.382418
    outer loop
      vertex 2.79499 -10.4311 2.75
      vertex 2.13602 -10.7385 3.11177
      vertex 2.83378 -10.5758 3.11177
    endloop
  endfacet
  facet normal -0.209717 0.899809 0.382575
    outer loop
      vertex 2.79499 -10.4311 2.75
      vertex 2.10678 -10.5915 2.75
      vertex 2.13602 -10.7385 3.11177
    endloop
  endfacet
  facet normal -0.225062 0.965561 0.130532
    outer loop
      vertex 2.83378 -10.5758 3.11177
      vertex 2.14599 -10.7886 3.5
      vertex 2.84701 -10.6252 3.5
    endloop
  endfacet
  facet normal -0.225145 0.965562 0.130385
    outer loop
      vertex 2.83378 -10.5758 3.11177
      vertex 2.13602 -10.7385 3.11177
      vertex 2.14599 -10.7886 3.5
    endloop
  endfacet
  facet normal -0.198327 0.850502 0.487147
    outer loop
      vertex 2.84701 -10.6252 3.5
      vertex 2.15689 -10.8434 3.59999
      vertex 2.86147 -10.6791 3.59999
    endloop
  endfacet
  facet normal -0.198189 0.850274 0.487602
    outer loop
      vertex 2.84701 -10.6252 3.5
      vertex 2.14599 -10.7886 3.5
      vertex 2.15689 -10.8434 3.59999
    endloop
  endfacet
  facet normal -0.00577926 0.0184936 0.999812
    outer loop
      vertex 2.86147 -10.6791 3.59999
      vertex 2.86096 -10.6798 3.6
      vertex 2.8616 -10.6796 3.6
    endloop
  endfacet
  facet normal -0.00401244 0.0172068 0.999844
    outer loop
      vertex 2.15689 -10.8434 3.59999
      vertex 2.86096 -10.6798 3.6
      vertex 2.86147 -10.6791 3.59999
    endloop
  endfacet
  facet normal -0.0044536 0.0191054 0.999808
    outer loop
      vertex 2.86096 -10.6798 3.6
      vertex 2.15689 -10.8434 3.59999
      vertex 2.15699 -10.8439 3.6
    endloop
  endfacet
  facet normal -0.161663 0.692169 -0.703397
    outer loop
      vertex 2.06358 -7.71888 0
      vertex 1.81173 -6.76148 1
      vertex 2.06799 -7.71785 0
    endloop
  endfacet
  facet normal -0.161412 0.692231 -0.703394
    outer loop
      vertex 1.81173 -6.76148 1
      vertex 2.06358 -7.71888 0
      vertex 1.36563 -6.8655 1
    endloop
  endfacet
  facet normal -0.161406 0.692234 -0.703392
    outer loop
      vertex 1.55879 -7.83658 0
      vertex 1.36563 -6.8655 1
      vertex 2.06358 -7.71888 0
    endloop
  endfacet
  facet normal -0.162881 0.986646 0
    outer loop
      vertex 1.36563 -6.8655 1
      vertex 0.913683 -6.94011 1.2
      vertex 1.36563 -6.8655 1.2
    endloop
  endfacet
  facet normal -0.162881 0.986646 0
    outer loop
      vertex 0.913683 -6.94011 1.2
      vertex 1.36563 -6.8655 1
      vertex 0.913683 -6.94011 1
    endloop
  endfacet
  facet normal -0.161487 0.978216 0.130443
    outer loop
      vertex 1.36563 -6.8655 1.2
      vertex 0.91724 -6.96713 1.40704
      vertex 1.37095 -6.89223 1.40704
    endloop
  endfacet
  facet normal -0.16149 0.978216 0.130438
    outer loop
      vertex 1.36563 -6.8655 1.2
      vertex 0.913683 -6.94011 1.2
      vertex 0.91724 -6.96713 1.40704
    endloop
  endfacet
  facet normal -0.150511 0.911623 0.38248
    outer loop
      vertex 1.37095 -6.89223 1.40704
      vertex 0.927672 -7.04637 1.59999
      vertex 1.38654 -6.97061 1.59999
    endloop
  endfacet
  facet normal -0.150492 0.911611 0.382514
    outer loop
      vertex 1.37095 -6.89223 1.40704
      vertex 0.91724 -6.96713 1.40704
      vertex 0.927672 -7.04637 1.59999
    endloop
  endfacet
  facet normal -0.129248 0.782887 0.608591
    outer loop
      vertex 1.38654 -6.97061 1.59999
      vertex 0.944267 -7.17242 1.76567
      vertex 1.41134 -7.09531 1.76567
    endloop
  endfacet
  facet normal -0.129258 0.782896 0.608577
    outer loop
      vertex 1.38654 -6.97061 1.59999
      vertex 0.927672 -7.04637 1.59999
      vertex 0.944267 -7.17242 1.76567
    endloop
  endfacet
  facet normal -0.099215 0.60087 0.793165
    outer loop
      vertex 1.41134 -7.09531 1.76567
      vertex 0.965893 -7.33669 1.89281
      vertex 1.44367 -7.2578 1.89281
    endloop
  endfacet
  facet normal -0.0991946 0.600844 0.793188
    outer loop
      vertex 1.41134 -7.09531 1.76567
      vertex 0.944267 -7.17242 1.76567
      vertex 0.965893 -7.33669 1.89281
    endloop
  endfacet
  facet normal -0.0623667 0.377739 0.923809
    outer loop
      vertex 1.44367 -7.2578 1.89281
      vertex 0.991077 -7.52798 1.97273
      vertex 1.48131 -7.44704 1.97273
    endloop
  endfacet
  facet normal -0.0623735 0.377749 0.923805
    outer loop
      vertex 1.44367 -7.2578 1.89281
      vertex 0.965893 -7.33669 1.89281
      vertex 0.991077 -7.52798 1.97273
    endloop
  endfacet
  facet normal -0.0211868 0.128818 0.991442
    outer loop
      vertex 1.48131 -7.44704 1.97273
      vertex 1.3418 -7.53325 1.98095
      vertex 1.40123 -7.53325 1.98222
    endloop
  endfacet
  facet normal -0.0212815 0.128905 0.991429
    outer loop
      vertex 1.40123 -7.53325 1.98222
      vertex 1.5217 -7.65011 2
      vertex 1.48131 -7.44704 1.97273
    endloop
  endfacet
  facet normal -0.0212821 0.128904 0.991429
    outer loop
      vertex 1.5217 -7.65011 2
      vertex 1.40123 -7.53325 1.98222
      vertex 1.23545 -7.69737 2
    endloop
  endfacet
  facet normal -0.0212978 0.128996 0.991416
    outer loop
      vertex 0.991077 -7.52798 1.97273
      vertex 1.3418 -7.53325 1.98095
      vertex 1.48131 -7.44704 1.97273
    endloop
  endfacet
  facet normal -0.0212998 0.128884 0.991431
    outer loop
      vertex 1.3418 -7.53325 1.98095
      vertex 0.991077 -7.52798 1.97273
      vertex 0.991771 -7.53325 1.97343
    endloop
  endfacet
  facet normal -0.0212711 0.128829 0.991439
    outer loop
      vertex 1.85336 -9.31746 2
      vertex 1.29067 -9.80362 2.0511
      vertex 1.92909 -9.69821 2.0511
    endloop
  endfacet
  facet normal -0.0212705 0.128828 0.991439
    outer loop
      vertex 1.85336 -9.31746 2
      vertex 1.24 -9.41873 2
      vertex 1.29067 -9.80362 2.0511
    endloop
  endfacet
  facet normal -0.0623943 0.377785 0.923788
    outer loop
      vertex 1.92909 -9.69821 2.0511
      vertex 1.33789 -10.1623 2.20096
      vertex 1.99968 -10.053 2.20096
    endloop
  endfacet
  facet normal -0.0623724 0.377761 0.9238
    outer loop
      vertex 1.92909 -9.69821 2.0511
      vertex 1.29067 -9.80362 2.0511
      vertex 1.33789 -10.1623 2.20096
    endloop
  endfacet
  facet normal -0.099218 0.600806 0.793213
    outer loop
      vertex 1.99968 -10.053 2.20096
      vertex 1.37844 -10.4703 2.43933
      vertex 2.06028 -10.3577 2.43933
    endloop
  endfacet
  facet normal -0.09923 0.600818 0.793203
    outer loop
      vertex 1.99968 -10.053 2.20096
      vertex 1.33789 -10.1623 2.20096
      vertex 1.37844 -10.4703 2.43933
    endloop
  endfacet
  facet normal -0.129248 0.782922 0.608546
    outer loop
      vertex 2.06028 -10.3577 2.43933
      vertex 1.40956 -10.7066 2.75
      vertex 2.10678 -10.5915 2.75
    endloop
  endfacet
  facet normal -0.129299 0.782962 0.608484
    outer loop
      vertex 2.06028 -10.3577 2.43933
      vertex 1.37844 -10.4703 2.43933
      vertex 1.40956 -10.7066 2.75
    endloop
  endfacet
  facet normal -0.150491 0.911587 0.382573
    outer loop
      vertex 2.10678 -10.5915 2.75
      vertex 1.42912 -10.8552 3.11177
      vertex 2.13602 -10.7385 3.11177
    endloop
  endfacet
  facet normal -0.150488 0.911585 0.382578
    outer loop
      vertex 2.10678 -10.5915 2.75
      vertex 1.40956 -10.7066 2.75
      vertex 1.42912 -10.8552 3.11177
    endloop
  endfacet
  facet normal -0.161566 0.978211 0.130384
    outer loop
      vertex 2.13602 -10.7385 3.11177
      vertex 1.43579 -10.9059 3.5
      vertex 2.14599 -10.7886 3.5
    endloop
  endfacet
  facet normal -0.161489 0.978205 0.130521
    outer loop
      vertex 2.13602 -10.7385 3.11177
      vertex 1.42912 -10.8552 3.11177
      vertex 1.43579 -10.9059 3.5
    endloop
  endfacet
  facet normal -0.142277 0.861395 0.487602
    outer loop
      vertex 2.14599 -10.7886 3.5
      vertex 1.44308 -10.9613 3.59999
      vertex 2.15689 -10.8434 3.59999
    endloop
  endfacet
  facet normal -0.14227 0.861383 0.487626
    outer loop
      vertex 2.14599 -10.7886 3.5
      vertex 1.43579 -10.9059 3.5
      vertex 1.44308 -10.9613 3.59999
    endloop
  endfacet
  facet normal -0.00302972 0.0193902 0.999807
    outer loop
      vertex 2.15689 -10.8434 3.59999
      vertex 2.15635 -10.844 3.6
      vertex 2.15699 -10.8439 3.6
    endloop
  endfacet
  facet normal -0.00323287 0.019573 0.999803
    outer loop
      vertex 1.44308 -10.9613 3.59999
      vertex 2.15635 -10.844 3.6
      vertex 2.15689 -10.8434 3.59999
    endloop
  endfacet
  facet normal -0.00322813 0.0195441 0.999804
    outer loop
      vertex 2.15635 -10.844 3.6
      vertex 1.44308 -10.9613 3.59999
      vertex 1.44315 -10.9618 3.6
    endloop
  endfacet
  facet normal -0.116091 0.701253 -0.703397
    outer loop
      vertex 1.55432 -7.83732 0
      vertex 1.36563 -6.8655 1
      vertex 1.55879 -7.83658 0
    endloop
  endfacet
  facet normal -0.115776 0.701309 -0.703392
    outer loop
      vertex 1.36563 -6.8655 1
      vertex 1.55432 -7.83732 0
      vertex 0.913683 -6.94011 1
    endloop
  endfacet
  facet normal -0.115783 0.701307 -0.703394
    outer loop
      vertex 1.04292 -7.92175 0
      vertex 0.913683 -6.94011 1
      vertex 1.55432 -7.83732 0
    endloop
  endfacet
  facet normal -0.0980206 0.995184 0
    outer loop
      vertex 0.913683 -6.94011 1
      vertex 0.457822 -6.98501 1.2
      vertex 0.913683 -6.94011 1.2
    endloop
  endfacet
  facet normal -0.0980206 0.995184 0
    outer loop
      vertex 0.457822 -6.98501 1.2
      vertex 0.913683 -6.94011 1
      vertex 0.457822 -6.98501 1
    endloop
  endfacet
  facet normal -0.0971942 0.986681 0.130438
    outer loop
      vertex 0.913683 -6.94011 1.2
      vertex 0.459604 -7.01221 1.40704
      vertex 0.91724 -6.96713 1.40704
    endloop
  endfacet
  facet normal -0.0971829 0.986679 0.130462
    outer loop
      vertex 0.913683 -6.94011 1.2
      vertex 0.457822 -6.98501 1.2
      vertex 0.459604 -7.01221 1.40704
    endloop
  endfacet
  facet normal -0.0905711 0.9195 0.382514
    outer loop
      vertex 0.91724 -6.96713 1.40704
      vertex 0.464831 -7.09196 1.59999
      vertex 0.927672 -7.04637 1.59999
    endloop
  endfacet
  facet normal -0.0905769 0.919504 0.382503
    outer loop
      vertex 0.91724 -6.96713 1.40704
      vertex 0.459604 -7.01221 1.40704
      vertex 0.464831 -7.09196 1.59999
    endloop
  endfacet
  facet normal -0.0777738 0.789674 0.608577
    outer loop
      vertex 0.927672 -7.04637 1.59999
      vertex 0.473146 -7.21882 1.76567
      vertex 0.944267 -7.17242 1.76567
    endloop
  endfacet
  facet normal -0.0777843 0.789686 0.608561
    outer loop
      vertex 0.927672 -7.04637 1.59999
      vertex 0.464831 -7.09196 1.59999
      vertex 0.473146 -7.21882 1.76567
    endloop
  endfacet
  facet normal -0.0596851 0.606046 0.793188
    outer loop
      vertex 0.944267 -7.17242 1.76567
      vertex 0.483982 -7.38415 1.89281
      vertex 0.965893 -7.33669 1.89281
    endloop
  endfacet
  facet normal -0.0596891 0.606051 0.793183
    outer loop
      vertex 0.944267 -7.17242 1.76567
      vertex 0.473146 -7.21882 1.76567
      vertex 0.483982 -7.38415 1.89281
    endloop
  endfacet
  facet normal -0.0375482 0.381018 0.923805
    outer loop
      vertex 0.965893 -7.33669 1.89281
      vertex 0.9376 -7.53325 1.97273
      vertex 0.991077 -7.52798 1.97273
    endloop
  endfacet
  facet normal -0.0375102 0.381014 0.923808
    outer loop
      vertex 0.965893 -7.33669 1.89281
      vertex 0.701416 -7.53325 1.96314
      vertex 0.9376 -7.53325 1.97273
    endloop
  endfacet
  facet normal -0.0374868 0.380797 0.923899
    outer loop
      vertex 0.701416 -7.53325 1.96314
      vertex 0.496602 -7.57668 1.97273
      vertex 0.675792 -7.55904 1.97273
    endloop
  endfacet
  facet normal -0.0375469 0.381056 0.923789
    outer loop
      vertex 0.496602 -7.57668 1.97273
      vertex 0.701416 -7.53325 1.96314
      vertex 0.965893 -7.33669 1.89281
    endloop
  endfacet
  facet normal -0.0375236 0.381016 0.923807
    outer loop
      vertex 0.965893 -7.33669 1.89281
      vertex 0.483982 -7.38415 1.89281
      vertex 0.496602 -7.57668 1.97273
    endloop
  endfacet
  facet normal -0.0121407 0.13009 0.991428
    outer loop
      vertex 0.991077 -7.52798 1.97273
      vertex 0.981155 -7.53325 1.9733
      vertex 0.991771 -7.53325 1.97343
    endloop
  endfacet
  facet normal -0.0129719 0.131632 0.991214
    outer loop
      vertex 0.991077 -7.52798 1.97273
      vertex 0.9376 -7.53325 1.97273
      vertex 0.981155 -7.53325 1.9733
    endloop
  endfacet
  facet normal -0.0127977 0.130001 0.991431
    outer loop
      vertex 0.675792 -7.55904 1.97273
      vertex 0.496602 -7.57668 1.97273
      vertex 0.506604 -7.72929 1.99287
    endloop
  endfacet
  facet normal -0.0127976 0.129944 0.991439
    outer loop
      vertex 1.24 -9.41873 2
      vertex 0.64672 -9.86704 2.0511
      vertex 1.29067 -9.80362 2.0511
    endloop
  endfacet
  facet normal -0.0127964 0.129947 0.991438
    outer loop
      vertex 1.24 -9.41873 2
      vertex 0.753783 -9.46661 2
      vertex 0.810405 -9.53733 2.01
    endloop
  endfacet
  facet normal -0.0127945 0.12994 0.991439
    outer loop
      vertex 0.810405 -9.53733 2.01
      vertex 0.64672 -9.86704 2.0511
      vertex 1.24 -9.41873 2
    endloop
  endfacet
  facet normal -0.0127959 0.12994 0.991439
    outer loop
      vertex 0.64672 -9.86704 2.0511
      vertex 0.810405 -9.53733 2.01
      vertex 0.626298 -9.55546 2.01
    endloop
  endfacet
  facet normal -0.0375601 0.381028 0.9238
    outer loop
      vertex 1.29067 -9.80362 2.0511
      vertex 0.670382 -10.2281 2.20096
      vertex 1.33789 -10.1623 2.20096
    endloop
  endfacet
  facet normal -0.037521 0.380979 0.923822
    outer loop
      vertex 1.29067 -9.80362 2.0511
      vertex 0.64672 -9.86704 2.0511
      vertex 0.670382 -10.2281 2.20096
    endloop
  endfacet
  facet normal -0.0596564 0.606028 0.793203
    outer loop
      vertex 1.33789 -10.1623 2.20096
      vertex 0.6907 -10.538 2.43933
      vertex 1.37844 -10.4703 2.43933
    endloop
  endfacet
  facet normal -0.05975 0.606134 0.793115
    outer loop
      vertex 1.33789 -10.1623 2.20096
      vertex 0.670382 -10.2281 2.20096
      vertex 0.6907 -10.538 2.43933
    endloop
  endfacet
  facet normal -0.0778207 0.789741 0.608484
    outer loop
      vertex 1.37844 -10.4703 2.43933
      vertex 0.706289 -10.7759 2.75
      vertex 1.40956 -10.7066 2.75
    endloop
  endfacet
  facet normal -0.0777332 0.789663 0.608596
    outer loop
      vertex 1.37844 -10.4703 2.43933
      vertex 0.6907 -10.538 2.43933
      vertex 0.706289 -10.7759 2.75
    endloop
  endfacet
  facet normal -0.0905256 0.919478 0.382578
    outer loop
      vertex 1.40956 -10.7066 2.75
      vertex 0.716091 -10.9254 3.11177
      vertex 1.42912 -10.8552 3.11177
    endloop
  endfacet
  facet normal -0.0906095 0.919525 0.382445
    outer loop
      vertex 1.40956 -10.7066 2.75
      vertex 0.706289 -10.7759 2.75
      vertex 0.716091 -10.9254 3.11177
    endloop
  endfacet
  facet normal -0.0971038 0.986679 0.130521
    outer loop
      vertex 1.42912 -10.8552 3.11177
      vertex 0.719434 -10.9764 3.5
      vertex 1.43579 -10.9059 3.5
    endloop
  endfacet
  facet normal -0.0971422 0.986684 0.130453
    outer loop
      vertex 1.42912 -10.8552 3.11177
      vertex 0.716091 -10.9254 3.11177
      vertex 0.719434 -10.9764 3.5
    endloop
  endfacet
  facet normal -0.0855583 0.868849 0.487628
    outer loop
      vertex 1.43579 -10.9059 3.5
      vertex 0.723087 -11.0322 3.59999
      vertex 1.44308 -10.9613 3.59999
    endloop
  endfacet
  facet normal -0.0854928 0.868699 0.487906
    outer loop
      vertex 1.43579 -10.9059 3.5
      vertex 0.719434 -10.9764 3.5
      vertex 0.723087 -11.0322 3.59999
    endloop
  endfacet
  facet normal -0.00296678 0.0195807 0.999804
    outer loop
      vertex 1.44308 -10.9613 3.59999
      vertex 1.44249 -10.9619 3.6
      vertex 1.44315 -10.9618 3.6
    endloop
  endfacet
  facet normal -0.00181687 0.0184504 0.999828
    outer loop
      vertex 0.723087 -11.0322 3.59999
      vertex 1.44249 -10.9619 3.6
      vertex 1.44308 -10.9613 3.59999
    endloop
  endfacet
  facet normal -0.00195492 0.0198631 0.999801
    outer loop
      vertex 1.44249 -10.9619 3.6
      vertex 0.723087 -11.0322 3.59999
      vertex 0.723121 -11.0327 3.6
    endloop
  endfacet
  facet normal -0.0690197 0.707452 -0.703383
    outer loop
      vertex 1.03841 -7.92219 0
      vertex 0.913683 -6.94011 1
      vertex 1.04292 -7.92175 0
    endloop
  endfacet
  facet normal -0.0696732 0.707379 -0.703393
    outer loop
      vertex 0.913683 -6.94011 1
      vertex 1.03841 -7.92219 0
      vertex 0.457822 -6.98501 1
    endloop
  endfacet
  facet normal -0.0696774 0.707377 -0.703394
    outer loop
      vertex 0.522578 -7.973 0
      vertex 0.457822 -6.98501 1
      vertex 1.03841 -7.92219 0
    endloop
  endfacet
  facet normal -0.0327244 0.999464 0
    outer loop
      vertex 0.457822 -6.98501 1
      vertex 0 -7 1.2
      vertex 0.457822 -6.98501 1.2
    endloop
  endfacet
  facet normal -0.0327244 0.999464 0
    outer loop
      vertex 0 -7 1.2
      vertex 0.457822 -6.98501 1
      vertex 0 -7 1
    endloop
  endfacet
  facet normal -0.0324268 0.990923 0.130462
    outer loop
      vertex 0.457822 -6.98501 1.2
      vertex 0 -7.02725 1.40704
      vertex 0.459604 -7.01221 1.40704
    endloop
  endfacet
  facet normal -0.0324449 0.990927 0.130423
    outer loop
      vertex 0 -7 1.2
      vertex 0 -7.02725 1.40704
      vertex 0.457822 -6.98501 1.2
    endloop
  endfacet
  facet normal -0.0302369 0.923459 0.382503
    outer loop
      vertex 0.459604 -7.01221 1.40704
      vertex 0 -7.10718 1.59999
      vertex 0.464831 -7.09196 1.59999
    endloop
  endfacet
  facet normal -0.0302186 0.923445 0.382539
    outer loop
      vertex 0 -7.02725 1.40704
      vertex 0 -7.10718 1.59999
      vertex 0.459604 -7.01221 1.40704
    endloop
  endfacet
  facet normal -0.0259642 0.793082 0.608561
    outer loop
      vertex 0.464831 -7.09196 1.59999
      vertex 0 -7.23431 1.76567
      vertex 0.473146 -7.21882 1.76567
    endloop
  endfacet
  facet normal -0.0259681 0.793087 0.608554
    outer loop
      vertex 0 -7.10718 1.59999
      vertex 0 -7.23431 1.76567
      vertex 0.464831 -7.09196 1.59999
    endloop
  endfacet
  facet normal -0.0199205 0.608658 0.793183
    outer loop
      vertex 0.473146 -7.21882 1.76567
      vertex 0 -7.39999 1.89281
      vertex 0.483982 -7.38415 1.89281
    endloop
  endfacet
  facet normal -0.0199268 0.608668 0.793174
    outer loop
      vertex 0 -7.23431 1.76567
      vertex 0 -7.39999 1.89281
      vertex 0.473146 -7.21882 1.76567
    endloop
  endfacet
  facet normal -0.0125291 0.382655 0.923806
    outer loop
      vertex 0.483982 -7.38415 1.89281
      vertex 0 -7.59294 1.97273
      vertex 0.496602 -7.57668 1.97273
    endloop
  endfacet
  facet normal -0.0125233 0.382643 0.923811
    outer loop
      vertex 0 -7.39999 1.89281
      vertex 0 -7.59294 1.97273
      vertex 0.483982 -7.38415 1.89281
    endloop
  endfacet
  facet normal -0.0042021 0.130564 0.991431
    outer loop
      vertex 0.496602 -7.57668 1.97273
      vertex 0.451025 -7.78522 2
      vertex 0.506604 -7.72929 1.99287
    endloop
  endfacet
  facet normal -0.00427619 0.13058 0.991429
    outer loop
      vertex 0.451025 -7.78522 2
      vertex 0.496602 -7.57668 1.97273
      vertex 0 -7.79999 2
    endloop
  endfacet
  facet normal -0.00427547 0.130578 0.991429
    outer loop
      vertex 0 -7.59294 1.97273
      vertex 0 -7.79999 2
      vertex 0.496602 -7.57668 1.97273
    endloop
  endfacet
  facet normal -0.0042693 0.130499 0.991439
    outer loop
      vertex 0.499751 -9.5596 2.01
      vertex 0.64672 -9.86704 2.0511
      vertex 0.626298 -9.55546 2.01
    endloop
  endfacet
  facet normal -0.00427178 0.130498 0.991439
    outer loop
      vertex 0.64672 -9.86704 2.0511
      vertex 0.499751 -9.5596 2.01
      vertex 0 -9.88821 2.0511
    endloop
  endfacet
  facet normal -0.00426929 0.13053 0.991435
    outer loop
      vertex 0 -9.5 2
      vertex 0.145063 -9.57121 2.01
      vertex 0.0871364 -9.49715 2
    endloop
  endfacet
  facet normal -0.00427158 0.130498 0.991439
    outer loop
      vertex 0.145063 -9.57121 2.01
      vertex 0 -9.88821 2.0511
      vertex 0.499751 -9.5596 2.01
    endloop
  endfacet
  facet normal -0.00428281 0.130503 0.991439
    outer loop
      vertex 0 -9.88821 2.0511
      vertex 0.145063 -9.57121 2.01
      vertex 0 -9.5 2
    endloop
  endfacet
  facet normal -0.0124994 0.382618 0.923822
    outer loop
      vertex 0.64672 -9.86704 2.0511
      vertex 0 -10.25 2.20096
      vertex 0.670382 -10.2281 2.20096
    endloop
  endfacet
  facet normal -0.0125261 0.382657 0.923806
    outer loop
      vertex 0 -9.88821 2.0511
      vertex 0 -10.25 2.20096
      vertex 0.64672 -9.86704 2.0511
    endloop
  endfacet
  facet normal -0.0200064 0.608741 0.793117
    outer loop
      vertex 0.670382 -10.2281 2.20096
      vertex 0 -10.5607 2.43933
      vertex 0.6907 -10.538 2.43933
    endloop
  endfacet
  facet normal -0.019881 0.608579 0.793244
    outer loop
      vertex 0 -10.25 2.20096
      vertex 0 -10.5607 2.43933
      vertex 0.670382 -10.2281 2.20096
    endloop
  endfacet
  facet normal -0.0259378 0.793056 0.608596
    outer loop
      vertex 0.6907 -10.538 2.43933
      vertex 0 -10.799 2.75
      vertex 0.706289 -10.7759 2.75
    endloop
  endfacet
  facet normal -0.0260683 0.793189 0.608417
    outer loop
      vertex 0 -10.5607 2.43933
      vertex 0 -10.799 2.75
      vertex 0.6907 -10.538 2.43933
    endloop
  endfacet
  facet normal -0.0303059 0.923481 0.382446
    outer loop
      vertex 0.706289 -10.7759 2.75
      vertex 0 -10.9489 3.11177
      vertex 0.716091 -10.9254 3.11177
    endloop
  endfacet
  facet normal -0.0302013 0.923413 0.382618
    outer loop
      vertex 0 -10.799 2.75
      vertex 0 -10.9489 3.11177
      vertex 0.706289 -10.7759 2.75
    endloop
  endfacet
  facet normal -0.0325058 0.990922 0.130453
    outer loop
      vertex 0.716091 -10.9254 3.11177
      vertex 0 -11 3.5
      vertex 0.719434 -10.9764 3.5
    endloop
  endfacet
  facet normal -0.0325192 0.990924 0.130428
    outer loop
      vertex 0 -10.9489 3.11177
      vertex 0 -11 3.5
      vertex 0.716091 -10.9254 3.11177
    endloop
  endfacet
  facet normal -0.0285948 0.872427 0.487908
    outer loop
      vertex 0.719434 -10.9764 3.5
      vertex 0 -11.0559 3.59999
      vertex 0.723087 -11.0322 3.59999
    endloop
  endfacet
  facet normal -0.0286211 0.8725 0.487776
    outer loop
      vertex 0 -11 3.5
      vertex 0 -11.0559 3.59999
      vertex 0.719434 -10.9764 3.5
    endloop
  endfacet
  facet normal 0 0.019996 0.9998
    outer loop
      vertex 0.723087 -11.0322 3.59999
      vertex 0.722466 -11.0327 3.6
      vertex 0.723121 -11.0327 3.6
    endloop
  endfacet
  facet normal -0.000683192 0.0208442 0.999783
    outer loop
      vertex 0 -11.0559 3.59999
      vertex 0.722466 -11.0327 3.6
      vertex 0.723087 -11.0322 3.59999
    endloop
  endfacet
  facet normal -0.000655955 0.019996 0.9998
    outer loop
      vertex 0.722466 -11.0327 3.6
      vertex 0 -11.0559 3.59999
      vertex 0 -11.0564 3.6
    endloop
  endfacet
  facet normal -0.0235182 0.710407 -0.703398
    outer loop
      vertex 0.518047 -7.97315 0
      vertex 0.457822 -6.98501 1
      vertex 0.522578 -7.973 0
    endloop
  endfacet
  facet normal -0.0232605 0.710419 -0.703394
    outer loop
      vertex 0.457822 -6.98501 1
      vertex 0.518047 -7.97315 0
      vertex 0 -7 1
    endloop
  endfacet
  facet normal -0.0232444 0.710424 -0.70339
    outer loop
      vertex 0.518047 -7.97315 0
      vertex 0 -7.9901 0
      vertex 0 -7 1
    endloop
  endfacet
  facet normal 0.0327244 0.999464 -0
    outer loop
      vertex 0 -7 1
      vertex -0.457822 -6.98501 1.2
      vertex 0 -7 1.2
    endloop
  endfacet
  facet normal 0.0327244 0.999464 0
    outer loop
      vertex -0.457822 -6.98501 1.2
      vertex 0 -7 1
      vertex -0.457822 -6.98501 1
    endloop
  endfacet
  facet normal 0.032427 0.990928 0.130423
    outer loop
      vertex 0 -7 1.2
      vertex -0.459604 -7.01221 1.40704
      vertex 0 -7.02725 1.40704
    endloop
  endfacet
  facet normal 0.0324448 0.990922 0.130462
    outer loop
      vertex -0.457822 -6.98501 1.2
      vertex -0.459604 -7.01221 1.40704
      vertex 0 -7 1.2
    endloop
  endfacet
  facet normal 0.0302364 0.923444 0.382539
    outer loop
      vertex 0 -7.02725 1.40704
      vertex -0.464831 -7.09196 1.59999
      vertex 0 -7.10718 1.59999
    endloop
  endfacet
  facet normal 0.0302191 0.92346 0.382503
    outer loop
      vertex -0.459604 -7.01221 1.40704
      vertex -0.464831 -7.09196 1.59999
      vertex 0 -7.02725 1.40704
    endloop
  endfacet
  facet normal 0.0259643 0.793088 0.608554
    outer loop
      vertex 0 -7.10718 1.59999
      vertex -0.473146 -7.21882 1.76567
      vertex 0 -7.23431 1.76567
    endloop
  endfacet
  facet normal 0.025968 0.793082 0.608561
    outer loop
      vertex -0.464831 -7.09196 1.59999
      vertex -0.473146 -7.21882 1.76567
      vertex 0 -7.10718 1.59999
    endloop
  endfacet
  facet normal 0.0199208 0.608669 0.793174
    outer loop
      vertex 0 -7.23431 1.76567
      vertex -0.483982 -7.38415 1.89281
      vertex 0 -7.39999 1.89281
    endloop
  endfacet
  facet normal 0.0199264 0.608657 0.793183
    outer loop
      vertex -0.473146 -7.21882 1.76567
      vertex -0.483982 -7.38415 1.89281
      vertex 0 -7.23431 1.76567
    endloop
  endfacet
  facet normal 0.0125287 0.382643 0.923811
    outer loop
      vertex 0 -7.39999 1.89281
      vertex -0.496602 -7.57668 1.97273
      vertex 0 -7.59294 1.97273
    endloop
  endfacet
  facet normal 0.0125237 0.382655 0.923806
    outer loop
      vertex -0.483982 -7.38415 1.89281
      vertex -0.496602 -7.57668 1.97273
      vertex 0 -7.39999 1.89281
    endloop
  endfacet
  facet normal 0.0042746 0.130578 0.991429
    outer loop
      vertex 0 -7.59294 1.97273
      vertex -0.510143 -7.78329 2
      vertex 0 -7.79999 2
    endloop
  endfacet
  facet normal 0.0042754 0.130576 0.991429
    outer loop
      vertex -0.496602 -7.57668 1.97273
      vertex -0.510143 -7.78329 2
      vertex 0 -7.59294 1.97273
    endloop
  endfacet
  facet normal 0.00427193 0.130503 0.991439
    outer loop
      vertex 0 -9.5 2
      vertex -0.64672 -9.86704 2.0511
      vertex 0 -9.88821 2.0511
    endloop
  endfacet
  facet normal 0.00427282 0.130504 0.991439
    outer loop
      vertex -0.590393 -9.55664 2.01
      vertex 0 -9.5 2
      vertex -0.590393 -9.48067 2
    endloop
  endfacet
  facet normal 0.00427313 0.130501 0.991439
    outer loop
      vertex -0.590393 -9.55664 2.01
      vertex -0.64672 -9.86704 2.0511
      vertex 0 -9.5 2
    endloop
  endfacet
  facet normal 0.00428875 0.130498 0.991439
    outer loop
      vertex -0.64672 -9.86704 2.0511
      vertex -0.590393 -9.55664 2.01
      vertex -0.626298 -9.55546 2.01
    endloop
  endfacet
  facet normal 0.0125006 0.382657 0.923806
    outer loop
      vertex 0 -9.88821 2.0511
      vertex -0.670382 -10.2281 2.20096
      vertex 0 -10.25 2.20096
    endloop
  endfacet
  facet normal 0.0125247 0.382617 0.923822
    outer loop
      vertex -0.64672 -9.86704 2.0511
      vertex -0.670382 -10.2281 2.20096
      vertex 0 -9.88821 2.0511
    endloop
  endfacet
  facet normal 0.020001 0.608578 0.793242
    outer loop
      vertex 0 -10.25 2.20096
      vertex -0.6907 -10.538 2.43933
      vertex 0 -10.5607 2.43933
    endloop
  endfacet
  facet normal 0.0198865 0.608747 0.793115
    outer loop
      vertex -0.670382 -10.2281 2.20096
      vertex -0.6907 -10.538 2.43933
      vertex 0 -10.25 2.20096
    endloop
  endfacet
  facet normal 0.0259423 0.793192 0.608419
    outer loop
      vertex 0 -10.5607 2.43933
      vertex -0.706289 -10.7759 2.75
      vertex 0 -10.799 2.75
    endloop
  endfacet
  facet normal 0.0260638 0.793051 0.608598
    outer loop
      vertex -0.6907 -10.538 2.43933
      vertex -0.706289 -10.7759 2.75
      vertex 0 -10.5607 2.43933
    endloop
  endfacet
  facet normal 0.0303036 0.92341 0.382617
    outer loop
      vertex 0 -10.799 2.75
      vertex -0.716091 -10.9254 3.11177
      vertex 0 -10.9489 3.11177
    endloop
  endfacet
  facet normal 0.0302036 0.923485 0.382445
    outer loop
      vertex -0.706289 -10.7759 2.75
      vertex -0.716091 -10.9254 3.11177
      vertex 0 -10.799 2.75
    endloop
  endfacet
  facet normal 0.0325059 0.990925 0.130428
    outer loop
      vertex 0 -10.9489 3.11177
      vertex -0.719434 -10.9764 3.5
      vertex 0 -11 3.5
    endloop
  endfacet
  facet normal 0.0325191 0.990921 0.130453
    outer loop
      vertex -0.716091 -10.9254 3.11177
      vertex -0.719434 -10.9764 3.5
      vertex 0 -10.9489 3.11177
    endloop
  endfacet
  facet normal 0.0285972 0.8725 0.487776
    outer loop
      vertex 0 -11 3.5
      vertex -0.723087 -11.0322 3.59999
      vertex 0 -11.0559 3.59999
    endloop
  endfacet
  facet normal 0.0286187 0.872426 0.487908
    outer loop
      vertex -0.719434 -10.9764 3.5
      vertex -0.723087 -11.0322 3.59999
      vertex 0 -11 3.5
    endloop
  endfacet
  facet normal 0 0.019996 0.9998
    outer loop
      vertex 0 -11.0559 3.59999
      vertex -0.000654673 -11.0564 3.6
      vertex 0 -11.0564 3.6
    endloop
  endfacet
  facet normal 0.000628433 0.0191735 0.999816
    outer loop
      vertex -0.723087 -11.0322 3.59999
      vertex -0.000654673 -11.0564 3.6
      vertex 0 -11.0559 3.59999
    endloop
  endfacet
  facet normal 0.000654495 0.0199515 0.999801
    outer loop
      vertex -0.000654673 -11.0564 3.6
      vertex -0.723087 -11.0322 3.59999
      vertex -0.723121 -11.0327 3.6
    endloop
  endfacet
  facet normal 0.0219543 0.710444 -0.703411
    outer loop
      vertex -0.00453042 -7.98996 0
      vertex 0 -7 1
      vertex 0 -7.9901 0
    endloop
  endfacet
  facet normal 0.0232606 0.71042 -0.703393
    outer loop
      vertex 0 -7 1
      vertex -0.00453042 -7.98996 0
      vertex -0.457822 -6.98501 1
    endloop
  endfacet
  facet normal 0.0232579 0.71042 -0.703394
    outer loop
      vertex -0.00453042 -7.98996 0
      vertex -0.522578 -7.973 0
      vertex -0.457822 -6.98501 1
    endloop
  endfacet
  facet normal 0.0980206 0.995184 -0
    outer loop
      vertex -0.457822 -6.98501 1
      vertex -0.913683 -6.94011 1.2
      vertex -0.457822 -6.98501 1.2
    endloop
  endfacet
  facet normal 0.0980206 0.995184 0
    outer loop
      vertex -0.913683 -6.94011 1.2
      vertex -0.457822 -6.98501 1
      vertex -0.913683 -6.94011 1
    endloop
  endfacet
  facet normal 0.0971939 0.986678 0.130462
    outer loop
      vertex -0.457822 -6.98501 1.2
      vertex -0.91724 -6.96713 1.40704
      vertex -0.459604 -7.01221 1.40704
    endloop
  endfacet
  facet normal 0.0971832 0.986682 0.130438
    outer loop
      vertex -0.913683 -6.94011 1.2
      vertex -0.91724 -6.96713 1.40704
      vertex -0.457822 -6.98501 1.2
    endloop
  endfacet
  facet normal 0.0905715 0.919504 0.382503
    outer loop
      vertex -0.459604 -7.01221 1.40704
      vertex -0.927672 -7.04637 1.59999
      vertex -0.464831 -7.09196 1.59999
    endloop
  endfacet
  facet normal 0.0905764 0.919499 0.382514
    outer loop
      vertex -0.91724 -6.96713 1.40704
      vertex -0.927672 -7.04637 1.59999
      vertex -0.459604 -7.01221 1.40704
    endloop
  endfacet
  facet normal 0.077775 0.789687 0.608561
    outer loop
      vertex -0.464831 -7.09196 1.59999
      vertex -0.944267 -7.17242 1.76567
      vertex -0.473146 -7.21882 1.76567
    endloop
  endfacet
  facet normal 0.0777831 0.789673 0.608577
    outer loop
      vertex -0.927672 -7.04637 1.59999
      vertex -0.944267 -7.17242 1.76567
      vertex -0.464831 -7.09196 1.59999
    endloop
  endfacet
  facet normal 0.0596857 0.606052 0.793183
    outer loop
      vertex -0.473146 -7.21882 1.76567
      vertex -0.965893 -7.33669 1.89281
      vertex -0.483982 -7.38415 1.89281
    endloop
  endfacet
  facet normal 0.0596885 0.606045 0.793188
    outer loop
      vertex -0.944267 -7.17242 1.76567
      vertex -0.965893 -7.33669 1.89281
      vertex -0.473146 -7.21882 1.76567
    endloop
  endfacet
  facet normal 0.0375494 0.381015 0.923806
    outer loop
      vertex -0.483982 -7.38415 1.89281
      vertex -0.590393 -7.53325 1.95863
      vertex -0.496602 -7.57668 1.97273
    endloop
  endfacet
  facet normal 0.0375153 0.381036 0.923799
    outer loop
      vertex -0.483982 -7.38415 1.89281
      vertex -0.9376 -7.53325 1.97273
      vertex -0.590393 -7.53325 1.95863
    endloop
  endfacet
  facet normal 0.0375431 0.380966 0.923827
    outer loop
      vertex -0.9376 -7.53325 1.97273
      vertex -0.483982 -7.38415 1.89281
      vertex -0.991077 -7.52798 1.97273
    endloop
  endfacet
  facet normal 0.0374835 0.38089 0.92386
    outer loop
      vertex -0.496602 -7.57668 1.97273
      vertex -0.590393 -7.53325 1.95863
      vertex -0.590393 -7.56745 1.97273
    endloop
  endfacet
  facet normal 0.037524 0.381021 0.923805
    outer loop
      vertex -0.965893 -7.33669 1.89281
      vertex -0.991077 -7.52798 1.97273
      vertex -0.483982 -7.38415 1.89281
    endloop
  endfacet
  facet normal 0.0128663 0.130013 0.991429
    outer loop
      vertex -0.590393 -7.60484 1.97764
      vertex -0.510143 -7.78329 2
      vertex -0.496602 -7.57668 1.97273
    endloop
  endfacet
  facet normal 0.0128127 0.12999 0.991433
    outer loop
      vertex -0.510143 -7.78329 2
      vertex -0.590393 -7.60484 1.97764
      vertex -0.590393 -7.77538 2
    endloop
  endfacet
  facet normal 0.012812 0.13019 0.991406
    outer loop
      vertex -0.590393 -7.56745 1.97273
      vertex -0.590393 -7.60484 1.97764
      vertex -0.496602 -7.57668 1.97273
    endloop
  endfacet
  facet normal 0.0128113 0.130002 0.991431
    outer loop
      vertex -0.991077 -7.52798 1.97273
      vertex -0.991771 -7.53325 1.97343
      vertex -0.9376 -7.53325 1.97273
    endloop
  endfacet
  facet normal 0.0127977 0.12994 0.991439
    outer loop
      vertex -0.752302 -9.54305 2.01
      vertex -0.64672 -9.86704 2.0511
      vertex -0.626298 -9.55546 2.01
    endloop
  endfacet
  facet normal 0.0127973 0.12994 0.991439
    outer loop
      vertex -0.64672 -9.86704 2.0511
      vertex -0.752302 -9.54305 2.01
      vertex -1.29067 -9.80362 2.0511
    endloop
  endfacet
  facet normal 0.0127985 0.129956 0.991437
    outer loop
      vertex -1.19055 -9.4236 2
      vertex -1.24 -9.41873 2
      vertex -1.19055 -9.49989 2.01
    endloop
  endfacet
  facet normal 0.012797 0.129941 0.991439
    outer loop
      vertex -1.19055 -9.49989 2.01
      vertex -1.29067 -9.80362 2.0511
      vertex -0.752302 -9.54305 2.01
    endloop
  endfacet
  facet normal 0.0127811 0.129946 0.991439
    outer loop
      vertex -1.29067 -9.80362 2.0511
      vertex -1.19055 -9.49989 2.01
      vertex -1.24 -9.41873 2
    endloop
  endfacet
  facet normal 0.037555 0.380976 0.923822
    outer loop
      vertex -0.64672 -9.86704 2.0511
      vertex -1.33789 -10.1623 2.20096
      vertex -0.670382 -10.2281 2.20096
    endloop
  endfacet
  facet normal 0.0375263 0.381032 0.9238
    outer loop
      vertex -1.29067 -9.80362 2.0511
      vertex -1.33789 -10.1623 2.20096
      vertex -0.64672 -9.86704 2.0511
    endloop
  endfacet
  facet normal 0.0596675 0.60614 0.793117
    outer loop
      vertex -0.670382 -10.2281 2.20096
      vertex -1.37844 -10.4703 2.43933
      vertex -0.6907 -10.538 2.43933
    endloop
  endfacet
  facet normal 0.0597386 0.606018 0.793204
    outer loop
      vertex -1.33789 -10.1623 2.20096
      vertex -1.37844 -10.4703 2.43933
      vertex -0.670382 -10.2281 2.20096
    endloop
  endfacet
  facet normal 0.0778124 0.789656 0.608595
    outer loop
      vertex -0.6907 -10.538 2.43933
      vertex -1.40956 -10.7066 2.75
      vertex -0.706289 -10.7759 2.75
    endloop
  endfacet
  facet normal 0.0777417 0.78975 0.608483
    outer loop
      vertex -1.37844 -10.4703 2.43933
      vertex -1.40956 -10.7066 2.75
      vertex -0.6907 -10.538 2.43933
    endloop
  endfacet
  facet normal 0.0905309 0.919532 0.382446
    outer loop
      vertex -0.706289 -10.7759 2.75
      vertex -1.42912 -10.8552 3.11177
      vertex -0.716091 -10.9254 3.11177
    endloop
  endfacet
  facet normal 0.0906041 0.91947 0.382578
    outer loop
      vertex -1.40956 -10.7066 2.75
      vertex -1.42912 -10.8552 3.11177
      vertex -0.706289 -10.7759 2.75
    endloop
  endfacet
  facet normal 0.0971046 0.986688 0.130453
    outer loop
      vertex -0.716091 -10.9254 3.11177
      vertex -1.43579 -10.9059 3.5
      vertex -0.719434 -10.9764 3.5
    endloop
  endfacet
  facet normal 0.0971413 0.986675 0.130521
    outer loop
      vertex -1.42912 -10.8552 3.11177
      vertex -1.43579 -10.9059 3.5
      vertex -0.716091 -10.9254 3.11177
    endloop
  endfacet
  facet normal 0.0855431 0.868695 0.487905
    outer loop
      vertex -0.719434 -10.9764 3.5
      vertex -1.44308 -10.9613 3.59999
      vertex -0.723087 -11.0322 3.59999
    endloop
  endfacet
  facet normal 0.0855081 0.868854 0.487628
    outer loop
      vertex -1.43579 -10.9059 3.5
      vertex -1.44308 -10.9613 3.59999
      vertex -0.719434 -10.9764 3.5
    endloop
  endfacet
  facet normal 0.00303521 0.0197896 0.9998
    outer loop
      vertex -0.723087 -11.0322 3.59999
      vertex -0.723773 -11.0326 3.6
      vertex -0.723121 -11.0327 3.6
    endloop
  endfacet
  facet normal 0.00210565 0.021383 0.999769
    outer loop
      vertex -1.44308 -10.9613 3.59999
      vertex -0.723773 -11.0326 3.6
      vertex -0.723087 -11.0322 3.59999
    endloop
  endfacet
  facet normal 0.00194124 0.0197243 0.999804
    outer loop
      vertex -0.723773 -11.0326 3.6
      vertex -1.44308 -10.9613 3.59999
      vertex -1.44315 -10.9618 3.6
    endloop
  endfacet
  facet normal 0.070558 0.707305 -0.703379
    outer loop
      vertex -0.527089 -7.97255 0
      vertex -0.457822 -6.98501 1
      vertex -0.522578 -7.973 0
    endloop
  endfacet
  facet normal 0.0696733 0.70738 -0.703392
    outer loop
      vertex -0.457822 -6.98501 1
      vertex -0.527089 -7.97255 0
      vertex -0.913683 -6.94011 1
    endloop
  endfacet
  facet normal 0.0696639 0.707378 -0.703394
    outer loop
      vertex -0.527089 -7.97255 0
      vertex -1.04292 -7.92175 0
      vertex -0.913683 -6.94011 1
    endloop
  endfacet
  facet normal 0.162881 0.986646 -0
    outer loop
      vertex -0.913683 -6.94011 1
      vertex -1.36563 -6.8655 1.2
      vertex -0.913683 -6.94011 1.2
    endloop
  endfacet
  facet normal 0.162881 0.986646 0
    outer loop
      vertex -1.36563 -6.8655 1.2
      vertex -0.913683 -6.94011 1
      vertex -1.36563 -6.8655 1
    endloop
  endfacet
  facet normal 0.161487 0.978217 0.130438
    outer loop
      vertex -0.913683 -6.94011 1.2
      vertex -1.37095 -6.89223 1.40704
      vertex -0.91724 -6.96713 1.40704
    endloop
  endfacet
  facet normal 0.161489 0.978216 0.130443
    outer loop
      vertex -1.36563 -6.8655 1.2
      vertex -1.37095 -6.89223 1.40704
      vertex -0.913683 -6.94011 1.2
    endloop
  endfacet
  facet normal 0.150508 0.911609 0.382514
    outer loop
      vertex -0.91724 -6.96713 1.40704
      vertex -1.38654 -6.97061 1.59999
      vertex -0.927672 -7.04637 1.59999
    endloop
  endfacet
  facet normal 0.150494 0.911625 0.382479
    outer loop
      vertex -1.37095 -6.89223 1.40704
      vertex -1.38654 -6.97061 1.59999
      vertex -0.91724 -6.96713 1.40704
    endloop
  endfacet
  facet normal 0.12925 0.782897 0.608577
    outer loop
      vertex -0.927672 -7.04637 1.59999
      vertex -1.41134 -7.09531 1.76567
      vertex -0.944267 -7.17242 1.76567
    endloop
  endfacet
  facet normal 0.129256 0.782886 0.608591
    outer loop
      vertex -1.38654 -6.97061 1.59999
      vertex -1.41134 -7.09531 1.76567
      vertex -0.927672 -7.04637 1.59999
    endloop
  endfacet
  facet normal 0.0992104 0.600842 0.793187
    outer loop
      vertex -0.944267 -7.17242 1.76567
      vertex -1.44367 -7.2578 1.89281
      vertex -0.965893 -7.33669 1.89281
    endloop
  endfacet
  facet normal 0.0991993 0.600873 0.793165
    outer loop
      vertex -1.41134 -7.09531 1.76567
      vertex -1.44367 -7.2578 1.89281
      vertex -0.944267 -7.17242 1.76567
    endloop
  endfacet
  facet normal 0.0623685 0.37775 0.923805
    outer loop
      vertex -0.965893 -7.33669 1.89281
      vertex -1.48131 -7.44704 1.97273
      vertex -0.991077 -7.52798 1.97273
    endloop
  endfacet
  facet normal 0.0623717 0.377738 0.923809
    outer loop
      vertex -1.44367 -7.2578 1.89281
      vertex -1.48131 -7.44704 1.97273
      vertex -0.965893 -7.33669 1.89281
    endloop
  endfacet
  facet normal 0.021447 0.128865 0.99143
    outer loop
      vertex -0.991077 -7.52798 1.97273
      vertex -1.01396 -7.53325 1.97391
      vertex -0.991771 -7.53325 1.97343
    endloop
  endfacet
  facet normal 0.0212855 0.128908 0.991428
    outer loop
      vertex -1.19055 -7.57389 1.98298
      vertex -1.5217 -7.65011 2
      vertex -1.19055 -7.70479 2
    endloop
  endfacet
  facet normal 0.0212763 0.129586 0.99134
    outer loop
      vertex -0.991077 -7.52798 1.97273
      vertex -1.19055 -7.53325 1.9777
      vertex -1.01396 -7.53325 1.97391
    endloop
  endfacet
  facet normal 0.0212944 0.128975 0.991419
    outer loop
      vertex -1.48131 -7.44704 1.97273
      vertex -1.19055 -7.53325 1.9777
      vertex -0.991077 -7.52798 1.97273
    endloop
  endfacet
  facet normal 0.021245 0.128809 0.991442
    outer loop
      vertex -1.48131 -7.44704 1.97273
      vertex -1.19055 -7.57389 1.98298
      vertex -1.19055 -7.53325 1.9777
    endloop
  endfacet
  facet normal 0.0212866 0.128904 0.991429
    outer loop
      vertex -1.19055 -7.57389 1.98298
      vertex -1.48131 -7.44704 1.97273
      vertex -1.5217 -7.65011 2
    endloop
  endfacet
  facet normal 0.0212709 0.128828 0.991439
    outer loop
      vertex -1.24 -9.41873 2
      vertex -1.92909 -9.69821 2.0511
      vertex -1.29067 -9.80362 2.0511
    endloop
  endfacet
  facet normal 0.0212706 0.128829 0.991439
    outer loop
      vertex -1.85336 -9.31746 2
      vertex -1.92909 -9.69821 2.0511
      vertex -1.24 -9.41873 2
    endloop
  endfacet
  facet normal 0.06239 0.377759 0.9238
    outer loop
      vertex -1.29067 -9.80362 2.0511
      vertex -1.99968 -10.053 2.20096
      vertex -1.33789 -10.1623 2.20096
    endloop
  endfacet
  facet normal 0.062377 0.377789 0.923788
    outer loop
      vertex -1.92909 -9.69821 2.0511
      vertex -1.99968 -10.053 2.20096
      vertex -1.29067 -9.80362 2.0511
    endloop
  endfacet
  facet normal 0.0992202 0.60082 0.793203
    outer loop
      vertex -1.33789 -10.1623 2.20096
      vertex -2.06028 -10.3577 2.43933
      vertex -1.37844 -10.4703 2.43933
    endloop
  endfacet
  facet normal 0.0992277 0.600804 0.793214
    outer loop
      vertex -1.99968 -10.053 2.20096
      vertex -2.06028 -10.3577 2.43933
      vertex -1.33789 -10.1623 2.20096
    endloop
  endfacet
  facet normal 0.129256 0.782968 0.608484
    outer loop
      vertex -1.37844 -10.4703 2.43933
      vertex -2.10678 -10.5915 2.75
      vertex -1.40956 -10.7066 2.75
    endloop
  endfacet
  facet normal 0.129291 0.782914 0.608547
    outer loop
      vertex -2.06028 -10.3577 2.43933
      vertex -2.10678 -10.5915 2.75
      vertex -1.37844 -10.4703 2.43933
    endloop
  endfacet
  facet normal 0.150491 0.911585 0.382578
    outer loop
      vertex -1.40956 -10.7066 2.75
      vertex -2.13602 -10.7385 3.11177
      vertex -1.42912 -10.8552 3.11177
    endloop
  endfacet
  facet normal 0.150489 0.911587 0.382573
    outer loop
      vertex -2.10678 -10.5915 2.75
      vertex -2.13602 -10.7385 3.11177
      vertex -1.40956 -10.7066 2.75
    endloop
  endfacet
  facet normal 0.161563 0.978193 0.130521
    outer loop
      vertex -1.42912 -10.8552 3.11177
      vertex -2.14599 -10.7886 3.5
      vertex -1.43579 -10.9059 3.5
    endloop
  endfacet
  facet normal 0.161492 0.978223 0.130384
    outer loop
      vertex -2.13602 -10.7385 3.11177
      vertex -2.14599 -10.7886 3.5
      vertex -1.42912 -10.8552 3.11177
    endloop
  endfacet
  facet normal 0.142274 0.861382 0.487626
    outer loop
      vertex -1.43579 -10.9059 3.5
      vertex -2.15689 -10.8434 3.59999
      vertex -1.44308 -10.9613 3.59999
    endloop
  endfacet
  facet normal 0.142272 0.861396 0.487602
    outer loop
      vertex -2.14599 -10.7886 3.5
      vertex -2.15689 -10.8434 3.59999
      vertex -1.43579 -10.9059 3.5
    endloop
  endfacet
  facet normal 0.0030575 0.019568 0.999804
    outer loop
      vertex -1.44308 -10.9613 3.59999
      vertex -1.44379 -10.9617 3.6
      vertex -1.44315 -10.9618 3.6
    endloop
  endfacet
  facet normal 0.00319249 0.0193285 0.999808
    outer loop
      vertex -2.15689 -10.8434 3.59999
      vertex -1.44379 -10.9617 3.6
      vertex -1.44308 -10.9613 3.59999
    endloop
  endfacet
  facet normal 0.00319717 0.0193567 0.999808
    outer loop
      vertex -1.44379 -10.9617 3.6
      vertex -2.15689 -10.8434 3.59999
      vertex -2.15699 -10.8439 3.6
    endloop
  endfacet
  facet normal 0.116092 0.701261 -0.703389
    outer loop
      vertex -1.04739 -7.92101 0
      vertex -0.913683 -6.94011 1
      vertex -1.04292 -7.92175 0
    endloop
  endfacet
  facet normal 0.115776 0.701308 -0.703393
    outer loop
      vertex -0.913683 -6.94011 1
      vertex -1.04739 -7.92101 0
      vertex -1.36563 -6.8655 1
    endloop
  endfacet
  facet normal 0.115783 0.701309 -0.703392
    outer loop
      vertex -1.04739 -7.92101 0
      vertex -1.55879 -7.83658 0
      vertex -1.36563 -6.8655 1
    endloop
  endfacet
  facet normal 0.227085 0.973875 -0
    outer loop
      vertex -1.36563 -6.8655 1
      vertex -1.81173 -6.76148 1.2
      vertex -1.36563 -6.8655 1.2
    endloop
  endfacet
  facet normal 0.227085 0.973875 0
    outer loop
      vertex -1.81173 -6.76148 1.2
      vertex -1.36563 -6.8655 1
      vertex -1.81173 -6.76148 1
    endloop
  endfacet
  facet normal 0.225153 0.965552 0.130443
    outer loop
      vertex -1.36563 -6.8655 1.2
      vertex -1.81879 -6.7878 1.40704
      vertex -1.37095 -6.89223 1.40704
    endloop
  endfacet
  facet normal 0.225145 0.965556 0.130424
    outer loop
      vertex -1.81173 -6.76148 1.2
      vertex -1.81879 -6.7878 1.40704
      vertex -1.36563 -6.8655 1.2
    endloop
  endfacet
  facet normal 0.209794 0.899831 0.38248
    outer loop
      vertex -1.37095 -6.89223 1.40704
      vertex -1.83947 -6.86501 1.59999
      vertex -1.38654 -6.97061 1.59999
    endloop
  endfacet
  facet normal 0.20982 0.899796 0.382547
    outer loop
      vertex -1.81879 -6.7878 1.40704
      vertex -1.83947 -6.86501 1.59999
      vertex -1.37095 -6.89223 1.40704
    endloop
  endfacet
  facet normal 0.180182 0.772756 0.60859
    outer loop
      vertex -1.38654 -6.97061 1.59999
      vertex -1.87238 -6.98781 1.76567
      vertex -1.41134 -7.09531 1.76567
    endloop
  endfacet
  facet normal 0.180172 0.77278 0.608564
    outer loop
      vertex -1.83947 -6.86501 1.59999
      vertex -1.87238 -6.98781 1.76567
      vertex -1.38654 -6.97061 1.59999
    endloop
  endfacet
  facet normal 0.138291 0.593096 0.793166
    outer loop
      vertex -1.41134 -7.09531 1.76567
      vertex -1.91526 -7.14784 1.89281
      vertex -1.44367 -7.2578 1.89281
    endloop
  endfacet
  facet normal 0.138291 0.593096 0.793166
    outer loop
      vertex -1.87238 -6.98781 1.76567
      vertex -1.91526 -7.14784 1.89281
      vertex -1.41134 -7.09531 1.76567
    endloop
  endfacet
  facet normal 0.0869315 0.372853 0.923809
    outer loop
      vertex -1.44367 -7.2578 1.89281
      vertex -1.9652 -7.33422 1.97273
      vertex -1.48131 -7.44704 1.97273
    endloop
  endfacet
  facet normal 0.0869344 0.372839 0.923815
    outer loop
      vertex -1.91526 -7.14784 1.89281
      vertex -1.9652 -7.33422 1.97273
      vertex -1.44367 -7.2578 1.89281
    endloop
  endfacet
  facet normal 0.0296668 0.127237 0.991429
    outer loop
      vertex -1.48131 -7.44704 1.97273
      vertex -2.01878 -7.53421 2
      vertex -1.5217 -7.65011 2
    endloop
  endfacet
  facet normal 0.0296663 0.12724 0.991428
    outer loop
      vertex -1.9652 -7.33422 1.97273
      vertex -2.01878 -7.53421 2
      vertex -1.48131 -7.44704 1.97273
    endloop
  endfacet
  facet normal 0.0296492 0.127163 0.991439
    outer loop
      vertex -1.85336 -9.31746 2
      vertex -2.55926 -9.55128 2.0511
      vertex -1.92909 -9.69821 2.0511
    endloop
  endfacet
  facet normal 0.0296492 0.127162 0.991439
    outer loop
      vertex -2.45878 -9.1763 2
      vertex -2.55926 -9.55128 2.0511
      vertex -1.85336 -9.31746 2
    endloop
  endfacet
  facet normal 0.0869224 0.372906 0.923789
    outer loop
      vertex -1.92909 -9.69821 2.0511
      vertex -2.65289 -9.90074 2.20096
      vertex -1.99968 -10.053 2.20096
    endloop
  endfacet
  facet normal 0.0869369 0.372865 0.923804
    outer loop
      vertex -2.55926 -9.55128 2.0511
      vertex -2.65289 -9.90074 2.20096
      vertex -1.92909 -9.69821 2.0511
    endloop
  endfacet
  facet normal 0.138255 0.593042 0.793213
    outer loop
      vertex -1.99968 -10.053 2.20096
      vertex -2.7333 -10.2008 2.43933
      vertex -2.06028 -10.3577 2.43933
    endloop
  endfacet
  facet normal 0.138242 0.593072 0.793193
    outer loop
      vertex -2.65289 -9.90074 2.20096
      vertex -2.7333 -10.2008 2.43933
      vertex -1.99968 -10.053 2.20096
    endloop
  endfacet
  facet normal 0.180117 0.772806 0.608547
    outer loop
      vertex -2.06028 -10.3577 2.43933
      vertex -2.79499 -10.4311 2.75
      vertex -2.10678 -10.5915 2.75
    endloop
  endfacet
  facet normal 0.180149 0.772748 0.608611
    outer loop
      vertex -2.7333 -10.2008 2.43933
      vertex -2.79499 -10.4311 2.75
      vertex -2.06028 -10.3577 2.43933
    endloop
  endfacet
  facet normal 0.209808 0.899788 0.382573
    outer loop
      vertex -2.10678 -10.5915 2.75
      vertex -2.83378 -10.5758 3.11177
      vertex -2.13602 -10.7385 3.11177
    endloop
  endfacet
  facet normal 0.209732 0.899872 0.382417
    outer loop
      vertex -2.79499 -10.4311 2.75
      vertex -2.83378 -10.5758 3.11177
      vertex -2.10678 -10.5915 2.75
    endloop
  endfacet
  facet normal 0.225066 0.96558 0.130385
    outer loop
      vertex -2.13602 -10.7385 3.11177
      vertex -2.84701 -10.6252 3.5
      vertex -2.14599 -10.7886 3.5
    endloop
  endfacet
  facet normal 0.22514 0.965543 0.130532
    outer loop
      vertex -2.83378 -10.5758 3.11177
      vertex -2.84701 -10.6252 3.5
      vertex -2.13602 -10.7385 3.11177
    endloop
  endfacet
  facet normal 0.19827 0.850256 0.4876
    outer loop
      vertex -2.14599 -10.7886 3.5
      vertex -2.86147 -10.6791 3.59999
      vertex -2.15689 -10.8434 3.59999
    endloop
  endfacet
  facet normal 0.198247 0.850521 0.487146
    outer loop
      vertex -2.84701 -10.6252 3.5
      vertex -2.86147 -10.6791 3.59999
      vertex -2.14599 -10.7886 3.5
    endloop
  endfacet
  facet normal 0.00302972 0.0193902 0.999807
    outer loop
      vertex -2.15689 -10.8434 3.59999
      vertex -2.15763 -10.8438 3.6
      vertex -2.15699 -10.8439 3.6
    endloop
  endfacet
  facet normal 0.00407208 0.0174626 0.999839
    outer loop
      vertex -2.86147 -10.6791 3.59999
      vertex -2.15763 -10.8438 3.6
      vertex -2.15689 -10.8434 3.59999
    endloop
  endfacet
  facet normal 0.00439742 0.0188529 0.999813
    outer loop
      vertex -2.15763 -10.8438 3.6
      vertex -2.86147 -10.6791 3.59999
      vertex -2.8616 -10.6796 3.6
    endloop
  endfacet
  facet normal 0.161317 0.692253 -0.703393
    outer loop
      vertex -1.56321 -7.83555 0
      vertex -1.36563 -6.8655 1
      vertex -1.55879 -7.83658 0
    endloop
  endfacet
  facet normal 0.161412 0.692232 -0.703392
    outer loop
      vertex -1.36563 -6.8655 1
      vertex -1.56321 -7.83555 0
      vertex -1.81173 -6.76148 1
    endloop
  endfacet
  facet normal 0.161408 0.692232 -0.703393
    outer loop
      vertex -1.56321 -7.83555 0
      vertex -2.06799 -7.71785 0
      vertex -1.81173 -6.76148 1
    endloop
  endfacet
  facet normal 0.290281 0.956942 -0
    outer loop
      vertex -1.81173 -6.76148 1
      vertex -2.25008 -6.62851 1.2
      vertex -1.81173 -6.76148 1.2
    endloop
  endfacet
  facet normal 0.290281 0.956942 0
    outer loop
      vertex -2.25008 -6.62851 1.2
      vertex -1.81173 -6.76148 1
      vertex -2.25008 -6.62851 1
    endloop
  endfacet
  facet normal 0.28779 0.948771 0.130426
    outer loop
      vertex -1.81173 -6.76148 1.2
      vertex -2.25884 -6.65432 1.40704
      vertex -1.81879 -6.7878 1.40704
    endloop
  endfacet
  facet normal 0.2878 0.948764 0.130452
    outer loop
      vertex -2.25008 -6.62851 1.2
      vertex -2.25884 -6.65432 1.40704
      vertex -1.81173 -6.76148 1.2
    endloop
  endfacet
  facet normal 0.268209 0.884151 0.382544
    outer loop
      vertex -1.81879 -6.7878 1.40704
      vertex -2.28453 -6.73 1.59999
      vertex -1.83947 -6.86501 1.59999
    endloop
  endfacet
  facet normal 0.268195 0.884173 0.382504
    outer loop
      vertex -2.25884 -6.65432 1.40704
      vertex -2.28453 -6.73 1.59999
      vertex -1.81879 -6.7878 1.40704
    endloop
  endfacet
  facet normal 0.230344 0.759336 0.608565
    outer loop
      vertex -1.83947 -6.86501 1.59999
      vertex -2.32539 -6.85039 1.76567
      vertex -1.87238 -6.98781 1.76567
    endloop
  endfacet
  facet normal 0.230345 0.759331 0.60857
    outer loop
      vertex -2.28453 -6.73 1.59999
      vertex -2.32539 -6.85039 1.76567
      vertex -1.83947 -6.86501 1.59999
    endloop
  endfacet
  facet normal 0.176776 0.582784 0.793166
    outer loop
      vertex -1.87238 -6.98781 1.76567
      vertex -2.37865 -7.00728 1.89281
      vertex -1.91526 -7.14784 1.89281
    endloop
  endfacet
  facet normal 0.17678 0.582763 0.793181
    outer loop
      vertex -2.32539 -6.85039 1.76567
      vertex -2.37865 -7.00728 1.89281
      vertex -1.87238 -6.98781 1.76567
    endloop
  endfacet
  facet normal 0.111138 0.366354 0.923814
    outer loop
      vertex -1.91526 -7.14784 1.89281
      vertex -2.44067 -7.18998 1.97273
      vertex -1.9652 -7.33422 1.97273
    endloop
  endfacet
  facet normal 0.111134 0.366381 0.923804
    outer loop
      vertex -2.37865 -7.00728 1.89281
      vertex -2.44067 -7.18998 1.97273
      vertex -1.91526 -7.14784 1.89281
    endloop
  endfacet
  facet normal 0.0379273 0.125027 0.991428
    outer loop
      vertex -1.9652 -7.33422 1.97273
      vertex -2.50722 -7.38604 2
      vertex -2.01878 -7.53421 2
    endloop
  endfacet
  facet normal 0.0379276 0.125024 0.991429
    outer loop
      vertex -2.44067 -7.18998 1.97273
      vertex -2.50722 -7.38604 2
      vertex -1.9652 -7.33422 1.97273
    endloop
  endfacet
  facet normal 0.0379029 0.124951 0.991439
    outer loop
      vertex -2.45878 -9.1763 2
      vertex -3.17846 -9.36345 2.0511
      vertex -2.55926 -9.55128 2.0511
    endloop
  endfacet
  facet normal 0.0379034 0.124949 0.991439
    outer loop
      vertex -3.05367 -8.99584 2
      vertex -3.17846 -9.36345 2.0511
      vertex -2.45878 -9.1763 2
    endloop
  endfacet
  facet normal 0.111142 0.36638 0.923804
    outer loop
      vertex -2.55926 -9.55128 2.0511
      vertex -3.29475 -9.70603 2.20096
      vertex -2.65289 -9.90074 2.20096
    endloop
  endfacet
  facet normal 0.111141 0.366386 0.923802
    outer loop
      vertex -3.17846 -9.36345 2.0511
      vertex -3.29475 -9.70603 2.20096
      vertex -2.55926 -9.55128 2.0511
    endloop
  endfacet
  facet normal 0.176769 0.582749 0.793194
    outer loop
      vertex -2.65289 -9.90074 2.20096
      vertex -3.39461 -10.0002 2.43933
      vertex -2.7333 -10.2008 2.43933
    endloop
  endfacet
  facet normal 0.176774 0.582735 0.793203
    outer loop
      vertex -3.29475 -9.70603 2.20096
      vertex -3.39461 -10.0002 2.43933
      vertex -2.65289 -9.90074 2.20096
    endloop
  endfacet
  facet normal 0.230399 0.759284 0.608608
    outer loop
      vertex -2.7333 -10.2008 2.43933
      vertex -3.47123 -10.2259 2.75
      vertex -2.79499 -10.4311 2.75
    endloop
  endfacet
  facet normal 0.23035 0.759386 0.6085
    outer loop
      vertex -3.39461 -10.0002 2.43933
      vertex -3.47123 -10.2259 2.75
      vertex -2.7333 -10.2008 2.43933
    endloop
  endfacet
  facet normal 0.268243 0.884195 0.38242
    outer loop
      vertex -2.79499 -10.4311 2.75
      vertex -3.5194 -10.3678 3.11177
      vertex -2.83378 -10.5758 3.11177
    endloop
  endfacet
  facet normal 0.268286 0.88414 0.382516
    outer loop
      vertex -3.47123 -10.2259 2.75
      vertex -3.5194 -10.3678 3.11177
      vertex -2.79499 -10.4311 2.75
    endloop
  endfacet
  facet normal 0.287863 0.948734 0.130531
    outer loop
      vertex -2.83378 -10.5758 3.11177
      vertex -3.53583 -10.4162 3.5
      vertex -2.84701 -10.6252 3.5
    endloop
  endfacet
  facet normal 0.287828 0.948754 0.130461
    outer loop
      vertex -3.5194 -10.3678 3.11177
      vertex -3.53583 -10.4162 3.5
      vertex -2.83378 -10.5758 3.11177
    endloop
  endfacet
  facet normal 0.253496 0.835715 0.487155
    outer loop
      vertex -2.84701 -10.6252 3.5
      vertex -3.55379 -10.4691 3.59999
      vertex -2.86147 -10.6791 3.59999
    endloop
  endfacet
  facet normal 0.2535 0.835484 0.487549
    outer loop
      vertex -3.53583 -10.4162 3.5
      vertex -3.55379 -10.4691 3.59999
      vertex -2.84701 -10.6252 3.5
    endloop
  endfacet
  facet normal 0.0030482 0.0192037 0.999811
    outer loop
      vertex -2.86147 -10.6791 3.59999
      vertex -2.86223 -10.6795 3.6
      vertex -2.8616 -10.6796 3.6
    endloop
  endfacet
  facet normal 0.00481003 0.0158575 0.999863
    outer loop
      vertex -3.55379 -10.4691 3.59999
      vertex -2.86223 -10.6795 3.6
      vertex -2.86147 -10.6791 3.59999
    endloop
  endfacet
  facet normal 0.00550029 0.0181263 0.999821
    outer loop
      vertex -2.86223 -10.6795 3.6
      vertex -3.55379 -10.4691 3.59999
      vertex -3.55396 -10.4696 3.6
    endloop
  endfacet
  facet normal 0.206836 0.680051 -0.703384
    outer loop
      vertex -2.07233 -7.71653 0
      vertex -1.81173 -6.76148 1
      vertex -2.06799 -7.71785 0
    endloop
  endfacet
  facet normal 0.206332 0.680196 -0.703392
    outer loop
      vertex -1.81173 -6.76148 1
      vertex -2.07233 -7.71653 0
      vertex -2.25008 -6.62851 1
    endloop
  endfacet
  facet normal 0.206335 0.680196 -0.703391
    outer loop
      vertex -2.07233 -7.71653 0
      vertex -2.56833 -7.56607 0
      vertex -2.25008 -6.62851 1
    endloop
  endfacet
  facet normal 0.352248 0.935907 -0
    outer loop
      vertex -2.25008 -6.62851 1
      vertex -2.67878 -6.46716 1.2
      vertex -2.25008 -6.62851 1.2
    endloop
  endfacet
  facet normal 0.352248 0.935907 0
    outer loop
      vertex -2.67878 -6.46716 1.2
      vertex -2.25008 -6.62851 1
      vertex -2.67878 -6.46716 1
    endloop
  endfacet
  facet normal 0.349259 0.927901 0.130451
    outer loop
      vertex -2.25008 -6.62851 1.2
      vertex -2.68921 -6.49233 1.40704
      vertex -2.25884 -6.65432 1.40704
    endloop
  endfacet
  facet normal 0.34924 0.927915 0.130401
    outer loop
      vertex -2.67878 -6.46716 1.2
      vertex -2.68921 -6.49233 1.40704
      vertex -2.25008 -6.62851 1.2
    endloop
  endfacet
  facet normal 0.325456 0.864736 0.382504
    outer loop
      vertex -2.25884 -6.65432 1.40704
      vertex -2.7198 -6.56618 1.59999
      vertex -2.28453 -6.73 1.59999
    endloop
  endfacet
  facet normal 0.325473 0.864706 0.382559
    outer loop
      vertex -2.68921 -6.49233 1.40704
      vertex -2.7198 -6.56618 1.59999
      vertex -2.25884 -6.65432 1.40704
    endloop
  endfacet
  facet normal 0.279517 0.742641 0.608568
    outer loop
      vertex -2.28453 -6.73 1.59999
      vertex -2.76845 -6.68363 1.76567
      vertex -2.32539 -6.85039 1.76567
    endloop
  endfacet
  facet normal 0.279511 0.742661 0.608545
    outer loop
      vertex -2.7198 -6.56618 1.59999
      vertex -2.76845 -6.68363 1.76567
      vertex -2.28453 -6.73 1.59999
    endloop
  endfacet
  facet normal 0.214524 0.56995 0.793181
    outer loop
      vertex -2.32539 -6.85039 1.76567
      vertex -2.83185 -6.8367 1.89281
      vertex -2.37865 -7.00728 1.89281
    endloop
  endfacet
  facet normal 0.214522 0.569959 0.793175
    outer loop
      vertex -2.76845 -6.68363 1.76567
      vertex -2.83185 -6.8367 1.89281
      vertex -2.32539 -6.85039 1.76567
    endloop
  endfacet
  facet normal 0.134864 0.358326 0.923804
    outer loop
      vertex -2.37865 -7.00728 1.89281
      vertex -2.90569 -7.01496 1.97273
      vertex -2.44067 -7.18998 1.97273
    endloop
  endfacet
  facet normal 0.134865 0.358311 0.92381
    outer loop
      vertex -2.83185 -6.8367 1.89281
      vertex -2.90569 -7.01496 1.97273
      vertex -2.37865 -7.00728 1.89281
    endloop
  endfacet
  facet normal 0.0460199 0.122277 0.991429
    outer loop
      vertex -2.44067 -7.18998 1.97273
      vertex -2.98493 -7.20625 2
      vertex -2.50722 -7.38604 2
    endloop
  endfacet
  facet normal 0.0460201 0.122273 0.991429
    outer loop
      vertex -2.90569 -7.01496 1.97273
      vertex -2.98493 -7.20625 2
      vertex -2.44067 -7.18998 1.97273
    endloop
  endfacet
  facet normal 0.0459936 0.122203 0.991439
    outer loop
      vertex -3.05367 -8.99584 2
      vertex -3.78406 -9.13552 2.0511
      vertex -3.17846 -9.36345 2.0511
    endloop
  endfacet
  facet normal 0.0459936 0.122203 0.991439
    outer loop
      vertex -3.63549 -8.77686 2
      vertex -3.78406 -9.13552 2.0511
      vertex -3.05367 -8.99584 2
    endloop
  endfacet
  facet normal 0.134867 0.358331 0.923802
    outer loop
      vertex -3.17846 -9.36345 2.0511
      vertex -3.9225 -9.46976 2.20096
      vertex -3.29475 -9.70603 2.20096
    endloop
  endfacet
  facet normal 0.134867 0.358335 0.9238
    outer loop
      vertex -3.78406 -9.13552 2.0511
      vertex -3.9225 -9.46976 2.20096
      vertex -3.17846 -9.36345 2.0511
    endloop
  endfacet
  facet normal 0.214505 0.569927 0.793203
    outer loop
      vertex -3.29475 -9.70603 2.20096
      vertex -4.04139 -9.75677 2.43933
      vertex -3.39461 -10.0002 2.43933
    endloop
  endfacet
  facet normal 0.214506 0.569924 0.793205
    outer loop
      vertex -3.9225 -9.46976 2.20096
      vertex -4.04139 -9.75677 2.43933
      vertex -3.29475 -9.70603 2.20096
    endloop
  endfacet
  facet normal 0.279504 0.7427 0.608501
    outer loop
      vertex -3.39461 -10.0002 2.43933
      vertex -4.13261 -9.977 2.75
      vertex -3.47123 -10.2259 2.75
    endloop
  endfacet
  facet normal 0.279518 0.742664 0.608538
    outer loop
      vertex -4.04139 -9.75677 2.43933
      vertex -4.13261 -9.977 2.75
      vertex -3.39461 -10.0002 2.43933
    endloop
  endfacet
  facet normal 0.325483 0.864721 0.382515
    outer loop
      vertex -3.47123 -10.2259 2.75
      vertex -4.18996 -10.1154 3.11177
      vertex -3.5194 -10.3678 3.11177
    endloop
  endfacet
  facet normal 0.325445 0.864776 0.382423
    outer loop
      vertex -4.13261 -9.977 2.75
      vertex -4.18996 -10.1154 3.11177
      vertex -3.47123 -10.2259 2.75
    endloop
  endfacet
  facet normal 0.349168 0.927934 0.130461
    outer loop
      vertex -3.5194 -10.3678 3.11177
      vertex -4.20952 -10.1627 3.5
      vertex -3.53583 -10.4162 3.5
    endloop
  endfacet
  facet normal 0.349254 0.927876 0.130644
    outer loop
      vertex -4.18996 -10.1154 3.11177
      vertex -4.20952 -10.1627 3.5
      vertex -3.5194 -10.3678 3.11177
    endloop
  endfacet
  facet normal 0.307499 0.817153 0.48755
    outer loop
      vertex -3.53583 -10.4162 3.5
      vertex -4.2309 -10.2143 3.59999
      vertex -3.55379 -10.4691 3.59999
    endloop
  endfacet
  facet normal 0.307501 0.817201 0.487468
    outer loop
      vertex -4.20952 -10.1627 3.5
      vertex -4.2309 -10.2143 3.59999
      vertex -3.53583 -10.4162 3.5
    endloop
  endfacet
  facet normal 0.00589865 0.0179909 0.999821
    outer loop
      vertex -3.55379 -10.4691 3.59999
      vertex -3.55457 -10.4694 3.6
      vertex -3.55396 -10.4696 3.6
    endloop
  endfacet
  facet normal 0.00633922 0.016846 0.999838
    outer loop
      vertex -4.2309 -10.2143 3.59999
      vertex -3.55457 -10.4694 3.6
      vertex -3.55379 -10.4691 3.59999
    endloop
  endfacet
  facet normal 0.00658389 0.0174946 0.999825
    outer loop
      vertex -3.55457 -10.4694 3.6
      vertex -4.2309 -10.2143 3.59999
      vertex -4.23109 -10.2148 3.6
    endloop
  endfacet
  facet normal 0.250438 0.665225 -0.70339
    outer loop
      vertex -2.57258 -7.56447 0
      vertex -2.25008 -6.62851 1
      vertex -2.56833 -7.56607 0
    endloop
  endfacet
  facet normal 0.250379 0.665246 -0.703391
    outer loop
      vertex -2.25008 -6.62851 1
      vertex -2.57258 -7.56447 0
      vertex -2.67878 -6.46716 1
    endloop
  endfacet
  facet normal 0.250382 0.665245 -0.70339
    outer loop
      vertex -2.57258 -7.56447 0
      vertex -3.05768 -7.38189 0
      vertex -2.67878 -6.46716 1
    endloop
  endfacet
  facet normal 0.412709 0.910863 -0
    outer loop
      vertex -2.67878 -6.46716 1
      vertex -3.09602 -6.27811 1.2
      vertex -2.67878 -6.46716 1.2
    endloop
  endfacet
  facet normal 0.412709 0.910863 0
    outer loop
      vertex -3.09602 -6.27811 1.2
      vertex -2.67878 -6.46716 1
      vertex -3.09602 -6.27811 1
    endloop
  endfacet
  facet normal 0.409178 0.903089 0.130402
    outer loop
      vertex -2.67878 -6.46716 1.2
      vertex -3.10807 -6.30255 1.40704
      vertex -2.68921 -6.49233 1.40704
    endloop
  endfacet
  facet normal 0.409184 0.903083 0.130419
    outer loop
      vertex -3.09602 -6.27811 1.2
      vertex -3.10807 -6.30255 1.40704
      vertex -2.67878 -6.46716 1.2
    endloop
  endfacet
  facet normal 0.38133 0.841568 0.382559
    outer loop
      vertex -2.68921 -6.49233 1.40704
      vertex -3.14342 -6.37423 1.59999
      vertex -2.7198 -6.56618 1.59999
    endloop
  endfacet
  facet normal 0.381316 0.841596 0.382509
    outer loop
      vertex -3.10807 -6.30255 1.40704
      vertex -3.14342 -6.37423 1.59999
      vertex -2.68921 -6.49233 1.40704
    endloop
  endfacet
  facet normal 0.327485 0.72279 0.608546
    outer loop
      vertex -2.7198 -6.56618 1.59999
      vertex -3.19965 -6.48826 1.76567
      vertex -2.76845 -6.68363 1.76567
    endloop
  endfacet
  facet normal 0.327493 0.722753 0.608586
    outer loop
      vertex -3.14342 -6.37423 1.59999
      vertex -3.19965 -6.48826 1.76567
      vertex -2.7198 -6.56618 1.59999
    endloop
  endfacet
  facet normal 0.251335 0.554711 0.793175
    outer loop
      vertex -2.76845 -6.68363 1.76567
      vertex -3.27293 -6.63685 1.89281
      vertex -2.83185 -6.8367 1.89281
    endloop
  endfacet
  facet normal 0.251335 0.554719 0.793169
    outer loop
      vertex -3.19965 -6.48826 1.76567
      vertex -3.27293 -6.63685 1.89281
      vertex -2.76845 -6.68363 1.76567
    endloop
  endfacet
  facet normal 0.158005 0.348726 0.92381
    outer loop
      vertex -2.83185 -6.8367 1.89281
      vertex -3.35827 -6.8099 1.97273
      vertex -2.90569 -7.01496 1.97273
    endloop
  endfacet
  facet normal 0.158005 0.348725 0.92381
    outer loop
      vertex -3.27293 -6.63685 1.89281
      vertex -3.35827 -6.8099 1.97273
      vertex -2.83185 -6.8367 1.89281
    endloop
  endfacet
  facet normal 0.0539182 0.119001 0.991429
    outer loop
      vertex -2.90569 -7.01496 1.97273
      vertex -3.44985 -6.9956 2
      vertex -2.98493 -7.20625 2
    endloop
  endfacet
  facet normal 0.0539182 0.119001 0.991429
    outer loop
      vertex -3.35827 -6.8099 1.97273
      vertex -3.44985 -6.9956 2
      vertex -2.90569 -7.01496 1.97273
    endloop
  endfacet
  facet normal 0.0538887 0.118932 0.991439
    outer loop
      vertex -3.63549 -8.77686 2
      vertex -4.37344 -8.86847 2.0511
      vertex -3.78406 -9.13552 2.0511
    endloop
  endfacet
  facet normal 0.0538887 0.118932 0.991439
    outer loop
      vertex -4.20174 -8.52029 2
      vertex -4.37344 -8.86847 2.0511
      vertex -3.63549 -8.77686 2
    endloop
  endfacet
  facet normal 0.158009 0.348749 0.9238
    outer loop
      vertex -3.78406 -9.13552 2.0511
      vertex -4.53346 -9.19295 2.20096
      vertex -3.9225 -9.46976 2.20096
    endloop
  endfacet
  facet normal 0.158012 0.348732 0.923806
    outer loop
      vertex -4.37344 -8.86847 2.0511
      vertex -4.53346 -9.19295 2.20096
      vertex -3.78406 -9.13552 2.0511
    endloop
  endfacet
  facet normal 0.25132 0.554674 0.793206
    outer loop
      vertex -3.9225 -9.46976 2.20096
      vertex -4.67086 -9.47156 2.43933
      vertex -4.04139 -9.75677 2.43933
    endloop
  endfacet
  facet normal 0.251316 0.554692 0.793194
    outer loop
      vertex -4.53346 -9.19295 2.20096
      vertex -4.67086 -9.47156 2.43933
      vertex -3.9225 -9.46976 2.20096
    endloop
  endfacet
  facet normal 0.327495 0.722792 0.608538
    outer loop
      vertex -4.04139 -9.75677 2.43933
      vertex -4.77629 -9.68535 2.75
      vertex -4.13261 -9.977 2.75
    endloop
  endfacet
  facet normal 0.327495 0.722794 0.608536
    outer loop
      vertex -4.67086 -9.47156 2.43933
      vertex -4.77629 -9.68535 2.75
      vertex -4.04139 -9.75677 2.43933
    endloop
  endfacet
  facet normal 0.381289 0.841646 0.382427
    outer loop
      vertex -4.13261 -9.977 2.75
      vertex -4.84257 -9.81975 3.11177
      vertex -4.18996 -10.1154 3.11177
    endloop
  endfacet
  facet normal 0.381322 0.84159 0.382518
    outer loop
      vertex -4.77629 -9.68535 2.75
      vertex -4.84257 -9.81975 3.11177
      vertex -4.13261 -9.977 2.75
    endloop
  endfacet
  facet normal 0.409198 0.903045 0.130639
    outer loop
      vertex -4.18996 -10.1154 3.11177
      vertex -4.86518 -9.8656 3.5
      vertex -4.20952 -10.1627 3.5
    endloop
  endfacet
  facet normal 0.409128 0.903099 0.130483
    outer loop
      vertex -4.84257 -9.81975 3.11177
      vertex -4.86518 -9.8656 3.5
      vertex -4.18996 -10.1154 3.11177
    endloop
  endfacet
  facet normal 0.360371 0.795302 0.487472
    outer loop
      vertex -4.20952 -10.1627 3.5
      vertex -4.88988 -9.9157 3.59999
      vertex -4.2309 -10.2143 3.59999
    endloop
  endfacet
  facet normal 0.360369 0.795286 0.487498
    outer loop
      vertex -4.86518 -9.8656 3.5
      vertex -4.88988 -9.9157 3.59999
      vertex -4.20952 -10.1627 3.5
    endloop
  endfacet
  facet normal 0.00840188 0.0168038 0.999824
    outer loop
      vertex -4.2309 -10.2143 3.59999
      vertex -4.23169 -10.2145 3.6
      vertex -4.23109 -10.2148 3.6
    endloop
  endfacet
  facet normal 0.0081194 0.0179187 0.999806
    outer loop
      vertex -4.88988 -9.9157 3.59999
      vertex -4.23169 -10.2145 3.6
      vertex -4.2309 -10.2143 3.59999
    endloop
  endfacet
  facet normal 0.00802935 0.0177203 0.999811
    outer loop
      vertex -4.23169 -10.2145 3.6
      vertex -4.88988 -9.9157 3.59999
      vertex -4.89011 -9.91616 3.6
    endloop
  endfacet
  facet normal 0.293186 0.647518 -0.703393
    outer loop
      vertex -3.06181 -7.38002 0
      vertex -2.67878 -6.46716 1
      vertex -3.05768 -7.38189 0
    endloop
  endfacet
  facet normal 0.293355 0.647445 -0.70339
    outer loop
      vertex -2.67878 -6.46716 1
      vertex -3.06181 -7.38002 0
      vertex -3.09602 -6.27811 1
    endloop
  endfacet
  facet normal 0.293348 0.647446 -0.703392
    outer loop
      vertex -3.06181 -7.38002 0
      vertex -3.53393 -7.16611 0
      vertex -3.09602 -6.27811 1
    endloop
  endfacet
  facet normal 0.471394 0.881923 -0
    outer loop
      vertex -3.09602 -6.27811 1
      vertex -3.5 -6.06218 1.2
      vertex -3.09602 -6.27811 1.2
    endloop
  endfacet
  facet normal 0.471394 0.881923 0
    outer loop
      vertex -3.5 -6.06218 1.2
      vertex -3.09602 -6.27811 1
      vertex -3.5 -6.06218 1
    endloop
  endfacet
  facet normal 0.46736 0.874394 0.130419
    outer loop
      vertex -3.09602 -6.27811 1.2
      vertex -3.51363 -6.08578 1.40704
      vertex -3.10807 -6.30255 1.40704
    endloop
  endfacet
  facet normal 0.467366 0.874388 0.130437
    outer loop
      vertex -3.5 -6.06218 1.2
      vertex -3.51363 -6.08578 1.40704
      vertex -3.09602 -6.27811 1.2
    endloop
  endfacet
  facet normal 0.435532 0.814861 0.38251
    outer loop
      vertex -3.10807 -6.30255 1.40704
      vertex -3.55359 -6.155 1.59999
      vertex -3.14342 -6.37423 1.59999
    endloop
  endfacet
  facet normal 0.435535 0.814852 0.382524
    outer loop
      vertex -3.51363 -6.08578 1.40704
      vertex -3.55359 -6.155 1.59999
      vertex -3.10807 -6.30255 1.40704
    endloop
  endfacet
  facet normal 0.374043 0.699797 0.608585
    outer loop
      vertex -3.14342 -6.37423 1.59999
      vertex -3.61716 -6.2651 1.76567
      vertex -3.19965 -6.48826 1.76567
    endloop
  endfacet
  facet normal 0.374041 0.699814 0.608567
    outer loop
      vertex -3.55359 -6.155 1.59999
      vertex -3.61716 -6.2651 1.76567
      vertex -3.14342 -6.37423 1.59999
    endloop
  endfacet
  facet normal 0.287077 0.537093 0.79317
    outer loop
      vertex -3.19965 -6.48826 1.76567
      vertex -3.7 -6.40858 1.89281
      vertex -3.27293 -6.63685 1.89281
    endloop
  endfacet
  facet normal 0.287077 0.537093 0.79317
    outer loop
      vertex -3.61716 -6.2651 1.76567
      vertex -3.7 -6.40858 1.89281
      vertex -3.19965 -6.48826 1.76567
    endloop
  endfacet
  facet normal 0.180473 0.337645 0.92381
    outer loop
      vertex -3.27293 -6.63685 1.89281
      vertex -3.79647 -6.57568 1.97273
      vertex -3.35827 -6.8099 1.97273
    endloop
  endfacet
  facet normal 0.180473 0.337646 0.92381
    outer loop
      vertex -3.7 -6.40858 1.89281
      vertex -3.79647 -6.57568 1.97273
      vertex -3.27293 -6.63685 1.89281
    endloop
  endfacet
  facet normal 0.061587 0.115219 0.991429
    outer loop
      vertex -3.35827 -6.8099 1.97273
      vertex -3.89999 -6.75499 2
      vertex -3.44985 -6.9956 2
    endloop
  endfacet
  facet normal 0.0615875 0.115223 0.991429
    outer loop
      vertex -3.79647 -6.57568 1.97273
      vertex -3.89999 -6.75499 2
      vertex -3.35827 -6.8099 1.97273
    endloop
  endfacet
  facet normal 0.061551 0.115154 0.991439
    outer loop
      vertex -4.20174 -8.52029 2
      vertex -4.94411 -8.56344 2.0511
      vertex -4.37344 -8.86847 2.0511
    endloop
  endfacet
  facet normal 0.061551 0.115154 0.991439
    outer loop
      vertex -4.75 -8.22724 2
      vertex -4.94411 -8.56344 2.0511
      vertex -4.20174 -8.52029 2
    endloop
  endfacet
  facet normal 0.180481 0.337651 0.923806
    outer loop
      vertex -4.37344 -8.86847 2.0511
      vertex -5.125 -8.87676 2.20096
      vertex -4.53346 -9.19295 2.20096
    endloop
  endfacet
  facet normal 0.180481 0.337655 0.923805
    outer loop
      vertex -4.94411 -8.56344 2.0511
      vertex -5.125 -8.87676 2.20096
      vertex -4.37344 -8.86847 2.0511
    endloop
  endfacet
  facet normal 0.287067 0.537062 0.793194
    outer loop
      vertex -4.53346 -9.19295 2.20096
      vertex -5.28033 -9.14579 2.43933
      vertex -4.67086 -9.47156 2.43933
    endloop
  endfacet
  facet normal 0.287068 0.537057 0.793198
    outer loop
      vertex -5.125 -8.87676 2.20096
      vertex -5.28033 -9.14579 2.43933
      vertex -4.53346 -9.19295 2.20096
    endloop
  endfacet
  facet normal 0.374067 0.699827 0.608536
    outer loop
      vertex -4.67086 -9.47156 2.43933
      vertex -5.39951 -9.35223 2.75
      vertex -4.77629 -9.68535 2.75
    endloop
  endfacet
  facet normal 0.374067 0.699827 0.608535
    outer loop
      vertex -5.28033 -9.14579 2.43933
      vertex -5.39951 -9.35223 2.75
      vertex -4.67086 -9.47156 2.43933
    endloop
  endfacet
  facet normal 0.435544 0.81485 0.382519
    outer loop
      vertex -4.77629 -9.68535 2.75
      vertex -5.47444 -9.48201 3.11177
      vertex -4.84257 -9.81975 3.11177
    endloop
  endfacet
  facet normal 0.435547 0.814846 0.382525
    outer loop
      vertex -5.39951 -9.35223 2.75
      vertex -5.47444 -9.48201 3.11177
      vertex -4.77629 -9.68535 2.75
    endloop
  endfacet
  facet normal 0.467368 0.87438 0.130483
    outer loop
      vertex -4.84257 -9.81975 3.11177
      vertex -5.5 -9.52628 3.5
      vertex -4.86518 -9.8656 3.5
    endloop
  endfacet
  facet normal 0.467365 0.874383 0.130476
    outer loop
      vertex -5.47444 -9.48201 3.11177
      vertex -5.5 -9.52628 3.5
      vertex -4.84257 -9.81975 3.11177
    endloop
  endfacet
  facet normal 0.411584 0.77003 0.487495
    outer loop
      vertex -4.86518 -9.8656 3.5
      vertex -5.52793 -9.57466 3.59999
      vertex -4.88988 -9.9157 3.59999
    endloop
  endfacet
  facet normal 0.41158 0.770009 0.487533
    outer loop
      vertex -5.5 -9.52628 3.5
      vertex -5.52793 -9.57466 3.59999
      vertex -4.86518 -9.8656 3.5
    endloop
  endfacet
  facet normal 0.00916715 0.0171514 0.999811
    outer loop
      vertex -4.88988 -9.9157 3.59999
      vertex -4.89069 -9.91585 3.6
      vertex -4.89011 -9.91616 3.6
    endloop
  endfacet
  facet normal 0.00916724 0.0171509 0.999811
    outer loop
      vertex -5.52793 -9.57466 3.59999
      vertex -4.89069 -9.91585 3.6
      vertex -4.88988 -9.9157 3.59999
    endloop
  endfacet
  facet normal 0.00923027 0.0172687 0.999808
    outer loop
      vertex -4.89069 -9.91585 3.6
      vertex -5.52793 -9.57466 3.59999
      vertex -5.52819 -9.5751 3.6
    endloop
  endfacet
  facet normal 0.33531 0.626748 -0.703388
    outer loop
      vertex -3.53793 -7.16397 0
      vertex -3.09602 -6.27811 1
      vertex -3.53393 -7.16611 0
    endloop
  endfacet
  facet normal 0.335068 0.626873 -0.703392
    outer loop
      vertex -3.09602 -6.27811 1
      vertex -3.53793 -7.16397 0
      vertex -3.5 -6.06218 1
    endloop
  endfacet
  facet normal 0.335075 0.626871 -0.70339
    outer loop
      vertex -3.53793 -7.16397 0
      vertex -3.99505 -6.91963 0
      vertex -3.5 -6.06218 1
    endloop
  endfacet
  facet normal 0.528069 0.849202 -0
    outer loop
      vertex -3.5 -6.06218 1
      vertex -3.88899 -5.82029 1.2
      vertex -3.5 -6.06218 1.2
    endloop
  endfacet
  facet normal 0.528069 0.849202 0
    outer loop
      vertex -3.88899 -5.82029 1.2
      vertex -3.5 -6.06218 1
      vertex -3.88899 -5.82029 1
    endloop
  endfacet
  facet normal 0.523559 0.841945 0.130439
    outer loop
      vertex -3.5 -6.06218 1.2
      vertex -3.90413 -5.84295 1.40704
      vertex -3.51363 -6.08578 1.40704
    endloop
  endfacet
  facet normal 0.523557 0.841947 0.130435
    outer loop
      vertex -3.88899 -5.82029 1.2
      vertex -3.90413 -5.84295 1.40704
      vertex -3.5 -6.06218 1.2
    endloop
  endfacet
  facet normal 0.487912 0.784613 0.382523
    outer loop
      vertex -3.51363 -6.08578 1.40704
      vertex -3.94854 -5.9094 1.59999
      vertex -3.55359 -6.155 1.59999
    endloop
  endfacet
  facet normal 0.48791 0.784619 0.382514
    outer loop
      vertex -3.90413 -5.84295 1.40704
      vertex -3.94854 -5.9094 1.59999
      vertex -3.51363 -6.08578 1.40704
    endloop
  endfacet
  facet normal 0.419028 0.673841 0.608567
    outer loop
      vertex -3.55359 -6.155 1.59999
      vertex -4.01917 -6.01511 1.76567
      vertex -3.61716 -6.2651 1.76567
    endloop
  endfacet
  facet normal 0.419028 0.67384 0.608568
    outer loop
      vertex -3.94854 -5.9094 1.59999
      vertex -4.01917 -6.01511 1.76567
      vertex -3.55359 -6.155 1.59999
    endloop
  endfacet
  facet normal 0.321591 0.517166 0.79317
    outer loop
      vertex -3.61716 -6.2651 1.76567
      vertex -4.11122 -6.15287 1.89281
      vertex -3.7 -6.40858 1.89281
    endloop
  endfacet
  facet normal 0.32159 0.51715 0.793181
    outer loop
      vertex -4.01917 -6.01511 1.76567
      vertex -4.11122 -6.15287 1.89281
      vertex -3.61716 -6.2651 1.76567
    endloop
  endfacet
  facet normal 0.202172 0.325119 0.92381
    outer loop
      vertex -3.7 -6.40858 1.89281
      vertex -4.21841 -6.3133 1.97273
      vertex -3.79647 -6.57568 1.97273
    endloop
  endfacet
  facet normal 0.202173 0.325125 0.923807
    outer loop
      vertex -4.11122 -6.15287 1.89281
      vertex -4.21841 -6.3133 1.97273
      vertex -3.7 -6.40858 1.89281
    endloop
  endfacet
  facet normal 0.0689929 0.110948 0.991429
    outer loop
      vertex -3.79647 -6.57568 1.97273
      vertex -4.33344 -6.48545 2
      vertex -3.89999 -6.75499 2
    endloop
  endfacet
  facet normal 0.0689931 0.11095 0.991428
    outer loop
      vertex -4.21841 -6.3133 1.97273
      vertex -4.33344 -6.48545 2
      vertex -3.79647 -6.57568 1.97273
    endloop
  endfacet
  facet normal 0.0689501 0.110882 0.991439
    outer loop
      vertex -4.75 -8.22724 2
      vertex -5.4936 -8.22175 2.0511
      vertex -4.94411 -8.56344 2.0511
    endloop
  endfacet
  facet normal 0.0689501 0.110881 0.991439
    outer loop
      vertex -5.27792 -7.89896 2
      vertex -5.4936 -8.22175 2.0511
      vertex -4.75 -8.22724 2
    endloop
  endfacet
  facet normal 0.202181 0.325127 0.923805
    outer loop
      vertex -4.94411 -8.56344 2.0511
      vertex -5.69459 -8.52256 2.20096
      vertex -5.125 -8.87676 2.20096
    endloop
  endfacet
  facet normal 0.202181 0.325137 0.923801
    outer loop
      vertex -5.4936 -8.22175 2.0511
      vertex -5.69459 -8.52256 2.20096
      vertex -4.94411 -8.56344 2.0511
    endloop
  endfacet
  facet normal 0.321576 0.517132 0.793198
    outer loop
      vertex -5.125 -8.87676 2.20096
      vertex -5.86718 -8.78086 2.43933
      vertex -5.28033 -9.14579 2.43933
    endloop
  endfacet
  facet normal 0.321577 0.517128 0.7932
    outer loop
      vertex -5.69459 -8.52256 2.20096
      vertex -5.86718 -8.78086 2.43933
      vertex -5.125 -8.87676 2.20096
    endloop
  endfacet
  facet normal 0.419034 0.673866 0.608535
    outer loop
      vertex -5.28033 -9.14579 2.43933
      vertex -5.99962 -8.97906 2.75
      vertex -5.39951 -9.35223 2.75
    endloop
  endfacet
  facet normal 0.419036 0.673858 0.608542
    outer loop
      vertex -5.86718 -8.78086 2.43933
      vertex -5.99962 -8.97906 2.75
      vertex -5.28033 -9.14579 2.43933
    endloop
  endfacet
  facet normal 0.487909 0.784614 0.382525
    outer loop
      vertex -5.39951 -9.35223 2.75
      vertex -6.08287 -9.10366 3.11177
      vertex -5.47444 -9.48201 3.11177
    endloop
  endfacet
  facet normal 0.487906 0.784622 0.382514
    outer loop
      vertex -5.99962 -8.97906 2.75
      vertex -6.08287 -9.10366 3.11177
      vertex -5.39951 -9.35223 2.75
    endloop
  endfacet
  facet normal 0.523561 0.841938 0.130476
    outer loop
      vertex -5.47444 -9.48201 3.11177
      vertex -6.11127 -9.14616 3.5
      vertex -5.5 -9.52628 3.5
    endloop
  endfacet
  facet normal 0.523558 0.841941 0.130468
    outer loop
      vertex -6.08287 -9.10366 3.11177
      vertex -6.11127 -9.14616 3.5
      vertex -5.47444 -9.48201 3.11177
    endloop
  endfacet
  facet normal 0.461062 0.74144 0.487532
    outer loop
      vertex -5.5 -9.52628 3.5
      vertex -6.14231 -9.19261 3.59999
      vertex -5.52793 -9.57466 3.59999
    endloop
  endfacet
  facet normal 0.461059 0.741428 0.487555
    outer loop
      vertex -6.11127 -9.14616 3.5
      vertex -6.14231 -9.19261 3.59999
      vertex -5.5 -9.52628 3.5
    endloop
  endfacet
  facet normal 0.0101534 0.0167232 0.999809
    outer loop
      vertex -5.52793 -9.57466 3.59999
      vertex -5.52875 -9.57476 3.6
      vertex -5.52819 -9.5751 3.6
    endloop
  endfacet
  facet normal 0.0101937 0.0163927 0.999814
    outer loop
      vertex -6.14231 -9.19261 3.59999
      vertex -5.52875 -9.57476 3.6
      vertex -5.52793 -9.57466 3.59999
    endloop
  endfacet
  facet normal 0.0102916 0.0165499 0.99981
    outer loop
      vertex -5.52875 -9.57476 3.6
      vertex -6.14231 -9.19261 3.59999
      vertex -6.14259 -9.19304 3.6
    endloop
  endfacet
  facet normal 0.374886 0.603896 -0.703398
    outer loop
      vertex -3.9989 -6.91724 0
      vertex -3.5 -6.06218 1
      vertex -3.99505 -6.91963 0
    endloop
  endfacet
  facet normal 0.375353 0.603615 -0.703391
    outer loop
      vertex -3.5 -6.06218 1
      vertex -3.9989 -6.91724 0
      vertex -3.88899 -5.82029 1
    endloop
  endfacet
  facet normal 0.375353 0.603615 -0.703391
    outer loop
      vertex -3.9989 -6.91724 0
      vertex -4.43906 -6.64353 0
      vertex -3.88899 -5.82029 1
    endloop
  endfacet
  facet normal 0.582485 0.812842 -0
    outer loop
      vertex -3.88899 -5.82029 1
      vertex -4.26133 -5.55347 1.2
      vertex -3.88899 -5.82029 1.2
    endloop
  endfacet
  facet normal 0.582485 0.812842 0
    outer loop
      vertex -4.26133 -5.55347 1.2
      vertex -3.88899 -5.82029 1
      vertex -4.26133 -5.55347 1
    endloop
  endfacet
  facet normal 0.57751 0.805897 0.130434
    outer loop
      vertex -3.88899 -5.82029 1.2
      vertex -4.27792 -5.57509 1.40704
      vertex -3.90413 -5.84295 1.40704
    endloop
  endfacet
  facet normal 0.577509 0.805898 0.130431
    outer loop
      vertex -4.26133 -5.55347 1.2
      vertex -4.27792 -5.57509 1.40704
      vertex -3.88899 -5.82029 1.2
    endloop
  endfacet
  facet normal 0.53818 0.751028 0.382516
    outer loop
      vertex -3.90413 -5.84295 1.40704
      vertex -4.32658 -5.6385 1.59999
      vertex -3.94854 -5.9094 1.59999
    endloop
  endfacet
  facet normal 0.538183 0.751017 0.382534
    outer loop
      vertex -4.27792 -5.57509 1.40704
      vertex -4.32658 -5.6385 1.59999
      vertex -3.90413 -5.84295 1.40704
    endloop
  endfacet
  facet normal 0.462193 0.644998 0.608568
    outer loop
      vertex -3.94854 -5.9094 1.59999
      vertex -4.40397 -5.73937 1.76567
      vertex -4.01917 -6.01511 1.76567
    endloop
  endfacet
  facet normal 0.462193 0.644989 0.608578
    outer loop
      vertex -4.32658 -5.6385 1.59999
      vertex -4.40397 -5.73937 1.76567
      vertex -3.94854 -5.9094 1.59999
    endloop
  endfacet
  facet normal 0.354724 0.495011 0.793181
    outer loop
      vertex -4.01917 -6.01511 1.76567
      vertex -4.50483 -5.87081 1.89281
      vertex -4.11122 -6.15287 1.89281
    endloop
  endfacet
  facet normal 0.354725 0.495025 0.793171
    outer loop
      vertex -4.40397 -5.73937 1.76567
      vertex -4.50483 -5.87081 1.89281
      vertex -4.01917 -6.01511 1.76567
    endloop
  endfacet
  facet normal 0.223008 0.311204 0.923807
    outer loop
      vertex -4.11122 -6.15287 1.89281
      vertex -4.62229 -6.02388 1.97273
      vertex -4.21841 -6.3133 1.97273
    endloop
  endfacet
  facet normal 0.223008 0.311204 0.923807
    outer loop
      vertex -4.50483 -5.87081 1.89281
      vertex -4.62229 -6.02388 1.97273
      vertex -4.11122 -6.15287 1.89281
    endloop
  endfacet
  facet normal 0.0761006 0.1062 0.991428
    outer loop
      vertex -4.21841 -6.3133 1.97273
      vertex -4.74833 -6.18815 2
      vertex -4.33344 -6.48545 2
    endloop
  endfacet
  facet normal 0.0760994 0.106195 0.991429
    outer loop
      vertex -4.62229 -6.02388 1.97273
      vertex -4.74833 -6.18815 2
      vertex -4.21841 -6.3133 1.97273
    endloop
  endfacet
  facet normal 0.076055 0.106134 0.991439
    outer loop
      vertex -5.27792 -7.89896 2
      vertex -6.01956 -7.84485 2.0511
      vertex -5.4936 -8.22175 2.0511
    endloop
  endfacet
  facet normal 0.0760551 0.106135 0.991439
    outer loop
      vertex -5.78323 -7.53686 2
      vertex -6.01956 -7.84485 2.0511
      vertex -5.27792 -7.89896 2
    endloop
  endfacet
  facet normal 0.223014 0.311217 0.923801
    outer loop
      vertex -5.4936 -8.22175 2.0511
      vertex -6.2398 -8.13187 2.20096
      vertex -5.69459 -8.52256 2.20096
    endloop
  endfacet
  facet normal 0.223014 0.311213 0.923802
    outer loop
      vertex -6.01956 -7.84485 2.0511
      vertex -6.2398 -8.13187 2.20096
      vertex -5.4936 -8.22175 2.0511
    endloop
  endfacet
  facet normal 0.354702 0.494995 0.7932
    outer loop
      vertex -5.69459 -8.52256 2.20096
      vertex -6.42892 -8.37833 2.43933
      vertex -5.86718 -8.78086 2.43933
    endloop
  endfacet
  facet normal 0.354702 0.494988 0.793204
    outer loop
      vertex -6.2398 -8.13187 2.20096
      vertex -6.42892 -8.37833 2.43933
      vertex -5.69459 -8.52256 2.20096
    endloop
  endfacet
  facet normal 0.462211 0.645009 0.608543
    outer loop
      vertex -5.86718 -8.78086 2.43933
      vertex -6.57403 -8.56744 2.75
      vertex -5.99962 -8.97906 2.75
    endloop
  endfacet
  facet normal 0.462209 0.645024 0.608529
    outer loop
      vertex -6.42892 -8.37833 2.43933
      vertex -6.57403 -8.56744 2.75
      vertex -5.86718 -8.78086 2.43933
    endloop
  endfacet
  facet normal 0.538176 0.751033 0.382513
    outer loop
      vertex -5.99962 -8.97906 2.75
      vertex -6.66526 -8.68633 3.11177
      vertex -6.08287 -9.10366 3.11177
    endloop
  endfacet
  facet normal 0.53818 0.751022 0.382528
    outer loop
      vertex -6.57403 -8.56744 2.75
      vertex -6.66526 -8.68633 3.11177
      vertex -5.99962 -8.97906 2.75
    endloop
  endfacet
  facet normal 0.577493 0.805903 0.130468
    outer loop
      vertex -6.08287 -9.10366 3.11177
      vertex -6.69637 -8.72689 3.5
      vertex -6.11127 -9.14616 3.5
    endloop
  endfacet
  facet normal 0.577494 0.805902 0.130472
    outer loop
      vertex -6.66526 -8.68633 3.11177
      vertex -6.69637 -8.72689 3.5
      vertex -6.08287 -9.10366 3.11177
    endloop
  endfacet
  facet normal 0.508561 0.709687 0.487556
    outer loop
      vertex -6.11127 -9.14616 3.5
      vertex -6.73038 -8.7712 3.59999
      vertex -6.14231 -9.19261 3.59999
    endloop
  endfacet
  facet normal 0.508572 0.709723 0.487492
    outer loop
      vertex -6.69637 -8.72689 3.5
      vertex -6.73038 -8.7712 3.59999
      vertex -6.11127 -9.14616 3.5
    endloop
  endfacet
  facet normal 0.0112205 0.015945 0.99981
    outer loop
      vertex -6.14231 -9.19261 3.59999
      vertex -6.14313 -9.19266 3.6
      vertex -6.14259 -9.19304 3.6
    endloop
  endfacet
  facet normal 0.0112367 0.0156806 0.999814
    outer loop
      vertex -6.73038 -8.7712 3.59999
      vertex -6.14313 -9.19266 3.6
      vertex -6.14231 -9.19261 3.59999
    endloop
  endfacet
  facet normal 0.0112068 0.015639 0.999815
    outer loop
      vertex -6.14313 -9.19266 3.6
      vertex -6.73038 -8.7712 3.59999
      vertex -6.7307 -8.77161 3.6
    endloop
  endfacet
  facet normal 0.413586 0.57808 -0.703399
    outer loop
      vertex -4.44275 -6.64089 0
      vertex -3.88899 -5.82029 1
      vertex -4.43906 -6.64353 0
    endloop
  endfacet
  facet normal 0.414032 0.57777 -0.703392
    outer loop
      vertex -3.88899 -5.82029 1
      vertex -4.44275 -6.64089 0
      vertex -4.26133 -5.55347 1
    endloop
  endfacet
  facet normal 0.414022 0.577774 -0.703394
    outer loop
      vertex -4.44275 -6.64089 0
      vertex -4.86407 -6.33898 0
      vertex -4.26133 -5.55347 1
    endloop
  endfacet
  facet normal 0.634388 0.773015 -0
    outer loop
      vertex -4.26133 -5.55347 1
      vertex -4.61542 -5.26288 1.2
      vertex -4.26133 -5.55347 1.2
    endloop
  endfacet
  facet normal 0.634388 0.773015 0
    outer loop
      vertex -4.61542 -5.26288 1.2
      vertex -4.26133 -5.55347 1
      vertex -4.61542 -5.26288 1
    endloop
  endfacet
  facet normal 0.628965 0.766414 0.130431
    outer loop
      vertex -4.26133 -5.55347 1.2
      vertex -4.63339 -5.28337 1.40704
      vertex -4.27792 -5.57509 1.40704
    endloop
  endfacet
  facet normal 0.628968 0.76641 0.13044
    outer loop
      vertex -4.61542 -5.26288 1.2
      vertex -4.63339 -5.28337 1.40704
      vertex -4.26133 -5.55347 1.2
    endloop
  endfacet
  facet normal 0.586139 0.714218 0.382535
    outer loop
      vertex -4.27792 -5.57509 1.40704
      vertex -4.68609 -5.34346 1.59999
      vertex -4.32658 -5.6385 1.59999
    endloop
  endfacet
  facet normal 0.586138 0.714227 0.382521
    outer loop
      vertex -4.63339 -5.28337 1.40704
      vertex -4.68609 -5.34346 1.59999
      vertex -4.27792 -5.57509 1.40704
    endloop
  endfacet
  facet normal 0.503399 0.613372 0.608576
    outer loop
      vertex -4.32658 -5.6385 1.59999
      vertex -4.76991 -5.43904 1.76567
      vertex -4.40397 -5.73937 1.76567
    endloop
  endfacet
  facet normal 0.503401 0.6134 0.608546
    outer loop
      vertex -4.68609 -5.34346 1.59999
      vertex -4.76991 -5.43904 1.76567
      vertex -4.32658 -5.6385 1.59999
    endloop
  endfacet
  facet normal 0.386348 0.47076 0.793171
    outer loop
      vertex -4.40397 -5.73937 1.76567
      vertex -4.87915 -5.56361 1.89281
      vertex -4.50483 -5.87081 1.89281
    endloop
  endfacet
  facet normal 0.386345 0.470745 0.793181
    outer loop
      vertex -4.76991 -5.43904 1.76567
      vertex -4.87915 -5.56361 1.89281
      vertex -4.40397 -5.73937 1.76567
    endloop
  endfacet
  facet normal 0.24288 0.295956 0.923807
    outer loop
      vertex -4.50483 -5.87081 1.89281
      vertex -5.00637 -5.70868 1.97273
      vertex -4.62229 -6.02388 1.97273
    endloop
  endfacet
  facet normal 0.242876 0.295942 0.923812
    outer loop
      vertex -4.87915 -5.56361 1.89281
      vertex -5.00637 -5.70868 1.97273
      vertex -4.50483 -5.87081 1.89281
    endloop
  endfacet
  facet normal 0.082882 0.100991 0.991429
    outer loop
      vertex -4.62229 -6.02388 1.97273
      vertex -5.14289 -5.86434 2
      vertex -4.74833 -6.18815 2
    endloop
  endfacet
  facet normal 0.0828834 0.100996 0.991428
    outer loop
      vertex -5.00637 -5.70868 1.97273
      vertex -5.14289 -5.86434 2
      vertex -4.62229 -6.02388 1.97273
    endloop
  endfacet
  facet normal 0.0828343 0.100933 0.991439
    outer loop
      vertex -5.78323 -7.53686 2
      vertex -6.51975 -7.43435 2.0511
      vertex -6.01956 -7.84485 2.0511
    endloop
  endfacet
  facet normal 0.0828344 0.100933 0.991439
    outer loop
      vertex -6.26378 -7.14248 2
      vertex -6.51975 -7.43435 2.0511
      vertex -5.78323 -7.53686 2
    endloop
  endfacet
  facet normal 0.242888 0.295963 0.923803
    outer loop
      vertex -6.01956 -7.84485 2.0511
      vertex -6.75829 -7.70636 2.20096
      vertex -6.2398 -8.13187 2.20096
    endloop
  endfacet
  facet normal 0.242888 0.295956 0.923805
    outer loop
      vertex -6.51975 -7.43435 2.0511
      vertex -6.75829 -7.70636 2.20096
      vertex -6.01956 -7.84485 2.0511
    endloop
  endfacet
  facet normal 0.386319 0.470727 0.793204
    outer loop
      vertex -6.2398 -8.13187 2.20096
      vertex -6.96312 -7.93992 2.43933
      vertex -6.42892 -8.37833 2.43933
    endloop
  endfacet
  facet normal 0.38632 0.470736 0.793199
    outer loop
      vertex -6.75829 -7.70636 2.20096
      vertex -6.96312 -7.93992 2.43933
      vertex -6.2398 -8.13187 2.20096
    endloop
  endfacet
  facet normal 0.503409 0.613411 0.608529
    outer loop
      vertex -6.42892 -8.37833 2.43933
      vertex -7.12029 -8.11914 2.75
      vertex -6.57403 -8.56744 2.75
    endloop
  endfacet
  facet normal 0.503409 0.613401 0.608538
    outer loop
      vertex -6.96312 -7.93992 2.43933
      vertex -7.12029 -8.11914 2.75
      vertex -6.42892 -8.37833 2.43933
    endloop
  endfacet
  facet normal 0.58614 0.714221 0.382528
    outer loop
      vertex -6.57403 -8.56744 2.75
      vertex -7.2191 -8.23181 3.11177
      vertex -6.66526 -8.68633 3.11177
    endloop
  endfacet
  facet normal 0.58614 0.71422 0.38253
    outer loop
      vertex -7.12029 -8.11914 2.75
      vertex -7.2191 -8.23181 3.11177
      vertex -6.57403 -8.56744 2.75
    endloop
  endfacet
  facet normal 0.62897 0.766403 0.130471
    outer loop
      vertex -6.66526 -8.68633 3.11177
      vertex -7.2528 -8.27024 3.5
      vertex -6.69637 -8.72689 3.5
    endloop
  endfacet
  facet normal 0.628967 0.766407 0.130462
    outer loop
      vertex -7.2191 -8.23181 3.11177
      vertex -7.2528 -8.27024 3.5
      vertex -6.66526 -8.68633 3.11177
    endloop
  endfacet
  facet normal 0.553896 0.674943 0.487496
    outer loop
      vertex -6.69637 -8.72689 3.5
      vertex -7.28964 -8.31224 3.59999
      vertex -6.73038 -8.7712 3.59999
    endloop
  endfacet
  facet normal 0.553882 0.674907 0.48756
    outer loop
      vertex -7.2528 -8.27024 3.5
      vertex -7.28964 -8.31224 3.59999
      vertex -6.69637 -8.72689 3.5
    endloop
  endfacet
  facet normal 0.0121929 0.0148694 0.999815
    outer loop
      vertex -6.73038 -8.7712 3.59999
      vertex -6.7312 -8.7712 3.6
      vertex -6.7307 -8.77161 3.6
    endloop
  endfacet
  facet normal 0.0121929 0.0148575 0.999815
    outer loop
      vertex -7.28964 -8.31224 3.59999
      vertex -6.7312 -8.7712 3.6
      vertex -6.73038 -8.7712 3.59999
    endloop
  endfacet
  facet normal 0.0124504 0.0151709 0.999807
    outer loop
      vertex -6.7312 -8.7712 3.6
      vertex -7.28964 -8.31224 3.59999
      vertex -7.28998 -8.31262 3.6
    endloop
  endfacet
  facet normal 0.45165 0.548881 -0.703379
    outer loop
      vertex -4.86757 -6.3361 0
      vertex -4.26133 -5.55347 1
      vertex -4.86407 -6.33898 0
    endloop
  endfacet
  facet normal 0.450924 0.54946 -0.703392
    outer loop
      vertex -4.26133 -5.55347 1
      vertex -4.86757 -6.3361 0
      vertex -4.61542 -5.26288 1
    endloop
  endfacet
  facet normal 0.450927 0.549459 -0.703391
    outer loop
      vertex -4.86757 -6.3361 0
      vertex -5.26824 -6.00728 0
      vertex -4.61542 -5.26288 1
    endloop
  endfacet
  facet normal 0.683587 0.729869 -0
    outer loop
      vertex -4.61542 -5.26288 1
      vertex -4.94975 -4.94975 1.2
      vertex -4.61542 -5.26288 1.2
    endloop
  endfacet
  facet normal 0.683587 0.729869 0
    outer loop
      vertex -4.94975 -4.94975 1.2
      vertex -4.61542 -5.26288 1
      vertex -4.94975 -4.94975 1
    endloop
  endfacet
  facet normal 0.67775 0.72363 0.13044
    outer loop
      vertex -4.61542 -5.26288 1.2
      vertex -4.96902 -4.96902 1.40704
      vertex -4.63339 -5.28337 1.40704
    endloop
  endfacet
  facet normal 0.677748 0.723634 0.130432
    outer loop
      vertex -4.94975 -4.94975 1.2
      vertex -4.96902 -4.96902 1.40704
      vertex -4.61542 -5.26288 1.2
    endloop
  endfacet
  facet normal 0.631613 0.674346 0.382521
    outer loop
      vertex -4.63339 -5.28337 1.40704
      vertex -5.02553 -5.02553 1.59999
      vertex -4.68609 -5.34346 1.59999
    endloop
  endfacet
  facet normal 0.631611 0.674368 0.382487
    outer loop
      vertex -4.96902 -4.96902 1.40704
      vertex -5.02553 -5.02553 1.59999
      vertex -4.63339 -5.28337 1.40704
    endloop
  endfacet
  facet normal 0.542439 0.579165 0.608546
    outer loop
      vertex -4.68609 -5.34346 1.59999
      vertex -5.11543 -5.11543 1.76567
      vertex -4.76991 -5.43904 1.76567
    endloop
  endfacet
  facet normal 0.542435 0.579135 0.608578
    outer loop
      vertex -5.02553 -5.02553 1.59999
      vertex -5.11543 -5.11543 1.76567
      vertex -4.68609 -5.34346 1.59999
    endloop
  endfacet
  facet normal 0.416303 0.444473 0.793181
    outer loop
      vertex -4.76991 -5.43904 1.76567
      vertex -5.23258 -5.23258 1.89281
      vertex -4.87915 -5.56361 1.89281
    endloop
  endfacet
  facet normal 0.416308 0.444495 0.793166
    outer loop
      vertex -5.11543 -5.11543 1.76567
      vertex -5.23258 -5.23258 1.89281
      vertex -4.76991 -5.43904 1.76567
    endloop
  endfacet
  facet normal 0.261711 0.279425 0.923812
    outer loop
      vertex -4.87915 -5.56361 1.89281
      vertex -5.36902 -5.36902 1.97273
      vertex -5.00637 -5.70868 1.97273
    endloop
  endfacet
  facet normal 0.261709 0.279418 0.923815
    outer loop
      vertex -5.23258 -5.23258 1.89281
      vertex -5.36902 -5.36902 1.97273
      vertex -4.87915 -5.56361 1.89281
    endloop
  endfacet
  facet normal 0.0893132 0.0953566 0.991428
    outer loop
      vertex -5.00637 -5.70868 1.97273
      vertex -5.51542 -5.51542 2
      vertex -5.14289 -5.86434 2
    endloop
  endfacet
  facet normal 0.0893143 0.0953595 0.991428
    outer loop
      vertex -5.36902 -5.36902 1.97273
      vertex -5.51542 -5.51542 2
      vertex -5.00637 -5.70868 1.97273
    endloop
  endfacet
  facet normal 0.0892581 0.0952997 0.991439
    outer loop
      vertex -6.26378 -7.14248 2
      vertex -6.99202 -6.99202 2.0511
      vertex -6.51975 -7.43435 2.0511
    endloop
  endfacet
  facet normal 0.0892578 0.0952984 0.991439
    outer loop
      vertex -6.71751 -6.71751 2
      vertex -6.99202 -6.99202 2.0511
      vertex -6.26378 -7.14248 2
    endloop
  endfacet
  facet normal 0.261725 0.279437 0.923805
    outer loop
      vertex -6.51975 -7.43435 2.0511
      vertex -7.24784 -7.24784 2.20096
      vertex -6.75829 -7.70636 2.20096
    endloop
  endfacet
  facet normal 0.261725 0.279441 0.923803
    outer loop
      vertex -6.99202 -6.99202 2.0511
      vertex -7.24784 -7.24784 2.20096
      vertex -6.51975 -7.43435 2.0511
    endloop
  endfacet
  facet normal 0.41628 0.444461 0.793199
    outer loop
      vertex -6.75829 -7.70636 2.20096
      vertex -7.46751 -7.46751 2.43933
      vertex -6.96312 -7.93992 2.43933
    endloop
  endfacet
  facet normal 0.416279 0.44445 0.793206
    outer loop
      vertex -7.24784 -7.24784 2.20096
      vertex -7.46751 -7.46751 2.43933
      vertex -6.75829 -7.70636 2.20096
    endloop
  endfacet
  facet normal 0.542453 0.57916 0.608538
    outer loop
      vertex -6.96312 -7.93992 2.43933
      vertex -7.63606 -7.63606 2.75
      vertex -7.12029 -8.11914 2.75
    endloop
  endfacet
  facet normal 0.542453 0.579174 0.608524
    outer loop
      vertex -7.46751 -7.46751 2.43933
      vertex -7.63606 -7.63606 2.75
      vertex -6.96312 -7.93992 2.43933
    endloop
  endfacet
  facet normal 0.631602 0.674351 0.38253
    outer loop
      vertex -7.12029 -8.11914 2.75
      vertex -7.74203 -7.74203 3.11177
      vertex -7.2191 -8.23181 3.11177
    endloop
  endfacet
  facet normal 0.631604 0.674344 0.382539
    outer loop
      vertex -7.63606 -7.63606 2.75
      vertex -7.74203 -7.74203 3.11177
      vertex -7.12029 -8.11914 2.75
    endloop
  endfacet
  facet normal 0.677755 0.723621 0.130462
    outer loop
      vertex -7.2191 -8.23181 3.11177
      vertex -7.77817 -7.77817 3.5
      vertex -7.2528 -8.27024 3.5
    endloop
  endfacet
  facet normal 0.677753 0.723625 0.130453
    outer loop
      vertex -7.74203 -7.74203 3.11177
      vertex -7.77817 -7.77817 3.5
      vertex -7.2191 -8.23181 3.11177
    endloop
  endfacet
  facet normal 0.596847 0.637226 0.487562
    outer loop
      vertex -7.2528 -8.27024 3.5
      vertex -7.81767 -7.81767 3.59999
      vertex -7.28964 -8.31224 3.59999
    endloop
  endfacet
  facet normal 0.596857 0.637248 0.48752
    outer loop
      vertex -7.77817 -7.77817 3.5
      vertex -7.81767 -7.81767 3.59999
      vertex -7.2528 -8.27024 3.5
    endloop
  endfacet
  facet normal 0.0134039 0.0143178 0.999808
    outer loop
      vertex -7.28964 -8.31224 3.59999
      vertex -7.29045 -8.31218 3.6
      vertex -7.28998 -8.31262 3.6
    endloop
  endfacet
  facet normal 0.0134033 0.0143101 0.999808
    outer loop
      vertex -7.81767 -7.81767 3.59999
      vertex -7.29045 -8.31218 3.6
      vertex -7.28964 -8.31224 3.59999
    endloop
  endfacet
  facet normal 0.0130687 0.0139534 0.999817
    outer loop
      vertex -7.29045 -8.31218 3.6
      vertex -7.81767 -7.81767 3.59999
      vertex -7.81804 -7.81804 3.6
    endloop
  endfacet
  facet normal 0.485896 0.518793 -0.703392
    outer loop
      vertex -5.26824 -6.00728 0
      vertex -4.94975 -4.94975 1
      vertex -4.61542 -5.26288 1
    endloop
  endfacet
  facet normal 0.485895 0.518793 -0.703392
    outer loop
      vertex -4.94975 -4.94975 1
      vertex -5.26824 -6.00728 0
      vertex -5.64986 -5.64986 0
    endloop
  endfacet
  facet normal 0.729869 0.683587 0
    outer loop
      vertex -4.94975 -4.94975 1.2
      vertex -5.26288 -4.61542 1
      vertex -5.26288 -4.61542 1.2
    endloop
  endfacet
  facet normal 0.729869 0.683587 0
    outer loop
      vertex -5.26288 -4.61542 1
      vertex -4.94975 -4.94975 1.2
      vertex -4.94975 -4.94975 1
    endloop
  endfacet
  facet normal 0.723631 0.67775 0.130432
    outer loop
      vertex -4.94975 -4.94975 1.2
      vertex -5.28337 -4.63339 1.40704
      vertex -4.96902 -4.96902 1.40704
    endloop
  endfacet
  facet normal 0.723633 0.677747 0.13044
    outer loop
      vertex -5.26288 -4.61542 1.2
      vertex -5.28337 -4.63339 1.40704
      vertex -4.94975 -4.94975 1.2
    endloop
  endfacet
  facet normal 0.674356 0.631623 0.382487
    outer loop
      vertex -4.96902 -4.96902 1.40704
      vertex -5.34346 -4.68609 1.59999
      vertex -5.02553 -5.02553 1.59999
    endloop
  endfacet
  facet normal 0.674357 0.631601 0.382521
    outer loop
      vertex -5.28337 -4.63339 1.40704
      vertex -5.34346 -4.68609 1.59999
      vertex -4.96902 -4.96902 1.40704
    endloop
  endfacet
  facet normal 0.579147 0.542422 0.608577
    outer loop
      vertex -5.02553 -5.02553 1.59999
      vertex -5.43904 -4.76991 1.76567
      vertex -5.11543 -5.11543 1.76567
    endloop
  endfacet
  facet normal 0.579153 0.542452 0.608545
    outer loop
      vertex -5.34346 -4.68609 1.59999
      vertex -5.43904 -4.76991 1.76567
      vertex -5.02553 -5.02553 1.59999
    endloop
  endfacet
  facet normal 0.444487 0.416316 0.793166
    outer loop
      vertex -5.11543 -5.11543 1.76567
      vertex -5.56361 -4.87915 1.89281
      vertex -5.23258 -5.23258 1.89281
    endloop
  endfacet
  facet normal 0.44448 0.416295 0.793181
    outer loop
      vertex -5.43904 -4.76991 1.76567
      vertex -5.56361 -4.87915 1.89281
      vertex -5.11543 -5.11543 1.76567
    endloop
  endfacet
  facet normal 0.27942 0.261706 0.923815
    outer loop
      vertex -5.23258 -5.23258 1.89281
      vertex -5.70868 -5.00637 1.97273
      vertex -5.36902 -5.36902 1.97273
    endloop
  endfacet
  facet normal 0.279423 0.261713 0.923812
    outer loop
      vertex -5.56361 -4.87915 1.89281
      vertex -5.70868 -5.00637 1.97273
      vertex -5.23258 -5.23258 1.89281
    endloop
  endfacet
  facet normal 0.0953587 0.0893151 0.991428
    outer loop
      vertex -5.36902 -5.36902 1.97273
      vertex -5.86434 -5.14289 2
      vertex -5.51542 -5.51542 2
    endloop
  endfacet
  facet normal 0.0953574 0.0893123 0.991428
    outer loop
      vertex -5.70868 -5.00637 1.97273
      vertex -5.86434 -5.14289 2
      vertex -5.36902 -5.36902 1.97273
    endloop
  endfacet
  facet normal 0.0952989 0.0892573 0.991439
    outer loop
      vertex -6.71751 -6.71751 2
      vertex -7.43435 -6.51975 2.0511
      vertex -6.99202 -6.99202 2.0511
    endloop
  endfacet
  facet normal 0.0952992 0.0892586 0.991439
    outer loop
      vertex -7.14248 -6.26378 2
      vertex -7.43435 -6.51975 2.0511
      vertex -6.71751 -6.71751 2
    endloop
  endfacet
  facet normal 0.279439 0.261727 0.923803
    outer loop
      vertex -6.99202 -6.99202 2.0511
      vertex -7.70636 -6.75829 2.20096
      vertex -7.24784 -7.24784 2.20096
    endloop
  endfacet
  facet normal 0.279438 0.261723 0.923805
    outer loop
      vertex -7.43435 -6.51975 2.0511
      vertex -7.70636 -6.75829 2.20096
      vertex -6.99202 -6.99202 2.0511
    endloop
  endfacet
  facet normal 0.444455 0.416275 0.793206
    outer loop
      vertex -7.24784 -7.24784 2.20096
      vertex -7.93992 -6.96312 2.43933
      vertex -7.46751 -7.46751 2.43933
    endloop
  endfacet
  facet normal 0.444457 0.416285 0.793199
    outer loop
      vertex -7.70636 -6.75829 2.20096
      vertex -7.93992 -6.96312 2.43933
      vertex -7.24784 -7.24784 2.20096
    endloop
  endfacet
  facet normal 0.579168 0.54246 0.608525
    outer loop
      vertex -7.46751 -7.46751 2.43933
      vertex -8.11914 -7.12029 2.75
      vertex -7.63606 -7.63606 2.75
    endloop
  endfacet
  facet normal 0.579167 0.542446 0.608538
    outer loop
      vertex -7.93992 -6.96312 2.43933
      vertex -8.11914 -7.12029 2.75
      vertex -7.46751 -7.46751 2.43933
    endloop
  endfacet
  facet normal 0.674348 0.631599 0.382539
    outer loop
      vertex -7.63606 -7.63606 2.75
      vertex -8.23181 -7.2191 3.11177
      vertex -7.74203 -7.74203 3.11177
    endloop
  endfacet
  facet normal 0.674347 0.631607 0.38253
    outer loop
      vertex -8.11914 -7.12029 2.75
      vertex -8.23181 -7.2191 3.11177
      vertex -7.63606 -7.63606 2.75
    endloop
  endfacet
  facet normal 0.723622 0.677756 0.130453
    outer loop
      vertex -7.74203 -7.74203 3.11177
      vertex -8.27024 -7.2528 3.5
      vertex -7.77817 -7.77817 3.5
    endloop
  endfacet
  facet normal 0.723624 0.677752 0.130462
    outer loop
      vertex -8.23181 -7.2191 3.11177
      vertex -8.27024 -7.2528 3.5
      vertex -7.74203 -7.74203 3.11177
    endloop
  endfacet
  facet normal 0.637243 0.596863 0.487521
    outer loop
      vertex -7.77817 -7.77817 3.5
      vertex -8.31224 -7.28964 3.59999
      vertex -7.81767 -7.81767 3.59999
    endloop
  endfacet
  facet normal 0.637231 0.596841 0.487562
    outer loop
      vertex -8.27024 -7.2528 3.5
      vertex -8.31224 -7.28964 3.59999
      vertex -7.77817 -7.77817 3.5
    endloop
  endfacet
  facet normal 0.0139469 0.0130752 0.999817
    outer loop
      vertex -7.81767 -7.81767 3.59999
      vertex -7.81849 -7.81756 3.6
      vertex -7.81804 -7.81804 3.6
    endloop
  endfacet
  facet normal 0.013945 0.0130614 0.999817
    outer loop
      vertex -8.31224 -7.28964 3.59999
      vertex -7.81849 -7.81756 3.6
      vertex -7.81767 -7.81767 3.59999
    endloop
  endfacet
  facet normal 0.0143148 0.0134072 0.999808
    outer loop
      vertex -7.81849 -7.81756 3.6
      vertex -8.31224 -7.28964 3.59999
      vertex -8.31262 -7.28998 3.6
    endloop
  endfacet
  facet normal 0.518792 0.485895 -0.703392
    outer loop
      vertex -5.64986 -5.64986 0
      vertex -5.26288 -4.61542 1
      vertex -4.94975 -4.94975 1
    endloop
  endfacet
  facet normal 0.518793 0.485895 -0.703392
    outer loop
      vertex -5.26288 -4.61542 1
      vertex -5.64986 -5.64986 0
      vertex -6.00728 -5.26824 0
    endloop
  endfacet
  facet normal 0.773015 0.634388 0
    outer loop
      vertex -5.26288 -4.61542 1.2
      vertex -5.55347 -4.26133 1
      vertex -5.55347 -4.26133 1.2
    endloop
  endfacet
  facet normal 0.773015 0.634388 0
    outer loop
      vertex -5.55347 -4.26133 1
      vertex -5.26288 -4.61542 1.2
      vertex -5.26288 -4.61542 1
    endloop
  endfacet
  facet normal 0.766413 0.628965 0.13044
    outer loop
      vertex -5.26288 -4.61542 1.2
      vertex -5.57509 -4.27792 1.40704
      vertex -5.28337 -4.63339 1.40704
    endloop
  endfacet
  facet normal 0.766411 0.628969 0.130431
    outer loop
      vertex -5.55347 -4.26133 1.2
      vertex -5.57509 -4.27792 1.40704
      vertex -5.26288 -4.61542 1.2
    endloop
  endfacet
  facet normal 0.714223 0.586143 0.382521
    outer loop
      vertex -5.28337 -4.63339 1.40704
      vertex -5.6385 -4.32658 1.59999
      vertex -5.34346 -4.68609 1.59999
    endloop
  endfacet
  facet normal 0.714223 0.586134 0.382535
    outer loop
      vertex -5.57509 -4.27792 1.40704
      vertex -5.6385 -4.32658 1.59999
      vertex -5.28337 -4.63339 1.40704
    endloop
  endfacet
  facet normal 0.613389 0.503414 0.608546
    outer loop
      vertex -5.34346 -4.68609 1.59999
      vertex -5.73937 -4.40397 1.76567
      vertex -5.43904 -4.76991 1.76567
    endloop
  endfacet
  facet normal 0.613382 0.503386 0.608576
    outer loop
      vertex -5.6385 -4.32658 1.59999
      vertex -5.73937 -4.40397 1.76567
      vertex -5.34346 -4.68609 1.59999
    endloop
  endfacet
  facet normal 0.47075 0.386339 0.793181
    outer loop
      vertex -5.43904 -4.76991 1.76567
      vertex -5.87081 -4.50483 1.89281
      vertex -5.56361 -4.87915 1.89281
    endloop
  endfacet
  facet normal 0.470756 0.386353 0.793171
    outer loop
      vertex -5.73937 -4.40397 1.76567
      vertex -5.87081 -4.50483 1.89281
      vertex -5.43904 -4.76991 1.76567
    endloop
  endfacet
  facet normal 0.295946 0.242872 0.923812
    outer loop
      vertex -5.56361 -4.87915 1.89281
      vertex -6.02388 -4.62229 1.97273
      vertex -5.70868 -5.00637 1.97273
    endloop
  endfacet
  facet normal 0.295952 0.242885 0.923807
    outer loop
      vertex -5.87081 -4.50483 1.89281
      vertex -6.02388 -4.62229 1.97273
      vertex -5.56361 -4.87915 1.89281
    endloop
  endfacet
  facet normal 0.100995 0.0828848 0.991428
    outer loop
      vertex -5.70868 -5.00637 1.97273
      vertex -6.18815 -4.74833 2
      vertex -5.86434 -5.14289 2
    endloop
  endfacet
  facet normal 0.100992 0.0828806 0.991429
    outer loop
      vertex -6.02388 -4.62229 1.97273
      vertex -6.18815 -4.74833 2
      vertex -5.70868 -5.00637 1.97273
    endloop
  endfacet
  facet normal 0.100933 0.0828346 0.991439
    outer loop
      vertex -7.14248 -6.26378 2
      vertex -7.84485 -6.01956 2.0511
      vertex -7.43435 -6.51975 2.0511
    endloop
  endfacet
  facet normal 0.100933 0.0828341 0.991439
    outer loop
      vertex -7.53686 -5.78323 2
      vertex -7.84485 -6.01956 2.0511
      vertex -7.14248 -6.26378 2
    endloop
  endfacet
  facet normal 0.295959 0.242885 0.923805
    outer loop
      vertex -7.43435 -6.51975 2.0511
      vertex -8.13187 -6.2398 2.20096
      vertex -7.70636 -6.75829 2.20096
    endloop
  endfacet
  facet normal 0.295961 0.242891 0.923802
    outer loop
      vertex -7.84485 -6.01956 2.0511
      vertex -8.13187 -6.2398 2.20096
      vertex -7.43435 -6.51975 2.0511
    endloop
  endfacet
  facet normal 0.470733 0.386323 0.793199
    outer loop
      vertex -7.70636 -6.75829 2.20096
      vertex -8.37833 -6.42892 2.43933
      vertex -7.93992 -6.96312 2.43933
    endloop
  endfacet
  facet normal 0.470731 0.386315 0.793205
    outer loop
      vertex -8.13187 -6.2398 2.20096
      vertex -8.37833 -6.42892 2.43933
      vertex -7.70636 -6.75829 2.20096
    endloop
  endfacet
  facet normal 0.613405 0.503404 0.608538
    outer loop
      vertex -7.93992 -6.96312 2.43933
      vertex -8.56744 -6.57403 2.75
      vertex -8.11914 -7.12029 2.75
    endloop
  endfacet
  facet normal 0.613406 0.503414 0.608529
    outer loop
      vertex -8.37833 -6.42892 2.43933
      vertex -8.56744 -6.57403 2.75
      vertex -7.93992 -6.96312 2.43933
    endloop
  endfacet
  facet normal 0.714221 0.58614 0.38253
    outer loop
      vertex -8.11914 -7.12029 2.75
      vertex -8.68633 -6.66526 3.11177
      vertex -8.23181 -7.2191 3.11177
    endloop
  endfacet
  facet normal 0.714221 0.586141 0.382528
    outer loop
      vertex -8.56744 -6.57403 2.75
      vertex -8.68633 -6.66526 3.11177
      vertex -8.11914 -7.12029 2.75
    endloop
  endfacet
  facet normal 0.766404 0.628971 0.130462
    outer loop
      vertex -8.23181 -7.2191 3.11177
      vertex -8.72689 -6.69637 3.5
      vertex -8.27024 -7.2528 3.5
    endloop
  endfacet
  facet normal 0.766406 0.628967 0.130471
    outer loop
      vertex -8.68633 -6.66526 3.11177
      vertex -8.72689 -6.69637 3.5
      vertex -8.23181 -7.2191 3.11177
    endloop
  endfacet
  facet normal 0.674915 0.553873 0.48756
    outer loop
      vertex -8.27024 -7.2528 3.5
      vertex -8.7712 -6.73038 3.59999
      vertex -8.31224 -7.28964 3.59999
    endloop
  endfacet
  facet normal 0.674935 0.553905 0.487496
    outer loop
      vertex -8.72689 -6.69637 3.5
      vertex -8.7712 -6.73038 3.59999
      vertex -8.27024 -7.2528 3.5
    endloop
  endfacet
  facet normal 0.0151486 0.0124753 0.999807
    outer loop
      vertex -8.31224 -7.28964 3.59999
      vertex -8.31304 -7.28947 3.6
      vertex -8.31262 -7.28998 3.6
    endloop
  endfacet
  facet normal 0.0151374 0.0124226 0.999808
    outer loop
      vertex -8.7712 -6.73038 3.59999
      vertex -8.31304 -7.28947 3.6
      vertex -8.31224 -7.28964 3.59999
    endloop
  endfacet
  facet normal 0.0148646 0.012199 0.999815
    outer loop
      vertex -8.31304 -7.28947 3.6
      vertex -8.7712 -6.73038 3.59999
      vertex -8.77161 -6.7307 3.6
    endloop
  endfacet
  facet normal 0.549644 0.450708 -0.703387
    outer loop
      vertex -6.01015 -5.26474 0
      vertex -5.26288 -4.61542 1
      vertex -6.00728 -5.26824 0
    endloop
  endfacet
  facet normal 0.549462 0.450925 -0.703391
    outer loop
      vertex -5.26288 -4.61542 1
      vertex -6.01015 -5.26474 0
      vertex -5.55347 -4.26133 1
    endloop
  endfacet
  facet normal 0.54945 0.450934 -0.703394
    outer loop
      vertex -6.01015 -5.26474 0
      vertex -6.33898 -4.86407 0
      vertex -5.55347 -4.26133 1
    endloop
  endfacet
  facet normal 0.812842 0.582485 0
    outer loop
      vertex -5.55347 -4.26133 1.2
      vertex -5.82029 -3.88899 1
      vertex -5.82029 -3.88899 1.2
    endloop
  endfacet
  facet normal 0.812842 0.582485 0
    outer loop
      vertex -5.82029 -3.88899 1
      vertex -5.55347 -4.26133 1.2
      vertex -5.55347 -4.26133 1
    endloop
  endfacet
  facet normal 0.805897 0.57751 0.130431
    outer loop
      vertex -5.55347 -4.26133 1.2
      vertex -5.84295 -3.90413 1.40704
      vertex -5.57509 -4.27792 1.40704
    endloop
  endfacet
  facet normal 0.805897 0.577509 0.130434
    outer loop
      vertex -5.82029 -3.88899 1.2
      vertex -5.84295 -3.90413 1.40704
      vertex -5.55347 -4.26133 1.2
    endloop
  endfacet
  facet normal 0.751022 0.538176 0.382534
    outer loop
      vertex -5.57509 -4.27792 1.40704
      vertex -5.9094 -3.94854 1.59999
      vertex -5.6385 -4.32658 1.59999
    endloop
  endfacet
  facet normal 0.751023 0.538187 0.382516
    outer loop
      vertex -5.84295 -3.90413 1.40704
      vertex -5.9094 -3.94854 1.59999
      vertex -5.57509 -4.27792 1.40704
    endloop
  endfacet
  facet normal 0.644992 0.462189 0.608578
    outer loop
      vertex -5.6385 -4.32658 1.59999
      vertex -6.01511 -4.01917 1.76567
      vertex -5.73937 -4.40397 1.76567
    endloop
  endfacet
  facet normal 0.644995 0.462198 0.608568
    outer loop
      vertex -5.9094 -3.94854 1.59999
      vertex -6.01511 -4.01917 1.76567
      vertex -5.6385 -4.32658 1.59999
    endloop
  endfacet
  facet normal 0.495021 0.354731 0.793171
    outer loop
      vertex -5.73937 -4.40397 1.76567
      vertex -6.15287 -4.11122 1.89281
      vertex -5.87081 -4.50483 1.89281
    endloop
  endfacet
  facet normal 0.495015 0.354718 0.793181
    outer loop
      vertex -6.01511 -4.01917 1.76567
      vertex -6.15287 -4.11122 1.89281
      vertex -5.73937 -4.40397 1.76567
    endloop
  endfacet
  facet normal 0.311204 0.223009 0.923807
    outer loop
      vertex -5.87081 -4.50483 1.89281
      vertex -6.3133 -4.21841 1.97273
      vertex -6.02388 -4.62229 1.97273
    endloop
  endfacet
  facet normal 0.311204 0.223008 0.923807
    outer loop
      vertex -6.15287 -4.11122 1.89281
      vertex -6.3133 -4.21841 1.97273
      vertex -5.87081 -4.50483 1.89281
    endloop
  endfacet
  facet normal 0.106197 0.0760978 0.991429
    outer loop
      vertex -6.02388 -4.62229 1.97273
      vertex -6.48545 -4.33344 2
      vertex -6.18815 -4.74833 2
    endloop
  endfacet
  facet normal 0.106199 0.0761023 0.991428
    outer loop
      vertex -6.3133 -4.21841 1.97273
      vertex -6.48545 -4.33344 2
      vertex -6.02388 -4.62229 1.97273
    endloop
  endfacet
  facet normal 0.106134 0.0760554 0.991439
    outer loop
      vertex -7.53686 -5.78323 2
      vertex -8.22175 -5.4936 2.0511
      vertex -7.84485 -6.01956 2.0511
    endloop
  endfacet
  facet normal 0.106134 0.0760547 0.991439
    outer loop
      vertex -7.89896 -5.27792 2
      vertex -8.22175 -5.4936 2.0511
      vertex -7.53686 -5.78323 2
    endloop
  endfacet
  facet normal 0.311215 0.223012 0.923802
    outer loop
      vertex -7.84485 -6.01956 2.0511
      vertex -8.52256 -5.69459 2.20096
      vertex -8.13187 -6.2398 2.20096
    endloop
  endfacet
  facet normal 0.311216 0.223016 0.923801
    outer loop
      vertex -8.22175 -5.4936 2.0511
      vertex -8.52256 -5.69459 2.20096
      vertex -7.84485 -6.01956 2.0511
    endloop
  endfacet
  facet normal 0.494991 0.354699 0.793204
    outer loop
      vertex -8.13187 -6.2398 2.20096
      vertex -8.78086 -5.86718 2.43933
      vertex -8.37833 -6.42892 2.43933
    endloop
  endfacet
  facet normal 0.494993 0.354705 0.7932
    outer loop
      vertex -8.52256 -5.69459 2.20096
      vertex -8.78086 -5.86718 2.43933
      vertex -8.13187 -6.2398 2.20096
    endloop
  endfacet
  facet normal 0.645018 0.462217 0.608529
    outer loop
      vertex -8.37833 -6.42892 2.43933
      vertex -8.97906 -5.99962 2.75
      vertex -8.56744 -6.57403 2.75
    endloop
  endfacet
  facet normal 0.645015 0.462203 0.608543
    outer loop
      vertex -8.78086 -5.86718 2.43933
      vertex -8.97906 -5.99962 2.75
      vertex -8.37833 -6.42892 2.43933
    endloop
  endfacet
  facet normal 0.751028 0.538173 0.382528
    outer loop
      vertex -8.56744 -6.57403 2.75
      vertex -9.10366 -6.08287 3.11177
      vertex -8.68633 -6.66526 3.11177
    endloop
  endfacet
  facet normal 0.751027 0.538183 0.382513
    outer loop
      vertex -8.97906 -5.99962 2.75
      vertex -9.10366 -6.08287 3.11177
      vertex -8.56744 -6.57403 2.75
    endloop
  endfacet
  facet normal 0.805903 0.577493 0.130472
    outer loop
      vertex -8.68633 -6.66526 3.11177
      vertex -9.14616 -6.11127 3.5
      vertex -8.72689 -6.69637 3.5
    endloop
  endfacet
  facet normal 0.805902 0.577495 0.130468
    outer loop
      vertex -9.10366 -6.08287 3.11177
      vertex -9.14616 -6.11127 3.5
      vertex -8.68633 -6.66526 3.11177
    endloop
  endfacet
  facet normal 0.709716 0.508581 0.487492
    outer loop
      vertex -8.72689 -6.69637 3.5
      vertex -9.19261 -6.14231 3.59999
      vertex -8.7712 -6.73038 3.59999
    endloop
  endfacet
  facet normal 0.709694 0.508551 0.487556
    outer loop
      vertex -9.14616 -6.11127 3.5
      vertex -9.19261 -6.14231 3.59999
      vertex -8.72689 -6.69637 3.5
    endloop
  endfacet
  facet normal 0.015595 0.0112631 0.999815
    outer loop
      vertex -8.7712 -6.73038 3.59999
      vertex -8.772 -6.73016 3.6
      vertex -8.77161 -6.7307 3.6
    endloop
  endfacet
  facet normal 0.015565 0.0111539 0.999817
    outer loop
      vertex -9.19261 -6.14231 3.59999
      vertex -8.772 -6.73016 3.6
      vertex -8.7712 -6.73038 3.59999
    endloop
  endfacet
  facet normal 0.0158538 0.0113605 0.99981
    outer loop
      vertex -8.772 -6.73016 3.6
      vertex -9.19261 -6.14231 3.59999
      vertex -9.19304 -6.14259 3.6
    endloop
  endfacet
  facet normal 0.578091 0.413594 -0.703386
    outer loop
      vertex -6.34162 -4.86038 0
      vertex -5.55347 -4.26133 1
      vertex -6.33898 -4.86407 0
    endloop
  endfacet
  facet normal 0.577768 0.414031 -0.703393
    outer loop
      vertex -5.55347 -4.26133 1
      vertex -6.34162 -4.86038 0
      vertex -5.82029 -3.88899 1
    endloop
  endfacet
  facet normal 0.577777 0.414024 -0.703391
    outer loop
      vertex -6.34162 -4.86038 0
      vertex -6.64353 -4.43906 0
      vertex -5.82029 -3.88899 1
    endloop
  endfacet
  facet normal 0.849202 0.528069 0
    outer loop
      vertex -5.82029 -3.88899 1.2
      vertex -6.06218 -3.5 1
      vertex -6.06218 -3.5 1.2
    endloop
  endfacet
  facet normal 0.849202 0.528069 0
    outer loop
      vertex -6.06218 -3.5 1
      vertex -5.82029 -3.88899 1.2
      vertex -5.82029 -3.88899 1
    endloop
  endfacet
  facet normal 0.841946 0.523559 0.130435
    outer loop
      vertex -5.82029 -3.88899 1.2
      vertex -6.08578 -3.51363 1.40704
      vertex -5.84295 -3.90413 1.40704
    endloop
  endfacet
  facet normal 0.841946 0.523557 0.130439
    outer loop
      vertex -6.06218 -3.5 1.2
      vertex -6.08578 -3.51363 1.40704
      vertex -5.82029 -3.88899 1.2
    endloop
  endfacet
  facet normal 0.784616 0.487914 0.382514
    outer loop
      vertex -5.84295 -3.90413 1.40704
      vertex -6.155 -3.55359 1.59999
      vertex -5.9094 -3.94854 1.59999
    endloop
  endfacet
  facet normal 0.784615 0.487908 0.382523
    outer loop
      vertex -6.08578 -3.51363 1.40704
      vertex -6.155 -3.55359 1.59999
      vertex -5.84295 -3.90413 1.40704
    endloop
  endfacet
  facet normal 0.67384 0.419028 0.608568
    outer loop
      vertex -5.9094 -3.94854 1.59999
      vertex -6.2651 -3.61716 1.76567
      vertex -6.01511 -4.01917 1.76567
    endloop
  endfacet
  facet normal 0.67384 0.419028 0.608567
    outer loop
      vertex -6.155 -3.55359 1.59999
      vertex -6.2651 -3.61716 1.76567
      vertex -5.9094 -3.94854 1.59999
    endloop
  endfacet
  facet normal 0.517154 0.321584 0.79318
    outer loop
      vertex -6.01511 -4.01917 1.76567
      vertex -6.40858 -3.7 1.89281
      vertex -6.15287 -4.11122 1.89281
    endloop
  endfacet
  facet normal 0.517162 0.321598 0.79317
    outer loop
      vertex -6.2651 -3.61716 1.76567
      vertex -6.40858 -3.7 1.89281
      vertex -6.01511 -4.01917 1.76567
    endloop
  endfacet
  facet normal 0.325123 0.202175 0.923807
    outer loop
      vertex -6.15287 -4.11122 1.89281
      vertex -6.57568 -3.79647 1.97273
      vertex -6.3133 -4.21841 1.97273
    endloop
  endfacet
  facet normal 0.32512 0.20217 0.92381
    outer loop
      vertex -6.40858 -3.7 1.89281
      vertex -6.57568 -3.79647 1.97273
      vertex -6.15287 -4.11122 1.89281
    endloop
  endfacet
  facet normal 0.110949 0.0689936 0.991428
    outer loop
      vertex -6.3133 -4.21841 1.97273
      vertex -6.75499 -3.89999 2
      vertex -6.48545 -4.33344 2
    endloop
  endfacet
  facet normal 0.110948 0.0689924 0.991429
    outer loop
      vertex -6.57568 -3.79647 1.97273
      vertex -6.75499 -3.89999 2
      vertex -6.3133 -4.21841 1.97273
    endloop
  endfacet
  facet normal 0.110882 0.0689496 0.991439
    outer loop
      vertex -7.89896 -5.27792 2
      vertex -8.56344 -4.94411 2.0511
      vertex -8.22175 -5.4936 2.0511
    endloop
  endfacet
  facet normal 0.110882 0.0689505 0.991439
    outer loop
      vertex -8.22724 -4.75 2
      vertex -8.56344 -4.94411 2.0511
      vertex -7.89896 -5.27792 2
    endloop
  endfacet
  facet normal 0.325134 0.202185 0.923801
    outer loop
      vertex -8.22175 -5.4936 2.0511
      vertex -8.87676 -5.125 2.20096
      vertex -8.52256 -5.69459 2.20096
    endloop
  endfacet
  facet normal 0.32513 0.202176 0.923805
    outer loop
      vertex -8.56344 -4.94411 2.0511
      vertex -8.87676 -5.125 2.20096
      vertex -8.22175 -5.4936 2.0511
    endloop
  endfacet
  facet normal 0.51713 0.321575 0.7932
    outer loop
      vertex -8.52256 -5.69459 2.20096
      vertex -9.14579 -5.28033 2.43933
      vertex -8.78086 -5.86718 2.43933
    endloop
  endfacet
  facet normal 0.517131 0.321578 0.793198
    outer loop
      vertex -8.87676 -5.125 2.20096
      vertex -9.14579 -5.28033 2.43933
      vertex -8.52256 -5.69459 2.20096
    endloop
  endfacet
  facet normal 0.673861 0.419031 0.608542
    outer loop
      vertex -8.78086 -5.86718 2.43933
      vertex -9.35223 -5.39951 2.75
      vertex -8.97906 -5.99962 2.75
    endloop
  endfacet
  facet normal 0.673863 0.419039 0.608535
    outer loop
      vertex -9.14579 -5.28033 2.43933
      vertex -9.35223 -5.39951 2.75
      vertex -8.78086 -5.86718 2.43933
    endloop
  endfacet
  facet normal 0.784618 0.487912 0.382514
    outer loop
      vertex -8.97906 -5.99962 2.75
      vertex -9.48201 -5.47444 3.11177
      vertex -9.10366 -6.08287 3.11177
    endloop
  endfacet
  facet normal 0.784617 0.487903 0.382526
    outer loop
      vertex -9.35223 -5.39951 2.75
      vertex -9.48201 -5.47444 3.11177
      vertex -8.97906 -5.99962 2.75
    endloop
  endfacet
  facet normal 0.841939 0.523562 0.130468
    outer loop
      vertex -9.10366 -6.08287 3.11177
      vertex -9.52628 -5.5 3.5
      vertex -9.14616 -6.11127 3.5
    endloop
  endfacet
  facet normal 0.84194 0.523558 0.130476
    outer loop
      vertex -9.48201 -5.47444 3.11177
      vertex -9.52628 -5.5 3.5
      vertex -9.10366 -6.08287 3.11177
    endloop
  endfacet
  facet normal 0.74143 0.461056 0.487555
    outer loop
      vertex -9.14616 -6.11127 3.5
      vertex -9.57466 -5.52793 3.59999
      vertex -9.19261 -6.14231 3.59999
    endloop
  endfacet
  facet normal 0.741438 0.461066 0.487532
    outer loop
      vertex -9.52628 -5.5 3.5
      vertex -9.57466 -5.52793 3.59999
      vertex -9.14616 -6.11127 3.5
    endloop
  endfacet
  facet normal 0.0164393 0.0104614 0.99981
    outer loop
      vertex -9.19261 -6.14231 3.59999
      vertex -9.19339 -6.14204 3.6
      vertex -9.19304 -6.14259 3.6
    endloop
  endfacet
  facet normal 0.0163341 0.0101573 0.999815
    outer loop
      vertex -9.57466 -5.52793 3.59999
      vertex -9.19339 -6.14204 3.6
      vertex -9.19261 -6.14231 3.59999
    endloop
  endfacet
  facet normal 0.0166171 0.010333 0.999809
    outer loop
      vertex -9.19339 -6.14204 3.6
      vertex -9.57466 -5.52793 3.59999
      vertex -9.5751 -5.52819 3.6
    endloop
  endfacet
  facet normal 0.60391 0.374895 -0.703382
    outer loop
      vertex -6.64592 -4.43521 0
      vertex -5.82029 -3.88899 1
      vertex -6.64353 -4.43906 0
    endloop
  endfacet
  facet normal 0.603616 0.375354 -0.70339
    outer loop
      vertex -5.82029 -3.88899 1
      vertex -6.64592 -4.43521 0
      vertex -6.06218 -3.5 1
    endloop
  endfacet
  facet normal 0.603616 0.375354 -0.70339
    outer loop
      vertex -6.64592 -4.43521 0
      vertex -6.91963 -3.99505 0
      vertex -6.06218 -3.5 1
    endloop
  endfacet
  facet normal 0.881923 0.471394 0
    outer loop
      vertex -6.06218 -3.5 1.2
      vertex -6.27811 -3.09602 1
      vertex -6.27811 -3.09602 1.2
    endloop
  endfacet
  facet normal 0.881923 0.471394 0
    outer loop
      vertex -6.27811 -3.09602 1
      vertex -6.06218 -3.5 1.2
      vertex -6.06218 -3.5 1
    endloop
  endfacet
  facet normal 0.874392 0.467359 0.130437
    outer loop
      vertex -6.06218 -3.5 1.2
      vertex -6.30255 -3.10807 1.40704
      vertex -6.08578 -3.51363 1.40704
    endloop
  endfacet
  facet normal 0.87439 0.467367 0.130419
    outer loop
      vertex -6.27811 -3.09602 1.2
      vertex -6.30255 -3.10807 1.40704
      vertex -6.06218 -3.5 1.2
    endloop
  endfacet
  facet normal 0.814856 0.435529 0.382524
    outer loop
      vertex -6.08578 -3.51363 1.40704
      vertex -6.37423 -3.14342 1.59999
      vertex -6.155 -3.55359 1.59999
    endloop
  endfacet
  facet normal 0.814858 0.435538 0.38251
    outer loop
      vertex -6.30255 -3.10807 1.40704
      vertex -6.37423 -3.14342 1.59999
      vertex -6.08578 -3.51363 1.40704
    endloop
  endfacet
  facet normal 0.699809 0.37405 0.608567
    outer loop
      vertex -6.155 -3.55359 1.59999
      vertex -6.48826 -3.19965 1.76567
      vertex -6.2651 -3.61716 1.76567
    endloop
  endfacet
  facet normal 0.699802 0.374034 0.608585
    outer loop
      vertex -6.37423 -3.14342 1.59999
      vertex -6.48826 -3.19965 1.76567
      vertex -6.155 -3.55359 1.59999
    endloop
  endfacet
  facet normal 0.537093 0.287077 0.79317
    outer loop
      vertex -6.2651 -3.61716 1.76567
      vertex -6.63685 -3.27293 1.89281
      vertex -6.40858 -3.7 1.89281
    endloop
  endfacet
  facet normal 0.537093 0.287077 0.79317
    outer loop
      vertex -6.48826 -3.19965 1.76567
      vertex -6.63685 -3.27293 1.89281
      vertex -6.2651 -3.61716 1.76567
    endloop
  endfacet
  facet normal 0.337646 0.180473 0.92381
    outer loop
      vertex -6.40858 -3.7 1.89281
      vertex -6.8099 -3.35827 1.97273
      vertex -6.57568 -3.79647 1.97273
    endloop
  endfacet
  facet normal 0.337645 0.180472 0.92381
    outer loop
      vertex -6.63685 -3.27293 1.89281
      vertex -6.8099 -3.35827 1.97273
      vertex -6.40858 -3.7 1.89281
    endloop
  endfacet
  facet normal 0.115223 0.0615891 0.991429
    outer loop
      vertex -6.57568 -3.79647 1.97273
      vertex -6.9956 -3.44985 2
      vertex -6.75499 -3.89999 2
    endloop
  endfacet
  facet normal 0.11522 0.0615854 0.991429
    outer loop
      vertex -6.8099 -3.35827 1.97273
      vertex -6.9956 -3.44985 2
      vertex -6.57568 -3.79647 1.97273
    endloop
  endfacet
  facet normal 0.115154 0.0615513 0.991439
    outer loop
      vertex -8.22724 -4.75 2
      vertex -8.86847 -4.37344 2.0511
      vertex -8.56344 -4.94411 2.0511
    endloop
  endfacet
  facet normal 0.115154 0.0615508 0.991439
    outer loop
      vertex -8.52029 -4.20174 2
      vertex -8.86847 -4.37344 2.0511
      vertex -8.22724 -4.75 2
    endloop
  endfacet
  facet normal 0.337654 0.180483 0.923805
    outer loop
      vertex -8.56344 -4.94411 2.0511
      vertex -9.19295 -4.53346 2.20096
      vertex -8.87676 -5.125 2.20096
    endloop
  endfacet
  facet normal 0.337652 0.180479 0.923806
    outer loop
      vertex -8.86847 -4.37344 2.0511
      vertex -9.19295 -4.53346 2.20096
      vertex -8.56344 -4.94411 2.0511
    endloop
  endfacet
  facet normal 0.537058 0.287065 0.793198
    outer loop
      vertex -8.87676 -5.125 2.20096
      vertex -9.47156 -4.67086 2.43933
      vertex -9.14579 -5.28033 2.43933
    endloop
  endfacet
  facet normal 0.53706 0.28707 0.793194
    outer loop
      vertex -9.19295 -4.53346 2.20096
      vertex -9.47156 -4.67086 2.43933
      vertex -8.87676 -5.125 2.20096
    endloop
  endfacet
  facet normal 0.699827 0.374068 0.608535
    outer loop
      vertex -9.14579 -5.28033 2.43933
      vertex -9.68535 -4.77629 2.75
      vertex -9.35223 -5.39951 2.75
    endloop
  endfacet
  facet normal 0.699827 0.374067 0.608536
    outer loop
      vertex -9.47156 -4.67086 2.43933
      vertex -9.68535 -4.77629 2.75
      vertex -9.14579 -5.28033 2.43933
    endloop
  endfacet
  facet normal 0.814848 0.435543 0.382525
    outer loop
      vertex -9.35223 -5.39951 2.75
      vertex -9.81975 -4.84257 3.11177
      vertex -9.48201 -5.47444 3.11177
    endloop
  endfacet
  facet normal 0.814848 0.435548 0.382518
    outer loop
      vertex -9.68535 -4.77629 2.75
      vertex -9.81975 -4.84257 3.11177
      vertex -9.35223 -5.39951 2.75
    endloop
  endfacet
  facet normal 0.874381 0.467369 0.130476
    outer loop
      vertex -9.48201 -5.47444 3.11177
      vertex -9.8656 -4.86518 3.5
      vertex -9.52628 -5.5 3.5
    endloop
  endfacet
  facet normal 0.874382 0.467365 0.130483
    outer loop
      vertex -9.81975 -4.84257 3.11177
      vertex -9.8656 -4.86518 3.5
      vertex -9.48201 -5.47444 3.11177
    endloop
  endfacet
  facet normal 0.770012 0.411574 0.487533
    outer loop
      vertex -9.52628 -5.5 3.5
      vertex -9.9157 -4.88988 3.59999
      vertex -9.57466 -5.52793 3.59999
    endloop
  endfacet
  facet normal 0.770027 0.41159 0.487495
    outer loop
      vertex -9.8656 -4.86518 3.5
      vertex -9.9157 -4.88988 3.59999
      vertex -9.52628 -5.5 3.5
    endloop
  endfacet
  facet normal 0.0172689 0.00922992 0.999808
    outer loop
      vertex -9.57466 -5.52793 3.59999
      vertex -9.57541 -5.52761 3.6
      vertex -9.5751 -5.52819 3.6
    endloop
  endfacet
  facet normal 0.0172691 0.00923038 0.999808
    outer loop
      vertex -9.9157 -4.88988 3.59999
      vertex -9.57541 -5.52761 3.6
      vertex -9.57466 -5.52793 3.59999
    endloop
  endfacet
  facet normal 0.0171513 0.00916752 0.999811
    outer loop
      vertex -9.57541 -5.52761 3.6
      vertex -9.9157 -4.88988 3.59999
      vertex -9.91616 -4.89011 3.6
    endloop
  endfacet
  facet normal 0.626742 0.335307 -0.703394
    outer loop
      vertex -6.92177 -3.99105 0
      vertex -6.06218 -3.5 1
      vertex -6.91963 -3.99505 0
    endloop
  endfacet
  facet normal 0.626874 0.335068 -0.70339
    outer loop
      vertex -6.06218 -3.5 1
      vertex -6.92177 -3.99105 0
      vertex -6.27811 -3.09602 1
    endloop
  endfacet
  facet normal 0.626869 0.335074 -0.703392
    outer loop
      vertex -6.92177 -3.99105 0
      vertex -7.16611 -3.53393 0
      vertex -6.27811 -3.09602 1
    endloop
  endfacet
  facet normal 0.910863 0.412709 0
    outer loop
      vertex -6.27811 -3.09602 1.2
      vertex -6.46716 -2.67878 1
      vertex -6.46716 -2.67878 1.2
    endloop
  endfacet
  facet normal 0.910863 0.412709 0
    outer loop
      vertex -6.46716 -2.67878 1
      vertex -6.27811 -3.09602 1.2
      vertex -6.27811 -3.09602 1
    endloop
  endfacet
  facet normal 0.903086 0.409177 0.130419
    outer loop
      vertex -6.27811 -3.09602 1.2
      vertex -6.49233 -2.68921 1.40704
      vertex -6.30255 -3.10807 1.40704
    endloop
  endfacet
  facet normal 0.903085 0.409185 0.130402
    outer loop
      vertex -6.46716 -2.67878 1.2
      vertex -6.49233 -2.68921 1.40704
      vertex -6.27811 -3.09602 1.2
    endloop
  endfacet
  facet normal 0.841586 0.381338 0.38251
    outer loop
      vertex -6.30255 -3.10807 1.40704
      vertex -6.56618 -2.7198 1.59999
      vertex -6.37423 -3.14342 1.59999
    endloop
  endfacet
  facet normal 0.841578 0.381308 0.382559
    outer loop
      vertex -6.49233 -2.68921 1.40704
      vertex -6.56618 -2.7198 1.59999
      vertex -6.30255 -3.10807 1.40704
    endloop
  endfacet
  facet normal 0.722763 0.327472 0.608585
    outer loop
      vertex -6.37423 -3.14342 1.59999
      vertex -6.68363 -2.76845 1.76567
      vertex -6.48826 -3.19965 1.76567
    endloop
  endfacet
  facet normal 0.722781 0.327505 0.608545
    outer loop
      vertex -6.56618 -2.7198 1.59999
      vertex -6.68363 -2.76845 1.76567
      vertex -6.37423 -3.14342 1.59999
    endloop
  endfacet
  facet normal 0.554718 0.251338 0.793169
    outer loop
      vertex -6.48826 -3.19965 1.76567
      vertex -6.8367 -2.83185 1.89281
      vertex -6.63685 -3.27293 1.89281
    endloop
  endfacet
  facet normal 0.554712 0.251332 0.793175
    outer loop
      vertex -6.68363 -2.76845 1.76567
      vertex -6.8367 -2.83185 1.89281
      vertex -6.48826 -3.19965 1.76567
    endloop
  endfacet
  facet normal 0.348725 0.158004 0.92381
    outer loop
      vertex -6.63685 -3.27293 1.89281
      vertex -7.01496 -2.90569 1.97273
      vertex -6.8099 -3.35827 1.97273
    endloop
  endfacet
  facet normal 0.348726 0.158005 0.92381
    outer loop
      vertex -6.8367 -2.83185 1.89281
      vertex -7.01496 -2.90569 1.97273
      vertex -6.63685 -3.27293 1.89281
    endloop
  endfacet
  facet normal 0.119001 0.053918 0.991429
    outer loop
      vertex -6.8099 -3.35827 1.97273
      vertex -7.20625 -2.98493 2
      vertex -6.9956 -3.44985 2
    endloop
  endfacet
  facet normal 0.119001 0.0539185 0.991429
    outer loop
      vertex -7.01496 -2.90569 1.97273
      vertex -7.20625 -2.98493 2
      vertex -6.8099 -3.35827 1.97273
    endloop
  endfacet
  facet normal 0.118932 0.0538886 0.991439
    outer loop
      vertex -8.52029 -4.20174 2
      vertex -9.13552 -3.78406 2.0511
      vertex -8.86847 -4.37344 2.0511
    endloop
  endfacet
  facet normal 0.118932 0.0538887 0.991439
    outer loop
      vertex -8.77686 -3.63549 2
      vertex -9.13552 -3.78406 2.0511
      vertex -8.52029 -4.20174 2
    endloop
  endfacet
  facet normal 0.348736 0.158003 0.923806
    outer loop
      vertex -8.86847 -4.37344 2.0511
      vertex -9.46976 -3.9225 2.20096
      vertex -9.19295 -4.53346 2.20096
    endloop
  endfacet
  facet normal 0.348746 0.158018 0.9238
    outer loop
      vertex -9.13552 -3.78406 2.0511
      vertex -9.46976 -3.9225 2.20096
      vertex -8.86847 -4.37344 2.0511
    endloop
  endfacet
  facet normal 0.554687 0.251326 0.793194
    outer loop
      vertex -9.19295 -4.53346 2.20096
      vertex -9.75677 -4.04139 2.43933
      vertex -9.47156 -4.67086 2.43933
    endloop
  endfacet
  facet normal 0.554678 0.25131 0.793206
    outer loop
      vertex -9.46976 -3.9225 2.20096
      vertex -9.75677 -4.04139 2.43933
      vertex -9.19295 -4.53346 2.20096
    endloop
  endfacet
  facet normal 0.722793 0.327496 0.608536
    outer loop
      vertex -9.47156 -4.67086 2.43933
      vertex -9.977 -4.13261 2.75
      vertex -9.68535 -4.77629 2.75
    endloop
  endfacet
  facet normal 0.722792 0.327494 0.608538
    outer loop
      vertex -9.75677 -4.04139 2.43933
      vertex -9.977 -4.13261 2.75
      vertex -9.47156 -4.67086 2.43933
    endloop
  endfacet
  facet normal 0.841612 0.381273 0.382518
    outer loop
      vertex -9.68535 -4.77629 2.75
      vertex -10.1154 -4.18996 3.11177
      vertex -9.81975 -4.84257 3.11177
    endloop
  endfacet
  facet normal 0.841624 0.381338 0.382427
    outer loop
      vertex -9.977 -4.13261 2.75
      vertex -10.1154 -4.18996 3.11177
      vertex -9.68535 -4.77629 2.75
    endloop
  endfacet
  facet normal 0.903064 0.409206 0.130484
    outer loop
      vertex -9.81975 -4.84257 3.11177
      vertex -10.1627 -4.20952 3.5
      vertex -9.8656 -4.86518 3.5
    endloop
  endfacet
  facet normal 0.90308 0.40912 0.130639
    outer loop
      vertex -10.1154 -4.18996 3.11177
      vertex -10.1627 -4.20952 3.5
      vertex -9.81975 -4.84257 3.11177
    endloop
  endfacet
  facet normal 0.795288 0.360365 0.487498
    outer loop
      vertex -9.8656 -4.86518 3.5
      vertex -10.2143 -4.2309 3.59999
      vertex -9.9157 -4.88988 3.59999
    endloop
  endfacet
  facet normal 0.7953 0.360375 0.487471
    outer loop
      vertex -10.1627 -4.20952 3.5
      vertex -10.2143 -4.2309 3.59999
      vertex -9.8656 -4.86518 3.5
    endloop
  endfacet
  facet normal 0.0177429 0.00798429 0.999811
    outer loop
      vertex -9.9157 -4.88988 3.59999
      vertex -9.91643 -4.88951 3.6
      vertex -9.91616 -4.89011 3.6
    endloop
  endfacet
  facet normal 0.0177793 0.00805625 0.999809
    outer loop
      vertex -10.2143 -4.2309 3.59999
      vertex -9.91643 -4.88951 3.6
      vertex -9.9157 -4.88988 3.59999
    endloop
  endfacet
  facet normal 0.0170589 0.00773043 0.999825
    outer loop
      vertex -9.91643 -4.88951 3.6
      vertex -10.2143 -4.2309 3.59999
      vertex -10.2148 -4.23109 3.6
    endloop
  endfacet
  facet normal 0.647522 0.293188 -0.703389
    outer loop
      vertex -7.16798 -3.5298 0
      vertex -6.27811 -3.09602 1
      vertex -7.16611 -3.53393 0
    endloop
  endfacet
  facet normal 0.647444 0.293354 -0.703392
    outer loop
      vertex -6.27811 -3.09602 1
      vertex -7.16798 -3.5298 0
      vertex -6.46716 -2.67878 1
    endloop
  endfacet
  facet normal 0.647448 0.293348 -0.70339
    outer loop
      vertex -7.16798 -3.5298 0
      vertex -7.38189 -3.05768 0
      vertex -6.46716 -2.67878 1
    endloop
  endfacet
  facet normal 0.935907 0.352248 0
    outer loop
      vertex -6.46716 -2.67878 1.2
      vertex -6.62851 -2.25008 1
      vertex -6.62851 -2.25008 1.2
    endloop
  endfacet
  facet normal 0.935907 0.352248 0
    outer loop
      vertex -6.62851 -2.25008 1
      vertex -6.46716 -2.67878 1.2
      vertex -6.46716 -2.67878 1
    endloop
  endfacet
  facet normal 0.927907 0.349262 0.130401
    outer loop
      vertex -6.46716 -2.67878 1.2
      vertex -6.65432 -2.25884 1.40704
      vertex -6.49233 -2.68921 1.40704
    endloop
  endfacet
  facet normal 0.927909 0.349238 0.130451
    outer loop
      vertex -6.62851 -2.25008 1.2
      vertex -6.65432 -2.25884 1.40704
      vertex -6.46716 -2.67878 1.2
    endloop
  endfacet
  facet normal 0.864715 0.325448 0.382559
    outer loop
      vertex -6.49233 -2.68921 1.40704
      vertex -6.73 -2.28453 1.59999
      vertex -6.56618 -2.7198 1.59999
    endloop
  endfacet
  facet normal 0.864727 0.325481 0.382504
    outer loop
      vertex -6.65432 -2.25884 1.40704
      vertex -6.73 -2.28453 1.59999
      vertex -6.49233 -2.68921 1.40704
    endloop
  endfacet
  facet normal 0.742657 0.279523 0.608546
    outer loop
      vertex -6.56618 -2.7198 1.59999
      vertex -6.85039 -2.32539 1.76567
      vertex -6.68363 -2.76845 1.76567
    endloop
  endfacet
  facet normal 0.742645 0.279505 0.608568
    outer loop
      vertex -6.73 -2.28453 1.59999
      vertex -6.85039 -2.32539 1.76567
      vertex -6.56618 -2.7198 1.59999
    endloop
  endfacet
  facet normal 0.569957 0.214526 0.793175
    outer loop
      vertex -6.68363 -2.76845 1.76567
      vertex -7.00728 -2.37865 1.89281
      vertex -6.8367 -2.83185 1.89281
    endloop
  endfacet
  facet normal 0.569952 0.21452 0.793181
    outer loop
      vertex -6.85039 -2.32539 1.76567
      vertex -7.00728 -2.37865 1.89281
      vertex -6.68363 -2.76845 1.76567
    endloop
  endfacet
  facet normal 0.358313 0.134859 0.92381
    outer loop
      vertex -6.8367 -2.83185 1.89281
      vertex -7.18998 -2.44067 1.97273
      vertex -7.01496 -2.90569 1.97273
    endloop
  endfacet
  facet normal 0.358324 0.13487 0.923804
    outer loop
      vertex -7.00728 -2.37865 1.89281
      vertex -7.18998 -2.44067 1.97273
      vertex -6.8367 -2.83185 1.89281
    endloop
  endfacet
  facet normal 0.122274 0.0460187 0.991429
    outer loop
      vertex -7.01496 -2.90569 1.97273
      vertex -7.38604 -2.50722 2
      vertex -7.20625 -2.98493 2
    endloop
  endfacet
  facet normal 0.122277 0.0460213 0.991429
    outer loop
      vertex -7.18998 -2.44067 1.97273
      vertex -7.38604 -2.50722 2
      vertex -7.01496 -2.90569 1.97273
    endloop
  endfacet
  facet normal 0.122203 0.0459935 0.991439
    outer loop
      vertex -8.77686 -3.63549 2
      vertex -9.36345 -3.17846 2.0511
      vertex -9.13552 -3.78406 2.0511
    endloop
  endfacet
  facet normal 0.122203 0.0459936 0.991439
    outer loop
      vertex -8.99584 -3.05367 2
      vertex -9.36345 -3.17846 2.0511
      vertex -8.77686 -3.63549 2
    endloop
  endfacet
  facet normal 0.358334 0.134868 0.9238
    outer loop
      vertex -9.13552 -3.78406 2.0511
      vertex -9.70603 -3.29475 2.20096
      vertex -9.46976 -3.9225 2.20096
    endloop
  endfacet
  facet normal 0.358332 0.134866 0.923802
    outer loop
      vertex -9.36345 -3.17846 2.0511
      vertex -9.70603 -3.29475 2.20096
      vertex -9.13552 -3.78406 2.0511
    endloop
  endfacet
  facet normal 0.569924 0.214504 0.793205
    outer loop
      vertex -9.46976 -3.9225 2.20096
      vertex -10.0002 -3.39461 2.43933
      vertex -9.75677 -4.04139 2.43933
    endloop
  endfacet
  facet normal 0.569926 0.214507 0.793203
    outer loop
      vertex -9.70603 -3.29475 2.20096
      vertex -10.0002 -3.39461 2.43933
      vertex -9.46976 -3.9225 2.20096
    endloop
  endfacet
  facet normal 0.742674 0.279494 0.608538
    outer loop
      vertex -9.75677 -4.04139 2.43933
      vertex -10.2259 -3.47123 2.75
      vertex -9.977 -4.13261 2.75
    endloop
  endfacet
  facet normal 0.742691 0.279528 0.608501
    outer loop
      vertex -10.0002 -3.39461 2.43933
      vertex -10.2259 -3.47123 2.75
      vertex -9.75677 -4.04139 2.43933
    endloop
  endfacet
  facet normal 0.864757 0.325496 0.382424
    outer loop
      vertex -9.977 -4.13261 2.75
      vertex -10.3678 -3.5194 3.11177
      vertex -10.1154 -4.18996 3.11177
    endloop
  endfacet
  facet normal 0.86474 0.325432 0.382516
    outer loop
      vertex -10.2259 -3.47123 2.75
      vertex -10.3678 -3.5194 3.11177
      vertex -9.977 -4.13261 2.75
    endloop
  endfacet
  facet normal 0.927911 0.34916 0.130644
    outer loop
      vertex -10.1154 -4.18996 3.11177
      vertex -10.4162 -3.53583 3.5
      vertex -10.1627 -4.20952 3.5
    endloop
  endfacet
  facet normal 0.927899 0.349263 0.13046
    outer loop
      vertex -10.3678 -3.5194 3.11177
      vertex -10.4162 -3.53583 3.5
      vertex -10.1154 -4.18996 3.11177
    endloop
  endfacet
  facet normal 0.817196 0.307515 0.487468
    outer loop
      vertex -10.1627 -4.20952 3.5
      vertex -10.4691 -3.55379 3.59999
      vertex -10.2143 -4.2309 3.59999
    endloop
  endfacet
  facet normal 0.817158 0.307485 0.48755
    outer loop
      vertex -10.4162 -3.53583 3.5
      vertex -10.4691 -3.55379 3.59999
      vertex -10.1627 -4.20952 3.5
    endloop
  endfacet
  facet normal 0.0177811 0.00582988 0.999825
    outer loop
      vertex -10.2143 -4.2309 3.59999
      vertex -10.215 -4.23048 3.6
      vertex -10.2148 -4.23109 3.6
    endloop
  endfacet
  facet normal 0.0184482 0.00694217 0.999806
    outer loop
      vertex -10.4691 -3.55379 3.59999
      vertex -10.215 -4.23048 3.6
      vertex -10.2143 -4.2309 3.59999
    endloop
  endfacet
  facet normal 0.017728 0.00667172 0.999821
    outer loop
      vertex -10.215 -4.23048 3.6
      vertex -10.4691 -3.55379 3.59999
      vertex -10.4696 -3.55396 3.6
    endloop
  endfacet
  facet normal 0.665021 0.250951 -0.7034
    outer loop
      vertex -7.38349 -3.05344 0
      vertex -6.46716 -2.67878 1
      vertex -7.38189 -3.05768 0
    endloop
  endfacet
  facet normal 0.665245 0.250379 -0.703391
    outer loop
      vertex -6.46716 -2.67878 1
      vertex -7.38349 -3.05344 0
      vertex -6.62851 -2.25008 1
    endloop
  endfacet
  facet normal 0.665246 0.250378 -0.703391
    outer loop
      vertex -7.38349 -3.05344 0
      vertex -7.56607 -2.56833 0
      vertex -6.62851 -2.25008 1
    endloop
  endfacet
  facet normal 0.956942 0.290281 0
    outer loop
      vertex -6.62851 -2.25008 1.2
      vertex -6.76148 -1.81173 1
      vertex -6.76148 -1.81173 1.2
    endloop
  endfacet
  facet normal 0.956942 0.290281 0
    outer loop
      vertex -6.76148 -1.81173 1
      vertex -6.62851 -2.25008 1.2
      vertex -6.62851 -2.25008 1
    endloop
  endfacet
  facet normal 0.948768 0.287789 0.130452
    outer loop
      vertex -6.62851 -2.25008 1.2
      vertex -6.7878 -1.81879 1.40704
      vertex -6.65432 -2.25884 1.40704
    endloop
  endfacet
  facet normal 0.948767 0.287801 0.130426
    outer loop
      vertex -6.76148 -1.81173 1.2
      vertex -6.7878 -1.81879 1.40704
      vertex -6.62851 -2.25008 1.2
    endloop
  endfacet
  facet normal 0.884167 0.268214 0.382504
    outer loop
      vertex -6.65432 -2.25884 1.40704
      vertex -6.86501 -1.83947 1.59999
      vertex -6.73 -2.28453 1.59999
    endloop
  endfacet
  facet normal 0.884157 0.268191 0.382544
    outer loop
      vertex -6.7878 -1.81879 1.40704
      vertex -6.86501 -1.83947 1.59999
      vertex -6.65432 -2.25884 1.40704
    endloop
  endfacet
  facet normal 0.759332 0.230342 0.60857
    outer loop
      vertex -6.73 -2.28453 1.59999
      vertex -6.98781 -1.87238 1.76567
      vertex -6.85039 -2.32539 1.76567
    endloop
  endfacet
  facet normal 0.759335 0.230346 0.608565
    outer loop
      vertex -6.86501 -1.83947 1.59999
      vertex -6.98781 -1.87238 1.76567
      vertex -6.73 -2.28453 1.59999
    endloop
  endfacet
  facet normal 0.582766 0.17677 0.793181
    outer loop
      vertex -6.85039 -2.32539 1.76567
      vertex -7.14784 -1.91526 1.89281
      vertex -7.00728 -2.37865 1.89281
    endloop
  endfacet
  facet normal 0.582782 0.176786 0.793166
    outer loop
      vertex -6.98781 -1.87238 1.76567
      vertex -7.14784 -1.91526 1.89281
      vertex -6.85039 -2.32539 1.76567
    endloop
  endfacet
  facet normal 0.366378 0.111145 0.923804
    outer loop
      vertex -7.00728 -2.37865 1.89281
      vertex -7.33422 -1.9652 1.97273
      vertex -7.18998 -2.44067 1.97273
    endloop
  endfacet
  facet normal 0.366357 0.111127 0.923815
    outer loop
      vertex -7.14784 -1.91526 1.89281
      vertex -7.33422 -1.9652 1.97273
      vertex -7.00728 -2.37865 1.89281
    endloop
  endfacet
  facet normal 0.125024 0.0379265 0.991429
    outer loop
      vertex -7.18998 -2.44067 1.97273
      vertex -7.53421 -2.01878 2
      vertex -7.38604 -2.50722 2
    endloop
  endfacet
  facet normal 0.125026 0.0379284 0.991428
    outer loop
      vertex -7.33422 -1.9652 1.97273
      vertex -7.53421 -2.01878 2
      vertex -7.18998 -2.44067 1.97273
    endloop
  endfacet
  facet normal 0.124949 0.0379025 0.991439
    outer loop
      vertex -8.99584 -3.05367 2
      vertex -9.55128 -2.55926 2.0511
      vertex -9.36345 -3.17846 2.0511
    endloop
  endfacet
  facet normal 0.124951 0.0379038 0.991439
    outer loop
      vertex -9.1763 -2.45878 2
      vertex -9.55128 -2.55926 2.0511
      vertex -8.99584 -3.05367 2
    endloop
  endfacet
  facet normal 0.366385 0.111144 0.923802
    outer loop
      vertex -9.36345 -3.17846 2.0511
      vertex -9.90074 -2.65289 2.20096
      vertex -9.70603 -3.29475 2.20096
    endloop
  endfacet
  facet normal 0.36638 0.111139 0.923804
    outer loop
      vertex -9.55128 -2.55926 2.0511
      vertex -9.90074 -2.65289 2.20096
      vertex -9.36345 -3.17846 2.0511
    endloop
  endfacet
  facet normal 0.582738 0.176766 0.793203
    outer loop
      vertex -9.70603 -3.29475 2.20096
      vertex -10.2008 -2.7333 2.43933
      vertex -10.0002 -3.39461 2.43933
    endloop
  endfacet
  facet normal 0.582746 0.176778 0.793194
    outer loop
      vertex -9.90074 -2.65289 2.20096
      vertex -10.2008 -2.7333 2.43933
      vertex -9.70603 -3.29475 2.20096
    endloop
  endfacet
  facet normal 0.759362 0.230423 0.608501
    outer loop
      vertex -10.0002 -3.39461 2.43933
      vertex -10.4311 -2.79499 2.75
      vertex -10.2259 -3.47123 2.75
    endloop
  endfacet
  facet normal 0.759305 0.230326 0.60861
    outer loop
      vertex -10.2008 -2.7333 2.43933
      vertex -10.4311 -2.79499 2.75
      vertex -10.0002 -3.39461 2.43933
    endloop
  endfacet
  facet normal 0.884157 0.268231 0.382515
    outer loop
      vertex -10.2259 -3.47123 2.75
      vertex -10.5758 -2.83378 3.11177
      vertex -10.3678 -3.5194 3.11177
    endloop
  endfacet
  facet normal 0.884179 0.268297 0.382419
    outer loop
      vertex -10.4311 -2.79499 2.75
      vertex -10.5758 -2.83378 3.11177
      vertex -10.2259 -3.47123 2.75
    endloop
  endfacet
  facet normal 0.948743 0.287865 0.130461
    outer loop
      vertex -10.3678 -3.5194 3.11177
      vertex -10.6252 -2.84701 3.5
      vertex -10.4162 -3.53583 3.5
    endloop
  endfacet
  facet normal 0.948746 0.287826 0.130531
    outer loop
      vertex -10.5758 -2.83378 3.11177
      vertex -10.6252 -2.84701 3.5
      vertex -10.3678 -3.5194 3.11177
    endloop
  endfacet
  facet normal 0.835506 0.253432 0.487548
    outer loop
      vertex -10.4162 -3.53583 3.5
      vertex -10.6791 -2.86147 3.59999
      vertex -10.4691 -3.55379 3.59999
    endloop
  endfacet
  facet normal 0.835695 0.253564 0.487154
    outer loop
      vertex -10.6252 -2.84701 3.5
      vertex -10.6791 -2.86147 3.59999
      vertex -10.4162 -3.53583 3.5
    endloop
  endfacet
  facet normal 0.0180483 0.00572963 0.999821
    outer loop
      vertex -10.4691 -3.55379 3.59999
      vertex -10.4698 -3.55333 3.6
      vertex -10.4696 -3.55396 3.6
    endloop
  endfacet
  facet normal 0.0178391 0.0054111 0.999826
    outer loop
      vertex -10.6791 -2.86147 3.59999
      vertex -10.4698 -3.55333 3.6
      vertex -10.4691 -3.55379 3.59999
    endloop
  endfacet
  facet normal 0.0185347 0.00562151 0.999812
    outer loop
      vertex -10.4698 -3.55333 3.6
      vertex -10.6791 -2.86147 3.59999
      vertex -10.6796 -2.8616 3.6
    endloop
  endfacet
  facet normal 0.679897 0.207266 -0.703407
    outer loop
      vertex -7.56739 -2.564 0
      vertex -6.62851 -2.25008 1
      vertex -7.56607 -2.56833 0
    endloop
  endfacet
  facet normal 0.680195 0.206332 -0.703393
    outer loop
      vertex -6.62851 -2.25008 1
      vertex -7.56739 -2.564 0
      vertex -6.76148 -1.81173 1
    endloop
  endfacet
  facet normal 0.680195 0.206331 -0.703393
    outer loop
      vertex -7.56739 -2.564 0
      vertex -7.71785 -2.06799 0
      vertex -6.76148 -1.81173 1
    endloop
  endfacet
  facet normal 0.973875 0.227085 0
    outer loop
      vertex -6.76148 -1.81173 1.2
      vertex -6.8655 -1.36563 1
      vertex -6.8655 -1.36563 1.2
    endloop
  endfacet
  facet normal 0.973875 0.227085 0
    outer loop
      vertex -6.8655 -1.36563 1
      vertex -6.76148 -1.81173 1.2
      vertex -6.76148 -1.81173 1
    endloop
  endfacet
  facet normal 0.965554 0.225154 0.130424
    outer loop
      vertex -6.76148 -1.81173 1.2
      vertex -6.89223 -1.37095 1.40704
      vertex -6.7878 -1.81879 1.40704
    endloop
  endfacet
  facet normal 0.965554 0.225144 0.130444
    outer loop
      vertex -6.8655 -1.36563 1.2
      vertex -6.89223 -1.37095 1.40704
      vertex -6.76148 -1.81173 1.2
    endloop
  endfacet
  facet normal 0.899804 0.209788 0.382546
    outer loop
      vertex -6.7878 -1.81879 1.40704
      vertex -6.97061 -1.38654 1.59999
      vertex -6.86501 -1.83947 1.59999
    endloop
  endfacet
  facet normal 0.899824 0.209826 0.382479
    outer loop
      vertex -6.89223 -1.37095 1.40704
      vertex -6.97061 -1.38654 1.59999
      vertex -6.7878 -1.81879 1.40704
    endloop
  endfacet
  facet normal 0.772776 0.180187 0.608564
    outer loop
      vertex -6.86501 -1.83947 1.59999
      vertex -7.09531 -1.41134 1.76567
      vertex -6.98781 -1.87238 1.76567
    endloop
  endfacet
  facet normal 0.772759 0.180168 0.60859
    outer loop
      vertex -6.97061 -1.38654 1.59999
      vertex -7.09531 -1.41134 1.76567
      vertex -6.86501 -1.83947 1.59999
    endloop
  endfacet
  facet normal 0.593096 0.138291 0.793166
    outer loop
      vertex -6.98781 -1.87238 1.76567
      vertex -7.2578 -1.44367 1.89281
      vertex -7.14784 -1.91526 1.89281
    endloop
  endfacet
  facet normal 0.593096 0.138291 0.793166
    outer loop
      vertex -7.09531 -1.41134 1.76567
      vertex -7.2578 -1.44367 1.89281
      vertex -6.98781 -1.87238 1.76567
    endloop
  endfacet
  facet normal 0.372841 0.0869286 0.923815
    outer loop
      vertex -7.14784 -1.91526 1.89281
      vertex -7.44704 -1.48131 1.97273
      vertex -7.33422 -1.9652 1.97273
    endloop
  endfacet
  facet normal 0.372852 0.0869374 0.923809
    outer loop
      vertex -7.2578 -1.44367 1.89281
      vertex -7.44704 -1.48131 1.97273
      vertex -7.14784 -1.91526 1.89281
    endloop
  endfacet
  facet normal 0.12724 0.0296674 0.991428
    outer loop
      vertex -7.33422 -1.9652 1.97273
      vertex -7.65011 -1.5217 2
      vertex -7.53421 -2.01878 2
    endloop
  endfacet
  facet normal 0.127237 0.0296656 0.991429
    outer loop
      vertex -7.44704 -1.48131 1.97273
      vertex -7.65011 -1.5217 2
      vertex -7.33422 -1.9652 1.97273
    endloop
  endfacet
  facet normal 0.127162 0.0296491 0.991439
    outer loop
      vertex -9.1763 -2.45878 2
      vertex -9.69821 -1.92909 2.0511
      vertex -9.55128 -2.55926 2.0511
    endloop
  endfacet
  facet normal 0.127163 0.0296493 0.991439
    outer loop
      vertex -9.31746 -1.85336 2
      vertex -9.69821 -1.92909 2.0511
      vertex -9.1763 -2.45878 2
    endloop
  endfacet
  facet normal 0.372871 0.0869143 0.923804
    outer loop
      vertex -9.55128 -2.55926 2.0511
      vertex -10.053 -1.99968 2.20096
      vertex -9.90074 -2.65289 2.20096
    endloop
  endfacet
  facet normal 0.372901 0.0869453 0.923789
    outer loop
      vertex -9.69821 -1.92909 2.0511
      vertex -10.053 -1.99968 2.20096
      vertex -9.55128 -2.55926 2.0511
    endloop
  endfacet
  facet normal 0.593067 0.138261 0.793193
    outer loop
      vertex -9.90074 -2.65289 2.20096
      vertex -10.3577 -2.06028 2.43933
      vertex -10.2008 -2.7333 2.43933
    endloop
  endfacet
  facet normal 0.593046 0.138236 0.793213
    outer loop
      vertex -10.053 -1.99968 2.20096
      vertex -10.3577 -2.06028 2.43933
      vertex -9.90074 -2.65289 2.20096
    endloop
  endfacet
  facet normal 0.772758 0.180106 0.60861
    outer loop
      vertex -10.2008 -2.7333 2.43933
      vertex -10.5915 -2.10678 2.75
      vertex -10.4311 -2.79499 2.75
    endloop
  endfacet
  facet normal 0.772796 0.180161 0.608546
    outer loop
      vertex -10.3577 -2.06028 2.43933
      vertex -10.5915 -2.10678 2.75
      vertex -10.2008 -2.7333 2.43933
    endloop
  endfacet
  facet normal 0.899851 0.209822 0.382418
    outer loop
      vertex -10.4311 -2.79499 2.75
      vertex -10.7385 -2.13602 3.11177
      vertex -10.5758 -2.83378 3.11177
    endloop
  endfacet
  facet normal 0.899809 0.209717 0.382575
    outer loop
      vertex -10.5915 -2.10678 2.75
      vertex -10.7385 -2.13602 3.11177
      vertex -10.4311 -2.79499 2.75
    endloop
  endfacet
  facet normal 0.965561 0.225062 0.130532
    outer loop
      vertex -10.5758 -2.83378 3.11177
      vertex -10.7886 -2.14599 3.5
      vertex -10.6252 -2.84701 3.5
    endloop
  endfacet
  facet normal 0.965562 0.225145 0.130385
    outer loop
      vertex -10.7385 -2.13602 3.11177
      vertex -10.7886 -2.14599 3.5
      vertex -10.5758 -2.83378 3.11177
    endloop
  endfacet
  facet normal 0.850502 0.198327 0.487147
    outer loop
      vertex -10.6252 -2.84701 3.5
      vertex -10.8434 -2.15689 3.59999
      vertex -10.6791 -2.86147 3.59999
    endloop
  endfacet
  facet normal 0.850274 0.198189 0.487602
    outer loop
      vertex -10.7886 -2.14599 3.5
      vertex -10.8434 -2.15689 3.59999
      vertex -10.6252 -2.84701 3.5
    endloop
  endfacet
  facet normal 0.0184936 0.00577926 0.999812
    outer loop
      vertex -10.6791 -2.86147 3.59999
      vertex -10.6798 -2.86096 3.6
      vertex -10.6796 -2.8616 3.6
    endloop
  endfacet
  facet normal 0.0172068 0.00401244 0.999844
    outer loop
      vertex -10.8434 -2.15689 3.59999
      vertex -10.6798 -2.86096 3.6
      vertex -10.6791 -2.86147 3.59999
    endloop
  endfacet
  facet normal 0.0191054 0.0044536 0.999808
    outer loop
      vertex -10.6798 -2.86096 3.6
      vertex -10.8434 -2.15689 3.59999
      vertex -10.8439 -2.15699 3.6
    endloop
  endfacet
  facet normal 0.692169 0.161663 -0.703397
    outer loop
      vertex -7.71888 -2.06358 0
      vertex -6.76148 -1.81173 1
      vertex -7.71785 -2.06799 0
    endloop
  endfacet
  facet normal 0.692231 0.161412 -0.703394
    outer loop
      vertex -6.76148 -1.81173 1
      vertex -7.71888 -2.06358 0
      vertex -6.8655 -1.36563 1
    endloop
  endfacet
  facet normal 0.692234 0.161406 -0.703392
    outer loop
      vertex -7.71888 -2.06358 0
      vertex -7.83658 -1.55879 0
      vertex -6.8655 -1.36563 1
    endloop
  endfacet
  facet normal 0.986646 0.162881 0
    outer loop
      vertex -6.8655 -1.36563 1.2
      vertex -6.94011 -0.913683 1
      vertex -6.94011 -0.913683 1.2
    endloop
  endfacet
  facet normal 0.986646 0.162881 0
    outer loop
      vertex -6.94011 -0.913683 1
      vertex -6.8655 -1.36563 1.2
      vertex -6.8655 -1.36563 1
    endloop
  endfacet
  facet normal 0.978216 0.161487 0.130443
    outer loop
      vertex -6.8655 -1.36563 1.2
      vertex -6.96713 -0.91724 1.40704
      vertex -6.89223 -1.37095 1.40704
    endloop
  endfacet
  facet normal 0.978216 0.16149 0.130438
    outer loop
      vertex -6.94011 -0.913683 1.2
      vertex -6.96713 -0.91724 1.40704
      vertex -6.8655 -1.36563 1.2
    endloop
  endfacet
  facet normal 0.911623 0.150511 0.38248
    outer loop
      vertex -6.89223 -1.37095 1.40704
      vertex -7.04637 -0.927672 1.59999
      vertex -6.97061 -1.38654 1.59999
    endloop
  endfacet
  facet normal 0.911611 0.150492 0.382514
    outer loop
      vertex -6.96713 -0.91724 1.40704
      vertex -7.04637 -0.927672 1.59999
      vertex -6.89223 -1.37095 1.40704
    endloop
  endfacet
  facet normal 0.782887 0.129248 0.608591
    outer loop
      vertex -6.97061 -1.38654 1.59999
      vertex -7.17242 -0.944267 1.76567
      vertex -7.09531 -1.41134 1.76567
    endloop
  endfacet
  facet normal 0.782896 0.129258 0.608577
    outer loop
      vertex -7.04637 -0.927672 1.59999
      vertex -7.17242 -0.944267 1.76567
      vertex -6.97061 -1.38654 1.59999
    endloop
  endfacet
  facet normal 0.60087 0.099215 0.793165
    outer loop
      vertex -7.09531 -1.41134 1.76567
      vertex -7.33669 -0.965893 1.89281
      vertex -7.2578 -1.44367 1.89281
    endloop
  endfacet
  facet normal 0.600844 0.0991946 0.793188
    outer loop
      vertex -7.17242 -0.944267 1.76567
      vertex -7.33669 -0.965893 1.89281
      vertex -7.09531 -1.41134 1.76567
    endloop
  endfacet
  facet normal 0.377739 0.0623667 0.923809
    outer loop
      vertex -7.2578 -1.44367 1.89281
      vertex -7.52798 -0.991077 1.97273
      vertex -7.44704 -1.48131 1.97273
    endloop
  endfacet
  facet normal 0.377749 0.0623735 0.923805
    outer loop
      vertex -7.33669 -0.965893 1.89281
      vertex -7.52798 -0.991077 1.97273
      vertex -7.2578 -1.44367 1.89281
    endloop
  endfacet
  facet normal 0.128904 0.0212836 0.991429
    outer loop
      vertex -7.44704 -1.48131 1.97273
      vertex -7.73326 -1.0181 2
      vertex -7.65011 -1.5217 2
    endloop
  endfacet
  facet normal 0.128903 0.0212825 0.991429
    outer loop
      vertex -7.52798 -0.991077 1.97273
      vertex -7.73326 -1.0181 2
      vertex -7.44704 -1.48131 1.97273
    endloop
  endfacet
  facet normal 0.128829 0.0212711 0.991439
    outer loop
      vertex -9.31746 -1.85336 2
      vertex -9.80362 -1.29067 2.0511
      vertex -9.69821 -1.92909 2.0511
    endloop
  endfacet
  facet normal 0.128828 0.0212705 0.991439
    outer loop
      vertex -9.41873 -1.24 2
      vertex -9.80362 -1.29067 2.0511
      vertex -9.31746 -1.85336 2
    endloop
  endfacet
  facet normal 0.377785 0.0623943 0.923788
    outer loop
      vertex -9.69821 -1.92909 2.0511
      vertex -10.1623 -1.33789 2.20096
      vertex -10.053 -1.99968 2.20096
    endloop
  endfacet
  facet normal 0.377761 0.0623724 0.9238
    outer loop
      vertex -9.80362 -1.29067 2.0511
      vertex -10.1623 -1.33789 2.20096
      vertex -9.69821 -1.92909 2.0511
    endloop
  endfacet
  facet normal 0.600806 0.099218 0.793213
    outer loop
      vertex -10.053 -1.99968 2.20096
      vertex -10.4703 -1.37844 2.43933
      vertex -10.3577 -2.06028 2.43933
    endloop
  endfacet
  facet normal 0.600818 0.09923 0.793203
    outer loop
      vertex -10.1623 -1.33789 2.20096
      vertex -10.4703 -1.37844 2.43933
      vertex -10.053 -1.99968 2.20096
    endloop
  endfacet
  facet normal 0.782922 0.129248 0.608546
    outer loop
      vertex -10.3577 -2.06028 2.43933
      vertex -10.7066 -1.40956 2.75
      vertex -10.5915 -2.10678 2.75
    endloop
  endfacet
  facet normal 0.782962 0.129299 0.608484
    outer loop
      vertex -10.4703 -1.37844 2.43933
      vertex -10.7066 -1.40956 2.75
      vertex -10.3577 -2.06028 2.43933
    endloop
  endfacet
  facet normal 0.911587 0.150491 0.382573
    outer loop
      vertex -10.5915 -2.10678 2.75
      vertex -10.8552 -1.42912 3.11177
      vertex -10.7385 -2.13602 3.11177
    endloop
  endfacet
  facet normal 0.911585 0.150488 0.382578
    outer loop
      vertex -10.7066 -1.40956 2.75
      vertex -10.8552 -1.42912 3.11177
      vertex -10.5915 -2.10678 2.75
    endloop
  endfacet
  facet normal 0.978211 0.161566 0.130384
    outer loop
      vertex -10.7385 -2.13602 3.11177
      vertex -10.9059 -1.43579 3.5
      vertex -10.7886 -2.14599 3.5
    endloop
  endfacet
  facet normal 0.978205 0.161489 0.130521
    outer loop
      vertex -10.8552 -1.42912 3.11177
      vertex -10.9059 -1.43579 3.5
      vertex -10.7385 -2.13602 3.11177
    endloop
  endfacet
  facet normal 0.861395 0.142277 0.487602
    outer loop
      vertex -10.7886 -2.14599 3.5
      vertex -10.9613 -1.44308 3.59999
      vertex -10.8434 -2.15689 3.59999
    endloop
  endfacet
  facet normal 0.861383 0.14227 0.487626
    outer loop
      vertex -10.9059 -1.43579 3.5
      vertex -10.9613 -1.44308 3.59999
      vertex -10.7886 -2.14599 3.5
    endloop
  endfacet
  facet normal 0.0193902 0.00302972 0.999807
    outer loop
      vertex -10.8434 -2.15689 3.59999
      vertex -10.844 -2.15635 3.6
      vertex -10.8439 -2.15699 3.6
    endloop
  endfacet
  facet normal 0.019573 0.00323287 0.999803
    outer loop
      vertex -10.9613 -1.44308 3.59999
      vertex -10.844 -2.15635 3.6
      vertex -10.8434 -2.15689 3.59999
    endloop
  endfacet
  facet normal 0.0195441 0.00322813 0.999804
    outer loop
      vertex -10.844 -2.15635 3.6
      vertex -10.9613 -1.44308 3.59999
      vertex -10.9618 -1.44315 3.6
    endloop
  endfacet
  facet normal 0.701253 0.116091 -0.703397
    outer loop
      vertex -7.83732 -1.55432 0
      vertex -6.8655 -1.36563 1
      vertex -7.83658 -1.55879 0
    endloop
  endfacet
  facet normal 0.701309 0.115776 -0.703392
    outer loop
      vertex -6.8655 -1.36563 1
      vertex -7.83732 -1.55432 0
      vertex -6.94011 -0.913683 1
    endloop
  endfacet
  facet normal 0.701307 0.115783 -0.703394
    outer loop
      vertex -7.83732 -1.55432 0
      vertex -7.92175 -1.04292 0
      vertex -6.94011 -0.913683 1
    endloop
  endfacet
  facet normal 0.995184 0.0980206 0
    outer loop
      vertex -6.94011 -0.913683 1.2
      vertex -6.98501 -0.457822 1
      vertex -6.98501 -0.457822 1.2
    endloop
  endfacet
  facet normal 0.995184 0.0980206 0
    outer loop
      vertex -6.98501 -0.457822 1
      vertex -6.94011 -0.913683 1.2
      vertex -6.94011 -0.913683 1
    endloop
  endfacet
  facet normal 0.986681 0.0971942 0.130438
    outer loop
      vertex -6.94011 -0.913683 1.2
      vertex -7.01221 -0.459604 1.40704
      vertex -6.96713 -0.91724 1.40704
    endloop
  endfacet
  facet normal 0.986679 0.0971829 0.130462
    outer loop
      vertex -6.98501 -0.457822 1.2
      vertex -7.01221 -0.459604 1.40704
      vertex -6.94011 -0.913683 1.2
    endloop
  endfacet
  facet normal 0.9195 0.0905711 0.382514
    outer loop
      vertex -6.96713 -0.91724 1.40704
      vertex -7.09196 -0.464831 1.59999
      vertex -7.04637 -0.927672 1.59999
    endloop
  endfacet
  facet normal 0.919504 0.0905769 0.382503
    outer loop
      vertex -7.01221 -0.459604 1.40704
      vertex -7.09196 -0.464831 1.59999
      vertex -6.96713 -0.91724 1.40704
    endloop
  endfacet
  facet normal 0.789674 0.0777738 0.608577
    outer loop
      vertex -7.04637 -0.927672 1.59999
      vertex -7.21882 -0.473146 1.76567
      vertex -7.17242 -0.944267 1.76567
    endloop
  endfacet
  facet normal 0.789686 0.0777843 0.608561
    outer loop
      vertex -7.09196 -0.464831 1.59999
      vertex -7.21882 -0.473146 1.76567
      vertex -7.04637 -0.927672 1.59999
    endloop
  endfacet
  facet normal 0.606046 0.0596851 0.793188
    outer loop
      vertex -7.17242 -0.944267 1.76567
      vertex -7.38415 -0.483982 1.89281
      vertex -7.33669 -0.965893 1.89281
    endloop
  endfacet
  facet normal 0.606051 0.0596891 0.793183
    outer loop
      vertex -7.21882 -0.473146 1.76567
      vertex -7.38415 -0.483982 1.89281
      vertex -7.17242 -0.944267 1.76567
    endloop
  endfacet
  facet normal 0.381021 0.0375261 0.923805
    outer loop
      vertex -7.33669 -0.965893 1.89281
      vertex -7.57668 -0.496602 1.97273
      vertex -7.52798 -0.991077 1.97273
    endloop
  endfacet
  facet normal 0.381016 0.0375236 0.923807
    outer loop
      vertex -7.38415 -0.483982 1.89281
      vertex -7.57668 -0.496602 1.97273
      vertex -7.33669 -0.965893 1.89281
    endloop
  endfacet
  facet normal 0.130019 0.0128059 0.991429
    outer loop
      vertex -7.52798 -0.991077 1.97273
      vertex -7.78329 -0.510143 2
      vertex -7.73326 -1.0181 2
    endloop
  endfacet
  facet normal 0.130017 0.0128052 0.991429
    outer loop
      vertex -7.57668 -0.496602 1.97273
      vertex -7.78329 -0.510143 2
      vertex -7.52798 -0.991077 1.97273
    endloop
  endfacet
  facet normal 0.129944 0.0127976 0.991439
    outer loop
      vertex -9.41873 -1.24 2
      vertex -9.86704 -0.64672 2.0511
      vertex -9.80362 -1.29067 2.0511
    endloop
  endfacet
  facet normal 0.129944 0.0127975 0.991439
    outer loop
      vertex -9.47966 -0.621329 2
      vertex -9.86704 -0.64672 2.0511
      vertex -9.41873 -1.24 2
    endloop
  endfacet
  facet normal 0.381028 0.0375601 0.9238
    outer loop
      vertex -9.80362 -1.29067 2.0511
      vertex -10.2281 -0.670382 2.20096
      vertex -10.1623 -1.33789 2.20096
    endloop
  endfacet
  facet normal 0.380979 0.037521 0.923822
    outer loop
      vertex -9.86704 -0.64672 2.0511
      vertex -10.2281 -0.670382 2.20096
      vertex -9.80362 -1.29067 2.0511
    endloop
  endfacet
  facet normal 0.606028 0.0596564 0.793203
    outer loop
      vertex -10.1623 -1.33789 2.20096
      vertex -10.538 -0.6907 2.43933
      vertex -10.4703 -1.37844 2.43933
    endloop
  endfacet
  facet normal 0.606134 0.05975 0.793115
    outer loop
      vertex -10.2281 -0.670382 2.20096
      vertex -10.538 -0.6907 2.43933
      vertex -10.1623 -1.33789 2.20096
    endloop
  endfacet
  facet normal 0.789741 0.0778207 0.608484
    outer loop
      vertex -10.4703 -1.37844 2.43933
      vertex -10.7759 -0.706289 2.75
      vertex -10.7066 -1.40956 2.75
    endloop
  endfacet
  facet normal 0.789663 0.0777332 0.608596
    outer loop
      vertex -10.538 -0.6907 2.43933
      vertex -10.7759 -0.706289 2.75
      vertex -10.4703 -1.37844 2.43933
    endloop
  endfacet
  facet normal 0.919478 0.0905256 0.382578
    outer loop
      vertex -10.7066 -1.40956 2.75
      vertex -10.9254 -0.716091 3.11177
      vertex -10.8552 -1.42912 3.11177
    endloop
  endfacet
  facet normal 0.919525 0.0906095 0.382445
    outer loop
      vertex -10.7759 -0.706289 2.75
      vertex -10.9254 -0.716091 3.11177
      vertex -10.7066 -1.40956 2.75
    endloop
  endfacet
  facet normal 0.986679 0.0971038 0.130521
    outer loop
      vertex -10.8552 -1.42912 3.11177
      vertex -10.9764 -0.719434 3.5
      vertex -10.9059 -1.43579 3.5
    endloop
  endfacet
  facet normal 0.986684 0.0971422 0.130453
    outer loop
      vertex -10.9254 -0.716091 3.11177
      vertex -10.9764 -0.719434 3.5
      vertex -10.8552 -1.42912 3.11177
    endloop
  endfacet
  facet normal 0.868849 0.0855583 0.487628
    outer loop
      vertex -10.9059 -1.43579 3.5
      vertex -11.0322 -0.723087 3.59999
      vertex -10.9613 -1.44308 3.59999
    endloop
  endfacet
  facet normal 0.868699 0.0854928 0.487906
    outer loop
      vertex -10.9764 -0.719434 3.5
      vertex -11.0322 -0.723087 3.59999
      vertex -10.9059 -1.43579 3.5
    endloop
  endfacet
  facet normal 0.0195807 0.00296678 0.999804
    outer loop
      vertex -10.9613 -1.44308 3.59999
      vertex -10.9619 -1.44249 3.6
      vertex -10.9618 -1.44315 3.6
    endloop
  endfacet
  facet normal 0.0184504 0.00181687 0.999828
    outer loop
      vertex -11.0322 -0.723087 3.59999
      vertex -10.9619 -1.44249 3.6
      vertex -10.9613 -1.44308 3.59999
    endloop
  endfacet
  facet normal 0.0198631 0.00195492 0.999801
    outer loop
      vertex -10.9619 -1.44249 3.6
      vertex -11.0322 -0.723087 3.59999
      vertex -11.0327 -0.723121 3.6
    endloop
  endfacet
  facet normal 0.707379 0.0696732 -0.703393
    outer loop
      vertex -6.94011 -0.913683 1
      vertex -7.92219 -1.03841 0
      vertex -6.98501 -0.457822 1
    endloop
  endfacet
  facet normal 0.707452 0.0690197 -0.703383
    outer loop
      vertex -7.92219 -1.03841 0
      vertex -6.94011 -0.913683 1
      vertex -7.92175 -1.04292 0
    endloop
  endfacet
  facet normal 0.707377 0.0696774 -0.703394
    outer loop
      vertex -7.92219 -1.03841 0
      vertex -7.973 -0.522578 0
      vertex -6.98501 -0.457822 1
    endloop
  endfacet
  facet normal 0.999464 0.0327244 0
    outer loop
      vertex -6.98501 -0.457822 1.2
      vertex -7 0 1
      vertex -7 0 1.2
    endloop
  endfacet
  facet normal 0.999464 0.0327244 0
    outer loop
      vertex -7 0 1
      vertex -6.98501 -0.457822 1.2
      vertex -6.98501 -0.457822 1
    endloop
  endfacet
  facet normal 0.990923 0.0324268 0.130462
    outer loop
      vertex -6.98501 -0.457822 1.2
      vertex -7.02725 0 1.40704
      vertex -7.01221 -0.459604 1.40704
    endloop
  endfacet
  facet normal 0.990927 0.0324449 0.130423
    outer loop
      vertex -7 0 1.2
      vertex -7.02725 0 1.40704
      vertex -6.98501 -0.457822 1.2
    endloop
  endfacet
  facet normal 0.923459 0.0302369 0.382503
    outer loop
      vertex -7.01221 -0.459604 1.40704
      vertex -7.10718 0 1.59999
      vertex -7.09196 -0.464831 1.59999
    endloop
  endfacet
  facet normal 0.923445 0.0302186 0.382539
    outer loop
      vertex -7.02725 0 1.40704
      vertex -7.10718 0 1.59999
      vertex -7.01221 -0.459604 1.40704
    endloop
  endfacet
  facet normal 0.793082 0.0259642 0.608561
    outer loop
      vertex -7.09196 -0.464831 1.59999
      vertex -7.23431 0 1.76567
      vertex -7.21882 -0.473146 1.76567
    endloop
  endfacet
  facet normal 0.793087 0.0259681 0.608554
    outer loop
      vertex -7.10718 0 1.59999
      vertex -7.23431 0 1.76567
      vertex -7.09196 -0.464831 1.59999
    endloop
  endfacet
  facet normal 0.608658 0.0199205 0.793183
    outer loop
      vertex -7.21882 -0.473146 1.76567
      vertex -7.39999 0 1.89281
      vertex -7.38415 -0.483982 1.89281
    endloop
  endfacet
  facet normal 0.608668 0.0199268 0.793174
    outer loop
      vertex -7.23431 0 1.76567
      vertex -7.39999 0 1.89281
      vertex -7.21882 -0.473146 1.76567
    endloop
  endfacet
  facet normal 0.382655 0.0125291 0.923806
    outer loop
      vertex -7.38415 -0.483982 1.89281
      vertex -7.59294 0 1.97273
      vertex -7.57668 -0.496602 1.97273
    endloop
  endfacet
  facet normal 0.382643 0.0125233 0.923811
    outer loop
      vertex -7.39999 0 1.89281
      vertex -7.59294 0 1.97273
      vertex -7.38415 -0.483982 1.89281
    endloop
  endfacet
  facet normal 0.130576 0.00427454 0.991429
    outer loop
      vertex -7.57668 -0.496602 1.97273
      vertex -7.79999 0 2
      vertex -7.78329 -0.510143 2
    endloop
  endfacet
  facet normal 0.130578 0.00427547 0.991429
    outer loop
      vertex -7.59294 0 1.97273
      vertex -7.79999 0 2
      vertex -7.57668 -0.496602 1.97273
    endloop
  endfacet
  facet normal 0.130502 0.00427192 0.991439
    outer loop
      vertex -9.47966 -0.621329 2
      vertex -9.88821 0 2.0511
      vertex -9.86704 -0.64672 2.0511
    endloop
  endfacet
  facet normal 0.130503 0.00427218 0.991439
    outer loop
      vertex -9.5 0 2
      vertex -9.88821 0 2.0511
      vertex -9.47966 -0.621329 2
    endloop
  endfacet
  facet normal 0.382618 0.0124994 0.923822
    outer loop
      vertex -9.86704 -0.64672 2.0511
      vertex -10.25 0 2.20096
      vertex -10.2281 -0.670382 2.20096
    endloop
  endfacet
  facet normal 0.382657 0.0125261 0.923806
    outer loop
      vertex -9.88821 0 2.0511
      vertex -10.25 0 2.20096
      vertex -9.86704 -0.64672 2.0511
    endloop
  endfacet
  facet normal 0.608741 0.0200064 0.793117
    outer loop
      vertex -10.2281 -0.670382 2.20096
      vertex -10.5607 0 2.43933
      vertex -10.538 -0.6907 2.43933
    endloop
  endfacet
  facet normal 0.608579 0.019881 0.793244
    outer loop
      vertex -10.25 0 2.20096
      vertex -10.5607 0 2.43933
      vertex -10.2281 -0.670382 2.20096
    endloop
  endfacet
  facet normal 0.793056 0.0259378 0.608596
    outer loop
      vertex -10.538 -0.6907 2.43933
      vertex -10.799 0 2.75
      vertex -10.7759 -0.706289 2.75
    endloop
  endfacet
  facet normal 0.793189 0.0260683 0.608417
    outer loop
      vertex -10.5607 0 2.43933
      vertex -10.799 0 2.75
      vertex -10.538 -0.6907 2.43933
    endloop
  endfacet
  facet normal 0.923481 0.0303059 0.382446
    outer loop
      vertex -10.7759 -0.706289 2.75
      vertex -10.9489 0 3.11177
      vertex -10.9254 -0.716091 3.11177
    endloop
  endfacet
  facet normal 0.923413 0.0302013 0.382618
    outer loop
      vertex -10.799 0 2.75
      vertex -10.9489 0 3.11177
      vertex -10.7759 -0.706289 2.75
    endloop
  endfacet
  facet normal 0.990922 0.0325058 0.130453
    outer loop
      vertex -10.9254 -0.716091 3.11177
      vertex -11 0 3.5
      vertex -10.9764 -0.719434 3.5
    endloop
  endfacet
  facet normal 0.990924 0.0325192 0.130428
    outer loop
      vertex -10.9489 0 3.11177
      vertex -11 0 3.5
      vertex -10.9254 -0.716091 3.11177
    endloop
  endfacet
  facet normal 0.872427 0.0285948 0.487908
    outer loop
      vertex -10.9764 -0.719434 3.5
      vertex -11.0559 0 3.59999
      vertex -11.0322 -0.723087 3.59999
    endloop
  endfacet
  facet normal 0.8725 0.0286211 0.487776
    outer loop
      vertex -11 0 3.5
      vertex -11.0559 0 3.59999
      vertex -10.9764 -0.719434 3.5
    endloop
  endfacet
  facet normal 0.019996 0 0.9998
    outer loop
      vertex -11.0322 -0.723087 3.59999
      vertex -11.0327 -0.722466 3.6
      vertex -11.0327 -0.723121 3.6
    endloop
  endfacet
  facet normal 0.0208442 0.000683192 0.999783
    outer loop
      vertex -11.0559 0 3.59999
      vertex -11.0327 -0.722466 3.6
      vertex -11.0322 -0.723087 3.59999
    endloop
  endfacet
  facet normal 0.019996 0.000655955 0.9998
    outer loop
      vertex -11.0327 -0.722466 3.6
      vertex -11.0559 0 3.59999
      vertex -11.0564 0 3.6
    endloop
  endfacet
  facet normal 0.710419 0.0232605 -0.703394
    outer loop
      vertex -6.98501 -0.457822 1
      vertex -7.97315 -0.518047 0
      vertex -7 0 1
    endloop
  endfacet
  facet normal 0.710407 0.0235182 -0.703398
    outer loop
      vertex -7.97315 -0.518047 0
      vertex -6.98501 -0.457822 1
      vertex -7.973 -0.522578 0
    endloop
  endfacet
  facet normal 0.710424 0.0232444 -0.70339
    outer loop
      vertex -7.97315 -0.518047 0
      vertex -7.9901 0 0
      vertex -7 0 1
    endloop
  endfacet
  facet normal 0.290328 0.956927 -0
    outer loop
      vertex 9.83531 -4.34667 2
      vertex 9.7302 -4.31478 2.5549
      vertex 9.83531 -4.34667 2.69691
    endloop
  endfacet
  facet normal 0.290308 0.956933 -4.2715e-06
    outer loop
      vertex 9.83531 -4.34667 2
      vertex 9.64466 -4.28883 2.43933
      vertex 9.7302 -4.31478 2.5549
    endloop
  endfacet
  facet normal 0.290314 0.956931 -1.15662e-06
    outer loop
      vertex 9.83531 -4.34667 2
      vertex 9.55352 -4.26118 2.36684
      vertex 9.64466 -4.28883 2.43933
    endloop
  endfacet
  facet normal 0.290316 0.956931 0
    outer loop
      vertex 9.55352 -4.26118 2.36684
      vertex 9.83531 -4.34667 2
      vertex 9.55352 -4.26118 2
    endloop
  endfacet
  facet normal -0.162923 0.986639 0
    outer loop
      vertex 11.8779 -4.41353 2
      vertex 11.5874 -4.4615 3.59
      vertex 11.8779 -4.41353 3.59
    endloop
  endfacet
  facet normal -0.162923 0.986639 0
    outer loop
      vertex 11.5874 -4.4615 3.59
      vertex 11.8779 -4.41353 2
      vertex 11.5874 -4.4615 2
    endloop
  endfacet
  facet normal 0.412316 -0.911041 0
    outer loop
      vertex 9.0097 4.03593 2
      vertex 9.0194 4.04032 2.0511
      vertex 9.0097 4.03593 2.0497
    endloop
  endfacet
  facet normal 0.41271 -0.910862 -9.00625e-05
    outer loop
      vertex 9.27792 4.15746 2
      vertex 9.0194 4.04032 2.0511
      vertex 9.0097 4.03593 2
    endloop
  endfacet
  facet normal 0.412719 -0.910858 -3.40125e-05
    outer loop
      vertex 9.0194 4.04032 2.0511
      vertex 9.27792 4.15746 2
      vertex 9.20221 4.12315 2.13428
    endloop
  endfacet
  facet normal 0.412769 -0.910836 0
    outer loop
      vertex 9.20221 4.12315 2.13428
      vertex 9.27792 4.15746 2
      vertex 9.27792 4.15746 2.16873
    endloop
  endfacet
  facet normal -0.0980244 -0.995184 0
    outer loop
      vertex 11.2943 4.49037 2
      vertex 11.5874 4.4615 3.6
      vertex 11.2943 4.49037 3.6
    endloop
  endfacet
  facet normal -0.0980244 -0.995184 -0
    outer loop
      vertex 11.5874 4.4615 3.6
      vertex 11.2943 4.49037 2
      vertex 11.5874 4.4615 2
    endloop
  endfacet
  facet normal -0.352261 0.935902 0
    outer loop
      vertex 12.5799 -4.21097 2
      vertex 12.4465 -4.26118 3.59
      vertex 12.5799 -4.21097 3.59
    endloop
  endfacet
  facet normal -0.352261 0.935902 0
    outer loop
      vertex 12.4465 -4.26118 3.59
      vertex 12.5799 -4.21097 2
      vertex 12.4465 -4.26118 2
    endloop
  endfacet
  facet normal 0.528066 0.849203 0
    outer loop
      vertex 8.75 -3.89711 2.011
      vertex 8.75 -3.89711 2
      vertex 8.67847 -3.85263 2
    endloop
  endfacet
  facet normal -0.352261 -0.935902 0
    outer loop
      vertex 12.4465 4.26118 2
      vertex 12.5799 4.21097 3.6
      vertex 12.4465 4.26118 3.6
    endloop
  endfacet
  facet normal -0.352261 -0.935902 -0
    outer loop
      vertex 12.5799 4.21097 3.6
      vertex 12.4465 4.26118 2
      vertex 12.5799 4.21097 2
    endloop
  endfacet
  facet normal -0.290306 0.956934 0
    outer loop
      vertex 12.4465 -4.26118 2
      vertex 12.1647 -4.34667 3.59
      vertex 12.4465 -4.26118 3.59
    endloop
  endfacet
  facet normal -0.290306 0.956934 0
    outer loop
      vertex 12.1647 -4.34667 3.59
      vertex 12.4465 -4.26118 2
      vertex 12.1647 -4.34667 2
    endloop
  endfacet
  facet normal 0.177314 -0.984116 -0.00866208
    outer loop
      vertex 10.1221 4.41353 3.58459
      vertex 10.1314 4.41507 3.6
      vertex 10.1309 4.41498 3.59999
    endloop
  endfacet
  facet normal 0.162908 -0.986641 0.000284383
    outer loop
      vertex 10.1314 4.41507 3.6
      vertex 10.1221 4.41353 3.58459
      vertex 10.4126 4.4615 3.6
    endloop
  endfacet
  facet normal 0.162923 -0.986639 0
    outer loop
      vertex 10.4126 4.4615 2
      vertex 10.1221 4.41353 3.58459
      vertex 10.1221 4.41353 2
    endloop
  endfacet
  facet normal 0.162923 -0.986639 0
    outer loop
      vertex 10.1221 4.41353 3.58459
      vertex 10.4126 4.4615 2
      vertex 10.4126 4.4615 3.6
    endloop
  endfacet
  facet normal 0.528066 -0.849203 0
    outer loop
      vertex 8.75 3.89711 2
      vertex 8.75 3.89711 2.011
      vertex 8.67847 3.85263 2
    endloop
  endfacet
  facet normal -0.162923 -0.986639 0
    outer loop
      vertex 11.5874 4.4615 2
      vertex 11.8779 4.41353 3.6
      vertex 11.5874 4.4615 3.6
    endloop
  endfacet
  facet normal -0.162923 -0.986639 -0
    outer loop
      vertex 11.8779 4.41353 3.6
      vertex 11.5874 4.4615 2
      vertex 11.8779 4.41353 2
    endloop
  endfacet
  facet normal 0.471376 -0.881932 0
    outer loop
      vertex 8.75 3.89711 2
      vertex 8.87253 3.9626 2.02926
      vertex 8.75 3.89711 2.011
    endloop
  endfacet
  facet normal 0.471416 -0.881911 -0.000216055
    outer loop
      vertex 9.0097 4.03593 2
      vertex 8.87253 3.9626 2.02926
      vertex 8.75 3.89711 2
    endloop
  endfacet
  facet normal 0.471452 -0.881892 0
    outer loop
      vertex 8.87253 3.9626 2.02926
      vertex 9.0097 4.03593 2
      vertex 9.0097 4.03593 2.0497
    endloop
  endfacet
  facet normal 0.290316 -0.956931 0
    outer loop
      vertex 9.83531 4.34667 2
      vertex 9.55352 4.26118 2.36684
      vertex 9.55352 4.26118 2
    endloop
  endfacet
  facet normal 0.290314 -0.956931 -1.15662e-06
    outer loop
      vertex 9.55352 4.26118 2.36684
      vertex 9.83531 4.34667 2
      vertex 9.64466 4.28883 2.43933
    endloop
  endfacet
  facet normal 0.290306 -0.956934 -5.07219e-06
    outer loop
      vertex 9.64466 4.28883 2.43933
      vertex 9.83531 4.34667 2
      vertex 9.78914 4.33266 2.63453
    endloop
  endfacet
  facet normal 0.29037 -0.956915 0
    outer loop
      vertex 9.78914 4.33266 2.63453
      vertex 9.83531 4.34667 2
      vertex 9.83531 4.34667 2.69691
    endloop
  endfacet
  facet normal 0.0980244 -0.995184 0
    outer loop
      vertex 10.4126 4.4615 2
      vertex 10.7057 4.49037 3.6
      vertex 10.4126 4.4615 3.6
    endloop
  endfacet
  facet normal 0.0980244 -0.995184 0
    outer loop
      vertex 10.7057 4.49037 3.6
      vertex 10.4126 4.4615 2
      vertex 10.7057 4.49037 2
    endloop
  endfacet
  facet normal 0.227355 -0.973812 -7.31032e-05
    outer loop
      vertex 10.06 4.39906 3.38376
      vertex 10.1148 4.41184 3.57147
      vertex 10.0752 4.4026 3.5
    endloop
  endfacet
  facet normal 0.2238 -0.974634 0.00102056
    outer loop
      vertex 10.06 4.39906 3.38376
      vertex 10.1221 4.41353 3.58459
      vertex 10.1148 4.41184 3.57147
    endloop
  endfacet
  facet normal 0.226588 -0.973991 0.000112156
    outer loop
      vertex 10.0245 4.39077 3.11177
      vertex 10.1221 4.41353 3.58459
      vertex 10.06 4.39906 3.38376
    endloop
  endfacet
  facet normal 0.227044 -0.973885 0
    outer loop
      vertex 10.1221 4.41353 2
      vertex 9.83531 4.34667 2.69691
      vertex 9.83531 4.34667 2
    endloop
  endfacet
  facet normal 0.226962 -0.973904 -3.56336e-05
    outer loop
      vertex 9.83531 4.34667 2.69691
      vertex 10.1221 4.41353 2
      vertex 9.87574 4.35609 2.75
    endloop
  endfacet
  facet normal 0.227104 -0.973871 1.34986e-05
    outer loop
      vertex 9.87574 4.35609 2.75
      vertex 10.1221 4.41353 2
      vertex 9.97637 4.37956 2.99479
    endloop
  endfacet
  facet normal 0.226886 -0.973921 -2.01424e-05
    outer loop
      vertex 9.97637 4.37956 2.99479
      vertex 10.1221 4.41353 2
      vertex 10.0245 4.39077 3.11177
    endloop
  endfacet
  facet normal 0.227103 -0.973871 0
    outer loop
      vertex 10.0245 4.39077 3.11177
      vertex 10.1221 4.41353 2
      vertex 10.1221 4.41353 3.58459
    endloop
  endfacet
  facet normal 0.162908 0.986641 0.000284383
    outer loop
      vertex 10.1221 -4.41353 3.58459
      vertex 10.1314 -4.41507 3.6
      vertex 10.4126 -4.4615 3.6
    endloop
  endfacet
  facet normal 0.177314 0.984116 -0.00866208
    outer loop
      vertex 10.1314 -4.41507 3.6
      vertex 10.1221 -4.41353 3.58459
      vertex 10.1309 -4.41498 3.59999
    endloop
  endfacet
  facet normal 0.162923 0.986639 -0
    outer loop
      vertex 10.4126 -4.4615 2
      vertex 10.1221 -4.41353 3.58459
      vertex 10.4126 -4.4615 3.6
    endloop
  endfacet
  facet normal 0.162923 0.986639 0
    outer loop
      vertex 10.1221 -4.41353 3.58459
      vertex 10.4126 -4.4615 2
      vertex 10.1221 -4.41353 2
    endloop
  endfacet
  facet normal 0.412766 0.910837 -0
    outer loop
      vertex 9.27792 -4.15746 2
      vertex 9.16004 -4.10404 2.11509
      vertex 9.27792 -4.15746 2.16873
    endloop
  endfacet
  facet normal 0.41271 0.910862 -6.95183e-05
    outer loop
      vertex 9.0097 -4.03593 2
      vertex 9.16004 -4.10404 2.11509
      vertex 9.27792 -4.15746 2
    endloop
  endfacet
  facet normal 0.412725 0.910856 -9.35548e-05
    outer loop
      vertex 9.16004 -4.10404 2.11509
      vertex 9.0097 -4.03593 2
      vertex 9.0194 -4.04032 2.0511
    endloop
  endfacet
  facet normal 0.412316 0.911041 0
    outer loop
      vertex 9.0194 -4.04032 2.0511
      vertex 9.0097 -4.03593 2
      vertex 9.0097 -4.03593 2.0497
    endloop
  endfacet
  facet normal -0.227036 -0.973886 0
    outer loop
      vertex 11.8779 4.41353 2
      vertex 12.1647 4.34667 3.6
      vertex 11.8779 4.41353 3.6
    endloop
  endfacet
  facet normal -0.227036 -0.973886 -0
    outer loop
      vertex 12.1647 4.34667 3.6
      vertex 11.8779 4.41353 2
      vertex 12.1647 4.34667 2
    endloop
  endfacet
  facet normal -0.0980244 0.995184 0
    outer loop
      vertex 11.5874 -4.4615 2
      vertex 11.2943 -4.49037 3.59
      vertex 11.5874 -4.4615 3.59
    endloop
  endfacet
  facet normal -0.0980244 0.995184 0
    outer loop
      vertex 11.2943 -4.49037 3.59
      vertex 11.5874 -4.4615 2
      vertex 11.2943 -4.49037 2
    endloop
  endfacet
  facet normal -0.0327042 -0.999465 0
    outer loop
      vertex 11 4.5 2
      vertex 11.2943 4.49037 3.6
      vertex 11 4.5 3.6
    endloop
  endfacet
  facet normal -0.0327042 -0.999465 -0
    outer loop
      vertex 11.2943 4.49037 3.6
      vertex 11 4.5 2
      vertex 11.2943 4.49037 2
    endloop
  endfacet
  facet normal 0.352235 -0.935912 -7.56915e-06
    outer loop
      vertex 9.55352 4.26118 2
      vertex 9.51957 4.2484 2.33905
      vertex 9.35087 4.18491 2.20096
    endloop
  endfacet
  facet normal 0.352178 -0.935933 0
    outer loop
      vertex 9.27792 4.15746 2
      vertex 9.35087 4.18491 2.20096
      vertex 9.27792 4.15746 2.16873
    endloop
  endfacet
  facet normal 0.352225 -0.935915 -1.95009e-05
    outer loop
      vertex 9.55352 4.26118 2
      vertex 9.35087 4.18491 2.20096
      vertex 9.27792 4.15746 2
    endloop
  endfacet
  facet normal 0.352301 -0.935887 0
    outer loop
      vertex 9.51957 4.2484 2.33905
      vertex 9.55352 4.26118 2
      vertex 9.55352 4.26118 2.36684
    endloop
  endfacet
  facet normal 0.471416 0.881911 -0
    outer loop
      vertex 9.0097 -4.03593 2
      vertex 8.81355 -3.93108 2.02047
      vertex 9.0097 -4.03593 2.0497
    endloop
  endfacet
  facet normal 0.471416 0.881911 -3.31791e-07
    outer loop
      vertex 8.75 -3.89711 2
      vertex 8.81355 -3.93108 2.02047
      vertex 9.0097 -4.03593 2
    endloop
  endfacet
  facet normal 0.471416 0.881911 0
    outer loop
      vertex 8.81355 -3.93108 2.02047
      vertex 8.75 -3.89711 2
      vertex 8.75 -3.89711 2.011
    endloop
  endfacet
  facet normal 0.0327042 -0.999465 0
    outer loop
      vertex 10.7057 4.49037 2
      vertex 11 4.5 3.6
      vertex 10.7057 4.49037 3.6
    endloop
  endfacet
  facet normal 0.0327042 -0.999465 0
    outer loop
      vertex 11 4.5 3.6
      vertex 10.7057 4.49037 2
      vertex 11 4.5 2
    endloop
  endfacet
  facet normal -0.290306 -0.956934 0
    outer loop
      vertex 12.1647 4.34667 2
      vertex 12.4465 4.26118 3.6
      vertex 12.1647 4.34667 3.6
    endloop
  endfacet
  facet normal -0.290306 -0.956934 -0
    outer loop
      vertex 12.4465 4.26118 3.6
      vertex 12.1647 4.34667 2
      vertex 12.4465 4.26118 2
    endloop
  endfacet
  facet normal 0.0327042 0.999465 -0
    outer loop
      vertex 11 -4.5 2
      vertex 10.7057 -4.49037 3.6
      vertex 11 -4.5 3.6
    endloop
  endfacet
  facet normal 0.0327042 0.999465 0
    outer loop
      vertex 10.7057 -4.49037 3.6
      vertex 11 -4.5 2
      vertex 10.7057 -4.49037 2
    endloop
  endfacet
  facet normal -0.0325634 0.99947 0
    outer loop
      vertex 11.2943 -4.49037 3.59
      vertex 11.2943 -4.49037 2
      vertex 11.2633 -4.49138 3.59
    endloop
  endfacet
  facet normal -0.0327208 0.999465 0
    outer loop
      vertex 11.2633 -4.49138 3.59
      vertex 11 -4.5 3.6
      vertex 11.2633 -4.49138 3.6
    endloop
  endfacet
  facet normal -0.0327042 0.999465 -2.7489e-06
    outer loop
      vertex 11 -4.5 2
      vertex 11.2633 -4.49138 3.59
      vertex 11.2943 -4.49037 2
    endloop
  endfacet
  facet normal -0.0327208 0.999465 0
    outer loop
      vertex 11.2633 -4.49138 3.59
      vertex 11 -4.5 2
      vertex 11 -4.5 3.6
    endloop
  endfacet
  facet normal -0.227036 0.973886 0
    outer loop
      vertex 12.1647 -4.34667 2
      vertex 11.8779 -4.41353 3.59
      vertex 12.1647 -4.34667 3.59
    endloop
  endfacet
  facet normal -0.227036 0.973886 0
    outer loop
      vertex 11.8779 -4.41353 3.59
      vertex 12.1647 -4.34667 2
      vertex 11.8779 -4.41353 2
    endloop
  endfacet
  facet normal 0.226391 0.974036 0.000140824
    outer loop
      vertex 10.0398 -4.39435 3.22929
      vertex 10.0912 -4.40634 3.52893
      vertex 10.1221 -4.41353 3.58459
    endloop
  endfacet
  facet normal 0.227814 0.973705 -0.000116589
    outer loop
      vertex 10.0912 -4.40634 3.52893
      vertex 10.0398 -4.39435 3.22929
      vertex 10.0752 -4.4026 3.5
    endloop
  endfacet
  facet normal 0.225856 0.974161 0.000271379
    outer loop
      vertex 10.1221 -4.41353 3.58459
      vertex 10.0245 -4.39077 3.11177
      vertex 10.0398 -4.39435 3.22929
    endloop
  endfacet
  facet normal 0.227009 0.973893 -8.7781e-06
    outer loop
      vertex 10.1221 -4.41353 2
      vertex 9.92496 -4.36757 2.86973
      vertex 10.0245 -4.39077 3.11177
    endloop
  endfacet
  facet normal 0.227103 0.973871 -0
    outer loop
      vertex 10.1221 -4.41353 2
      vertex 10.0245 -4.39077 3.11177
      vertex 10.1221 -4.41353 3.58459
    endloop
  endfacet
  facet normal 0.227108 0.97387 1.48988e-05
    outer loop
      vertex 9.92496 -4.36757 2.86973
      vertex 10.1221 -4.41353 2
      vertex 9.87574 -4.35609 2.75
    endloop
  endfacet
  facet normal 0.226962 0.973904 -3.56336e-05
    outer loop
      vertex 10.1221 -4.41353 2
      vertex 9.83531 -4.34667 2.69691
      vertex 9.87574 -4.35609 2.75
    endloop
  endfacet
  facet normal 0.227044 0.973885 0
    outer loop
      vertex 9.83531 -4.34667 2.69691
      vertex 10.1221 -4.41353 2
      vertex 9.83531 -4.34667 2
    endloop
  endfacet
  facet normal 0.0980244 0.995184 -0
    outer loop
      vertex 10.7057 -4.49037 2
      vertex 10.4126 -4.4615 3.6
      vertex 10.7057 -4.49037 3.6
    endloop
  endfacet
  facet normal 0.0980244 0.995184 0
    outer loop
      vertex 10.4126 -4.4615 3.6
      vertex 10.7057 -4.49037 2
      vertex 10.4126 -4.4615 2
    endloop
  endfacet
  facet normal 0.352186 0.93593 -0
    outer loop
      vertex 9.55352 -4.26118 2
      vertex 9.4705 -4.22994 2.29889
      vertex 9.55352 -4.26118 2.36684
    endloop
  endfacet
  facet normal 0.352263 0.935901 2.45116e-05
    outer loop
      vertex 9.4705 -4.22994 2.29889
      vertex 9.55352 -4.26118 2
      vertex 9.35087 -4.18491 2.20096
    endloop
  endfacet
  facet normal 0.352225 0.935915 -1.95009e-05
    outer loop
      vertex 9.27792 -4.15746 2
      vertex 9.35087 -4.18491 2.20096
      vertex 9.55352 -4.26118 2
    endloop
  endfacet
  facet normal 0.352178 0.935933 0
    outer loop
      vertex 9.35087 -4.18491 2.20096
      vertex 9.27792 -4.15746 2
      vertex 9.27792 -4.15746 2.16873
    endloop
  endfacet
  facet normal 0 1 -0
    outer loop
      vertex 7.50554 -13 5.1
      vertex -7.50554 -13 5.6
      vertex 7.50554 -13 5.6
    endloop
  endfacet
  facet normal 0 1 0
    outer loop
      vertex -7.50554 -13 5.6
      vertex 7.50554 -13 5.1
      vertex -7.50554 -13 5.1
    endloop
  endfacet
  facet normal 0 -1 0
    outer loop
      vertex -7.50554 13 5.1
      vertex 7.50554 13 5.6
      vertex -7.50554 13 5.6
    endloop
  endfacet
  facet normal 0 -1 -0
    outer loop
      vertex 7.50554 13 5.6
      vertex -7.50554 13 5.1
      vertex 7.50554 13 5.1
    endloop
  endfacet
  facet normal 0 0 1
    outer loop
      vertex 10.4126 4.4615 3.6
      vertex 9.91643 4.88951 3.6
      vertex 10.1314 4.41507 3.6
    endloop
  endfacet
  facet normal 0 0 1
    outer loop
      vertex 10.7057 4.49037 3.6
      vertex 9.91643 4.88951 3.6
      vertex 10.4126 4.4615 3.6
    endloop
  endfacet
  facet normal 0 0 1
    outer loop
      vertex 9.91616 4.89011 3.6
      vertex 10.7057 4.49037 3.6
      vertex 11 4.5 3.6
    endloop
  endfacet
  facet normal 0 0 1
    outer loop
      vertex 9.57541 5.52761 3.6
      vertex 11 4.5 3.6
      vertex 11.2943 4.49037 3.6
    endloop
  endfacet
  facet normal 0 0 1
    outer loop
      vertex 9.5751 5.52819 3.6
      vertex 11.2943 4.49037 3.6
      vertex 11.5874 4.4615 3.6
    endloop
  endfacet
  facet normal 0 0 1
    outer loop
      vertex 9.19339 6.14204 3.6
      vertex 11.5874 4.4615 3.6
      vertex 11.8779 4.41353 3.6
    endloop
  endfacet
  facet normal 0 0 1
    outer loop
      vertex 9.19304 6.14259 3.6
      vertex 11.8779 4.41353 3.6
      vertex 12.1647 4.34667 3.6
    endloop
  endfacet
  facet normal 0 0 1
    outer loop
      vertex 10.7057 4.49037 3.6
      vertex 9.91616 4.89011 3.6
      vertex 9.91643 4.88951 3.6
    endloop
  endfacet
  facet normal 0 0 1
    outer loop
      vertex 11 4.5 3.6
      vertex 9.57541 5.52761 3.6
      vertex 9.91616 4.89011 3.6
    endloop
  endfacet
  facet normal 0 0 1
    outer loop
      vertex 7.50555 12 3.6
      vertex 12.1647 4.34667 3.6
      vertex 12.4465 4.26118 3.6
    endloop
  endfacet
  facet normal 0 0 1
    outer loop
      vertex 7.50555 12 3.6
      vertex 12.4465 4.26118 3.6
      vertex 12.5799 4.21097 3.6
    endloop
  endfacet
  facet normal 0 0 1
    outer loop
      vertex 11.2943 4.49037 3.6
      vertex 9.5751 5.52819 3.6
      vertex 9.57541 5.52761 3.6
    endloop
  endfacet
  facet normal 0 0 1
    outer loop
      vertex 11.5874 4.4615 3.6
      vertex 9.19339 6.14204 3.6
      vertex 9.5751 5.52819 3.6
    endloop
  endfacet
  facet normal 0 0 1
    outer loop
      vertex 11.8779 4.41353 3.6
      vertex 9.19304 6.14259 3.6
      vertex 9.19339 6.14204 3.6
    endloop
  endfacet
  facet normal 0 0 1
    outer loop
      vertex 12.1647 4.34667 3.6
      vertex 8.772 6.73016 3.6
      vertex 9.19304 6.14259 3.6
    endloop
  endfacet
  facet normal 0 0 1
    outer loop
      vertex 12.1647 4.34667 3.6
      vertex 8.77161 6.7307 3.6
      vertex 8.772 6.73016 3.6
    endloop
  endfacet
  facet normal 0 0 1
    outer loop
      vertex 12.1647 4.34667 3.6
      vertex 7.50555 12 3.6
      vertex 8.77161 6.7307 3.6
    endloop
  endfacet
  facet normal 0 0 1
    outer loop
      vertex 8.77161 6.7307 3.6
      vertex 7.50555 12 3.6
      vertex 8.31304 7.28947 3.6
    endloop
  endfacet
  facet normal 0 0 1
    outer loop
      vertex 8.31304 7.28947 3.6
      vertex 7.50555 12 3.6
      vertex 8.31262 7.28998 3.6
    endloop
  endfacet
  facet normal 0 0 1
    outer loop
      vertex 8.31262 7.28998 3.6
      vertex 7.50555 12 3.6
      vertex 7.81849 7.81756 3.6
    endloop
  endfacet
  facet normal -0 0 1
    outer loop
      vertex 7.50555 12 3.6
      vertex 12.5799 4.21097 3.6
      vertex 7.50555 13 3.6
    endloop
  endfacet
  facet normal 0 0 1
    outer loop
      vertex 7.81849 7.81756 3.6
      vertex 7.50555 12 3.6
      vertex 7.81804 7.81804 3.6
    endloop
  endfacet
  facet normal 0 0 1
    outer loop
      vertex 7.50555 12 3.6
      vertex 7.29045 8.31218 3.6
      vertex 7.81804 7.81804 3.6
    endloop
  endfacet
  facet normal 0 0 1
    outer loop
      vertex 7.50555 12 3.6
      vertex 7.28998 8.31262 3.6
      vertex 7.29045 8.31218 3.6
    endloop
  endfacet
  facet normal 0 0 1
    outer loop
      vertex 7.50555 12 3.6
      vertex 6.7312 8.7712 3.6
      vertex 7.28998 8.31262 3.6
    endloop
  endfacet
  facet normal 0 0 1
    outer loop
      vertex 7.50555 12 3.6
      vertex 6.7307 8.77161 3.6
      vertex 6.7312 8.7712 3.6
    endloop
  endfacet
  facet normal 0 0 1
    outer loop
      vertex 7.50555 12 3.6
      vertex 6.14313 9.19266 3.6
      vertex 6.7307 8.77161 3.6
    endloop
  endfacet
  facet normal 0 0 1
    outer loop
      vertex 7.50555 12 3.6
      vertex 6.14259 9.19304 3.6
      vertex 6.14313 9.19266 3.6
    endloop
  endfacet
  facet normal 0 0 1
    outer loop
      vertex 7.50555 12 3.6
      vertex 5.52875 9.57476 3.6
      vertex 6.14259 9.19304 3.6
    endloop
  endfacet
  facet normal 0 0 1
    outer loop
      vertex 7.50555 12 3.6
      vertex 5.52819 9.5751 3.6
      vertex 5.52875 9.57476 3.6
    endloop
  endfacet
  facet normal 0 0 1
    outer loop
      vertex 7.50555 12 3.6
      vertex 4.89069 9.91585 3.6
      vertex 5.52819 9.5751 3.6
    endloop
  endfacet
  facet normal 0 0 1
    outer loop
      vertex 7.50555 12 3.6
      vertex 4.89011 9.91616 3.6
      vertex 4.89069 9.91585 3.6
    endloop
  endfacet
  facet normal 0 0 1
    outer loop
      vertex 7.50555 12 3.6
      vertex 4.23169 10.2145 3.6
      vertex 4.89011 9.91616 3.6
    endloop
  endfacet
  facet normal 0 0 1
    outer loop
      vertex 7.50555 12 3.6
      vertex 4.23109 10.2148 3.6
      vertex 4.23169 10.2145 3.6
    endloop
  endfacet
  facet normal 0 0 1
    outer loop
      vertex 7.50555 12 3.6
      vertex 3.55457 10.4694 3.6
      vertex 4.23109 10.2148 3.6
    endloop
  endfacet
  facet normal 0 0 1
    outer loop
      vertex 7.50555 12 3.6
      vertex 3.55396 10.4696 3.6
      vertex 3.55457 10.4694 3.6
    endloop
  endfacet
  facet normal 0 0 1
    outer loop
      vertex 7.50555 12 3.6
      vertex 2.86223 10.6795 3.6
      vertex 3.55396 10.4696 3.6
    endloop
  endfacet
  facet normal 0 0 1
    outer loop
      vertex 7.50555 12 3.6
      vertex 2.8616 10.6796 3.6
      vertex 2.86223 10.6795 3.6
    endloop
  endfacet
  facet normal 0 0 1
    outer loop
      vertex 7.50555 12 3.6
      vertex 2.15763 10.8438 3.6
      vertex 2.8616 10.6796 3.6
    endloop
  endfacet
  facet normal 0 0 1
    outer loop
      vertex 7.50555 12 3.6
      vertex 2.15699 10.8439 3.6
      vertex 2.15763 10.8438 3.6
    endloop
  endfacet
  facet normal 0 0 1
    outer loop
      vertex 7.50555 12 3.6
      vertex 1.44379 10.9617 3.6
      vertex 2.15699 10.8439 3.6
    endloop
  endfacet
  facet normal 0 0 1
    outer loop
      vertex 7.50555 12 3.6
      vertex 1.44315 10.9618 3.6
      vertex 1.44379 10.9617 3.6
    endloop
  endfacet
  facet normal 0 0 1
    outer loop
      vertex 7.50555 12 3.6
      vertex 0.723773 11.0326 3.6
      vertex 1.44315 10.9618 3.6
    endloop
  endfacet
  facet normal 0 0 1
    outer loop
      vertex 7.50555 12 3.6
      vertex 0.723121 11.0327 3.6
      vertex 0.723773 11.0326 3.6
    endloop
  endfacet
  facet normal 0 0 1
    outer loop
      vertex 7.50555 12 3.6
      vertex 0.000654673 11.0564 3.6
      vertex 0.723121 11.0327 3.6
    endloop
  endfacet
  facet normal 0 0 1
    outer loop
      vertex 7.50555 12 3.6
      vertex 0 11.0564 3.6
      vertex 0.000654673 11.0564 3.6
    endloop
  endfacet
  facet normal -0 0 1
    outer loop
      vertex -6.9282 12 3.6
      vertex 0 11.0564 3.6
      vertex 7.50555 12 3.6
    endloop
  endfacet
  facet normal 0 0 1
    outer loop
      vertex 0 11.0564 3.6
      vertex -6.9282 12 3.6
      vertex -0.722466 11.0327 3.6
    endloop
  endfacet
  facet normal 0 0 1
    outer loop
      vertex -0.722466 11.0327 3.6
      vertex -6.9282 12 3.6
      vertex -0.723121 11.0327 3.6
    endloop
  endfacet
  facet normal 0 0 1
    outer loop
      vertex -0.723121 11.0327 3.6
      vertex -6.9282 12 3.6
      vertex -1.44249 10.9619 3.6
    endloop
  endfacet
  facet normal 0 0 1
    outer loop
      vertex -6.9282 12 3.6
      vertex -3.55333 10.4698 3.6
      vertex -2.8616 10.6796 3.6
    endloop
  endfacet
  facet normal 0 0 1
    outer loop
      vertex -6.9282 12 3.6
      vertex -4.23048 10.215 3.6
      vertex -3.55396 10.4696 3.6
    endloop
  endfacet
  facet normal 0 0 1
    outer loop
      vertex -6.9282 12 3.6
      vertex -4.88951 9.91643 3.6
      vertex -4.23109 10.2148 3.6
    endloop
  endfacet
  facet normal 0 0 1
    outer loop
      vertex -6.9282 12 3.6
      vertex -6.73016 8.772 3.6
      vertex -6.14259 9.19304 3.6
    endloop
  endfacet
  facet normal 0 0 1
    outer loop
      vertex -1.44249 10.9619 3.6
      vertex -6.9282 12 3.6
      vertex -1.44315 10.9618 3.6
    endloop
  endfacet
  facet normal 0 0 1
    outer loop
      vertex -6.9282 12 3.6
      vertex -2.15635 10.844 3.6
      vertex -1.44315 10.9618 3.6
    endloop
  endfacet
  facet normal 0 0 1
    outer loop
      vertex -6.9282 12 3.6
      vertex -2.15699 10.8439 3.6
      vertex -2.15635 10.844 3.6
    endloop
  endfacet
  facet normal 0 0 1
    outer loop
      vertex -6.9282 12 3.6
      vertex -2.86096 10.6798 3.6
      vertex -2.15699 10.8439 3.6
    endloop
  endfacet
  facet normal 0 0 1
    outer loop
      vertex -6.9282 12 3.6
      vertex -2.8616 10.6796 3.6
      vertex -2.86096 10.6798 3.6
    endloop
  endfacet
  facet normal 0 0 1
    outer loop
      vertex -3.55333 10.4698 3.6
      vertex -6.9282 12 3.6
      vertex -3.55396 10.4696 3.6
    endloop
  endfacet
  facet normal 0 0 1
    outer loop
      vertex -4.23048 10.215 3.6
      vertex -6.9282 12 3.6
      vertex -4.23109 10.2148 3.6
    endloop
  endfacet
  facet normal 0 0 1
    outer loop
      vertex -4.88951 9.91643 3.6
      vertex -6.9282 12 3.6
      vertex -4.89011 9.91616 3.6
    endloop
  endfacet
  facet normal 0 0 1
    outer loop
      vertex -6.9282 12 3.6
      vertex -5.52761 9.57541 3.6
      vertex -4.89011 9.91616 3.6
    endloop
  endfacet
  facet normal 0 0 1
    outer loop
      vertex -6.9282 12 3.6
      vertex -5.52819 9.5751 3.6
      vertex -5.52761 9.57541 3.6
    endloop
  endfacet
  facet normal 0 0 1
    outer loop
      vertex -6.9282 12 3.6
      vertex -6.14204 9.19339 3.6
      vertex -5.52819 9.5751 3.6
    endloop
  endfacet
  facet normal 0 0 1
    outer loop
      vertex -6.9282 12 3.6
      vertex -6.14259 9.19304 3.6
      vertex -6.14204 9.19339 3.6
    endloop
  endfacet
  facet normal 0 0 1
    outer loop
      vertex -6.73016 8.772 3.6
      vertex -6.9282 12 3.6
      vertex -6.7307 8.77161 3.6
    endloop
  endfacet
  facet normal 0 0 1
    outer loop
      vertex -6.9282 12 3.6
      vertex -7.28947 8.31304 3.6
      vertex -6.7307 8.77161 3.6
    endloop
  endfacet
  facet normal 0 0 1
    outer loop
      vertex -6.9282 12 3.6
      vertex -7.28998 8.31262 3.6
      vertex -7.28947 8.31304 3.6
    endloop
  endfacet
  facet normal 0 0 1
    outer loop
      vertex -6.9282 12 3.6
      vertex -7.81756 7.81849 3.6
      vertex -7.28998 8.31262 3.6
    endloop
  endfacet
  facet normal 0 0 1
    outer loop
      vertex -6.9282 12 3.6
      vertex -7.81804 7.81804 3.6
      vertex -7.81756 7.81849 3.6
    endloop
  endfacet
  facet normal 0 0 1
    outer loop
      vertex -6.9282 12 3.6
      vertex -8.31218 7.29045 3.6
      vertex -7.81804 7.81804 3.6
    endloop
  endfacet
  facet normal 0 0 1
    outer loop
      vertex -6.9282 12 3.6
      vertex -8.31262 7.28998 3.6
      vertex -8.31218 7.29045 3.6
    endloop
  endfacet
  facet normal 0 0 1
    outer loop
      vertex -6.9282 12 3.6
      vertex -8.7712 6.7312 3.6
      vertex -8.31262 7.28998 3.6
    endloop
  endfacet
  facet normal 0 0 1
    outer loop
      vertex -6.9282 12 3.6
      vertex -8.77161 6.7307 3.6
      vertex -8.7712 6.7312 3.6
    endloop
  endfacet
  facet normal 0 0 1
    outer loop
      vertex -6.9282 12 3.6
      vertex -9.19266 6.14313 3.6
      vertex -8.77161 6.7307 3.6
    endloop
  endfacet
  facet normal 0 0 1
    outer loop
      vertex -6.9282 12 3.6
      vertex -9.19304 6.14259 3.6
      vertex -9.19266 6.14313 3.6
    endloop
  endfacet
  facet normal 0 0 1
    outer loop
      vertex -6.9282 12 3.6
      vertex -9.57476 5.52875 3.6
      vertex -9.19304 6.14259 3.6
    endloop
  endfacet
  facet normal 0 0 1
    outer loop
      vertex -6.9282 12 3.6
      vertex -9.5751 5.52819 3.6
      vertex -9.57476 5.52875 3.6
    endloop
  endfacet
  facet normal 0 0 1
    outer loop
      vertex -13.8564 0 3.6
      vertex -9.5751 5.52819 3.6
      vertex -6.9282 12 3.6
    endloop
  endfacet
  facet normal 0 0 1
    outer loop
      vertex -9.5751 5.52819 3.6
      vertex -13.8564 0 3.6
      vertex -9.91585 4.89069 3.6
    endloop
  endfacet
  facet normal 0 0 1
    outer loop
      vertex -9.91585 4.89069 3.6
      vertex -13.8564 0 3.6
      vertex -9.91616 4.89011 3.6
    endloop
  endfacet
  facet normal 0 0 1
    outer loop
      vertex -9.91616 4.89011 3.6
      vertex -13.8564 0 3.6
      vertex -10.2145 4.23169 3.6
    endloop
  endfacet
  facet normal 0 0 1
    outer loop
      vertex -13.8564 0 3.6
      vertex -10.4694 3.55457 3.6
      vertex -10.2148 4.23109 3.6
    endloop
  endfacet
  facet normal 0 0 1
    outer loop
      vertex -13.8564 0 3.6
      vertex -10.8438 2.15763 3.6
      vertex -10.6796 2.8616 3.6
    endloop
  endfacet
  facet normal 0 0 1
    outer loop
      vertex -13.8564 0 3.6
      vertex -10.9617 1.44379 3.6
      vertex -10.8439 2.15699 3.6
    endloop
  endfacet
  facet normal 0 0 1
    outer loop
      vertex -11.0564 0.000654673 3.6
      vertex -13.8564 0 3.6
      vertex -11.0564 0 3.6
    endloop
  endfacet
  facet normal 0 0 1
    outer loop
      vertex -11.0327 0.723121 3.6
      vertex -13.8564 0 3.6
      vertex -11.0564 0.000654673 3.6
    endloop
  endfacet
  facet normal 0 0 1
    outer loop
      vertex -11.0326 0.723773 3.6
      vertex -13.8564 0 3.6
      vertex -11.0327 0.723121 3.6
    endloop
  endfacet
  facet normal 0 0 1
    outer loop
      vertex -10.9618 1.44315 3.6
      vertex -13.8564 0 3.6
      vertex -11.0326 0.723773 3.6
    endloop
  endfacet
  facet normal 0 0 1
    outer loop
      vertex -10.9617 1.44379 3.6
      vertex -13.8564 0 3.6
      vertex -10.9618 1.44315 3.6
    endloop
  endfacet
  facet normal 0 0 1
    outer loop
      vertex -10.8438 2.15763 3.6
      vertex -13.8564 0 3.6
      vertex -10.8439 2.15699 3.6
    endloop
  endfacet
  facet normal 0 0 1
    outer loop
      vertex -10.6795 2.86223 3.6
      vertex -13.8564 0 3.6
      vertex -10.6796 2.8616 3.6
    endloop
  endfacet
  facet normal 0 0 1
    outer loop
      vertex -10.4696 3.55396 3.6
      vertex -13.8564 0 3.6
      vertex -10.6795 2.86223 3.6
    endloop
  endfacet
  facet normal 0 0 1
    outer loop
      vertex -10.4694 3.55457 3.6
      vertex -13.8564 0 3.6
      vertex -10.4696 3.55396 3.6
    endloop
  endfacet
  facet normal 0 0 1
    outer loop
      vertex -10.2145 4.23169 3.6
      vertex -13.8564 0 3.6
      vertex -10.2148 4.23109 3.6
    endloop
  endfacet
  facet normal 0 0 1
    outer loop
      vertex 9.91616 -4.89011 3.6
      vertex 10.4126 -4.4615 3.6
      vertex 10.1314 -4.41507 3.6
    endloop
  endfacet
  facet normal 0 0 1
    outer loop
      vertex 9.91616 -4.89011 3.6
      vertex 10.7057 -4.49037 3.6
      vertex 10.4126 -4.4615 3.6
    endloop
  endfacet
  facet normal 0 0 1
    outer loop
      vertex 9.91585 -4.89069 3.6
      vertex 10.7057 -4.49037 3.6
      vertex 9.91616 -4.89011 3.6
    endloop
  endfacet
  facet normal 0 0 1
    outer loop
      vertex 10.7057 -4.49037 3.6
      vertex 9.91585 -4.89069 3.6
      vertex 11 -4.5 3.6
    endloop
  endfacet
  facet normal 0 0 1
    outer loop
      vertex 9.5751 -5.52819 3.6
      vertex 11 -4.5 3.6
      vertex 9.91585 -4.89069 3.6
    endloop
  endfacet
  facet normal -0 0 1
    outer loop
      vertex 11 -4.5 3.6
      vertex 9.5751 -5.52819 3.6
      vertex 11.2633 -4.49138 3.6
    endloop
  endfacet
  facet normal 0 0 1
    outer loop
      vertex 9.57476 -5.52875 3.6
      vertex 11.2633 -4.49138 3.6
      vertex 9.5751 -5.52819 3.6
    endloop
  endfacet
  facet normal 0 0 1
    outer loop
      vertex 9.19304 -6.14259 3.6
      vertex 11.2633 -4.49138 3.6
      vertex 9.57476 -5.52875 3.6
    endloop
  endfacet
  facet normal 0 0 1
    outer loop
      vertex 9.19266 -6.14313 3.6
      vertex 11.2633 -4.49138 3.6
      vertex 9.19304 -6.14259 3.6
    endloop
  endfacet
  facet normal 0 0 1
    outer loop
      vertex 8.77161 -6.7307 3.6
      vertex 11.2633 -4.49138 3.6
      vertex 9.19266 -6.14313 3.6
    endloop
  endfacet
  facet normal 0 0 1
    outer loop
      vertex 6.9282 -12 3.6
      vertex 8.77161 -6.7307 3.6
      vertex 8.7712 -6.7312 3.6
    endloop
  endfacet
  facet normal 0 0 1
    outer loop
      vertex 6.9282 -12 3.6
      vertex 8.7712 -6.7312 3.6
      vertex 8.31262 -7.28998 3.6
    endloop
  endfacet
  facet normal 0 0 1
    outer loop
      vertex 6.9282 -12 3.6
      vertex 8.31262 -7.28998 3.6
      vertex 8.31218 -7.29045 3.6
    endloop
  endfacet
  facet normal 0 0 1
    outer loop
      vertex 6.9282 -12 3.6
      vertex 8.31218 -7.29045 3.6
      vertex 7.81804 -7.81804 3.6
    endloop
  endfacet
  facet normal -0 0 1
    outer loop
      vertex 8.77161 -6.7307 3.6
      vertex 6.9282 -12 3.6
      vertex 11.2633 -4.49138 3.6
    endloop
  endfacet
  facet normal -0 0 1
    outer loop
      vertex 7.81756 -7.81849 3.6
      vertex 6.9282 -12 3.6
      vertex 7.81804 -7.81804 3.6
    endloop
  endfacet
  facet normal -0 0 1
    outer loop
      vertex 7.28998 -8.31262 3.6
      vertex 6.9282 -12 3.6
      vertex 7.81756 -7.81849 3.6
    endloop
  endfacet
  facet normal -0 0 1
    outer loop
      vertex 7.28947 -8.31304 3.6
      vertex 6.9282 -12 3.6
      vertex 7.28998 -8.31262 3.6
    endloop
  endfacet
  facet normal -0 0 1
    outer loop
      vertex 6.7307 -8.77161 3.6
      vertex 6.9282 -12 3.6
      vertex 7.28947 -8.31304 3.6
    endloop
  endfacet
  facet normal -0 0 1
    outer loop
      vertex 6.73016 -8.772 3.6
      vertex 6.9282 -12 3.6
      vertex 6.7307 -8.77161 3.6
    endloop
  endfacet
  facet normal -0 0 1
    outer loop
      vertex 6.14259 -9.19304 3.6
      vertex 6.9282 -12 3.6
      vertex 6.73016 -8.772 3.6
    endloop
  endfacet
  facet normal -0 0 1
    outer loop
      vertex 6.14204 -9.19339 3.6
      vertex 6.9282 -12 3.6
      vertex 6.14259 -9.19304 3.6
    endloop
  endfacet
  facet normal -0 0 1
    outer loop
      vertex 5.52819 -9.5751 3.6
      vertex 6.9282 -12 3.6
      vertex 6.14204 -9.19339 3.6
    endloop
  endfacet
  facet normal -0 0 1
    outer loop
      vertex 5.52761 -9.57541 3.6
      vertex 6.9282 -12 3.6
      vertex 5.52819 -9.5751 3.6
    endloop
  endfacet
  facet normal -0 0 1
    outer loop
      vertex 4.89011 -9.91616 3.6
      vertex 6.9282 -12 3.6
      vertex 5.52761 -9.57541 3.6
    endloop
  endfacet
  facet normal -0 0 1
    outer loop
      vertex 4.88951 -9.91643 3.6
      vertex 6.9282 -12 3.6
      vertex 4.89011 -9.91616 3.6
    endloop
  endfacet
  facet normal -0 0 1
    outer loop
      vertex 4.23109 -10.2148 3.6
      vertex 6.9282 -12 3.6
      vertex 4.88951 -9.91643 3.6
    endloop
  endfacet
  facet normal -0 0 1
    outer loop
      vertex 4.23048 -10.215 3.6
      vertex 6.9282 -12 3.6
      vertex 4.23109 -10.2148 3.6
    endloop
  endfacet
  facet normal -0 0 1
    outer loop
      vertex 3.55396 -10.4696 3.6
      vertex 6.9282 -12 3.6
      vertex 4.23048 -10.215 3.6
    endloop
  endfacet
  facet normal -0 0 1
    outer loop
      vertex 3.55333 -10.4698 3.6
      vertex 6.9282 -12 3.6
      vertex 3.55396 -10.4696 3.6
    endloop
  endfacet
  facet normal -0 0 1
    outer loop
      vertex 2.8616 -10.6796 3.6
      vertex 6.9282 -12 3.6
      vertex 3.55333 -10.4698 3.6
    endloop
  endfacet
  facet normal -0 0 1
    outer loop
      vertex 2.86096 -10.6798 3.6
      vertex 6.9282 -12 3.6
      vertex 2.8616 -10.6796 3.6
    endloop
  endfacet
  facet normal -0 0 1
    outer loop
      vertex 2.15699 -10.8439 3.6
      vertex 6.9282 -12 3.6
      vertex 2.86096 -10.6798 3.6
    endloop
  endfacet
  facet normal -0 0 1
    outer loop
      vertex 2.15635 -10.844 3.6
      vertex 6.9282 -12 3.6
      vertex 2.15699 -10.8439 3.6
    endloop
  endfacet
  facet normal -0 0 1
    outer loop
      vertex 1.44315 -10.9618 3.6
      vertex 6.9282 -12 3.6
      vertex 2.15635 -10.844 3.6
    endloop
  endfacet
  facet normal -0 0 1
    outer loop
      vertex 1.44249 -10.9619 3.6
      vertex 6.9282 -12 3.6
      vertex 1.44315 -10.9618 3.6
    endloop
  endfacet
  facet normal -0 0 1
    outer loop
      vertex 0.723121 -11.0327 3.6
      vertex 6.9282 -12 3.6
      vertex 1.44249 -10.9619 3.6
    endloop
  endfacet
  facet normal -0 0 1
    outer loop
      vertex 0.722466 -11.0327 3.6
      vertex 6.9282 -12 3.6
      vertex 0.723121 -11.0327 3.6
    endloop
  endfacet
  facet normal -0 0 1
    outer loop
      vertex 0 -11.0564 3.6
      vertex 6.9282 -12 3.6
      vertex 0.722466 -11.0327 3.6
    endloop
  endfacet
  facet normal 0 0 1
    outer loop
      vertex -6.9282 -12 3.6
      vertex 0 -11.0564 3.6
      vertex -0.000654673 -11.0564 3.6
    endloop
  endfacet
  facet normal 0 0 1
    outer loop
      vertex -6.9282 -12 3.6
      vertex -0.000654673 -11.0564 3.6
      vertex -0.723121 -11.0327 3.6
    endloop
  endfacet
  facet normal 0 0 1
    outer loop
      vertex -6.9282 -12 3.6
      vertex -0.723121 -11.0327 3.6
      vertex -0.723773 -11.0326 3.6
    endloop
  endfacet
  facet normal 0 0 1
    outer loop
      vertex -6.9282 -12 3.6
      vertex -0.723773 -11.0326 3.6
      vertex -1.44315 -10.9618 3.6
    endloop
  endfacet
  facet normal 0 0 1
    outer loop
      vertex -6.9282 -12 3.6
      vertex -1.44379 -10.9617 3.6
      vertex -2.15699 -10.8439 3.6
    endloop
  endfacet
  facet normal 0 0 1
    outer loop
      vertex -6.9282 -12 3.6
      vertex -2.15763 -10.8438 3.6
      vertex -2.8616 -10.6796 3.6
    endloop
  endfacet
  facet normal 0 0 1
    outer loop
      vertex -6.9282 -12 3.6
      vertex -3.55457 -10.4694 3.6
      vertex -4.23109 -10.2148 3.6
    endloop
  endfacet
  facet normal 0 0 1
    outer loop
      vertex -6.9282 -12 3.6
      vertex -4.89069 -9.91585 3.6
      vertex -5.52819 -9.5751 3.6
    endloop
  endfacet
  facet normal 0 0 1
    outer loop
      vertex -6.9282 -12 3.6
      vertex -5.52875 -9.57476 3.6
      vertex -6.14259 -9.19304 3.6
    endloop
  endfacet
  facet normal 0 0 1
    outer loop
      vertex 0 -11.0564 3.6
      vertex -6.9282 -12 3.6
      vertex 6.9282 -12 3.6
    endloop
  endfacet
  facet normal 0 0 1
    outer loop
      vertex -1.44379 -10.9617 3.6
      vertex -6.9282 -12 3.6
      vertex -1.44315 -10.9618 3.6
    endloop
  endfacet
  facet normal 0 0 1
    outer loop
      vertex -2.15763 -10.8438 3.6
      vertex -6.9282 -12 3.6
      vertex -2.15699 -10.8439 3.6
    endloop
  endfacet
  facet normal 0 0 1
    outer loop
      vertex -2.86223 -10.6795 3.6
      vertex -6.9282 -12 3.6
      vertex -2.8616 -10.6796 3.6
    endloop
  endfacet
  facet normal 0 0 1
    outer loop
      vertex -3.55396 -10.4696 3.6
      vertex -6.9282 -12 3.6
      vertex -2.86223 -10.6795 3.6
    endloop
  endfacet
  facet normal 0 0 1
    outer loop
      vertex -3.55457 -10.4694 3.6
      vertex -6.9282 -12 3.6
      vertex -3.55396 -10.4696 3.6
    endloop
  endfacet
  facet normal 0 0 1
    outer loop
      vertex -4.23169 -10.2145 3.6
      vertex -6.9282 -12 3.6
      vertex -4.23109 -10.2148 3.6
    endloop
  endfacet
  facet normal 0 0 1
    outer loop
      vertex -4.89011 -9.91616 3.6
      vertex -6.9282 -12 3.6
      vertex -4.23169 -10.2145 3.6
    endloop
  endfacet
  facet normal 0 0 1
    outer loop
      vertex -4.89069 -9.91585 3.6
      vertex -6.9282 -12 3.6
      vertex -4.89011 -9.91616 3.6
    endloop
  endfacet
  facet normal 0 0 1
    outer loop
      vertex -5.52875 -9.57476 3.6
      vertex -6.9282 -12 3.6
      vertex -5.52819 -9.5751 3.6
    endloop
  endfacet
  facet normal 0 0 1
    outer loop
      vertex -6.14313 -9.19266 3.6
      vertex -6.9282 -12 3.6
      vertex -6.14259 -9.19304 3.6
    endloop
  endfacet
  facet normal 0 0 1
    outer loop
      vertex -6.7307 -8.77161 3.6
      vertex -6.9282 -12 3.6
      vertex -6.14313 -9.19266 3.6
    endloop
  endfacet
  facet normal 0 0 1
    outer loop
      vertex -6.7312 -8.7712 3.6
      vertex -6.9282 -12 3.6
      vertex -6.7307 -8.77161 3.6
    endloop
  endfacet
  facet normal 0 0 1
    outer loop
      vertex -7.28998 -8.31262 3.6
      vertex -6.9282 -12 3.6
      vertex -6.7312 -8.7712 3.6
    endloop
  endfacet
  facet normal 0 0 1
    outer loop
      vertex -7.29045 -8.31218 3.6
      vertex -6.9282 -12 3.6
      vertex -7.28998 -8.31262 3.6
    endloop
  endfacet
  facet normal 0 0 1
    outer loop
      vertex -7.81804 -7.81804 3.6
      vertex -6.9282 -12 3.6
      vertex -7.29045 -8.31218 3.6
    endloop
  endfacet
  facet normal 0 0 1
    outer loop
      vertex -7.81849 -7.81756 3.6
      vertex -6.9282 -12 3.6
      vertex -7.81804 -7.81804 3.6
    endloop
  endfacet
  facet normal 0 0 1
    outer loop
      vertex -8.31262 -7.28998 3.6
      vertex -6.9282 -12 3.6
      vertex -7.81849 -7.81756 3.6
    endloop
  endfacet
  facet normal 0 0 1
    outer loop
      vertex -8.31304 -7.28947 3.6
      vertex -6.9282 -12 3.6
      vertex -8.31262 -7.28998 3.6
    endloop
  endfacet
  facet normal 0 0 1
    outer loop
      vertex -8.77161 -6.7307 3.6
      vertex -6.9282 -12 3.6
      vertex -8.31304 -7.28947 3.6
    endloop
  endfacet
  facet normal 0 0 1
    outer loop
      vertex -8.772 -6.73016 3.6
      vertex -6.9282 -12 3.6
      vertex -8.77161 -6.7307 3.6
    endloop
  endfacet
  facet normal 0 0 1
    outer loop
      vertex -9.19304 -6.14259 3.6
      vertex -6.9282 -12 3.6
      vertex -8.772 -6.73016 3.6
    endloop
  endfacet
  facet normal 0 0 1
    outer loop
      vertex -9.19339 -6.14204 3.6
      vertex -6.9282 -12 3.6
      vertex -9.19304 -6.14259 3.6
    endloop
  endfacet
  facet normal 0 0 1
    outer loop
      vertex -9.5751 -5.52819 3.6
      vertex -6.9282 -12 3.6
      vertex -9.19339 -6.14204 3.6
    endloop
  endfacet
  facet normal 0 0 1
    outer loop
      vertex -13.8564 0 3.6
      vertex -9.5751 -5.52819 3.6
      vertex -9.57541 -5.52761 3.6
    endloop
  endfacet
  facet normal 0 0 1
    outer loop
      vertex -13.8564 0 3.6
      vertex -9.57541 -5.52761 3.6
      vertex -9.91616 -4.89011 3.6
    endloop
  endfacet
  facet normal 0 0 1
    outer loop
      vertex -13.8564 0 3.6
      vertex -9.91616 -4.89011 3.6
      vertex -9.91643 -4.88951 3.6
    endloop
  endfacet
  facet normal 0 0 1
    outer loop
      vertex -13.8564 0 3.6
      vertex -9.91643 -4.88951 3.6
      vertex -10.2148 -4.23109 3.6
    endloop
  endfacet
  facet normal 0 0 1
    outer loop
      vertex -13.8564 0 3.6
      vertex -10.215 -4.23048 3.6
      vertex -10.4696 -3.55396 3.6
    endloop
  endfacet
  facet normal 0 0 1
    outer loop
      vertex -13.8564 0 3.6
      vertex -10.4698 -3.55333 3.6
      vertex -10.6796 -2.8616 3.6
    endloop
  endfacet
  facet normal 0 0 1
    outer loop
      vertex -13.8564 0 3.6
      vertex -10.9619 -1.44249 3.6
      vertex -11.0327 -0.723121 3.6
    endloop
  endfacet
  facet normal 0 0 1
    outer loop
      vertex -9.5751 -5.52819 3.6
      vertex -13.8564 0 3.6
      vertex -6.9282 -12 3.6
    endloop
  endfacet
  facet normal 0 0 1
    outer loop
      vertex -10.215 -4.23048 3.6
      vertex -13.8564 0 3.6
      vertex -10.2148 -4.23109 3.6
    endloop
  endfacet
  facet normal 0 0 1
    outer loop
      vertex -10.4698 -3.55333 3.6
      vertex -13.8564 0 3.6
      vertex -10.4696 -3.55396 3.6
    endloop
  endfacet
  facet normal 0 0 1
    outer loop
      vertex -10.6798 -2.86096 3.6
      vertex -13.8564 0 3.6
      vertex -10.6796 -2.8616 3.6
    endloop
  endfacet
  facet normal 0 0 1
    outer loop
      vertex -10.8439 -2.15699 3.6
      vertex -13.8564 0 3.6
      vertex -10.6798 -2.86096 3.6
    endloop
  endfacet
  facet normal 0 0 1
    outer loop
      vertex -10.844 -2.15635 3.6
      vertex -13.8564 0 3.6
      vertex -10.8439 -2.15699 3.6
    endloop
  endfacet
  facet normal 0 0 1
    outer loop
      vertex -10.9618 -1.44315 3.6
      vertex -13.8564 0 3.6
      vertex -10.844 -2.15635 3.6
    endloop
  endfacet
  facet normal 0 0 1
    outer loop
      vertex -10.9619 -1.44249 3.6
      vertex -13.8564 0 3.6
      vertex -10.9618 -1.44315 3.6
    endloop
  endfacet
  facet normal 0 0 1
    outer loop
      vertex -11.0327 -0.722466 3.6
      vertex -13.8564 0 3.6
      vertex -11.0327 -0.723121 3.6
    endloop
  endfacet
  facet normal -0 0 1
    outer loop
      vertex -13.8564 0 3.6
      vertex -11.0327 -0.722466 3.6
      vertex -11.0564 0 3.6
    endloop
  endfacet
  facet normal 0 0 -1
    outer loop
      vertex 18.0047 -0.196213 0
      vertex 18.0047 0.196213 0
      vertex 18.0111 0 0
    endloop
  endfacet
  facet normal 0 0 -1
    outer loop
      vertex 17.9854 -0.391586 0
      vertex 18.0047 0.196213 0
      vertex 18.0047 -0.196213 0
    endloop
  endfacet
  facet normal 0 0 -1
    outer loop
      vertex 17.9854 -0.391586 0
      vertex 17.9854 0.391571 0
      vertex 18.0047 0.196213 0
    endloop
  endfacet
  facet normal 0 0 -1
    outer loop
      vertex 17.9534 -0.585266 0
      vertex 17.9854 0.391571 0
      vertex 17.9854 -0.391586 0
    endloop
  endfacet
  facet normal 0 0 -1
    outer loop
      vertex 17.9534 -0.585266 0
      vertex 17.9534 0.585266 0
      vertex 17.9854 0.391571 0
    endloop
  endfacet
  facet normal 0 0 -1
    outer loop
      vertex 17.9089 -0.776459 0
      vertex 17.9534 0.585266 0
      vertex 17.9534 -0.585266 0
    endloop
  endfacet
  facet normal 0 0 -1
    outer loop
      vertex 17.9089 -0.776459 0
      vertex 17.9089 0.776459 0
      vertex 17.9534 0.585266 0
    endloop
  endfacet
  facet normal 0 0 -1
    outer loop
      vertex 17.8519 -0.964325 0
      vertex 17.9089 0.776459 0
      vertex 17.9089 -0.776459 0
    endloop
  endfacet
  facet normal 0 0 -1
    outer loop
      vertex 17.8519 -0.964325 0
      vertex 17.8519 0.964325 0
      vertex 17.9089 0.776459 0
    endloop
  endfacet
  facet normal 0 0 -1
    outer loop
      vertex 17.7827 -1.14806 0
      vertex 17.8519 0.964325 0
      vertex 17.8519 -0.964325 0
    endloop
  endfacet
  facet normal 0 0 -1
    outer loop
      vertex 17.7827 -1.14806 0
      vertex 17.7827 1.14806 0
      vertex 17.8519 0.964325 0
    endloop
  endfacet
  facet normal 0 0 -1
    outer loop
      vertex 17.7017 -1.32687 0
      vertex 17.7827 1.14806 0
      vertex 17.7827 -1.14806 0
    endloop
  endfacet
  facet normal 0 0 -1
    outer loop
      vertex 17.7017 -1.32687 0
      vertex 17.7017 1.32686 0
      vertex 17.7827 1.14806 0
    endloop
  endfacet
  facet normal 0 0 -1
    outer loop
      vertex 17.6092 -1.5 0
      vertex 17.7017 1.32686 0
      vertex 17.7017 -1.32687 0
    endloop
  endfacet
  facet normal 0 0 -1
    outer loop
      vertex 17.6092 -1.5 0
      vertex 17.6092 1.5 0
      vertex 17.7017 1.32686 0
    endloop
  endfacet
  facet normal 0 0 -1
    outer loop
      vertex 6.91963 -3.99505 0
      vertex 17.6092 -1.5 0
      vertex 10.1036 -14.5 0
    endloop
  endfacet
  facet normal 0 -0 -1
    outer loop
      vertex 7.38002 -3.06181 0
      vertex 17.6092 -1.5 0
      vertex 7.16611 -3.53393 0
    endloop
  endfacet
  facet normal 0 0 -1
    outer loop
      vertex 7.50554 -16 0
      vertex 10.1036 -14.5 0
      vertex 9.99995 -14.6667 0
    endloop
  endfacet
  facet normal 0 0 -1
    outer loop
      vertex 7.97315 0.518047 0
      vertex 17.6092 1.5 0
      vertex 7.9901 0 0
    endloop
  endfacet
  facet normal 0 0 -1
    outer loop
      vertex 7.50554 -16 0
      vertex 9.99995 -14.6667 0
      vertex 9.8856 -14.8263 0
    endloop
  endfacet
  facet normal 0 0 -1
    outer loop
      vertex 7.973 0.522578 0
      vertex 17.6092 1.5 0
      vertex 7.97315 0.518047 0
    endloop
  endfacet
  facet normal 0 0 -1
    outer loop
      vertex 7.50554 -16 0
      vertex 9.8856 -14.8263 0
      vertex 9.76106 -14.978 0
    endloop
  endfacet
  facet normal 0 0 -1
    outer loop
      vertex 7.92219 1.03841 0
      vertex 17.6092 1.5 0
      vertex 7.973 0.522578 0
    endloop
  endfacet
  facet normal 0 0 -1
    outer loop
      vertex 7.50554 -16 0
      vertex 9.76106 -14.978 0
      vertex 9.62686 -15.1213 0
    endloop
  endfacet
  facet normal 0 0 -1
    outer loop
      vertex 7.92175 1.04292 0
      vertex 17.6092 1.5 0
      vertex 7.92219 1.03841 0
    endloop
  endfacet
  facet normal 0 0 -1
    outer loop
      vertex 7.50554 -16 0
      vertex 9.62686 -15.1213 0
      vertex 9.48358 -15.2555 0
    endloop
  endfacet
  facet normal 0 0 -1
    outer loop
      vertex 7.83732 1.55432 0
      vertex 17.6092 1.5 0
      vertex 7.92175 1.04292 0
    endloop
  endfacet
  facet normal 0 0 -1
    outer loop
      vertex 7.50554 -16 0
      vertex 9.48358 -15.2555 0
      vertex 9.33182 -15.3801 0
    endloop
  endfacet
  facet normal 0 0 -1
    outer loop
      vertex 7.83658 1.55879 0
      vertex 17.6092 1.5 0
      vertex 7.83732 1.55432 0
    endloop
  endfacet
  facet normal 0 0 -1
    outer loop
      vertex 7.50554 -16 0
      vertex 9.33182 -15.3801 0
      vertex 9.17226 -15.4944 0
    endloop
  endfacet
  facet normal 0 0 -1
    outer loop
      vertex 7.71888 2.06358 0
      vertex 17.6092 1.5 0
      vertex 7.83658 1.55879 0
    endloop
  endfacet
  facet normal 0 0 -1
    outer loop
      vertex 7.50554 -16 0
      vertex 9.17226 -15.4944 0
      vertex 9.00554 -15.5981 0
    endloop
  endfacet
  facet normal 0 0 -1
    outer loop
      vertex 7.71785 2.06799 0
      vertex 17.6092 1.5 0
      vertex 7.71888 2.06358 0
    endloop
  endfacet
  facet normal 0 0 -1
    outer loop
      vertex 7.50554 -16 0
      vertex 9.00554 -15.5981 0
      vertex 8.8324 -15.6906 0
    endloop
  endfacet
  facet normal 0 0 -1
    outer loop
      vertex 7.56739 2.564 0
      vertex 17.6092 1.5 0
      vertex 7.71785 2.06799 0
    endloop
  endfacet
  facet normal 0 0 -1
    outer loop
      vertex 7.50554 -16 0
      vertex 8.8324 -15.6906 0
      vertex 8.65359 -15.7716 0
    endloop
  endfacet
  facet normal 0 0 -1
    outer loop
      vertex 7.56607 2.56833 0
      vertex 17.6092 1.5 0
      vertex 7.56739 2.564 0
    endloop
  endfacet
  facet normal 0 0 -1
    outer loop
      vertex 7.50554 -16 0
      vertex 8.65359 -15.7716 0
      vertex 8.46986 -15.8408 0
    endloop
  endfacet
  facet normal 0 0 -1
    outer loop
      vertex 7.38349 3.05344 0
      vertex 17.6092 1.5 0
      vertex 7.56607 2.56833 0
    endloop
  endfacet
  facet normal 0 0 -1
    outer loop
      vertex 7.50554 -16 0
      vertex 8.46986 -15.8408 0
      vertex 8.282 -15.8978 0
    endloop
  endfacet
  facet normal 0 0 -1
    outer loop
      vertex 7.38189 3.05768 0
      vertex 17.6092 1.5 0
      vertex 7.38349 3.05344 0
    endloop
  endfacet
  facet normal 0 0 -1
    outer loop
      vertex 7.50554 -16 0
      vertex 8.282 -15.8978 0
      vertex 8.09081 -15.9424 0
    endloop
  endfacet
  facet normal 0 0 -1
    outer loop
      vertex 7.16798 3.5298 0
      vertex 17.6092 1.5 0
      vertex 7.38189 3.05768 0
    endloop
  endfacet
  facet normal 0 0 -1
    outer loop
      vertex 7.16611 3.53393 0
      vertex 17.6092 1.5 0
      vertex 7.16798 3.5298 0
    endloop
  endfacet
  facet normal 0 0 -1
    outer loop
      vertex 17.6092 -1.5 0
      vertex 7.9901 0 0
      vertex 17.6092 1.5 0
    endloop
  endfacet
  facet normal 0 -0 -1
    outer loop
      vertex 7.9901 0 0
      vertex 17.6092 -1.5 0
      vertex 7.98996 -0.00453042 0
    endloop
  endfacet
  facet normal 0 -0 -1
    outer loop
      vertex 7.98996 -0.00453042 0
      vertex 17.6092 -1.5 0
      vertex 7.973 -0.522578 0
    endloop
  endfacet
  facet normal 0 -0 -1
    outer loop
      vertex 7.973 -0.522578 0
      vertex 17.6092 -1.5 0
      vertex 7.97255 -0.527089 0
    endloop
  endfacet
  facet normal 0 -0 -1
    outer loop
      vertex 7.97255 -0.527089 0
      vertex 17.6092 -1.5 0
      vertex 7.92175 -1.04292 0
    endloop
  endfacet
  facet normal 0 0 -1
    outer loop
      vertex 7.50554 -16 0
      vertex 8.09081 -15.9424 0
      vertex 7.89711 -15.9743 0
    endloop
  endfacet
  facet normal 0 -0 -1
    outer loop
      vertex 7.92175 -1.04292 0
      vertex 17.6092 -1.5 0
      vertex 7.92101 -1.04739 0
    endloop
  endfacet
  facet normal 0 -0 -1
    outer loop
      vertex 7.92101 -1.04739 0
      vertex 17.6092 -1.5 0
      vertex 7.83658 -1.55879 0
    endloop
  endfacet
  facet normal 0 -0 -1
    outer loop
      vertex 7.83658 -1.55879 0
      vertex 17.6092 -1.5 0
      vertex 7.83555 -1.56321 0
    endloop
  endfacet
  facet normal 0 -0 -1
    outer loop
      vertex 7.83555 -1.56321 0
      vertex 17.6092 -1.5 0
      vertex 7.71785 -2.06799 0
    endloop
  endfacet
  facet normal 0 0 -1
    outer loop
      vertex 7.50554 -16 0
      vertex 7.89711 -15.9743 0
      vertex 7.70175 -15.9936 0
    endloop
  endfacet
  facet normal 0 -0 -1
    outer loop
      vertex 7.71785 -2.06799 0
      vertex 17.6092 -1.5 0
      vertex 7.71653 -2.07233 0
    endloop
  endfacet
  facet normal 0 -0 -1
    outer loop
      vertex 7.71653 -2.07233 0
      vertex 17.6092 -1.5 0
      vertex 7.56607 -2.56833 0
    endloop
  endfacet
  facet normal -0 0 -1
    outer loop
      vertex 10.1036 -14.5 0
      vertex 7.50554 -16 0
      vertex 3.99505 -6.91963 0
    endloop
  endfacet
  facet normal 0 -0 -1
    outer loop
      vertex 7.56607 -2.56833 0
      vertex 17.6092 -1.5 0
      vertex 7.56447 -2.57258 0
    endloop
  endfacet
  facet normal 0 -0 -1
    outer loop
      vertex 7.56447 -2.57258 0
      vertex 17.6092 -1.5 0
      vertex 7.38189 -3.05768 0
    endloop
  endfacet
  facet normal 0 -0 -1
    outer loop
      vertex 7.38189 -3.05768 0
      vertex 17.6092 -1.5 0
      vertex 7.38002 -3.06181 0
    endloop
  endfacet
  facet normal 0 0 -1
    outer loop
      vertex 17.6092 -1.5 0
      vertex 7.16397 -3.53793 0
      vertex 7.16611 -3.53393 0
    endloop
  endfacet
  facet normal 0 0 -1
    outer loop
      vertex 17.6092 -1.5 0
      vertex 6.91963 -3.99505 0
      vertex 7.16397 -3.53793 0
    endloop
  endfacet
  facet normal 0 0 -1
    outer loop
      vertex 10.1036 -14.5 0
      vertex 6.91724 -3.9989 0
      vertex 6.91963 -3.99505 0
    endloop
  endfacet
  facet normal 0 0 -1
    outer loop
      vertex 10.1036 -14.5 0
      vertex 6.64353 -4.43906 0
      vertex 6.91724 -3.9989 0
    endloop
  endfacet
  facet normal 0 0 -1
    outer loop
      vertex 10.1036 -14.5 0
      vertex 6.64089 -4.44275 0
      vertex 6.64353 -4.43906 0
    endloop
  endfacet
  facet normal 0 0 -1
    outer loop
      vertex 10.1036 -14.5 0
      vertex 6.33898 -4.86407 0
      vertex 6.64089 -4.44275 0
    endloop
  endfacet
  facet normal 0 0 -1
    outer loop
      vertex 10.1036 -14.5 0
      vertex 6.3361 -4.86757 0
      vertex 6.33898 -4.86407 0
    endloop
  endfacet
  facet normal 0 0 -1
    outer loop
      vertex 10.1036 -14.5 0
      vertex 6.00728 -5.26824 0
      vertex 6.3361 -4.86757 0
    endloop
  endfacet
  facet normal 0 0 -1
    outer loop
      vertex 10.1036 -14.5 0
      vertex 5.64986 -5.64986 0
      vertex 6.00728 -5.26824 0
    endloop
  endfacet
  facet normal 0 0 -1
    outer loop
      vertex 10.1036 -14.5 0
      vertex 5.26824 -6.00728 0
      vertex 5.64986 -5.64986 0
    endloop
  endfacet
  facet normal 0 0 -1
    outer loop
      vertex 10.1036 -14.5 0
      vertex 5.26474 -6.01015 0
      vertex 5.26824 -6.00728 0
    endloop
  endfacet
  facet normal 0 0 -1
    outer loop
      vertex 10.1036 -14.5 0
      vertex 4.86407 -6.33898 0
      vertex 5.26474 -6.01015 0
    endloop
  endfacet
  facet normal 0 0 -1
    outer loop
      vertex 10.1036 -14.5 0
      vertex 4.86038 -6.34162 0
      vertex 4.86407 -6.33898 0
    endloop
  endfacet
  facet normal 0 0 -1
    outer loop
      vertex 10.1036 -14.5 0
      vertex 4.43906 -6.64353 0
      vertex 4.86038 -6.34162 0
    endloop
  endfacet
  facet normal 0 0 -1
    outer loop
      vertex 10.1036 -14.5 0
      vertex 4.43521 -6.64592 0
      vertex 4.43906 -6.64353 0
    endloop
  endfacet
  facet normal 0 0 -1
    outer loop
      vertex 10.1036 -14.5 0
      vertex 3.99505 -6.91963 0
      vertex 4.43521 -6.64592 0
    endloop
  endfacet
  facet normal 0 0 -1
    outer loop
      vertex 7.50554 -16 0
      vertex 3.99105 -6.92177 0
      vertex 3.99505 -6.91963 0
    endloop
  endfacet
  facet normal 0 0 -1
    outer loop
      vertex 7.50554 -16 0
      vertex 3.53393 -7.16611 0
      vertex 3.99105 -6.92177 0
    endloop
  endfacet
  facet normal 0 0 -1
    outer loop
      vertex 7.50554 -16 0
      vertex 3.5298 -7.16798 0
      vertex 3.53393 -7.16611 0
    endloop
  endfacet
  facet normal 0 0 -1
    outer loop
      vertex 7.50554 -16 0
      vertex 3.05768 -7.38189 0
      vertex 3.5298 -7.16798 0
    endloop
  endfacet
  facet normal 0 0 -1
    outer loop
      vertex 7.50554 -16 0
      vertex 3.05344 -7.38349 0
      vertex 3.05768 -7.38189 0
    endloop
  endfacet
  facet normal 0 0 -1
    outer loop
      vertex 7.50554 -16 0
      vertex 2.56833 -7.56607 0
      vertex 3.05344 -7.38349 0
    endloop
  endfacet
  facet normal 0 0 -1
    outer loop
      vertex 7.50554 -16 0
      vertex 2.564 -7.56739 0
      vertex 2.56833 -7.56607 0
    endloop
  endfacet
  facet normal 0 0 -1
    outer loop
      vertex 7.50554 -16 0
      vertex 2.06799 -7.71785 0
      vertex 2.564 -7.56739 0
    endloop
  endfacet
  facet normal 0 0 -1
    outer loop
      vertex 7.50554 -16 0
      vertex 2.06358 -7.71888 0
      vertex 2.06799 -7.71785 0
    endloop
  endfacet
  facet normal 0 0 -1
    outer loop
      vertex 7.50554 -16 0
      vertex 1.55879 -7.83658 0
      vertex 2.06358 -7.71888 0
    endloop
  endfacet
  facet normal 0 0 -1
    outer loop
      vertex 7.50554 -16 0
      vertex 1.55432 -7.83732 0
      vertex 1.55879 -7.83658 0
    endloop
  endfacet
  facet normal 0 0 -1
    outer loop
      vertex 7.50554 -16 0
      vertex 1.04292 -7.92175 0
      vertex 1.55432 -7.83732 0
    endloop
  endfacet
  facet normal 0 0 -1
    outer loop
      vertex 7.50554 -16 0
      vertex 1.03841 -7.92219 0
      vertex 1.04292 -7.92175 0
    endloop
  endfacet
  facet normal 0 0 -1
    outer loop
      vertex 7.50554 -16 0
      vertex 0.522578 -7.973 0
      vertex 1.03841 -7.92219 0
    endloop
  endfacet
  facet normal 0 0 -1
    outer loop
      vertex 7.50554 -16 0
      vertex 0.518047 -7.97315 0
      vertex 0.522578 -7.973 0
    endloop
  endfacet
  facet normal 0 0 -1
    outer loop
      vertex 7.50554 -16 0
      vertex 0 -7.9901 0
      vertex 0.518047 -7.97315 0
    endloop
  endfacet
  facet normal 0 0 -1
    outer loop
      vertex -7.50554 -16 0
      vertex 0 -7.9901 0
      vertex 7.50554 -16 0
    endloop
  endfacet
  facet normal -0 0 -1
    outer loop
      vertex 0 -7.9901 0
      vertex -7.50554 -16 0
      vertex -0.00453042 -7.98996 0
    endloop
  endfacet
  facet normal -0 0 -1
    outer loop
      vertex -0.00453042 -7.98996 0
      vertex -7.50554 -16 0
      vertex -0.522578 -7.973 0
    endloop
  endfacet
  facet normal -0 0 -1
    outer loop
      vertex -0.522578 -7.973 0
      vertex -7.50554 -16 0
      vertex -0.527089 -7.97255 0
    endloop
  endfacet
  facet normal -0 0 -1
    outer loop
      vertex -0.527089 -7.97255 0
      vertex -7.50554 -16 0
      vertex -1.04292 -7.92175 0
    endloop
  endfacet
  facet normal -0 0 -1
    outer loop
      vertex -1.04292 -7.92175 0
      vertex -7.50554 -16 0
      vertex -1.04739 -7.92101 0
    endloop
  endfacet
  facet normal -0 0 -1
    outer loop
      vertex -1.04739 -7.92101 0
      vertex -7.50554 -16 0
      vertex -1.55879 -7.83658 0
    endloop
  endfacet
  facet normal -0 0 -1
    outer loop
      vertex -1.55879 -7.83658 0
      vertex -7.50554 -16 0
      vertex -1.56321 -7.83555 0
    endloop
  endfacet
  facet normal -0 0 -1
    outer loop
      vertex -1.56321 -7.83555 0
      vertex -7.50554 -16 0
      vertex -2.06799 -7.71785 0
    endloop
  endfacet
  facet normal -0 0 -1
    outer loop
      vertex -2.06799 -7.71785 0
      vertex -7.50554 -16 0
      vertex -2.07233 -7.71653 0
    endloop
  endfacet
  facet normal -0 0 -1
    outer loop
      vertex -2.07233 -7.71653 0
      vertex -7.50554 -16 0
      vertex -2.56833 -7.56607 0
    endloop
  endfacet
  facet normal -0 0 -1
    outer loop
      vertex -2.56833 -7.56607 0
      vertex -7.50554 -16 0
      vertex -2.57258 -7.56447 0
    endloop
  endfacet
  facet normal -0 0 -1
    outer loop
      vertex -2.57258 -7.56447 0
      vertex -7.50554 -16 0
      vertex -3.05768 -7.38189 0
    endloop
  endfacet
  facet normal -0 0 -1
    outer loop
      vertex -3.05768 -7.38189 0
      vertex -7.50554 -16 0
      vertex -3.06181 -7.38002 0
    endloop
  endfacet
  facet normal -0 0 -1
    outer loop
      vertex -3.06181 -7.38002 0
      vertex -7.50554 -16 0
      vertex -3.53393 -7.16611 0
    endloop
  endfacet
  facet normal -0 0 -1
    outer loop
      vertex -3.53393 -7.16611 0
      vertex -7.50554 -16 0
      vertex -3.53793 -7.16397 0
    endloop
  endfacet
  facet normal -0 0 -1
    outer loop
      vertex -3.53793 -7.16397 0
      vertex -7.50554 -16 0
      vertex -3.99505 -6.91963 0
    endloop
  endfacet
  facet normal 0 0 -1
    outer loop
      vertex -10.1036 -14.5 0
      vertex -3.99505 -6.91963 0
      vertex -7.50554 -16 0
    endloop
  endfacet
  facet normal -0 0 -1
    outer loop
      vertex -3.99505 -6.91963 0
      vertex -10.1036 -14.5 0
      vertex -3.9989 -6.91724 0
    endloop
  endfacet
  facet normal -0 0 -1
    outer loop
      vertex -3.9989 -6.91724 0
      vertex -10.1036 -14.5 0
      vertex -4.43906 -6.64353 0
    endloop
  endfacet
  facet normal 0 0 -1
    outer loop
      vertex -10.1036 -14.5 0
      vertex -4.86757 -6.3361 0
      vertex -4.86407 -6.33898 0
    endloop
  endfacet
  facet normal 0 0 -1
    outer loop
      vertex -10.1036 -14.5 0
      vertex -6.34162 -4.86038 0
      vertex -6.33898 -4.86407 0
    endloop
  endfacet
  facet normal 0 0 -1
    outer loop
      vertex -17.6092 -1.5 0
      vertex -6.92177 -3.99105 0
      vertex -6.91963 -3.99505 0
    endloop
  endfacet
  facet normal 0 0 -1
    outer loop
      vertex -17.6092 -1.5 0
      vertex -7.16798 -3.5298 0
      vertex -7.16611 -3.53393 0
    endloop
  endfacet
  facet normal -0 0 -1
    outer loop
      vertex -4.43906 -6.64353 0
      vertex -10.1036 -14.5 0
      vertex -4.44275 -6.64089 0
    endloop
  endfacet
  facet normal -0 0 -1
    outer loop
      vertex -4.44275 -6.64089 0
      vertex -10.1036 -14.5 0
      vertex -4.86407 -6.33898 0
    endloop
  endfacet
  facet normal -0 0 -1
    outer loop
      vertex -4.86757 -6.3361 0
      vertex -10.1036 -14.5 0
      vertex -5.26824 -6.00728 0
    endloop
  endfacet
  facet normal -0 0 -1
    outer loop
      vertex -5.26824 -6.00728 0
      vertex -10.1036 -14.5 0
      vertex -5.64986 -5.64986 0
    endloop
  endfacet
  facet normal -0 0 -1
    outer loop
      vertex -5.64986 -5.64986 0
      vertex -10.1036 -14.5 0
      vertex -6.00728 -5.26824 0
    endloop
  endfacet
  facet normal -0 0 -1
    outer loop
      vertex -6.00728 -5.26824 0
      vertex -10.1036 -14.5 0
      vertex -6.01015 -5.26474 0
    endloop
  endfacet
  facet normal -0 0 -1
    outer loop
      vertex -6.01015 -5.26474 0
      vertex -10.1036 -14.5 0
      vertex -6.33898 -4.86407 0
    endloop
  endfacet
  facet normal -0 0 -1
    outer loop
      vertex -6.34162 -4.86038 0
      vertex -10.1036 -14.5 0
      vertex -6.64353 -4.43906 0
    endloop
  endfacet
  facet normal -0 0 -1
    outer loop
      vertex -6.64353 -4.43906 0
      vertex -10.1036 -14.5 0
      vertex -6.64592 -4.43521 0
    endloop
  endfacet
  facet normal -0 0 -1
    outer loop
      vertex -6.64592 -4.43521 0
      vertex -10.1036 -14.5 0
      vertex -6.91963 -3.99505 0
    endloop
  endfacet
  facet normal 0 0 -1
    outer loop
      vertex -17.6092 -1.5 0
      vertex -6.91963 -3.99505 0
      vertex -10.1036 -14.5 0
    endloop
  endfacet
  facet normal 0 0 -1
    outer loop
      vertex -6.92177 -3.99105 0
      vertex -17.6092 -1.5 0
      vertex -7.16611 -3.53393 0
    endloop
  endfacet
  facet normal 0 0 -1
    outer loop
      vertex -7.16798 -3.5298 0
      vertex -17.6092 -1.5 0
      vertex -7.38189 -3.05768 0
    endloop
  endfacet
  facet normal 0 0 -1
    outer loop
      vertex -7.38189 -3.05768 0
      vertex -17.6092 -1.5 0
      vertex -7.38349 -3.05344 0
    endloop
  endfacet
  facet normal 0 0 -1
    outer loop
      vertex -10.1036 -14.5 0
      vertex -7.50554 -16 0
      vertex -7.70175 -15.9936 0
    endloop
  endfacet
  facet normal 0 0 -1
    outer loop
      vertex -7.38349 -3.05344 0
      vertex -17.6092 -1.5 0
      vertex -7.56607 -2.56833 0
    endloop
  endfacet
  facet normal 0 0 -1
    outer loop
      vertex -7.56607 -2.56833 0
      vertex -17.6092 -1.5 0
      vertex -7.56739 -2.564 0
    endloop
  endfacet
  facet normal 0 0 -1
    outer loop
      vertex -7.56739 -2.564 0
      vertex -17.6092 -1.5 0
      vertex -7.71785 -2.06799 0
    endloop
  endfacet
  facet normal 0 0 -1
    outer loop
      vertex -7.71785 -2.06799 0
      vertex -17.6092 -1.5 0
      vertex -7.71888 -2.06358 0
    endloop
  endfacet
  facet normal 0 0 -1
    outer loop
      vertex -10.1036 -14.5 0
      vertex -7.70175 -15.9936 0
      vertex -7.89711 -15.9743 0
    endloop
  endfacet
  facet normal 0 0 -1
    outer loop
      vertex -7.71888 -2.06358 0
      vertex -17.6092 -1.5 0
      vertex -7.83658 -1.55879 0
    endloop
  endfacet
  facet normal 0 0 -1
    outer loop
      vertex -7.83658 -1.55879 0
      vertex -17.6092 -1.5 0
      vertex -7.83732 -1.55432 0
    endloop
  endfacet
  facet normal 0 0 -1
    outer loop
      vertex -7.83732 -1.55432 0
      vertex -17.6092 -1.5 0
      vertex -7.92175 -1.04292 0
    endloop
  endfacet
  facet normal -0 0 -1
    outer loop
      vertex -7.92175 -1.04292 0
      vertex -17.6092 -1.5 0
      vertex -7.92219 -1.03841 0
    endloop
  endfacet
  facet normal -0 0 -1
    outer loop
      vertex -7.92219 -1.03841 0
      vertex -17.6092 -1.5 0
      vertex -7.973 -0.522578 0
    endloop
  endfacet
  facet normal 0 0 -1
    outer loop
      vertex -10.1036 -14.5 0
      vertex -7.89711 -15.9743 0
      vertex -8.09081 -15.9424 0
    endloop
  endfacet
  facet normal 0 0 -1
    outer loop
      vertex 6.92177 3.99105 0
      vertex 17.6092 1.5 0
      vertex 7.16611 3.53393 0
    endloop
  endfacet
  facet normal 0 0 -1
    outer loop
      vertex 6.91963 3.99505 0
      vertex 17.6092 1.5 0
      vertex 6.92177 3.99105 0
    endloop
  endfacet
  facet normal 0 0 -1
    outer loop
      vertex 17.6092 1.5 0
      vertex 6.91963 3.99505 0
      vertex 10.1036 14.5 0
    endloop
  endfacet
  facet normal 0 0 -1
    outer loop
      vertex 6.64592 4.43521 0
      vertex 10.1036 14.5 0
      vertex 6.91963 3.99505 0
    endloop
  endfacet
  facet normal 0 0 -1
    outer loop
      vertex 6.64353 4.43906 0
      vertex 10.1036 14.5 0
      vertex 6.64592 4.43521 0
    endloop
  endfacet
  facet normal 0 0 -1
    outer loop
      vertex 6.34162 4.86038 0
      vertex 10.1036 14.5 0
      vertex 6.64353 4.43906 0
    endloop
  endfacet
  facet normal 0 0 -1
    outer loop
      vertex 6.33898 4.86407 0
      vertex 10.1036 14.5 0
      vertex 6.34162 4.86038 0
    endloop
  endfacet
  facet normal 0 0 -1
    outer loop
      vertex 6.01015 5.26474 0
      vertex 10.1036 14.5 0
      vertex 6.33898 4.86407 0
    endloop
  endfacet
  facet normal 0 0 -1
    outer loop
      vertex 6.00728 5.26824 0
      vertex 10.1036 14.5 0
      vertex 6.01015 5.26474 0
    endloop
  endfacet
  facet normal 0 0 -1
    outer loop
      vertex 5.64986 5.64986 0
      vertex 10.1036 14.5 0
      vertex 6.00728 5.26824 0
    endloop
  endfacet
  facet normal 0 0 -1
    outer loop
      vertex 5.26824 6.00728 0
      vertex 10.1036 14.5 0
      vertex 5.64986 5.64986 0
    endloop
  endfacet
  facet normal 0 0 -1
    outer loop
      vertex 4.86757 6.3361 0
      vertex 10.1036 14.5 0
      vertex 5.26824 6.00728 0
    endloop
  endfacet
  facet normal 0 0 -1
    outer loop
      vertex 4.86407 6.33898 0
      vertex 10.1036 14.5 0
      vertex 4.86757 6.3361 0
    endloop
  endfacet
  facet normal 0 0 -1
    outer loop
      vertex 4.44275 6.64089 0
      vertex 10.1036 14.5 0
      vertex 4.86407 6.33898 0
    endloop
  endfacet
  facet normal 0 0 -1
    outer loop
      vertex 4.43906 6.64353 0
      vertex 10.1036 14.5 0
      vertex 4.44275 6.64089 0
    endloop
  endfacet
  facet normal 0 0 -1
    outer loop
      vertex 3.9989 6.91724 0
      vertex 10.1036 14.5 0
      vertex 4.43906 6.64353 0
    endloop
  endfacet
  facet normal 0 0 -1
    outer loop
      vertex 3.99505 6.91963 0
      vertex 10.1036 14.5 0
      vertex 3.9989 6.91724 0
    endloop
  endfacet
  facet normal 0 -0 -1
    outer loop
      vertex 7.50554 16 0
      vertex 10.1036 14.5 0
      vertex 3.99505 6.91963 0
    endloop
  endfacet
  facet normal 0 0 -1
    outer loop
      vertex 9.99995 14.6667 0
      vertex 7.50554 16 0
      vertex 9.8856 14.8263 0
    endloop
  endfacet
  facet normal 0 0 -1
    outer loop
      vertex 9.8856 14.8263 0
      vertex 7.50554 16 0
      vertex 9.76106 14.978 0
    endloop
  endfacet
  facet normal 0 0 -1
    outer loop
      vertex 9.76106 14.978 0
      vertex 7.50554 16 0
      vertex 9.62686 15.1213 0
    endloop
  endfacet
  facet normal 0 0 -1
    outer loop
      vertex 9.48358 15.2555 0
      vertex 7.50554 16 0
      vertex 9.33182 15.3801 0
    endloop
  endfacet
  facet normal 0 0 -1
    outer loop
      vertex 9.33182 15.3801 0
      vertex 7.50554 16 0
      vertex 9.17226 15.4944 0
    endloop
  endfacet
  facet normal 0 0 -1
    outer loop
      vertex 9.17226 15.4944 0
      vertex 7.50554 16 0
      vertex 9.00554 15.5981 0
    endloop
  endfacet
  facet normal 0 0 -1
    outer loop
      vertex 9.00554 15.5981 0
      vertex 7.50554 16 0
      vertex 8.8324 15.6906 0
    endloop
  endfacet
  facet normal 0 0 -1
    outer loop
      vertex 8.8324 15.6906 0
      vertex 7.50554 16 0
      vertex 8.65359 15.7716 0
    endloop
  endfacet
  facet normal 0 0 -1
    outer loop
      vertex 8.65359 15.7716 0
      vertex 7.50554 16 0
      vertex 8.46986 15.8408 0
    endloop
  endfacet
  facet normal 0 0 -1
    outer loop
      vertex 8.46986 15.8408 0
      vertex 7.50554 16 0
      vertex 8.282 15.8978 0
    endloop
  endfacet
  facet normal 0 0 -1
    outer loop
      vertex 8.282 15.8978 0
      vertex 7.50554 16 0
      vertex 8.09081 15.9424 0
    endloop
  endfacet
  facet normal 0 0 -1
    outer loop
      vertex 7.89711 15.9743 0
      vertex 7.50554 16 0
      vertex 7.70175 15.9936 0
    endloop
  endfacet
  facet normal 0 0 -1
    outer loop
      vertex 8.09081 15.9424 0
      vertex 7.50554 16 0
      vertex 7.89711 15.9743 0
    endloop
  endfacet
  facet normal 0 0 -1
    outer loop
      vertex 9.62686 15.1213 0
      vertex 7.50554 16 0
      vertex 9.48358 15.2555 0
    endloop
  endfacet
  facet normal 0 0 -1
    outer loop
      vertex 10.1036 14.5 0
      vertex 7.50554 16 0
      vertex 9.99995 14.6667 0
    endloop
  endfacet
  facet normal 0 0 -1
    outer loop
      vertex 3.53793 7.16397 0
      vertex 7.50554 16 0
      vertex 3.99505 6.91963 0
    endloop
  endfacet
  facet normal 0 0 -1
    outer loop
      vertex 3.53393 7.16611 0
      vertex 7.50554 16 0
      vertex 3.53793 7.16397 0
    endloop
  endfacet
  facet normal 0 0 -1
    outer loop
      vertex 3.06181 7.38002 0
      vertex 7.50554 16 0
      vertex 3.53393 7.16611 0
    endloop
  endfacet
  facet normal 0 0 -1
    outer loop
      vertex 3.05768 7.38189 0
      vertex 7.50554 16 0
      vertex 3.06181 7.38002 0
    endloop
  endfacet
  facet normal 0 0 -1
    outer loop
      vertex 2.57258 7.56447 0
      vertex 7.50554 16 0
      vertex 3.05768 7.38189 0
    endloop
  endfacet
  facet normal 0 0 -1
    outer loop
      vertex 2.56833 7.56607 0
      vertex 7.50554 16 0
      vertex 2.57258 7.56447 0
    endloop
  endfacet
  facet normal 0 0 -1
    outer loop
      vertex 2.07233 7.71653 0
      vertex 7.50554 16 0
      vertex 2.56833 7.56607 0
    endloop
  endfacet
  facet normal 0 0 -1
    outer loop
      vertex 2.06799 7.71785 0
      vertex 7.50554 16 0
      vertex 2.07233 7.71653 0
    endloop
  endfacet
  facet normal 0 0 -1
    outer loop
      vertex 1.56321 7.83555 0
      vertex 7.50554 16 0
      vertex 2.06799 7.71785 0
    endloop
  endfacet
  facet normal 0 0 -1
    outer loop
      vertex 1.55879 7.83658 0
      vertex 7.50554 16 0
      vertex 1.56321 7.83555 0
    endloop
  endfacet
  facet normal 0 0 -1
    outer loop
      vertex 1.04739 7.92101 0
      vertex 7.50554 16 0
      vertex 1.55879 7.83658 0
    endloop
  endfacet
  facet normal 0 0 -1
    outer loop
      vertex 1.04292 7.92175 0
      vertex 7.50554 16 0
      vertex 1.04739 7.92101 0
    endloop
  endfacet
  facet normal 0 0 -1
    outer loop
      vertex 0.527089 7.97255 0
      vertex 7.50554 16 0
      vertex 1.04292 7.92175 0
    endloop
  endfacet
  facet normal 0 0 -1
    outer loop
      vertex 0.522578 7.973 0
      vertex 7.50554 16 0
      vertex 0.527089 7.97255 0
    endloop
  endfacet
  facet normal 0 0 -1
    outer loop
      vertex 0.00453042 7.98996 0
      vertex 7.50554 16 0
      vertex 0.522578 7.973 0
    endloop
  endfacet
  facet normal 0 0 -1
    outer loop
      vertex 0 7.9901 0
      vertex 7.50554 16 0
      vertex 0.00453042 7.98996 0
    endloop
  endfacet
  facet normal 0 0 -1
    outer loop
      vertex -7.50554 16 0
      vertex 0 7.9901 0
      vertex -0.518047 7.97315 0
    endloop
  endfacet
  facet normal 0 0 -1
    outer loop
      vertex -7.50554 16 0
      vertex -0.518047 7.97315 0
      vertex -0.522578 7.973 0
    endloop
  endfacet
  facet normal 0 0 -1
    outer loop
      vertex -7.50554 16 0
      vertex -0.522578 7.973 0
      vertex -1.03841 7.92219 0
    endloop
  endfacet
  facet normal 0 0 -1
    outer loop
      vertex -7.50554 16 0
      vertex -1.03841 7.92219 0
      vertex -1.04292 7.92175 0
    endloop
  endfacet
  facet normal 0 0 -1
    outer loop
      vertex -7.50554 16 0
      vertex -1.04292 7.92175 0
      vertex -1.55432 7.83732 0
    endloop
  endfacet
  facet normal 0 0 -1
    outer loop
      vertex -7.50554 16 0
      vertex -1.55432 7.83732 0
      vertex -1.55879 7.83658 0
    endloop
  endfacet
  facet normal 0 0 -1
    outer loop
      vertex -7.50554 16 0
      vertex -1.55879 7.83658 0
      vertex -2.06358 7.71888 0
    endloop
  endfacet
  facet normal 0 0 -1
    outer loop
      vertex -7.50554 16 0
      vertex -2.06358 7.71888 0
      vertex -2.06799 7.71785 0
    endloop
  endfacet
  facet normal 0 0 -1
    outer loop
      vertex -7.50554 16 0
      vertex -2.06799 7.71785 0
      vertex -2.564 7.56739 0
    endloop
  endfacet
  facet normal 0 0 -1
    outer loop
      vertex -7.50554 16 0
      vertex -2.564 7.56739 0
      vertex -2.56833 7.56607 0
    endloop
  endfacet
  facet normal 0 0 -1
    outer loop
      vertex -7.50554 16 0
      vertex -2.56833 7.56607 0
      vertex -3.05344 7.38349 0
    endloop
  endfacet
  facet normal 0 0 -1
    outer loop
      vertex -7.50554 16 0
      vertex -3.05344 7.38349 0
      vertex -3.05768 7.38189 0
    endloop
  endfacet
  facet normal 0 0 -1
    outer loop
      vertex -7.50554 16 0
      vertex -3.05768 7.38189 0
      vertex -3.5298 7.16798 0
    endloop
  endfacet
  facet normal 0 0 -1
    outer loop
      vertex -7.50554 16 0
      vertex -3.5298 7.16798 0
      vertex -3.53393 7.16611 0
    endloop
  endfacet
  facet normal 0 0 -1
    outer loop
      vertex -7.50554 16 0
      vertex -3.53393 7.16611 0
      vertex -3.99105 6.92177 0
    endloop
  endfacet
  facet normal 0 0 -1
    outer loop
      vertex -7.50554 16 0
      vertex -3.99105 6.92177 0
      vertex -3.99505 6.91963 0
    endloop
  endfacet
  facet normal 0 0 -1
    outer loop
      vertex -10.1036 14.5 0
      vertex -3.99505 6.91963 0
      vertex -4.43521 6.64592 0
    endloop
  endfacet
  facet normal 0 0 -1
    outer loop
      vertex -10.1036 14.5 0
      vertex -4.43521 6.64592 0
      vertex -4.43906 6.64353 0
    endloop
  endfacet
  facet normal 0 0 -1
    outer loop
      vertex -10.1036 14.5 0
      vertex -4.43906 6.64353 0
      vertex -4.86038 6.34162 0
    endloop
  endfacet
  facet normal 0 0 -1
    outer loop
      vertex -10.1036 14.5 0
      vertex -4.86038 6.34162 0
      vertex -4.86407 6.33898 0
    endloop
  endfacet
  facet normal 0 0 -1
    outer loop
      vertex -10.1036 14.5 0
      vertex -6.3361 4.86757 0
      vertex -6.33898 4.86407 0
    endloop
  endfacet
  facet normal 0 0 -1
    outer loop
      vertex -17.6092 1.5 0
      vertex -7.16397 3.53793 0
      vertex -7.16611 3.53393 0
    endloop
  endfacet
  facet normal 0 0 -1
    outer loop
      vertex 0 7.9901 0
      vertex -7.50554 16 0
      vertex 7.50554 16 0
    endloop
  endfacet
  facet normal 0 0 -1
    outer loop
      vertex -10.1036 14.5 0
      vertex -4.86407 6.33898 0
      vertex -5.26474 6.01015 0
    endloop
  endfacet
  facet normal 0 0 -1
    outer loop
      vertex -10.1036 14.5 0
      vertex -5.26474 6.01015 0
      vertex -5.26824 6.00728 0
    endloop
  endfacet
  facet normal 0 0 -1
    outer loop
      vertex -10.1036 14.5 0
      vertex -5.26824 6.00728 0
      vertex -5.64986 5.64986 0
    endloop
  endfacet
  facet normal 0 0 -1
    outer loop
      vertex -10.1036 14.5 0
      vertex -5.64986 5.64986 0
      vertex -6.00728 5.26824 0
    endloop
  endfacet
  facet normal 0 0 -1
    outer loop
      vertex -6.3361 4.86757 0
      vertex -10.1036 14.5 0
      vertex -6.00728 5.26824 0
    endloop
  endfacet
  facet normal 0 0 -1
    outer loop
      vertex -10.1036 14.5 0
      vertex -6.33898 4.86407 0
      vertex -6.64089 4.44275 0
    endloop
  endfacet
  facet normal 0 0 -1
    outer loop
      vertex -10.1036 14.5 0
      vertex -6.64089 4.44275 0
      vertex -6.64353 4.43906 0
    endloop
  endfacet
  facet normal 0 0 -1
    outer loop
      vertex -10.1036 14.5 0
      vertex -6.64353 4.43906 0
      vertex -6.91724 3.9989 0
    endloop
  endfacet
  facet normal 0 0 -1
    outer loop
      vertex -10.1036 14.5 0
      vertex -6.91724 3.9989 0
      vertex -6.91963 3.99505 0
    endloop
  endfacet
  facet normal -0 0 -1
    outer loop
      vertex -7.16397 3.53793 0
      vertex -17.6092 1.5 0
      vertex -6.91963 3.99505 0
    endloop
  endfacet
  facet normal 0 0 -1
    outer loop
      vertex -17.6092 1.5 0
      vertex -7.16611 3.53393 0
      vertex -7.38002 3.06181 0
    endloop
  endfacet
  facet normal 0 0 -1
    outer loop
      vertex -17.6092 1.5 0
      vertex -7.38002 3.06181 0
      vertex -7.38189 3.05768 0
    endloop
  endfacet
  facet normal 0 0 -1
    outer loop
      vertex -17.6092 1.5 0
      vertex -7.38189 3.05768 0
      vertex -7.56447 2.57258 0
    endloop
  endfacet
  facet normal 0 0 -1
    outer loop
      vertex -17.6092 1.5 0
      vertex -7.56447 2.57258 0
      vertex -7.56607 2.56833 0
    endloop
  endfacet
  facet normal 0 0 -1
    outer loop
      vertex -3.99505 6.91963 0
      vertex -10.1036 14.5 0
      vertex -7.50554 16 0
    endloop
  endfacet
  facet normal 0 0 -1
    outer loop
      vertex -17.6092 1.5 0
      vertex -7.56607 2.56833 0
      vertex -7.71653 2.07233 0
    endloop
  endfacet
  facet normal 0 0 -1
    outer loop
      vertex -17.6092 1.5 0
      vertex -7.71653 2.07233 0
      vertex -7.71785 2.06799 0
    endloop
  endfacet
  facet normal 0 0 -1
    outer loop
      vertex -17.6092 1.5 0
      vertex -7.71785 2.06799 0
      vertex -7.83555 1.56321 0
    endloop
  endfacet
  facet normal 0 0 -1
    outer loop
      vertex -17.6092 1.5 0
      vertex -7.83555 1.56321 0
      vertex -7.83658 1.55879 0
    endloop
  endfacet
  facet normal 0 0 -1
    outer loop
      vertex -7.50554 16 0
      vertex -10.1036 14.5 0
      vertex -7.70175 15.9936 0
    endloop
  endfacet
  facet normal 0 0 -1
    outer loop
      vertex -17.6092 1.5 0
      vertex -7.83658 1.55879 0
      vertex -7.92101 1.04739 0
    endloop
  endfacet
  facet normal 0 0 -1
    outer loop
      vertex -17.6092 1.5 0
      vertex -7.92101 1.04739 0
      vertex -7.92175 1.04292 0
    endloop
  endfacet
  facet normal 0 0 -1
    outer loop
      vertex -17.6092 1.5 0
      vertex -7.92175 1.04292 0
      vertex -7.97255 0.527089 0
    endloop
  endfacet
  facet normal 0 0 -1
    outer loop
      vertex -17.6092 1.5 0
      vertex -7.97255 0.527089 0
      vertex -7.973 0.522578 0
    endloop
  endfacet
  facet normal 0 0 -1
    outer loop
      vertex -17.6092 1.5 0
      vertex -7.973 0.522578 0
      vertex -7.98996 0.00453042 0
    endloop
  endfacet
  facet normal 0 0 -1
    outer loop
      vertex -17.6092 1.5 0
      vertex -7.98996 0.00453042 0
      vertex -7.9901 0 0
    endloop
  endfacet
  facet normal -0 0 -1
    outer loop
      vertex -7.973 -0.522578 0
      vertex -17.6092 -1.5 0
      vertex -7.97315 -0.518047 0
    endloop
  endfacet
  facet normal -0 0 -1
    outer loop
      vertex -7.97315 -0.518047 0
      vertex -17.6092 -1.5 0
      vertex -7.9901 0 0
    endloop
  endfacet
  facet normal 0 0 -1
    outer loop
      vertex -10.1036 -14.5 0
      vertex -8.09081 -15.9424 0
      vertex -8.282 -15.8978 0
    endloop
  endfacet
  facet normal 0 0 -1
    outer loop
      vertex -7.70175 15.9936 0
      vertex -10.1036 14.5 0
      vertex -7.89711 15.9743 0
    endloop
  endfacet
  facet normal 0 0 -1
    outer loop
      vertex -10.1036 -14.5 0
      vertex -8.282 -15.8978 0
      vertex -8.46986 -15.8408 0
    endloop
  endfacet
  facet normal 0 0 -1
    outer loop
      vertex -7.89711 15.9743 0
      vertex -10.1036 14.5 0
      vertex -8.09081 15.9424 0
    endloop
  endfacet
  facet normal 0 0 -1
    outer loop
      vertex -10.1036 -14.5 0
      vertex -8.46986 -15.8408 0
      vertex -8.65359 -15.7716 0
    endloop
  endfacet
  facet normal 0 0 -1
    outer loop
      vertex -8.09081 15.9424 0
      vertex -10.1036 14.5 0
      vertex -8.282 15.8978 0
    endloop
  endfacet
  facet normal 0 0 -1
    outer loop
      vertex -10.1036 -14.5 0
      vertex -8.65359 -15.7716 0
      vertex -8.8324 -15.6906 0
    endloop
  endfacet
  facet normal 0 0 -1
    outer loop
      vertex -8.282 15.8978 0
      vertex -10.1036 14.5 0
      vertex -8.46986 15.8408 0
    endloop
  endfacet
  facet normal 0 0 -1
    outer loop
      vertex -10.1036 -14.5 0
      vertex -8.8324 -15.6906 0
      vertex -9.00554 -15.5981 0
    endloop
  endfacet
  facet normal 0 0 -1
    outer loop
      vertex -8.46986 15.8408 0
      vertex -10.1036 14.5 0
      vertex -8.65359 15.7716 0
    endloop
  endfacet
  facet normal 0 0 -1
    outer loop
      vertex -10.1036 -14.5 0
      vertex -9.00554 -15.5981 0
      vertex -9.17226 -15.4944 0
    endloop
  endfacet
  facet normal 0 0 -1
    outer loop
      vertex -8.65359 15.7716 0
      vertex -10.1036 14.5 0
      vertex -8.8324 15.6906 0
    endloop
  endfacet
  facet normal 0 0 -1
    outer loop
      vertex -10.1036 -14.5 0
      vertex -9.17226 -15.4944 0
      vertex -9.33182 -15.3801 0
    endloop
  endfacet
  facet normal 0 0 -1
    outer loop
      vertex -8.8324 15.6906 0
      vertex -10.1036 14.5 0
      vertex -9.00554 15.5981 0
    endloop
  endfacet
  facet normal 0 0 -1
    outer loop
      vertex -10.1036 -14.5 0
      vertex -9.33182 -15.3801 0
      vertex -9.48358 -15.2555 0
    endloop
  endfacet
  facet normal 0 0 -1
    outer loop
      vertex -9.00554 15.5981 0
      vertex -10.1036 14.5 0
      vertex -9.17226 15.4944 0
    endloop
  endfacet
  facet normal 0 0 -1
    outer loop
      vertex -10.1036 -14.5 0
      vertex -9.48358 -15.2555 0
      vertex -9.62686 -15.1213 0
    endloop
  endfacet
  facet normal 0 0 -1
    outer loop
      vertex -9.17226 15.4944 0
      vertex -10.1036 14.5 0
      vertex -9.33182 15.3801 0
    endloop
  endfacet
  facet normal 0 0 -1
    outer loop
      vertex -10.1036 -14.5 0
      vertex -9.62686 -15.1213 0
      vertex -9.76106 -14.978 0
    endloop
  endfacet
  facet normal 0 0 -1
    outer loop
      vertex -9.33182 15.3801 0
      vertex -10.1036 14.5 0
      vertex -9.48358 15.2555 0
    endloop
  endfacet
  facet normal 0 0 -1
    outer loop
      vertex -10.1036 -14.5 0
      vertex -9.76106 -14.978 0
      vertex -9.8856 -14.8263 0
    endloop
  endfacet
  facet normal 0 0 -1
    outer loop
      vertex -9.48358 15.2555 0
      vertex -10.1036 14.5 0
      vertex -9.62686 15.1213 0
    endloop
  endfacet
  facet normal 0 0 -1
    outer loop
      vertex -10.1036 -14.5 0
      vertex -9.8856 -14.8263 0
      vertex -9.99995 -14.6667 0
    endloop
  endfacet
  facet normal 0 0 -1
    outer loop
      vertex -9.62686 15.1213 0
      vertex -10.1036 14.5 0
      vertex -9.76106 14.978 0
    endloop
  endfacet
  facet normal 0 0 -1
    outer loop
      vertex -9.76106 14.978 0
      vertex -10.1036 14.5 0
      vertex -9.8856 14.8263 0
    endloop
  endfacet
  facet normal 0 0 -1
    outer loop
      vertex -9.8856 14.8263 0
      vertex -10.1036 14.5 0
      vertex -9.99995 14.6667 0
    endloop
  endfacet
  facet normal 0 0 -1
    outer loop
      vertex -17.6092 1.5 0
      vertex -7.9901 0 0
      vertex -17.6092 -1.5 0
    endloop
  endfacet
  facet normal -0 0 -1
    outer loop
      vertex -6.91963 3.99505 0
      vertex -17.6092 1.5 0
      vertex -10.1036 14.5 0
    endloop
  endfacet
  facet normal 0 0 -1
    outer loop
      vertex -17.7017 -1.32686 0
      vertex -17.6092 1.5 0
      vertex -17.6092 -1.5 0
    endloop
  endfacet
  facet normal 0 0 -1
    outer loop
      vertex -17.7017 -1.32686 0
      vertex -17.7017 1.32687 0
      vertex -17.6092 1.5 0
    endloop
  endfacet
  facet normal 0 0 -1
    outer loop
      vertex -17.7827 -1.14806 0
      vertex -17.7017 1.32687 0
      vertex -17.7017 -1.32686 0
    endloop
  endfacet
  facet normal 0 0 -1
    outer loop
      vertex -17.7827 -1.14806 0
      vertex -17.7827 1.14806 0
      vertex -17.7017 1.32687 0
    endloop
  endfacet
  facet normal 0 0 -1
    outer loop
      vertex -17.8519 -0.964325 0
      vertex -17.7827 1.14806 0
      vertex -17.7827 -1.14806 0
    endloop
  endfacet
  facet normal 0 0 -1
    outer loop
      vertex -17.8519 -0.964325 0
      vertex -17.8519 0.964325 0
      vertex -17.7827 1.14806 0
    endloop
  endfacet
  facet normal 0 0 -1
    outer loop
      vertex -17.9089 -0.776459 0
      vertex -17.8519 0.964325 0
      vertex -17.8519 -0.964325 0
    endloop
  endfacet
  facet normal 0 0 -1
    outer loop
      vertex -17.9089 -0.776459 0
      vertex -17.9089 0.776459 0
      vertex -17.8519 0.964325 0
    endloop
  endfacet
  facet normal 0 0 -1
    outer loop
      vertex -17.9534 -0.585266 0
      vertex -17.9089 0.776459 0
      vertex -17.9089 -0.776459 0
    endloop
  endfacet
  facet normal 0 0 -1
    outer loop
      vertex -17.9534 -0.585266 0
      vertex -17.9534 0.585266 0
      vertex -17.9089 0.776459 0
    endloop
  endfacet
  facet normal 0 0 -1
    outer loop
      vertex -17.9854 -0.391571 0
      vertex -17.9534 0.585266 0
      vertex -17.9534 -0.585266 0
    endloop
  endfacet
  facet normal 0 0 -1
    outer loop
      vertex -17.9854 -0.391571 0
      vertex -17.9854 0.391586 0
      vertex -17.9534 0.585266 0
    endloop
  endfacet
  facet normal 0 0 -1
    outer loop
      vertex -18.0047 -0.196213 0
      vertex -17.9854 0.391586 0
      vertex -17.9854 -0.391571 0
    endloop
  endfacet
  facet normal 0 0 -1
    outer loop
      vertex -18.0047 -0.196213 0
      vertex -18.0047 0.196213 0
      vertex -17.9854 0.391586 0
    endloop
  endfacet
  facet normal 0 -0 -1
    outer loop
      vertex -18.0047 0.196213 0
      vertex -18.0047 -0.196213 0
      vertex -18.0111 0 0
    endloop
  endfacet
  facet normal -0 0 1
    outer loop
      vertex -1.19055 -7.53325 1.4
      vertex -0.590393 -8.83322 1.4
      vertex -0.590393 -7.53325 1.4
    endloop
  endfacet
  facet normal 0 0 1
    outer loop
      vertex -1.19055 -10.3997 1.4
      vertex -0.590393 -8.83322 1.4
      vertex -1.19055 -7.53325 1.4
    endloop
  endfacet
  facet normal 0 0 1
    outer loop
      vertex -0.590393 -8.83322 1.4
      vertex -1.19055 -10.3997 1.4
      vertex -0.590393 -9.354 1.4
    endloop
  endfacet
  facet normal 0 0 1
    outer loop
      vertex -0.590393 -9.354 1.4
      vertex -1.19055 -10.3997 1.4
      vertex -0.590393 -10.3997 1.4
    endloop
  endfacet
  facet normal -0 0 1
    outer loop
      vertex 0.701416 -7.53325 1.4
      vertex 0.176544 -8.74573 1.4
      vertex 1.40123 -7.53325 1.4
    endloop
  endfacet
  facet normal 0 0 1
    outer loop
      vertex -0.590393 -8.83322 1.4
      vertex 0.176544 -8.74573 1.4
      vertex 0.701416 -7.53325 1.4
    endloop
  endfacet
  facet normal 0 0 1
    outer loop
      vertex 0.176544 -8.74573 1.4
      vertex -0.590393 -8.83322 1.4
      vertex -0.23642 -9.08344 1.4
    endloop
  endfacet
  facet normal 0 0 1
    outer loop
      vertex -0.23642 -9.08344 1.4
      vertex -0.590393 -8.83322 1.4
      vertex -0.590393 -9.354 1.4
    endloop
  endfacet
  facet normal 0 0 1
    outer loop
      vertex 0.176544 -8.74573 1.4
      vertex 0.792984 -10.3997 1.4
      vertex 1.50092 -10.3997 1.4
    endloop
  endfacet
  facet normal 0 0 1
    outer loop
      vertex 0.792984 -10.3997 1.4
      vertex 0.176544 -8.74573 1.4
      vertex -0.23642 -9.08344 1.4
    endloop
  endfacet
  facet normal 0 0 -1
    outer loop
      vertex -0.590393 -10.3997 2.01
      vertex -0.626298 -9.55546 2.01
      vertex -0.590393 -9.55664 2.01
    endloop
  endfacet
  facet normal 0 0 -1
    outer loop
      vertex -0.590393 -10.3997 2.01
      vertex -0.752302 -9.54305 2.01
      vertex -0.626298 -9.55546 2.01
    endloop
  endfacet
  facet normal 0 0 -1
    outer loop
      vertex -1.19055 -10.3997 2.01
      vertex -0.752302 -9.54305 2.01
      vertex -0.590393 -10.3997 2.01
    endloop
  endfacet
  facet normal -0 0 -1
    outer loop
      vertex -0.752302 -9.54305 2.01
      vertex -1.19055 -10.3997 2.01
      vertex -1.19055 -9.49989 2.01
    endloop
  endfacet
  facet normal 0 0 -1
    outer loop
      vertex 0.792984 -10.3997 2.01
      vertex 0.810405 -9.53733 2.01
      vertex 1.50092 -10.3997 2.01
    endloop
  endfacet
  facet normal 0 0 -1
    outer loop
      vertex 0.792984 -10.3997 2.01
      vertex 0.626298 -9.55546 2.01
      vertex 0.810405 -9.53733 2.01
    endloop
  endfacet
  facet normal 0 0 -1
    outer loop
      vertex 0.792984 -10.3997 2.01
      vertex 0.499751 -9.5596 2.01
      vertex 0.626298 -9.55546 2.01
    endloop
  endfacet
  facet normal 0 -0 -1
    outer loop
      vertex 0.499751 -9.5596 2.01
      vertex 0.792984 -10.3997 2.01
      vertex 0.145063 -9.57121 2.01
    endloop
  endfacet
  facet normal -0.607273 0.794493 0
    outer loop
      vertex -0.23642 -9.08344 1.4
      vertex -0.590393 -9.354 2
      vertex -0.23642 -9.08344 2
    endloop
  endfacet
  facet normal -0.607273 0.794493 0
    outer loop
      vertex -0.590393 -9.354 2
      vertex -0.23642 -9.08344 1.4
      vertex -0.590393 -9.354 1.4
    endloop
  endfacet
  facet normal 0.787705 0.616052 0
    outer loop
      vertex 0.0871364 -9.49715 2
      vertex -0.23642 -9.08344 1.4
      vertex -0.23642 -9.08344 2
    endloop
  endfacet
  facet normal 0.787675 0.616092 4.35227e-05
    outer loop
      vertex 0.145063 -9.57121 2.01
      vertex -0.23642 -9.08344 1.4
      vertex 0.0871364 -9.49715 2
    endloop
  endfacet
  facet normal 0.787718 0.616036 -0
    outer loop
      vertex 0.792984 -10.3997 1.4
      vertex 0.145063 -9.57121 2.01
      vertex 0.792984 -10.3997 2.01
    endloop
  endfacet
  facet normal 0.787712 0.616044 -1.80756e-05
    outer loop
      vertex 0.145063 -9.57121 2.01
      vertex 0.792984 -10.3997 1.4
      vertex -0.23642 -9.08344 1.4
    endloop
  endfacet
  facet normal 0 1 -0
    outer loop
      vertex 1.50092 -10.3997 1.4
      vertex 0.792984 -10.3997 2.01
      vertex 1.50092 -10.3997 2.01
    endloop
  endfacet
  facet normal 0 1 0
    outer loop
      vertex 0.792984 -10.3997 2.01
      vertex 1.50092 -10.3997 1.4
      vertex 0.792984 -10.3997 1.4
    endloop
  endfacet
  facet normal -0.780586 -0.625048 0
    outer loop
      vertex 0.176544 -8.74573 1.4
      vertex 0.753783 -9.46661 2
      vertex 0.176544 -8.74573 2
    endloop
  endfacet
  facet normal -0.780592 -0.62504 1.55885e-05
    outer loop
      vertex 1.50092 -10.3997 1.4
      vertex 0.753783 -9.46661 2
      vertex 0.176544 -8.74573 1.4
    endloop
  endfacet
  facet normal -0.780617 -0.62501 -6.1931e-05
    outer loop
      vertex 0.753783 -9.46661 2
      vertex 1.50092 -10.3997 1.4
      vertex 0.810405 -9.53733 2.01
    endloop
  endfacet
  facet normal -0.780595 -0.625037 0
    outer loop
      vertex 0.810405 -9.53733 2.01
      vertex 1.50092 -10.3997 1.4
      vertex 1.50092 -10.3997 2.01
    endloop
  endfacet
  facet normal -0.70354 0.710656 0
    outer loop
      vertex 1.40123 -7.53325 1.4
      vertex 1.23545 -7.69737 2
      vertex 1.40123 -7.53325 1.98222
    endloop
  endfacet
  facet normal -0.703557 0.710639 -9.15662e-06
    outer loop
      vertex 1.23545 -7.69737 2
      vertex 1.40123 -7.53325 1.4
      vertex 0.176544 -8.74573 1.4
    endloop
  endfacet
  facet normal -0.703559 0.710637 0
    outer loop
      vertex 1.23545 -7.69737 2
      vertex 0.176544 -8.74573 1.4
      vertex 0.176544 -8.74573 2
    endloop
  endfacet
  facet normal 0 -1 0
    outer loop
      vertex 1.40123 -7.53325 1.4
      vertex 1.3418 -7.53325 1.98095
      vertex 0.991771 -7.53325 1.97343
    endloop
  endfacet
  facet normal 0 -1 0
    outer loop
      vertex 0.701416 -7.53325 1.4
      vertex 0.981155 -7.53325 1.9733
      vertex 0.9376 -7.53325 1.97273
    endloop
  endfacet
  facet normal 0 -1 0
    outer loop
      vertex 0.701416 -7.53325 1.4
      vertex 0.9376 -7.53325 1.97273
      vertex 0.701416 -7.53325 1.96314
    endloop
  endfacet
  facet normal 0 -1 -0
    outer loop
      vertex 0.981155 -7.53325 1.9733
      vertex 0.701416 -7.53325 1.4
      vertex 0.991771 -7.53325 1.97343
    endloop
  endfacet
  facet normal 0 -1 -0
    outer loop
      vertex 0.991771 -7.53325 1.97343
      vertex 0.701416 -7.53325 1.4
      vertex 1.40123 -7.53325 1.4
    endloop
  endfacet
  facet normal 0 -1 0
    outer loop
      vertex 1.3418 -7.53325 1.98095
      vertex 1.40123 -7.53325 1.4
      vertex 1.40123 -7.53325 1.98222
    endloop
  endfacet
  facet normal 0.709386 -0.70482 0
    outer loop
      vertex 0.675792 -7.55904 1.97273
      vertex 0.701416 -7.53325 1.4
      vertex 0.701416 -7.53325 1.96314
    endloop
  endfacet
  facet normal 0.709315 -0.704891 -6.38113e-06
    outer loop
      vertex 0.506604 -7.72929 1.99287
      vertex 0.701416 -7.53325 1.4
      vertex 0.675792 -7.55904 1.97273
    endloop
  endfacet
  facet normal 0.709329 -0.704877 2.85863e-06
    outer loop
      vertex 0.451025 -7.78522 2
      vertex 0.701416 -7.53325 1.4
      vertex 0.506604 -7.72929 1.99287
    endloop
  endfacet
  facet normal 0.709331 -0.704876 0
    outer loop
      vertex -0.590393 -8.83322 1.4
      vertex 0.451025 -7.78522 2
      vertex -0.590393 -8.83322 2
    endloop
  endfacet
  facet normal 0.70933 -0.704877 3.34169e-06
    outer loop
      vertex 0.451025 -7.78522 2
      vertex -0.590393 -8.83322 1.4
      vertex 0.701416 -7.53325 1.4
    endloop
  endfacet
  facet normal -1 0 0
    outer loop
      vertex -0.590393 -7.60484 1.97764
      vertex -0.590393 -7.53325 1.95863
      vertex -0.590393 -7.53325 1.4
    endloop
  endfacet
  facet normal -1 0 0
    outer loop
      vertex -0.590393 -7.53325 1.95863
      vertex -0.590393 -7.60484 1.97764
      vertex -0.590393 -7.56745 1.97273
    endloop
  endfacet
  facet normal -1 0 0
    outer loop
      vertex -0.590393 -7.53325 1.4
      vertex -0.590393 -7.77538 2
      vertex -0.590393 -7.60484 1.97764
    endloop
  endfacet
  facet normal -1 0 0
    outer loop
      vertex -0.590393 -8.83322 1.4
      vertex -0.590393 -7.77538 2
      vertex -0.590393 -7.53325 1.4
    endloop
  endfacet
  facet normal -1 -0 0
    outer loop
      vertex -0.590393 -7.77538 2
      vertex -0.590393 -8.83322 1.4
      vertex -0.590393 -8.83322 2
    endloop
  endfacet
  facet normal 0 -1 0
    outer loop
      vertex -1.19055 -7.53325 1.4
      vertex -1.01396 -7.53325 1.97391
      vertex -1.19055 -7.53325 1.9777
    endloop
  endfacet
  facet normal 0 -1 0
    outer loop
      vertex -1.19055 -7.53325 1.4
      vertex -0.9376 -7.53325 1.97273
      vertex -0.991771 -7.53325 1.97343
    endloop
  endfacet
  facet normal 0 -1 -0
    outer loop
      vertex -1.01396 -7.53325 1.97391
      vertex -1.19055 -7.53325 1.4
      vertex -0.991771 -7.53325 1.97343
    endloop
  endfacet
  facet normal 0 -1 -0
    outer loop
      vertex -0.9376 -7.53325 1.97273
      vertex -1.19055 -7.53325 1.4
      vertex -0.590393 -7.53325 1.4
    endloop
  endfacet
  facet normal 0 -1 0
    outer loop
      vertex -0.9376 -7.53325 1.97273
      vertex -0.590393 -7.53325 1.4
      vertex -0.590393 -7.53325 1.95863
    endloop
  endfacet
  facet normal 1 0 0
    outer loop
      vertex -1.19055 -7.57389 1.98298
      vertex -1.19055 -7.53325 1.4
      vertex -1.19055 -7.53325 1.9777
    endloop
  endfacet
  facet normal 1 0 0
    outer loop
      vertex -1.19055 -7.70479 2
      vertex -1.19055 -7.53325 1.4
      vertex -1.19055 -7.57389 1.98298
    endloop
  endfacet
  facet normal 1 -0 0
    outer loop
      vertex -1.19055 -9.4236 2
      vertex -1.19055 -7.53325 1.4
      vertex -1.19055 -7.70479 2
    endloop
  endfacet
  facet normal 1 0 0
    outer loop
      vertex -1.19055 -10.3997 1.4
      vertex -1.19055 -9.4236 2
      vertex -1.19055 -9.49989 2.01
    endloop
  endfacet
  facet normal 1 0 0
    outer loop
      vertex -1.19055 -10.3997 1.4
      vertex -1.19055 -9.49989 2.01
      vertex -1.19055 -10.3997 2.01
    endloop
  endfacet
  facet normal 1 0 0
    outer loop
      vertex -1.19055 -9.4236 2
      vertex -1.19055 -10.3997 1.4
      vertex -1.19055 -7.53325 1.4
    endloop
  endfacet
  facet normal 0 1 -0
    outer loop
      vertex -0.590393 -10.3997 1.4
      vertex -1.19055 -10.3997 2.01
      vertex -0.590393 -10.3997 2.01
    endloop
  endfacet
  facet normal 0 1 0
    outer loop
      vertex -1.19055 -10.3997 2.01
      vertex -0.590393 -10.3997 1.4
      vertex -1.19055 -10.3997 1.4
    endloop
  endfacet
  facet normal -1 0 0
    outer loop
      vertex -0.590393 -9.354 1.4
      vertex -0.590393 -9.48067 2
      vertex -0.590393 -9.354 2
    endloop
  endfacet
  facet normal -1 0 0
    outer loop
      vertex -0.590393 -9.354 1.4
      vertex -0.590393 -9.55664 2.01
      vertex -0.590393 -9.48067 2
    endloop
  endfacet
  facet normal -1 0 0
    outer loop
      vertex -0.590393 -10.3997 1.4
      vertex -0.590393 -9.55664 2.01
      vertex -0.590393 -9.354 1.4
    endloop
  endfacet
  facet normal -1 -0 0
    outer loop
      vertex -0.590393 -9.55664 2.01
      vertex -0.590393 -10.3997 1.4
      vertex -0.590393 -10.3997 2.01
    endloop
  endfacet
  facet normal -0 0 1
    outer loop
      vertex 7.50554 13 5.1
      vertex 7.50555 12 5.1
      vertex 7.50555 13 5.1
    endloop
  endfacet
  facet normal 0 0 1
    outer loop
      vertex 7.50554 13 5.1
      vertex -6.9282 12 5.1
      vertex 7.50555 12 5.1
    endloop
  endfacet
  facet normal -0 0 1
    outer loop
      vertex -7.50554 13 5.1
      vertex -6.9282 12 5.1
      vertex 7.50554 13 5.1
    endloop
  endfacet
  facet normal 0 0 1
    outer loop
      vertex -7.50554 13 5.1
      vertex -13.8564 0 5.1
      vertex -6.9282 12 5.1
    endloop
  endfacet
  facet normal 0 -0 1
    outer loop
      vertex -13.8564 0 5.1
      vertex -7.50554 13 5.1
      vertex -15.0111 0 5.1
    endloop
  endfacet
  facet normal 0 0 1
    outer loop
      vertex 14.1451 0.5 5.1
      vertex 15.0111 0 5.1
      vertex 15.0111 1.15627e-05 5.1
    endloop
  endfacet
  facet normal 0 0 1
    outer loop
      vertex 6.9282 -12 5.1
      vertex 15.0111 0 5.1
      vertex 14.1451 0.5 5.1
    endloop
  endfacet
  facet normal 0 0 1
    outer loop
      vertex 15.0111 0 5.1
      vertex 6.9282 -12 5.1
      vertex 7.50554 -13 5.1
    endloop
  endfacet
  facet normal -0 0 1
    outer loop
      vertex -6.9282 -12 5.1
      vertex 7.50554 -13 5.1
      vertex 6.9282 -12 5.1
    endloop
  endfacet
  facet normal 0 0 1
    outer loop
      vertex -6.9282 -12 5.1
      vertex -7.50554 -13 5.1
      vertex 7.50554 -13 5.1
    endloop
  endfacet
  facet normal 0 0 1
    outer loop
      vertex -13.8564 0 5.1
      vertex -7.50554 -13 5.1
      vertex -6.9282 -12 5.1
    endloop
  endfacet
  facet normal 0 0 1
    outer loop
      vertex -7.50554 -13 5.1
      vertex -13.8564 0 5.1
      vertex -15.0111 0 5.1
    endloop
  endfacet
  facet normal 0 0 -1
    outer loop
      vertex 15.0111 0 3.59
      vertex 14.1451 0.5 3.59
      vertex 15.0111 1.15627e-05 3.59
    endloop
  endfacet
  facet normal 0 0 -1
    outer loop
      vertex 12.5799 -4.21097 3.59
      vertex 14.1451 0.5 3.59
      vertex 15.0111 0 3.59
    endloop
  endfacet
  facet normal 0 0 -1
    outer loop
      vertex 12.4465 -4.26118 3.59
      vertex 14.1451 0.5 3.59
      vertex 12.5799 -4.21097 3.59
    endloop
  endfacet
  facet normal 0 0 -1
    outer loop
      vertex 12.1647 -4.34667 3.59
      vertex 14.1451 0.5 3.59
      vertex 12.4465 -4.26118 3.59
    endloop
  endfacet
  facet normal 0 0 -1
    outer loop
      vertex 11.8779 -4.41353 3.59
      vertex 14.1451 0.5 3.59
      vertex 12.1647 -4.34667 3.59
    endloop
  endfacet
  facet normal 0 0 -1
    outer loop
      vertex 11.5874 -4.4615 3.59
      vertex 14.1451 0.5 3.59
      vertex 11.8779 -4.41353 3.59
    endloop
  endfacet
  facet normal 0 0 -1
    outer loop
      vertex 11.2633 -4.49138 3.59
      vertex 11.5874 -4.4615 3.59
      vertex 11.2943 -4.49037 3.59
    endloop
  endfacet
  facet normal -0 0 -1
    outer loop
      vertex 11.5874 -4.4615 3.59
      vertex 11.2633 -4.49138 3.59
      vertex 14.1451 0.5 3.59
    endloop
  endfacet
  facet normal -0.866023 0.500003 0
    outer loop
      vertex 11.2633 -4.49138 3.6
      vertex 14.1451 0.5 3.59
      vertex 11.2633 -4.49138 3.59
    endloop
  endfacet
  facet normal -0.866023 0.500003 0
    outer loop
      vertex 14.1451 0.5 3.59
      vertex 11.2633 -4.49138 3.6
      vertex 14.1451 0.5 5.1
    endloop
  endfacet
  facet normal -0.866026 0.5 0
    outer loop
      vertex 6.9282 -12 5.1
      vertex 11.2633 -4.49138 3.6
      vertex 6.9282 -12 3.6
    endloop
  endfacet
  facet normal -0.866025 0.500001 9.6846e-06
    outer loop
      vertex 11.2633 -4.49138 3.6
      vertex 6.9282 -12 5.1
      vertex 14.1451 0.5 5.1
    endloop
  endfacet
  facet normal 0.500002 0.866024 -0
    outer loop
      vertex 15.0111 1.15627e-05 3.59
      vertex 14.1451 0.5 5.1
      vertex 15.0111 1.15627e-05 5.1
    endloop
  endfacet
  facet normal 0.500002 0.866024 0
    outer loop
      vertex 14.1451 0.5 5.1
      vertex 15.0111 1.15627e-05 3.59
      vertex 14.1451 0.5 3.59
    endloop
  endfacet
  facet normal 0 1 -0
    outer loop
      vertex 6.9282 -12 3.6
      vertex -6.9282 -12 5.1
      vertex 6.9282 -12 5.1
    endloop
  endfacet
  facet normal 0 1 0
    outer loop
      vertex -6.9282 -12 5.1
      vertex 6.9282 -12 3.6
      vertex -6.9282 -12 3.6
    endloop
  endfacet
  facet normal 0.866026 0.5 0
    outer loop
      vertex -6.9282 -12 5.1
      vertex -13.8564 0 3.6
      vertex -13.8564 0 5.1
    endloop
  endfacet
  facet normal 0.866026 0.5 0
    outer loop
      vertex -13.8564 0 3.6
      vertex -6.9282 -12 5.1
      vertex -6.9282 -12 3.6
    endloop
  endfacet
  facet normal 0.866026 -0.5 0
    outer loop
      vertex -13.8564 0 5.1
      vertex -6.9282 12 3.6
      vertex -6.9282 12 5.1
    endloop
  endfacet
  facet normal 0.866026 -0.5 0
    outer loop
      vertex -6.9282 12 3.6
      vertex -13.8564 0 5.1
      vertex -13.8564 0 3.6
    endloop
  endfacet
  facet normal 0 -1 0
    outer loop
      vertex -6.9282 12 3.6
      vertex 7.50555 12 5.1
      vertex -6.9282 12 5.1
    endloop
  endfacet
  facet normal 0 -1 -0
    outer loop
      vertex 7.50555 12 5.1
      vertex -6.9282 12 3.6
      vertex 7.50555 12 3.6
    endloop
  endfacet
  facet normal 1 -0 0
    outer loop
      vertex 7.50555 12 5.1
      vertex 7.50555 13 3.6
      vertex 7.50555 13 5.1
    endloop
  endfacet
  facet normal 1 0 0
    outer loop
      vertex 7.50555 13 3.6
      vertex 7.50555 12 5.1
      vertex 7.50555 12 3.6
    endloop
  endfacet
  facet normal 0 0 1
    outer loop
      vertex 15.0111 0 5.6
      vertex 18.0111 0 5.6
      vertex 18.0047 0.196213 5.6
    endloop
  endfacet
  facet normal 0 0 1
    outer loop
      vertex 15.0111 0 5.6
      vertex 18.0047 0.196213 5.6
      vertex 17.9854 0.391571 5.6
    endloop
  endfacet
  facet normal 0 0 1
    outer loop
      vertex 18.0111 0 5.6
      vertex 15.0111 0 5.6
      vertex 18.0047 -0.196213 5.6
    endloop
  endfacet
  facet normal 0 0 1
    outer loop
      vertex 15.0111 0 5.6
      vertex 17.9854 0.391571 5.6
      vertex 17.9534 0.585266 5.6
    endloop
  endfacet
  facet normal 0 0 1
    outer loop
      vertex 18.0047 -0.196213 5.6
      vertex 15.0111 0 5.6
      vertex 17.9854 -0.391586 5.6
    endloop
  endfacet
  facet normal 0 0 1
    outer loop
      vertex 15.0111 0 5.6
      vertex 17.9534 0.585266 5.6
      vertex 17.9089 0.776459 5.6
    endloop
  endfacet
  facet normal 0 0 1
    outer loop
      vertex 17.9854 -0.391586 5.6
      vertex 15.0111 0 5.6
      vertex 17.9534 -0.585266 5.6
    endloop
  endfacet
  facet normal 0 0 1
    outer loop
      vertex 15.0111 0 5.6
      vertex 17.9089 0.776459 5.6
      vertex 17.8519 0.964325 5.6
    endloop
  endfacet
  facet normal 0 0 1
    outer loop
      vertex 17.9534 -0.585266 5.6
      vertex 15.0111 0 5.6
      vertex 17.9089 -0.776459 5.6
    endloop
  endfacet
  facet normal 0 0 1
    outer loop
      vertex 15.0111 0 5.6
      vertex 17.8519 0.964325 5.6
      vertex 17.7827 1.14806 5.6
    endloop
  endfacet
  facet normal 0 0 1
    outer loop
      vertex 17.9089 -0.776459 5.6
      vertex 15.0111 0 5.6
      vertex 17.8519 -0.964325 5.6
    endloop
  endfacet
  facet normal 0 0 1
    outer loop
      vertex 15.0111 0 5.6
      vertex 17.7827 1.14806 5.6
      vertex 17.7017 1.32686 5.6
    endloop
  endfacet
  facet normal 0 0 1
    outer loop
      vertex 17.8519 -0.964325 5.6
      vertex 15.0111 0 5.6
      vertex 17.7827 -1.14806 5.6
    endloop
  endfacet
  facet normal 0 0 1
    outer loop
      vertex 15.0111 0 5.6
      vertex 17.7017 1.32686 5.6
      vertex 17.6092 1.5 5.6
    endloop
  endfacet
  facet normal 0 0 1
    outer loop
      vertex 17.7827 -1.14806 5.6
      vertex 15.0111 0 5.6
      vertex 17.7017 -1.32687 5.6
    endloop
  endfacet
  facet normal 0 0 1
    outer loop
      vertex 17.7017 -1.32687 5.6
      vertex 15.0111 0 5.6
      vertex 17.6092 -1.5 5.6
    endloop
  endfacet
  facet normal 0 0 1
    outer loop
      vertex 10.1036 14.5 5.6
      vertex 15.0111 0 5.6
      vertex 17.6092 1.5 5.6
    endloop
  endfacet
  facet normal 0 0 1
    outer loop
      vertex 7.50554 13 5.6
      vertex 10.1036 14.5 5.6
      vertex 9.99995 14.6667 5.6
    endloop
  endfacet
  facet normal 0 0 1
    outer loop
      vertex 7.50554 13 5.6
      vertex 9.99995 14.6667 5.6
      vertex 9.8856 14.8263 5.6
    endloop
  endfacet
  facet normal 0 0 1
    outer loop
      vertex 7.50554 13 5.6
      vertex 9.8856 14.8263 5.6
      vertex 9.76106 14.978 5.6
    endloop
  endfacet
  facet normal 0 0 1
    outer loop
      vertex 7.50554 13 5.6
      vertex 9.76106 14.978 5.6
      vertex 9.62686 15.1213 5.6
    endloop
  endfacet
  facet normal 0 0 1
    outer loop
      vertex 7.50554 13 5.6
      vertex 9.62686 15.1213 5.6
      vertex 9.48358 15.2555 5.6
    endloop
  endfacet
  facet normal 0 0 1
    outer loop
      vertex 7.50554 13 5.6
      vertex 9.48358 15.2555 5.6
      vertex 9.33182 15.3801 5.6
    endloop
  endfacet
  facet normal 0 0 1
    outer loop
      vertex 7.50554 13 5.6
      vertex 9.33182 15.3801 5.6
      vertex 9.17226 15.4944 5.6
    endloop
  endfacet
  facet normal 0 0 1
    outer loop
      vertex 7.50554 13 5.6
      vertex 9.17226 15.4944 5.6
      vertex 9.00554 15.5981 5.6
    endloop
  endfacet
  facet normal 0 0 1
    outer loop
      vertex 7.50554 13 5.6
      vertex 9.00554 15.5981 5.6
      vertex 8.8324 15.6906 5.6
    endloop
  endfacet
  facet normal 0 0 1
    outer loop
      vertex 7.50554 13 5.6
      vertex 8.8324 15.6906 5.6
      vertex 8.65359 15.7716 5.6
    endloop
  endfacet
  facet normal 0 0 1
    outer loop
      vertex 7.50554 13 5.6
      vertex 8.65359 15.7716 5.6
      vertex 8.46986 15.8408 5.6
    endloop
  endfacet
  facet normal 0 0 1
    outer loop
      vertex 7.50554 13 5.6
      vertex 8.46986 15.8408 5.6
      vertex 8.282 15.8978 5.6
    endloop
  endfacet
  facet normal 0 0 1
    outer loop
      vertex 7.50554 13 5.6
      vertex 8.282 15.8978 5.6
      vertex 8.09081 15.9424 5.6
    endloop
  endfacet
  facet normal 0 0 1
    outer loop
      vertex 7.50554 13 5.6
      vertex 8.09081 15.9424 5.6
      vertex 7.89711 15.9743 5.6
    endloop
  endfacet
  facet normal 0 0 1
    outer loop
      vertex 7.50554 13 5.6
      vertex 7.89711 15.9743 5.6
      vertex 7.70175 15.9936 5.6
    endloop
  endfacet
  facet normal 0 0 1
    outer loop
      vertex 7.50554 13 5.6
      vertex 7.70175 15.9936 5.6
      vertex 7.50554 16 5.6
    endloop
  endfacet
  facet normal 0 0 1
    outer loop
      vertex 10.1036 14.5 5.6
      vertex 7.50554 13 5.6
      vertex 15.0111 0 5.6
    endloop
  endfacet
  facet normal -0 0 1
    outer loop
      vertex -7.50554 16 5.6
      vertex 7.50554 13 5.6
      vertex 7.50554 16 5.6
    endloop
  endfacet
  facet normal 0 0 1
    outer loop
      vertex -7.50554 16 5.6
      vertex -7.50554 13 5.6
      vertex 7.50554 13 5.6
    endloop
  endfacet
  facet normal -0 0 1
    outer loop
      vertex -7.70175 15.9936 5.6
      vertex -7.50554 13 5.6
      vertex -7.50554 16 5.6
    endloop
  endfacet
  facet normal -0 0 1
    outer loop
      vertex -7.89711 15.9743 5.6
      vertex -7.50554 13 5.6
      vertex -7.70175 15.9936 5.6
    endloop
  endfacet
  facet normal -0 0 1
    outer loop
      vertex -8.09081 15.9424 5.6
      vertex -7.50554 13 5.6
      vertex -7.89711 15.9743 5.6
    endloop
  endfacet
  facet normal -0 0 1
    outer loop
      vertex -8.282 15.8978 5.6
      vertex -7.50554 13 5.6
      vertex -8.09081 15.9424 5.6
    endloop
  endfacet
  facet normal -0 0 1
    outer loop
      vertex -8.46986 15.8408 5.6
      vertex -7.50554 13 5.6
      vertex -8.282 15.8978 5.6
    endloop
  endfacet
  facet normal -0 0 1
    outer loop
      vertex -8.65359 15.7716 5.6
      vertex -7.50554 13 5.6
      vertex -8.46986 15.8408 5.6
    endloop
  endfacet
  facet normal -0 0 1
    outer loop
      vertex -8.8324 15.6906 5.6
      vertex -7.50554 13 5.6
      vertex -8.65359 15.7716 5.6
    endloop
  endfacet
  facet normal -0 0 1
    outer loop
      vertex -9.00554 15.5981 5.6
      vertex -7.50554 13 5.6
      vertex -8.8324 15.6906 5.6
    endloop
  endfacet
  facet normal -0 0 1
    outer loop
      vertex -9.17226 15.4944 5.6
      vertex -7.50554 13 5.6
      vertex -9.00554 15.5981 5.6
    endloop
  endfacet
  facet normal -0 0 1
    outer loop
      vertex -9.33182 15.3801 5.6
      vertex -7.50554 13 5.6
      vertex -9.17226 15.4944 5.6
    endloop
  endfacet
  facet normal -0 0 1
    outer loop
      vertex -9.48358 15.2555 5.6
      vertex -7.50554 13 5.6
      vertex -9.33182 15.3801 5.6
    endloop
  endfacet
  facet normal -0 0 1
    outer loop
      vertex -9.62686 15.1213 5.6
      vertex -7.50554 13 5.6
      vertex -9.48358 15.2555 5.6
    endloop
  endfacet
  facet normal -0 0 1
    outer loop
      vertex -9.76106 14.978 5.6
      vertex -7.50554 13 5.6
      vertex -9.62686 15.1213 5.6
    endloop
  endfacet
  facet normal -0 0 1
    outer loop
      vertex -9.8856 14.8263 5.6
      vertex -7.50554 13 5.6
      vertex -9.76106 14.978 5.6
    endloop
  endfacet
  facet normal -0 0 1
    outer loop
      vertex -9.99995 14.6667 5.6
      vertex -7.50554 13 5.6
      vertex -9.8856 14.8263 5.6
    endloop
  endfacet
  facet normal -0 0 1
    outer loop
      vertex -10.1036 14.5 5.6
      vertex -7.50554 13 5.6
      vertex -9.99995 14.6667 5.6
    endloop
  endfacet
  facet normal 0 0 1
    outer loop
      vertex -10.1036 14.5 5.6
      vertex -15.0111 0 5.6
      vertex -7.50554 13 5.6
    endloop
  endfacet
  facet normal 0 -0 1
    outer loop
      vertex -15.0111 0 5.6
      vertex -10.1036 14.5 5.6
      vertex -17.6092 1.5 5.6
    endloop
  endfacet
  facet normal 0 0 1
    outer loop
      vertex 15.0111 0 5.6
      vertex 10.1036 -14.5 5.6
      vertex 17.6092 -1.5 5.6
    endloop
  endfacet
  facet normal -0 0 1
    outer loop
      vertex 7.50554 -13 5.6
      vertex 10.1036 -14.5 5.6
      vertex 15.0111 0 5.6
    endloop
  endfacet
  facet normal 0 0 1
    outer loop
      vertex 10.1036 -14.5 5.6
      vertex 7.50554 -13 5.6
      vertex 9.99995 -14.6667 5.6
    endloop
  endfacet
  facet normal 0 0 1
    outer loop
      vertex 9.99995 -14.6667 5.6
      vertex 7.50554 -13 5.6
      vertex 9.8856 -14.8263 5.6
    endloop
  endfacet
  facet normal 0 0 1
    outer loop
      vertex 9.8856 -14.8263 5.6
      vertex 7.50554 -13 5.6
      vertex 9.76106 -14.978 5.6
    endloop
  endfacet
  facet normal 0 0 1
    outer loop
      vertex 9.76106 -14.978 5.6
      vertex 7.50554 -13 5.6
      vertex 9.62686 -15.1213 5.6
    endloop
  endfacet
  facet normal 0 0 1
    outer loop
      vertex 9.62686 -15.1213 5.6
      vertex 7.50554 -13 5.6
      vertex 9.48358 -15.2555 5.6
    endloop
  endfacet
  facet normal 0 0 1
    outer loop
      vertex 9.48358 -15.2555 5.6
      vertex 7.50554 -13 5.6
      vertex 9.33182 -15.3801 5.6
    endloop
  endfacet
  facet normal 0 0 1
    outer loop
      vertex 9.33182 -15.3801 5.6
      vertex 7.50554 -13 5.6
      vertex 9.17226 -15.4944 5.6
    endloop
  endfacet
  facet normal 0 0 1
    outer loop
      vertex 9.17226 -15.4944 5.6
      vertex 7.50554 -13 5.6
      vertex 9.00554 -15.5981 5.6
    endloop
  endfacet
  facet normal 0 0 1
    outer loop
      vertex 9.00554 -15.5981 5.6
      vertex 7.50554 -13 5.6
      vertex 8.8324 -15.6906 5.6
    endloop
  endfacet
  facet normal 0 0 1
    outer loop
      vertex 8.8324 -15.6906 5.6
      vertex 7.50554 -13 5.6
      vertex 8.65359 -15.7716 5.6
    endloop
  endfacet
  facet normal 0 0 1
    outer loop
      vertex 8.65359 -15.7716 5.6
      vertex 7.50554 -13 5.6
      vertex 8.46986 -15.8408 5.6
    endloop
  endfacet
  facet normal 0 0 1
    outer loop
      vertex 8.46986 -15.8408 5.6
      vertex 7.50554 -13 5.6
      vertex 8.282 -15.8978 5.6
    endloop
  endfacet
  facet normal 0 0 1
    outer loop
      vertex 8.282 -15.8978 5.6
      vertex 7.50554 -13 5.6
      vertex 8.09081 -15.9424 5.6
    endloop
  endfacet
  facet normal 0 0 1
    outer loop
      vertex 8.09081 -15.9424 5.6
      vertex 7.50554 -13 5.6
      vertex 7.89711 -15.9743 5.6
    endloop
  endfacet
  facet normal 0 0 1
    outer loop
      vertex 7.89711 -15.9743 5.6
      vertex 7.50554 -13 5.6
      vertex 7.70175 -15.9936 5.6
    endloop
  endfacet
  facet normal 0 0 1
    outer loop
      vertex 7.50554 -13 5.6
      vertex 7.50554 -16 5.6
      vertex 7.70175 -15.9936 5.6
    endloop
  endfacet
  facet normal -0 0 1
    outer loop
      vertex -7.50554 -13 5.6
      vertex 7.50554 -16 5.6
      vertex 7.50554 -13 5.6
    endloop
  endfacet
  facet normal 0 0 1
    outer loop
      vertex -7.50554 -13 5.6
      vertex -7.50554 -16 5.6
      vertex 7.50554 -16 5.6
    endloop
  endfacet
  facet normal 0 0 1
    outer loop
      vertex -7.50554 -13 5.6
      vertex -7.70175 -15.9936 5.6
      vertex -7.50554 -16 5.6
    endloop
  endfacet
  facet normal 0 0 1
    outer loop
      vertex -7.50554 -13 5.6
      vertex -7.89711 -15.9743 5.6
      vertex -7.70175 -15.9936 5.6
    endloop
  endfacet
  facet normal 0 0 1
    outer loop
      vertex -7.50554 -13 5.6
      vertex -8.09081 -15.9424 5.6
      vertex -7.89711 -15.9743 5.6
    endloop
  endfacet
  facet normal 0 0 1
    outer loop
      vertex -7.50554 -13 5.6
      vertex -8.282 -15.8978 5.6
      vertex -8.09081 -15.9424 5.6
    endloop
  endfacet
  facet normal 0 0 1
    outer loop
      vertex -7.50554 -13 5.6
      vertex -8.46986 -15.8408 5.6
      vertex -8.282 -15.8978 5.6
    endloop
  endfacet
  facet normal 0 0 1
    outer loop
      vertex -7.50554 -13 5.6
      vertex -8.65359 -15.7716 5.6
      vertex -8.46986 -15.8408 5.6
    endloop
  endfacet
  facet normal 0 0 1
    outer loop
      vertex -7.50554 -13 5.6
      vertex -8.8324 -15.6906 5.6
      vertex -8.65359 -15.7716 5.6
    endloop
  endfacet
  facet normal 0 0 1
    outer loop
      vertex -7.50554 -13 5.6
      vertex -9.00554 -15.5981 5.6
      vertex -8.8324 -15.6906 5.6
    endloop
  endfacet
  facet normal 0 0 1
    outer loop
      vertex -7.50554 -13 5.6
      vertex -9.17226 -15.4944 5.6
      vertex -9.00554 -15.5981 5.6
    endloop
  endfacet
  facet normal 0 0 1
    outer loop
      vertex -7.50554 -13 5.6
      vertex -9.33182 -15.3801 5.6
      vertex -9.17226 -15.4944 5.6
    endloop
  endfacet
  facet normal 0 0 1
    outer loop
      vertex -7.50554 -13 5.6
      vertex -9.48358 -15.2555 5.6
      vertex -9.33182 -15.3801 5.6
    endloop
  endfacet
  facet normal 0 0 1
    outer loop
      vertex -7.50554 -13 5.6
      vertex -9.62686 -15.1213 5.6
      vertex -9.48358 -15.2555 5.6
    endloop
  endfacet
  facet normal 0 0 1
    outer loop
      vertex -7.50554 -13 5.6
      vertex -9.76106 -14.978 5.6
      vertex -9.62686 -15.1213 5.6
    endloop
  endfacet
  facet normal 0 0 1
    outer loop
      vertex -7.50554 -13 5.6
      vertex -9.8856 -14.8263 5.6
      vertex -9.76106 -14.978 5.6
    endloop
  endfacet
  facet normal 0 0 1
    outer loop
      vertex -7.50554 -13 5.6
      vertex -9.99995 -14.6667 5.6
      vertex -9.8856 -14.8263 5.6
    endloop
  endfacet
  facet normal 0 0 1
    outer loop
      vertex -7.50554 -13 5.6
      vertex -10.1036 -14.5 5.6
      vertex -9.99995 -14.6667 5.6
    endloop
  endfacet
  facet normal 0 0 1
    outer loop
      vertex -15.0111 0 5.6
      vertex -10.1036 -14.5 5.6
      vertex -7.50554 -13 5.6
    endloop
  endfacet
  facet normal -0 0 1
    outer loop
      vertex -17.7017 1.32687 5.6
      vertex -15.0111 0 5.6
      vertex -17.6092 1.5 5.6
    endloop
  endfacet
  facet normal 0 0 1
    outer loop
      vertex -15.0111 0 5.6
      vertex -17.6092 -1.5 5.6
      vertex -10.1036 -14.5 5.6
    endloop
  endfacet
  facet normal -0 0 1
    outer loop
      vertex -17.7827 1.14806 5.6
      vertex -15.0111 0 5.6
      vertex -17.7017 1.32687 5.6
    endloop
  endfacet
  facet normal 0 0 1
    outer loop
      vertex -15.0111 0 5.6
      vertex -17.7017 -1.32686 5.6
      vertex -17.6092 -1.5 5.6
    endloop
  endfacet
  facet normal -0 0 1
    outer loop
      vertex -17.8519 0.964325 5.6
      vertex -15.0111 0 5.6
      vertex -17.7827 1.14806 5.6
    endloop
  endfacet
  facet normal 0 0 1
    outer loop
      vertex -15.0111 0 5.6
      vertex -17.7827 -1.14806 5.6
      vertex -17.7017 -1.32686 5.6
    endloop
  endfacet
  facet normal -0 0 1
    outer loop
      vertex -17.9089 0.776459 5.6
      vertex -15.0111 0 5.6
      vertex -17.8519 0.964325 5.6
    endloop
  endfacet
  facet normal 0 0 1
    outer loop
      vertex -15.0111 0 5.6
      vertex -17.8519 -0.964325 5.6
      vertex -17.7827 -1.14806 5.6
    endloop
  endfacet
  facet normal -0 0 1
    outer loop
      vertex -17.9534 0.585266 5.6
      vertex -15.0111 0 5.6
      vertex -17.9089 0.776459 5.6
    endloop
  endfacet
  facet normal 0 0 1
    outer loop
      vertex -15.0111 0 5.6
      vertex -17.9089 -0.776459 5.6
      vertex -17.8519 -0.964325 5.6
    endloop
  endfacet
  facet normal -0 0 1
    outer loop
      vertex -17.9854 0.391586 5.6
      vertex -15.0111 0 5.6
      vertex -17.9534 0.585266 5.6
    endloop
  endfacet
  facet normal 0 0 1
    outer loop
      vertex -15.0111 0 5.6
      vertex -17.9534 -0.585266 5.6
      vertex -17.9089 -0.776459 5.6
    endloop
  endfacet
  facet normal -0 0 1
    outer loop
      vertex -18.0047 0.196213 5.6
      vertex -15.0111 0 5.6
      vertex -17.9854 0.391586 5.6
    endloop
  endfacet
  facet normal 0 0 1
    outer loop
      vertex -15.0111 0 5.6
      vertex -17.9854 -0.391571 5.6
      vertex -17.9534 -0.585266 5.6
    endloop
  endfacet
  facet normal 0 0 1
    outer loop
      vertex -18.0111 0 5.6
      vertex -15.0111 0 5.6
      vertex -18.0047 0.196213 5.6
    endloop
  endfacet
  facet normal 0 0 1
    outer loop
      vertex -15.0111 0 5.6
      vertex -18.0047 -0.196213 5.6
      vertex -17.9854 -0.391571 5.6
    endloop
  endfacet
  facet normal 0 0 1
    outer loop
      vertex -15.0111 0 5.6
      vertex -18.0111 0 5.6
      vertex -18.0047 -0.196213 5.6
    endloop
  endfacet
  facet normal 0.0983134 -0.995156 0
    outer loop
      vertex 7.70175 -15.9936 0
      vertex 7.89711 -15.9743 5.6
      vertex 7.70175 -15.9936 5.6
    endloop
  endfacet
  facet normal 0.0983134 -0.995156 0
    outer loop
      vertex 7.89711 -15.9743 5.6
      vertex 7.70175 -15.9936 0
      vertex 7.89711 -15.9743 0
    endloop
  endfacet
  facet normal 0.162499 -0.986709 0
    outer loop
      vertex 7.89711 -15.9743 0
      vertex 8.09081 -15.9424 5.6
      vertex 7.89711 -15.9743 5.6
    endloop
  endfacet
  facet normal 0.162499 -0.986709 0
    outer loop
      vertex 8.09081 -15.9424 5.6
      vertex 7.89711 -15.9743 0
      vertex 8.09081 -15.9424 0
    endloop
  endfacet
  facet normal 0.227176 -0.973854 0
    outer loop
      vertex 8.09081 -15.9424 0
      vertex 8.282 -15.8978 5.6
      vertex 8.09081 -15.9424 5.6
    endloop
  endfacet
  facet normal 0.227176 -0.973854 0
    outer loop
      vertex 8.282 -15.8978 5.6
      vertex 8.09081 -15.9424 0
      vertex 8.282 -15.8978 0
    endloop
  endfacet
  facet normal 0.290347 -0.956922 0
    outer loop
      vertex 8.282 -15.8978 0
      vertex 8.46986 -15.8408 5.6
      vertex 8.282 -15.8978 5.6
    endloop
  endfacet
  facet normal 0.290347 -0.956922 0
    outer loop
      vertex 8.46986 -15.8408 5.6
      vertex 8.282 -15.8978 0
      vertex 8.46986 -15.8408 0
    endloop
  endfacet
  facet normal 0.352468 -0.935824 0
    outer loop
      vertex 8.46986 -15.8408 0
      vertex 8.65359 -15.7716 5.6
      vertex 8.46986 -15.8408 5.6
    endloop
  endfacet
  facet normal 0.352468 -0.935824 0
    outer loop
      vertex 8.65359 -15.7716 5.6
      vertex 8.46986 -15.8408 0
      vertex 8.65359 -15.7716 0
    endloop
  endfacet
  facet normal 0.412632 -0.910898 0
    outer loop
      vertex 8.65359 -15.7716 0
      vertex 8.8324 -15.6906 5.6
      vertex 8.65359 -15.7716 5.6
    endloop
  endfacet
  facet normal 0.412632 -0.910898 0
    outer loop
      vertex 8.8324 -15.6906 5.6
      vertex 8.65359 -15.7716 0
      vertex 8.8324 -15.6906 0
    endloop
  endfacet
  facet normal 0.471217 -0.882017 0
    outer loop
      vertex 8.8324 -15.6906 0
      vertex 9.00554 -15.5981 5.6
      vertex 8.8324 -15.6906 5.6
    endloop
  endfacet
  facet normal 0.471217 -0.882017 0
    outer loop
      vertex 9.00554 -15.5981 5.6
      vertex 8.8324 -15.6906 0
      vertex 9.00554 -15.5981 0
    endloop
  endfacet
  facet normal 0.528166 -0.849141 0
    outer loop
      vertex 9.00554 -15.5981 0
      vertex 9.17226 -15.4944 5.6
      vertex 9.00554 -15.5981 5.6
    endloop
  endfacet
  facet normal 0.528166 -0.849141 0
    outer loop
      vertex 9.17226 -15.4944 5.6
      vertex 9.00554 -15.5981 0
      vertex 9.17226 -15.4944 0
    endloop
  endfacet
  facet normal 0.582346 -0.812941 0
    outer loop
      vertex 9.17226 -15.4944 0
      vertex 9.33182 -15.3801 5.6
      vertex 9.17226 -15.4944 5.6
    endloop
  endfacet
  facet normal 0.582346 -0.812941 0
    outer loop
      vertex 9.33182 -15.3801 5.6
      vertex 9.17226 -15.4944 0
      vertex 9.33182 -15.3801 0
    endloop
  endfacet
  facet normal 0.634557 -0.772876 0
    outer loop
      vertex 9.33182 -15.3801 0
      vertex 9.48358 -15.2555 5.6
      vertex 9.33182 -15.3801 5.6
    endloop
  endfacet
  facet normal 0.634557 -0.772876 0
    outer loop
      vertex 9.48358 -15.2555 5.6
      vertex 9.33182 -15.3801 0
      vertex 9.48358 -15.2555 0
    endloop
  endfacet
  facet normal 0.683602 -0.729855 0
    outer loop
      vertex 9.48358 -15.2555 0
      vertex 9.62686 -15.1213 5.6
      vertex 9.48358 -15.2555 5.6
    endloop
  endfacet
  facet normal 0.683602 -0.729855 0
    outer loop
      vertex 9.62686 -15.1213 5.6
      vertex 9.48358 -15.2555 0
      vertex 9.62686 -15.1213 0
    endloop
  endfacet
  facet normal 0.729902 -0.683551 0
    outer loop
      vertex 9.62686 -15.1213 5.6
      vertex 9.76106 -14.978 0
      vertex 9.76106 -14.978 5.6
    endloop
  endfacet
  facet normal 0.729902 -0.683551 0
    outer loop
      vertex 9.76106 -14.978 0
      vertex 9.62686 -15.1213 5.6
      vertex 9.62686 -15.1213 0
    endloop
  endfacet
  facet normal 0.772903 -0.634524 0
    outer loop
      vertex 9.76106 -14.978 5.6
      vertex 9.8856 -14.8263 0
      vertex 9.8856 -14.8263 5.6
    endloop
  endfacet
  facet normal 0.772903 -0.634524 0
    outer loop
      vertex 9.8856 -14.8263 0
      vertex 9.76106 -14.978 5.6
      vertex 9.76106 -14.978 0
    endloop
  endfacet
  facet normal 0.812889 -0.582418 0
    outer loop
      vertex 9.8856 -14.8263 5.6
      vertex 9.99995 -14.6667 0
      vertex 9.99995 -14.6667 5.6
    endloop
  endfacet
  facet normal 0.812889 -0.582418 0
    outer loop
      vertex 9.99995 -14.6667 0
      vertex 9.8856 -14.8263 5.6
      vertex 9.8856 -14.8263 0
    endloop
  endfacet
  facet normal 0.849227 -0.528028 0
    outer loop
      vertex 9.99995 -14.6667 5.6
      vertex 10.1036 -14.5 0
      vertex 10.1036 -14.5 5.6
    endloop
  endfacet
  facet normal 0.849227 -0.528028 0
    outer loop
      vertex 10.1036 -14.5 0
      vertex 9.99995 -14.6667 5.6
      vertex 9.99995 -14.6667 0
    endloop
  endfacet
  facet normal 0.866024 -0.500002 0
    outer loop
      vertex 10.1036 -14.5 5.6
      vertex 17.6092 -1.5 0
      vertex 17.6092 -1.5 5.6
    endloop
  endfacet
  facet normal 0.866024 -0.500002 0
    outer loop
      vertex 17.6092 -1.5 0
      vertex 10.1036 -14.5 5.6
      vertex 10.1036 -14.5 0
    endloop
  endfacet
  facet normal 0.882006 -0.471239 0
    outer loop
      vertex 17.6092 -1.5 5.6
      vertex 17.7017 -1.32687 0
      vertex 17.7017 -1.32687 5.6
    endloop
  endfacet
  facet normal 0.882006 -0.471239 0
    outer loop
      vertex 17.7017 -1.32687 0
      vertex 17.6092 -1.5 5.6
      vertex 17.6092 -1.5 0
    endloop
  endfacet
  facet normal 0.910898 -0.412632 0
    outer loop
      vertex 17.7017 -1.32687 5.6
      vertex 17.7827 -1.14806 0
      vertex 17.7827 -1.14806 5.6
    endloop
  endfacet
  facet normal 0.910898 -0.412632 0
    outer loop
      vertex 17.7827 -1.14806 0
      vertex 17.7017 -1.32687 5.6
      vertex 17.7017 -1.32687 0
    endloop
  endfacet
  facet normal 0.935827 -0.35246 0
    outer loop
      vertex 17.7827 -1.14806 5.6
      vertex 17.8519 -0.964325 0
      vertex 17.8519 -0.964325 5.6
    endloop
  endfacet
  facet normal 0.935827 -0.35246 0
    outer loop
      vertex 17.8519 -0.964325 0
      vertex 17.7827 -1.14806 5.6
      vertex 17.7827 -1.14806 0
    endloop
  endfacet
  facet normal 0.956924 -0.290338 0
    outer loop
      vertex 17.8519 -0.964325 5.6
      vertex 17.9089 -0.776459 0
      vertex 17.9089 -0.776459 5.6
    endloop
  endfacet
  facet normal 0.956924 -0.290338 0
    outer loop
      vertex 17.9089 -0.776459 0
      vertex 17.8519 -0.964325 5.6
      vertex 17.8519 -0.964325 0
    endloop
  endfacet
  facet normal 0.973967 -0.22669 0
    outer loop
      vertex 17.9089 -0.776459 5.6
      vertex 17.9534 -0.585266 0
      vertex 17.9534 -0.585266 5.6
    endloop
  endfacet
  facet normal 0.973967 -0.22669 0
    outer loop
      vertex 17.9534 -0.585266 0
      vertex 17.9089 -0.776459 5.6
      vertex 17.9089 -0.776459 0
    endloop
  endfacet
  facet normal 0.986624 -0.163011 0
    outer loop
      vertex 17.9534 -0.585266 5.6
      vertex 17.9854 -0.391586 0
      vertex 17.9854 -0.391586 5.6
    endloop
  endfacet
  facet normal 0.986624 -0.163011 0
    outer loop
      vertex 17.9854 -0.391586 0
      vertex 17.9534 -0.585266 5.6
      vertex 17.9534 -0.585266 0
    endloop
  endfacet
  facet normal 0.995156 -0.0983069 0
    outer loop
      vertex 17.9854 -0.391586 5.6
      vertex 18.0047 -0.196213 0
      vertex 18.0047 -0.196213 5.6
    endloop
  endfacet
  facet normal 0.995156 -0.0983069 0
    outer loop
      vertex 18.0047 -0.196213 0
      vertex 17.9854 -0.391586 5.6
      vertex 17.9854 -0.391586 0
    endloop
  endfacet
  facet normal 0.999468 -0.0326003 0
    outer loop
      vertex 18.0047 -0.196213 5.6
      vertex 18.0111 0 0
      vertex 18.0111 0 5.6
    endloop
  endfacet
  facet normal 0.999468 -0.0326003 0
    outer loop
      vertex 18.0111 0 0
      vertex 18.0047 -0.196213 5.6
      vertex 18.0047 -0.196213 0
    endloop
  endfacet
  facet normal 0.999468 0.0326003 0
    outer loop
      vertex 18.0111 0 5.6
      vertex 18.0047 0.196213 0
      vertex 18.0047 0.196213 5.6
    endloop
  endfacet
  facet normal 0.999468 0.0326003 0
    outer loop
      vertex 18.0047 0.196213 0
      vertex 18.0111 0 5.6
      vertex 18.0111 0 0
    endloop
  endfacet
  facet normal 0.995155 0.0983144 0
    outer loop
      vertex 18.0047 0.196213 5.6
      vertex 17.9854 0.391571 0
      vertex 17.9854 0.391571 5.6
    endloop
  endfacet
  facet normal 0.995155 0.0983144 0
    outer loop
      vertex 17.9854 0.391571 0
      vertex 18.0047 0.196213 5.6
      vertex 18.0047 0.196213 0
    endloop
  endfacet
  facet normal 0.986626 0.162999 0
    outer loop
      vertex 17.9854 0.391571 5.6
      vertex 17.9534 0.585266 0
      vertex 17.9534 0.585266 5.6
    endloop
  endfacet
  facet normal 0.986626 0.162999 0
    outer loop
      vertex 17.9534 0.585266 0
      vertex 17.9854 0.391571 5.6
      vertex 17.9854 0.391571 0
    endloop
  endfacet
  facet normal 0.973967 0.22669 0
    outer loop
      vertex 17.9534 0.585266 5.6
      vertex 17.9089 0.776459 0
      vertex 17.9089 0.776459 5.6
    endloop
  endfacet
  facet normal 0.973967 0.22669 0
    outer loop
      vertex 17.9089 0.776459 0
      vertex 17.9534 0.585266 5.6
      vertex 17.9534 0.585266 0
    endloop
  endfacet
  facet normal 0.956924 0.290338 0
    outer loop
      vertex 17.9089 0.776459 5.6
      vertex 17.8519 0.964325 0
      vertex 17.8519 0.964325 5.6
    endloop
  endfacet
  facet normal 0.956924 0.290338 0
    outer loop
      vertex 17.8519 0.964325 0
      vertex 17.9089 0.776459 5.6
      vertex 17.9089 0.776459 0
    endloop
  endfacet
  facet normal 0.935827 0.35246 0
    outer loop
      vertex 17.8519 0.964325 5.6
      vertex 17.7827 1.14806 0
      vertex 17.7827 1.14806 5.6
    endloop
  endfacet
  facet normal 0.935827 0.35246 0
    outer loop
      vertex 17.7827 1.14806 0
      vertex 17.8519 0.964325 5.6
      vertex 17.8519 0.964325 0
    endloop
  endfacet
  facet normal 0.910889 0.412651 0
    outer loop
      vertex 17.7827 1.14806 5.6
      vertex 17.7017 1.32686 0
      vertex 17.7017 1.32686 5.6
    endloop
  endfacet
  facet normal 0.910889 0.412651 0
    outer loop
      vertex 17.7017 1.32686 0
      vertex 17.7827 1.14806 5.6
      vertex 17.7827 1.14806 0
    endloop
  endfacet
  facet normal 0.882017 0.471217 0
    outer loop
      vertex 17.7017 1.32686 5.6
      vertex 17.6092 1.5 0
      vertex 17.6092 1.5 5.6
    endloop
  endfacet
  facet normal 0.882017 0.471217 0
    outer loop
      vertex 17.6092 1.5 0
      vertex 17.7017 1.32686 5.6
      vertex 17.7017 1.32686 0
    endloop
  endfacet
  facet normal 0.866024 0.500002 0
    outer loop
      vertex 17.6092 1.5 5.6
      vertex 10.1036 14.5 0
      vertex 10.1036 14.5 5.6
    endloop
  endfacet
  facet normal 0.866024 0.500002 0
    outer loop
      vertex 10.1036 14.5 0
      vertex 17.6092 1.5 5.6
      vertex 17.6092 1.5 0
    endloop
  endfacet
  facet normal 0.849227 0.528028 0
    outer loop
      vertex 10.1036 14.5 5.6
      vertex 9.99995 14.6667 0
      vertex 9.99995 14.6667 5.6
    endloop
  endfacet
  facet normal 0.849227 0.528028 0
    outer loop
      vertex 9.99995 14.6667 0
      vertex 10.1036 14.5 5.6
      vertex 10.1036 14.5 0
    endloop
  endfacet
  facet normal 0.812889 0.582418 0
    outer loop
      vertex 9.99995 14.6667 5.6
      vertex 9.8856 14.8263 0
      vertex 9.8856 14.8263 5.6
    endloop
  endfacet
  facet normal 0.812889 0.582418 0
    outer loop
      vertex 9.8856 14.8263 0
      vertex 9.99995 14.6667 5.6
      vertex 9.99995 14.6667 0
    endloop
  endfacet
  facet normal 0.772903 0.634524 0
    outer loop
      vertex 9.8856 14.8263 5.6
      vertex 9.76106 14.978 0
      vertex 9.76106 14.978 5.6
    endloop
  endfacet
  facet normal 0.772903 0.634524 0
    outer loop
      vertex 9.76106 14.978 0
      vertex 9.8856 14.8263 5.6
      vertex 9.8856 14.8263 0
    endloop
  endfacet
  facet normal 0.729902 0.683551 0
    outer loop
      vertex 9.76106 14.978 5.6
      vertex 9.62686 15.1213 0
      vertex 9.62686 15.1213 5.6
    endloop
  endfacet
  facet normal 0.729902 0.683551 0
    outer loop
      vertex 9.62686 15.1213 0
      vertex 9.76106 14.978 5.6
      vertex 9.76106 14.978 0
    endloop
  endfacet
  facet normal 0.683602 0.729855 -0
    outer loop
      vertex 9.62686 15.1213 0
      vertex 9.48358 15.2555 5.6
      vertex 9.62686 15.1213 5.6
    endloop
  endfacet
  facet normal 0.683602 0.729855 0
    outer loop
      vertex 9.48358 15.2555 5.6
      vertex 9.62686 15.1213 0
      vertex 9.48358 15.2555 0
    endloop
  endfacet
  facet normal 0.634557 0.772876 -0
    outer loop
      vertex 9.48358 15.2555 0
      vertex 9.33182 15.3801 5.6
      vertex 9.48358 15.2555 5.6
    endloop
  endfacet
  facet normal 0.634557 0.772876 0
    outer loop
      vertex 9.33182 15.3801 5.6
      vertex 9.48358 15.2555 0
      vertex 9.33182 15.3801 0
    endloop
  endfacet
  facet normal 0.582346 0.812941 -0
    outer loop
      vertex 9.33182 15.3801 0
      vertex 9.17226 15.4944 5.6
      vertex 9.33182 15.3801 5.6
    endloop
  endfacet
  facet normal 0.582346 0.812941 0
    outer loop
      vertex 9.17226 15.4944 5.6
      vertex 9.33182 15.3801 0
      vertex 9.17226 15.4944 0
    endloop
  endfacet
  facet normal 0.528166 0.849141 -0
    outer loop
      vertex 9.17226 15.4944 0
      vertex 9.00554 15.5981 5.6
      vertex 9.17226 15.4944 5.6
    endloop
  endfacet
  facet normal 0.528166 0.849141 0
    outer loop
      vertex 9.00554 15.5981 5.6
      vertex 9.17226 15.4944 0
      vertex 9.00554 15.5981 0
    endloop
  endfacet
  facet normal 0.471217 0.882017 -0
    outer loop
      vertex 9.00554 15.5981 0
      vertex 8.8324 15.6906 5.6
      vertex 9.00554 15.5981 5.6
    endloop
  endfacet
  facet normal 0.471217 0.882017 0
    outer loop
      vertex 8.8324 15.6906 5.6
      vertex 9.00554 15.5981 0
      vertex 8.8324 15.6906 0
    endloop
  endfacet
  facet normal 0.412632 0.910898 -0
    outer loop
      vertex 8.8324 15.6906 0
      vertex 8.65359 15.7716 5.6
      vertex 8.8324 15.6906 5.6
    endloop
  endfacet
  facet normal 0.412632 0.910898 0
    outer loop
      vertex 8.65359 15.7716 5.6
      vertex 8.8324 15.6906 0
      vertex 8.65359 15.7716 0
    endloop
  endfacet
  facet normal 0.352468 0.935824 -0
    outer loop
      vertex 8.65359 15.7716 0
      vertex 8.46986 15.8408 5.6
      vertex 8.65359 15.7716 5.6
    endloop
  endfacet
  facet normal 0.352468 0.935824 0
    outer loop
      vertex 8.46986 15.8408 5.6
      vertex 8.65359 15.7716 0
      vertex 8.46986 15.8408 0
    endloop
  endfacet
  facet normal 0.290347 0.956922 -0
    outer loop
      vertex 8.46986 15.8408 0
      vertex 8.282 15.8978 5.6
      vertex 8.46986 15.8408 5.6
    endloop
  endfacet
  facet normal 0.290347 0.956922 0
    outer loop
      vertex 8.282 15.8978 5.6
      vertex 8.46986 15.8408 0
      vertex 8.282 15.8978 0
    endloop
  endfacet
  facet normal 0.227176 0.973854 -0
    outer loop
      vertex 8.282 15.8978 0
      vertex 8.09081 15.9424 5.6
      vertex 8.282 15.8978 5.6
    endloop
  endfacet
  facet normal 0.227176 0.973854 0
    outer loop
      vertex 8.09081 15.9424 5.6
      vertex 8.282 15.8978 0
      vertex 8.09081 15.9424 0
    endloop
  endfacet
  facet normal 0.162499 0.986709 -0
    outer loop
      vertex 8.09081 15.9424 0
      vertex 7.89711 15.9743 5.6
      vertex 8.09081 15.9424 5.6
    endloop
  endfacet
  facet normal 0.162499 0.986709 0
    outer loop
      vertex 7.89711 15.9743 5.6
      vertex 8.09081 15.9424 0
      vertex 7.89711 15.9743 0
    endloop
  endfacet
  facet normal 0.0983134 0.995156 -0
    outer loop
      vertex 7.89711 15.9743 0
      vertex 7.70175 15.9936 5.6
      vertex 7.89711 15.9743 5.6
    endloop
  endfacet
  facet normal 0.0983134 0.995156 0
    outer loop
      vertex 7.70175 15.9936 5.6
      vertex 7.89711 15.9743 0
      vertex 7.70175 15.9936 0
    endloop
  endfacet
  facet normal 0.0326008 0.999468 -0
    outer loop
      vertex 7.70175 15.9936 0
      vertex 7.50554 16 5.6
      vertex 7.70175 15.9936 5.6
    endloop
  endfacet
  facet normal 0.0326008 0.999468 0
    outer loop
      vertex 7.50554 16 5.6
      vertex 7.70175 15.9936 0
      vertex 7.50554 16 0
    endloop
  endfacet
  facet normal 0 1 -0
    outer loop
      vertex 7.50554 16 0
      vertex -7.50554 16 5.6
      vertex 7.50554 16 5.6
    endloop
  endfacet
  facet normal 0 1 0
    outer loop
      vertex -7.50554 16 5.6
      vertex 7.50554 16 0
      vertex -7.50554 16 0
    endloop
  endfacet
  facet normal -0.0326008 0.999468 0
    outer loop
      vertex -7.50554 16 0
      vertex -7.70175 15.9936 5.6
      vertex -7.50554 16 5.6
    endloop
  endfacet
  facet normal -0.0326008 0.999468 0
    outer loop
      vertex -7.70175 15.9936 5.6
      vertex -7.50554 16 0
      vertex -7.70175 15.9936 0
    endloop
  endfacet
  facet normal -0.0983134 0.995156 0
    outer loop
      vertex -7.70175 15.9936 0
      vertex -7.89711 15.9743 5.6
      vertex -7.70175 15.9936 5.6
    endloop
  endfacet
  facet normal -0.0983134 0.995156 0
    outer loop
      vertex -7.89711 15.9743 5.6
      vertex -7.70175 15.9936 0
      vertex -7.89711 15.9743 0
    endloop
  endfacet
  facet normal -0.162499 0.986709 0
    outer loop
      vertex -7.89711 15.9743 0
      vertex -8.09081 15.9424 5.6
      vertex -7.89711 15.9743 5.6
    endloop
  endfacet
  facet normal -0.162499 0.986709 0
    outer loop
      vertex -8.09081 15.9424 5.6
      vertex -7.89711 15.9743 0
      vertex -8.09081 15.9424 0
    endloop
  endfacet
  facet normal -0.227176 0.973854 0
    outer loop
      vertex -8.09081 15.9424 0
      vertex -8.282 15.8978 5.6
      vertex -8.09081 15.9424 5.6
    endloop
  endfacet
  facet normal -0.227176 0.973854 0
    outer loop
      vertex -8.282 15.8978 5.6
      vertex -8.09081 15.9424 0
      vertex -8.282 15.8978 0
    endloop
  endfacet
  facet normal -0.290347 0.956922 0
    outer loop
      vertex -8.282 15.8978 0
      vertex -8.46986 15.8408 5.6
      vertex -8.282 15.8978 5.6
    endloop
  endfacet
  facet normal -0.290347 0.956922 0
    outer loop
      vertex -8.46986 15.8408 5.6
      vertex -8.282 15.8978 0
      vertex -8.46986 15.8408 0
    endloop
  endfacet
  facet normal -0.352468 0.935824 0
    outer loop
      vertex -8.46986 15.8408 0
      vertex -8.65359 15.7716 5.6
      vertex -8.46986 15.8408 5.6
    endloop
  endfacet
  facet normal -0.352468 0.935824 0
    outer loop
      vertex -8.65359 15.7716 5.6
      vertex -8.46986 15.8408 0
      vertex -8.65359 15.7716 0
    endloop
  endfacet
  facet normal -0.412632 0.910898 0
    outer loop
      vertex -8.65359 15.7716 0
      vertex -8.8324 15.6906 5.6
      vertex -8.65359 15.7716 5.6
    endloop
  endfacet
  facet normal -0.412632 0.910898 0
    outer loop
      vertex -8.8324 15.6906 5.6
      vertex -8.65359 15.7716 0
      vertex -8.8324 15.6906 0
    endloop
  endfacet
  facet normal -0.471217 0.882017 0
    outer loop
      vertex -8.8324 15.6906 0
      vertex -9.00554 15.5981 5.6
      vertex -8.8324 15.6906 5.6
    endloop
  endfacet
  facet normal -0.471217 0.882017 0
    outer loop
      vertex -9.00554 15.5981 5.6
      vertex -8.8324 15.6906 0
      vertex -9.00554 15.5981 0
    endloop
  endfacet
  facet normal -0.528166 0.849141 0
    outer loop
      vertex -9.00554 15.5981 0
      vertex -9.17226 15.4944 5.6
      vertex -9.00554 15.5981 5.6
    endloop
  endfacet
  facet normal -0.528166 0.849141 0
    outer loop
      vertex -9.17226 15.4944 5.6
      vertex -9.00554 15.5981 0
      vertex -9.17226 15.4944 0
    endloop
  endfacet
  facet normal -0.582346 0.812941 0
    outer loop
      vertex -9.17226 15.4944 0
      vertex -9.33182 15.3801 5.6
      vertex -9.17226 15.4944 5.6
    endloop
  endfacet
  facet normal -0.582346 0.812941 0
    outer loop
      vertex -9.33182 15.3801 5.6
      vertex -9.17226 15.4944 0
      vertex -9.33182 15.3801 0
    endloop
  endfacet
  facet normal -0.634557 0.772876 0
    outer loop
      vertex -9.33182 15.3801 0
      vertex -9.48358 15.2555 5.6
      vertex -9.33182 15.3801 5.6
    endloop
  endfacet
  facet normal -0.634557 0.772876 0
    outer loop
      vertex -9.48358 15.2555 5.6
      vertex -9.33182 15.3801 0
      vertex -9.48358 15.2555 0
    endloop
  endfacet
  facet normal -0.683602 0.729855 0
    outer loop
      vertex -9.48358 15.2555 0
      vertex -9.62686 15.1213 5.6
      vertex -9.48358 15.2555 5.6
    endloop
  endfacet
  facet normal -0.683602 0.729855 0
    outer loop
      vertex -9.62686 15.1213 5.6
      vertex -9.48358 15.2555 0
      vertex -9.62686 15.1213 0
    endloop
  endfacet
  facet normal -0.729902 0.683551 0
    outer loop
      vertex -9.76106 14.978 0
      vertex -9.62686 15.1213 5.6
      vertex -9.62686 15.1213 0
    endloop
  endfacet
  facet normal -0.729902 0.683551 0
    outer loop
      vertex -9.62686 15.1213 5.6
      vertex -9.76106 14.978 0
      vertex -9.76106 14.978 5.6
    endloop
  endfacet
  facet normal -0.772903 0.634524 0
    outer loop
      vertex -9.8856 14.8263 0
      vertex -9.76106 14.978 5.6
      vertex -9.76106 14.978 0
    endloop
  endfacet
  facet normal -0.772903 0.634524 0
    outer loop
      vertex -9.76106 14.978 5.6
      vertex -9.8856 14.8263 0
      vertex -9.8856 14.8263 5.6
    endloop
  endfacet
  facet normal -0.812889 0.582418 0
    outer loop
      vertex -9.99995 14.6667 0
      vertex -9.8856 14.8263 5.6
      vertex -9.8856 14.8263 0
    endloop
  endfacet
  facet normal -0.812889 0.582418 0
    outer loop
      vertex -9.8856 14.8263 5.6
      vertex -9.99995 14.6667 0
      vertex -9.99995 14.6667 5.6
    endloop
  endfacet
  facet normal -0.849227 0.528028 0
    outer loop
      vertex -10.1036 14.5 0
      vertex -9.99995 14.6667 5.6
      vertex -9.99995 14.6667 0
    endloop
  endfacet
  facet normal -0.849227 0.528028 0
    outer loop
      vertex -9.99995 14.6667 5.6
      vertex -10.1036 14.5 0
      vertex -10.1036 14.5 5.6
    endloop
  endfacet
  facet normal -0.866024 0.500002 0
    outer loop
      vertex -17.6092 1.5 0
      vertex -10.1036 14.5 5.6
      vertex -10.1036 14.5 0
    endloop
  endfacet
  facet normal -0.866024 0.500002 0
    outer loop
      vertex -10.1036 14.5 5.6
      vertex -17.6092 1.5 0
      vertex -17.6092 1.5 5.6
    endloop
  endfacet
  facet normal -0.882006 0.471239 0
    outer loop
      vertex -17.7017 1.32687 0
      vertex -17.6092 1.5 5.6
      vertex -17.6092 1.5 0
    endloop
  endfacet
  facet normal -0.882006 0.471239 0
    outer loop
      vertex -17.6092 1.5 5.6
      vertex -17.7017 1.32687 0
      vertex -17.7017 1.32687 5.6
    endloop
  endfacet
  facet normal -0.910898 0.412632 0
    outer loop
      vertex -17.7827 1.14806 0
      vertex -17.7017 1.32687 5.6
      vertex -17.7017 1.32687 0
    endloop
  endfacet
  facet normal -0.910898 0.412632 0
    outer loop
      vertex -17.7017 1.32687 5.6
      vertex -17.7827 1.14806 0
      vertex -17.7827 1.14806 5.6
    endloop
  endfacet
  facet normal -0.935827 0.35246 0
    outer loop
      vertex -17.8519 0.964325 0
      vertex -17.7827 1.14806 5.6
      vertex -17.7827 1.14806 0
    endloop
  endfacet
  facet normal -0.935827 0.35246 0
    outer loop
      vertex -17.7827 1.14806 5.6
      vertex -17.8519 0.964325 0
      vertex -17.8519 0.964325 5.6
    endloop
  endfacet
  facet normal -0.956924 0.290338 0
    outer loop
      vertex -17.9089 0.776459 0
      vertex -17.8519 0.964325 5.6
      vertex -17.8519 0.964325 0
    endloop
  endfacet
  facet normal -0.956924 0.290338 0
    outer loop
      vertex -17.8519 0.964325 5.6
      vertex -17.9089 0.776459 0
      vertex -17.9089 0.776459 5.6
    endloop
  endfacet
  facet normal -0.973967 0.22669 0
    outer loop
      vertex -17.9534 0.585266 0
      vertex -17.9089 0.776459 5.6
      vertex -17.9089 0.776459 0
    endloop
  endfacet
  facet normal -0.973967 0.22669 0
    outer loop
      vertex -17.9089 0.776459 5.6
      vertex -17.9534 0.585266 0
      vertex -17.9534 0.585266 5.6
    endloop
  endfacet
  facet normal -0.986624 0.163011 0
    outer loop
      vertex -17.9854 0.391586 0
      vertex -17.9534 0.585266 5.6
      vertex -17.9534 0.585266 0
    endloop
  endfacet
  facet normal -0.986624 0.163011 0
    outer loop
      vertex -17.9534 0.585266 5.6
      vertex -17.9854 0.391586 0
      vertex -17.9854 0.391586 5.6
    endloop
  endfacet
  facet normal -0.995156 0.0983069 0
    outer loop
      vertex -18.0047 0.196213 0
      vertex -17.9854 0.391586 5.6
      vertex -17.9854 0.391586 0
    endloop
  endfacet
  facet normal -0.995156 0.0983069 0
    outer loop
      vertex -17.9854 0.391586 5.6
      vertex -18.0047 0.196213 0
      vertex -18.0047 0.196213 5.6
    endloop
  endfacet
  facet normal -0.999468 0.0326003 0
    outer loop
      vertex -18.0111 0 0
      vertex -18.0047 0.196213 5.6
      vertex -18.0047 0.196213 0
    endloop
  endfacet
  facet normal -0.999468 0.0326003 0
    outer loop
      vertex -18.0047 0.196213 5.6
      vertex -18.0111 0 0
      vertex -18.0111 0 5.6
    endloop
  endfacet
  facet normal -0.999468 -0.0326003 0
    outer loop
      vertex -18.0047 -0.196213 0
      vertex -18.0111 0 5.6
      vertex -18.0111 0 0
    endloop
  endfacet
  facet normal -0.999468 -0.0326003 0
    outer loop
      vertex -18.0111 0 5.6
      vertex -18.0047 -0.196213 0
      vertex -18.0047 -0.196213 5.6
    endloop
  endfacet
  facet normal -0.995155 -0.0983144 0
    outer loop
      vertex -17.9854 -0.391571 0
      vertex -18.0047 -0.196213 5.6
      vertex -18.0047 -0.196213 0
    endloop
  endfacet
  facet normal -0.995155 -0.0983144 0
    outer loop
      vertex -18.0047 -0.196213 5.6
      vertex -17.9854 -0.391571 0
      vertex -17.9854 -0.391571 5.6
    endloop
  endfacet
  facet normal -0.986626 -0.162999 0
    outer loop
      vertex -17.9534 -0.585266 0
      vertex -17.9854 -0.391571 5.6
      vertex -17.9854 -0.391571 0
    endloop
  endfacet
  facet normal -0.986626 -0.162999 0
    outer loop
      vertex -17.9854 -0.391571 5.6
      vertex -17.9534 -0.585266 0
      vertex -17.9534 -0.585266 5.6
    endloop
  endfacet
  facet normal -0.973967 -0.22669 0
    outer loop
      vertex -17.9089 -0.776459 0
      vertex -17.9534 -0.585266 5.6
      vertex -17.9534 -0.585266 0
    endloop
  endfacet
  facet normal -0.973967 -0.22669 0
    outer loop
      vertex -17.9534 -0.585266 5.6
      vertex -17.9089 -0.776459 0
      vertex -17.9089 -0.776459 5.6
    endloop
  endfacet
  facet normal -0.956924 -0.290338 0
    outer loop
      vertex -17.8519 -0.964325 0
      vertex -17.9089 -0.776459 5.6
      vertex -17.9089 -0.776459 0
    endloop
  endfacet
  facet normal -0.956924 -0.290338 0
    outer loop
      vertex -17.9089 -0.776459 5.6
      vertex -17.8519 -0.964325 0
      vertex -17.8519 -0.964325 5.6
    endloop
  endfacet
  facet normal -0.935827 -0.35246 0
    outer loop
      vertex -17.7827 -1.14806 0
      vertex -17.8519 -0.964325 5.6
      vertex -17.8519 -0.964325 0
    endloop
  endfacet
  facet normal -0.935827 -0.35246 0
    outer loop
      vertex -17.8519 -0.964325 5.6
      vertex -17.7827 -1.14806 0
      vertex -17.7827 -1.14806 5.6
    endloop
  endfacet
  facet normal -0.910889 -0.412651 0
    outer loop
      vertex -17.7017 -1.32686 0
      vertex -17.7827 -1.14806 5.6
      vertex -17.7827 -1.14806 0
    endloop
  endfacet
  facet normal -0.910889 -0.412651 0
    outer loop
      vertex -17.7827 -1.14806 5.6
      vertex -17.7017 -1.32686 0
      vertex -17.7017 -1.32686 5.6
    endloop
  endfacet
  facet normal -0.882017 -0.471217 0
    outer loop
      vertex -17.6092 -1.5 0
      vertex -17.7017 -1.32686 5.6
      vertex -17.7017 -1.32686 0
    endloop
  endfacet
  facet normal -0.882017 -0.471217 0
    outer loop
      vertex -17.7017 -1.32686 5.6
      vertex -17.6092 -1.5 0
      vertex -17.6092 -1.5 5.6
    endloop
  endfacet
  facet normal -0.866024 -0.500002 0
    outer loop
      vertex -10.1036 -14.5 0
      vertex -17.6092 -1.5 5.6
      vertex -17.6092 -1.5 0
    endloop
  endfacet
  facet normal -0.866024 -0.500002 0
    outer loop
      vertex -17.6092 -1.5 5.6
      vertex -10.1036 -14.5 0
      vertex -10.1036 -14.5 5.6
    endloop
  endfacet
  facet normal -0.849227 -0.528028 0
    outer loop
      vertex -9.99995 -14.6667 0
      vertex -10.1036 -14.5 5.6
      vertex -10.1036 -14.5 0
    endloop
  endfacet
  facet normal -0.849227 -0.528028 0
    outer loop
      vertex -10.1036 -14.5 5.6
      vertex -9.99995 -14.6667 0
      vertex -9.99995 -14.6667 5.6
    endloop
  endfacet
  facet normal -0.812889 -0.582418 0
    outer loop
      vertex -9.8856 -14.8263 0
      vertex -9.99995 -14.6667 5.6
      vertex -9.99995 -14.6667 0
    endloop
  endfacet
  facet normal -0.812889 -0.582418 0
    outer loop
      vertex -9.99995 -14.6667 5.6
      vertex -9.8856 -14.8263 0
      vertex -9.8856 -14.8263 5.6
    endloop
  endfacet
  facet normal -0.772903 -0.634524 0
    outer loop
      vertex -9.76106 -14.978 0
      vertex -9.8856 -14.8263 5.6
      vertex -9.8856 -14.8263 0
    endloop
  endfacet
  facet normal -0.772903 -0.634524 0
    outer loop
      vertex -9.8856 -14.8263 5.6
      vertex -9.76106 -14.978 0
      vertex -9.76106 -14.978 5.6
    endloop
  endfacet
  facet normal -0.729902 -0.683551 0
    outer loop
      vertex -9.62686 -15.1213 0
      vertex -9.76106 -14.978 5.6
      vertex -9.76106 -14.978 0
    endloop
  endfacet
  facet normal -0.729902 -0.683551 0
    outer loop
      vertex -9.76106 -14.978 5.6
      vertex -9.62686 -15.1213 0
      vertex -9.62686 -15.1213 5.6
    endloop
  endfacet
  facet normal -0.683602 -0.729855 0
    outer loop
      vertex -9.62686 -15.1213 0
      vertex -9.48358 -15.2555 5.6
      vertex -9.62686 -15.1213 5.6
    endloop
  endfacet
  facet normal -0.683602 -0.729855 -0
    outer loop
      vertex -9.48358 -15.2555 5.6
      vertex -9.62686 -15.1213 0
      vertex -9.48358 -15.2555 0
    endloop
  endfacet
  facet normal -0.634557 -0.772876 0
    outer loop
      vertex -9.48358 -15.2555 0
      vertex -9.33182 -15.3801 5.6
      vertex -9.48358 -15.2555 5.6
    endloop
  endfacet
  facet normal -0.634557 -0.772876 -0
    outer loop
      vertex -9.33182 -15.3801 5.6
      vertex -9.48358 -15.2555 0
      vertex -9.33182 -15.3801 0
    endloop
  endfacet
  facet normal -0.582346 -0.812941 0
    outer loop
      vertex -9.33182 -15.3801 0
      vertex -9.17226 -15.4944 5.6
      vertex -9.33182 -15.3801 5.6
    endloop
  endfacet
  facet normal -0.582346 -0.812941 -0
    outer loop
      vertex -9.17226 -15.4944 5.6
      vertex -9.33182 -15.3801 0
      vertex -9.17226 -15.4944 0
    endloop
  endfacet
  facet normal -0.528166 -0.849141 0
    outer loop
      vertex -9.17226 -15.4944 0
      vertex -9.00554 -15.5981 5.6
      vertex -9.17226 -15.4944 5.6
    endloop
  endfacet
  facet normal -0.528166 -0.849141 -0
    outer loop
      vertex -9.00554 -15.5981 5.6
      vertex -9.17226 -15.4944 0
      vertex -9.00554 -15.5981 0
    endloop
  endfacet
  facet normal -0.471217 -0.882017 0
    outer loop
      vertex -9.00554 -15.5981 0
      vertex -8.8324 -15.6906 5.6
      vertex -9.00554 -15.5981 5.6
    endloop
  endfacet
  facet normal -0.471217 -0.882017 -0
    outer loop
      vertex -8.8324 -15.6906 5.6
      vertex -9.00554 -15.5981 0
      vertex -8.8324 -15.6906 0
    endloop
  endfacet
  facet normal -0.412632 -0.910898 0
    outer loop
      vertex -8.8324 -15.6906 0
      vertex -8.65359 -15.7716 5.6
      vertex -8.8324 -15.6906 5.6
    endloop
  endfacet
  facet normal -0.412632 -0.910898 -0
    outer loop
      vertex -8.65359 -15.7716 5.6
      vertex -8.8324 -15.6906 0
      vertex -8.65359 -15.7716 0
    endloop
  endfacet
  facet normal -0.352468 -0.935824 0
    outer loop
      vertex -8.65359 -15.7716 0
      vertex -8.46986 -15.8408 5.6
      vertex -8.65359 -15.7716 5.6
    endloop
  endfacet
  facet normal -0.352468 -0.935824 -0
    outer loop
      vertex -8.46986 -15.8408 5.6
      vertex -8.65359 -15.7716 0
      vertex -8.46986 -15.8408 0
    endloop
  endfacet
  facet normal -0.290347 -0.956922 0
    outer loop
      vertex -8.46986 -15.8408 0
      vertex -8.282 -15.8978 5.6
      vertex -8.46986 -15.8408 5.6
    endloop
  endfacet
  facet normal -0.290347 -0.956922 -0
    outer loop
      vertex -8.282 -15.8978 5.6
      vertex -8.46986 -15.8408 0
      vertex -8.282 -15.8978 0
    endloop
  endfacet
  facet normal -0.227176 -0.973854 0
    outer loop
      vertex -8.282 -15.8978 0
      vertex -8.09081 -15.9424 5.6
      vertex -8.282 -15.8978 5.6
    endloop
  endfacet
  facet normal -0.227176 -0.973854 -0
    outer loop
      vertex -8.09081 -15.9424 5.6
      vertex -8.282 -15.8978 0
      vertex -8.09081 -15.9424 0
    endloop
  endfacet
  facet normal -0.162499 -0.986709 0
    outer loop
      vertex -8.09081 -15.9424 0
      vertex -7.89711 -15.9743 5.6
      vertex -8.09081 -15.9424 5.6
    endloop
  endfacet
  facet normal -0.162499 -0.986709 -0
    outer loop
      vertex -7.89711 -15.9743 5.6
      vertex -8.09081 -15.9424 0
      vertex -7.89711 -15.9743 0
    endloop
  endfacet
  facet normal -0.0983134 -0.995156 0
    outer loop
      vertex -7.89711 -15.9743 0
      vertex -7.70175 -15.9936 5.6
      vertex -7.89711 -15.9743 5.6
    endloop
  endfacet
  facet normal -0.0983134 -0.995156 -0
    outer loop
      vertex -7.70175 -15.9936 5.6
      vertex -7.89711 -15.9743 0
      vertex -7.70175 -15.9936 0
    endloop
  endfacet
  facet normal -0.0326008 -0.999468 0
    outer loop
      vertex -7.70175 -15.9936 0
      vertex -7.50554 -16 5.6
      vertex -7.70175 -15.9936 5.6
    endloop
  endfacet
  facet normal -0.0326008 -0.999468 -0
    outer loop
      vertex -7.50554 -16 5.6
      vertex -7.70175 -15.9936 0
      vertex -7.50554 -16 0
    endloop
  endfacet
  facet normal 0 -1 0
    outer loop
      vertex -7.50554 -16 0
      vertex 7.50554 -16 5.6
      vertex -7.50554 -16 5.6
    endloop
  endfacet
  facet normal 0 -1 -0
    outer loop
      vertex 7.50554 -16 5.6
      vertex -7.50554 -16 0
      vertex 7.50554 -16 0
    endloop
  endfacet
  facet normal 0.0326008 -0.999468 0
    outer loop
      vertex 7.50554 -16 0
      vertex 7.70175 -15.9936 5.6
      vertex 7.50554 -16 5.6
    endloop
  endfacet
  facet normal 0.0326008 -0.999468 0
    outer loop
      vertex 7.70175 -15.9936 5.6
      vertex 7.50554 -16 0
      vertex 7.70175 -15.9936 0
    endloop
  endfacet
  facet normal 0.866025 0.5 0
    outer loop
      vertex -7.50554 -13 5.6
      vertex -15.0111 0 5.1
      vertex -15.0111 0 5.6
    endloop
  endfacet
  facet normal 0.866025 0.5 0
    outer loop
      vertex -15.0111 0 5.1
      vertex -7.50554 -13 5.6
      vertex -7.50554 -13 5.1
    endloop
  endfacet
  facet normal 0.866025 -0.5 0
    outer loop
      vertex -15.0111 0 5.6
      vertex -7.50554 13 5.1
      vertex -7.50554 13 5.6
    endloop
  endfacet
  facet normal 0.866025 -0.5 0
    outer loop
      vertex -7.50554 13 5.1
      vertex -15.0111 0 5.6
      vertex -15.0111 0 5.1
    endloop
  endfacet
  facet normal -0.866025 -0.5 0
    outer loop
      vertex 12.5799 4.21097 2
      vertex 15.0111 1.15627e-05 3.59
      vertex 12.5799 4.21097 3.6
    endloop
  endfacet
  facet normal -0.866026 -0.499999 3.63606e-06
    outer loop
      vertex 15.0111 0 2
      vertex 15.0111 1.15627e-05 3.59
      vertex 12.5799 4.21097 2
    endloop
  endfacet
  facet normal -1 -0 0
    outer loop
      vertex 15.0111 1.15627e-05 3.59
      vertex 15.0111 0 2
      vertex 15.0111 0 3.59
    endloop
  endfacet
  facet normal 0 -1 0
    outer loop
      vertex 7.50555 13 5.1
      vertex 7.50554 13 5.6
      vertex 7.50554 13 5.1
    endloop
  endfacet
  facet normal -0.866027 -0.499998 -1.73205e-05
    outer loop
      vertex 12.5799 4.21097 3.6
      vertex 7.50554 13 5.6
      vertex 7.50555 13 5.1
    endloop
  endfacet
  facet normal -0.866025 -0.5 -0
    outer loop
      vertex 15.0111 1.15627e-05 5.1
      vertex 12.5799 4.21097 3.6
      vertex 15.0111 1.15627e-05 3.59
    endloop
  endfacet
  facet normal -0.866023 -0.500003 -1.15628e-05
    outer loop
      vertex 15.0111 0 5.6
      vertex 12.5799 4.21097 3.6
      vertex 15.0111 1.15627e-05 5.1
    endloop
  endfacet
  facet normal -1 0 0
    outer loop
      vertex 15.0111 0 5.6
      vertex 15.0111 1.15627e-05 5.1
      vertex 15.0111 0 5.1
    endloop
  endfacet
  facet normal -0.866025 -0.5 -2.93094e-06
    outer loop
      vertex 12.5799 4.21097 3.6
      vertex 15.0111 0 5.6
      vertex 7.50554 13 5.6
    endloop
  endfacet
  facet normal -0.866025 -0.5 0
    outer loop
      vertex 7.50555 13 3.6
      vertex 12.5799 4.21097 3.6
      vertex 7.50555 13 5.1
    endloop
  endfacet
  facet normal -0.866025 0.5 0
    outer loop
      vertex 7.50554 -13 5.1
      vertex 15.0111 0 5.6
      vertex 15.0111 0 5.1
    endloop
  endfacet
  facet normal -0.866025 0.5 0
    outer loop
      vertex 15.0111 0 5.6
      vertex 7.50554 -13 5.1
      vertex 7.50554 -13 5.6
    endloop
  endfacet
  facet normal -0.866026 0.499999 0
    outer loop
      vertex 12.5799 -4.21097 2
      vertex 15.0111 0 3.59
      vertex 15.0111 0 2
    endloop
  endfacet
  facet normal -0.866026 0.499999 0
    outer loop
      vertex 15.0111 0 3.59
      vertex 12.5799 -4.21097 2
      vertex 12.5799 -4.21097 3.59
    endloop
  endfacet
endsolid OpenSCAD_Model
